{
  "udp": {
    "10": {
      "start": {
        "connected": [
          {
            "socket": 9,
            "local_host": "172.17.0.2",
            "local_port": 34957,
            "remote_host": "10.100.1.103",
            "remote_port": 32201
          }
        ],
        "version": "iperf 3.12",
        "system_info": "Linux d880209857ac 6.5.0-27-generic #28~22.04.1-Ubuntu SMP PREEMPT_DYNAMIC Fri Mar 15 10:51:06 UTC 2 x86_64",
        "timestamp": {
          "time": "Fri, 31 May 2024 04:00:42 GMT",
          "timesecs": 1717128042
        },
        "connecting_to": {
          "host": "api-int.edge.open5g.info",
          "port": 32201
        },
        "cookie": "ufaixhcendzcg6aijynajsignfg2s3rtxdd4",
        "target_bitrate": 10000000,
        "sock_bufsize": 0,
        "sndbuf_actual": 212992,
        "rcvbuf_actual": 212992,
        "test_start": {
          "protocol": "UDP",
          "num_streams": 1,
          "blksize": 1398,
          "omit": 0,
          "duration": 10,
          "bytes": 0,
          "blocks": 0,
          "reverse": 1,
          "tos": 0,
          "target_bitrate": 10000000
        }
      },
      "intervals": [
        {
          "streams": [
            {
              "socket": 9,
              "start": 0,
              "end": 1.000304,
              "seconds": 1.0003039836883545,
              "bytes": 1251210,
              "bits_per_second": 10006638.145228585,
              "jitter_ms": 0.19992032910050134,
              "lost_packets": 0,
              "packets": 895,
              "lost_percent": 0,
              "omitted": false,
              "sender": false
            }
          ],
          "sum": {
            "start": 0,
            "end": 1.000304,
            "seconds": 1.0003039836883545,
            "bytes": 1251210,
            "bits_per_second": 10006638.145228585,
            "jitter_ms": 0.19992032910050134,
            "lost_packets": 0,
            "packets": 895,
            "lost_percent": 0,
            "omitted": false,
            "sender": false
          }
        },
        {
          "streams": [
            {
              "socket": 9,
              "start": 1.000304,
              "end": 2.000336,
              "seconds": 1.0000319480895996,
              "bytes": 1249812,
              "bits_per_second": 9998176.577358874,
              "jitter_ms": 0.22460109274975124,
              "lost_packets": 0,
              "packets": 894,
              "lost_percent": 0,
              "omitted": false,
              "sender": false
            }
          ],
          "sum": {
            "start": 1.000304,
            "end": 2.000336,
            "seconds": 1.0000319480895996,
            "bytes": 1249812,
            "bits_per_second": 9998176.577358874,
            "jitter_ms": 0.22460109274975124,
            "lost_packets": 0,
            "packets": 894,
            "lost_percent": 0,
            "omitted": false,
            "sender": false
          }
        },
        {
          "streams": [
            {
              "socket": 9,
              "start": 2.000336,
              "end": 3.000294,
              "seconds": 0.9999579787254333,
              "bytes": 1249812,
              "bits_per_second": 9998916.16720163,
              "jitter_ms": 0.209119508616715,
              "lost_packets": 0,
              "packets": 894,
              "lost_percent": 0,
              "omitted": false,
              "sender": false
            }
          ],
          "sum": {
            "start": 2.000336,
            "end": 3.000294,
            "seconds": 0.9999579787254333,
            "bytes": 1249812,
            "bits_per_second": 9998916.16720163,
            "jitter_ms": 0.209119508616715,
            "lost_packets": 0,
            "packets": 894,
            "lost_percent": 0,
            "omitted": false,
            "sender": false
          }
        },
        {
          "streams": [
            {
              "socket": 9,
              "start": 3.000294,
              "end": 4.000297,
              "seconds": 1.0000029802322388,
              "bytes": 1251210,
              "bits_per_second": 10009650.168917868,
              "jitter_ms": 0.3377662767103328,
              "lost_packets": 0,
              "packets": 895,
              "lost_percent": 0,
              "omitted": false,
              "sender": false
            }
          ],
          "sum": {
            "start": 3.000294,
            "end": 4.000297,
            "seconds": 1.0000029802322388,
            "bytes": 1251210,
            "bits_per_second": 10009650.168917868,
            "jitter_ms": 0.3377662767103328,
            "lost_packets": 0,
            "packets": 895,
            "lost_percent": 0,
            "omitted": false,
            "sender": false
          }
        },
        {
          "streams": [
            {
              "socket": 9,
              "start": 4.000297,
              "end": 5.00028,
              "seconds": 0.999983012676239,
              "bytes": 1249812,
              "bits_per_second": 9998665.85057398,
              "jitter_ms": 0.036819325428612985,
              "lost_packets": 0,
              "packets": 894,
              "lost_percent": 0,
              "omitted": false,
              "sender": false
            }
          ],
          "sum": {
            "start": 4.000297,
            "end": 5.00028,
            "seconds": 0.999983012676239,
            "bytes": 1249812,
            "bits_per_second": 9998665.85057398,
            "jitter_ms": 0.036819325428612985,
            "lost_packets": 0,
            "packets": 894,
            "lost_percent": 0,
            "omitted": false,
            "sender": false
          }
        },
        {
          "streams": [
            {
              "socket": 9,
              "start": 5.00028,
              "end": 6.000291,
              "seconds": 1.0000109672546387,
              "bytes": 1249812,
              "bits_per_second": 9998386.34515098,
              "jitter_ms": 0.3051578045122566,
              "lost_packets": 0,
              "packets": 894,
              "lost_percent": 0,
              "omitted": false,
              "sender": false
            }
          ],
          "sum": {
            "start": 5.00028,
            "end": 6.000291,
            "seconds": 1.0000109672546387,
            "bytes": 1249812,
            "bits_per_second": 9998386.34515098,
            "jitter_ms": 0.3051578045122566,
            "lost_packets": 0,
            "packets": 894,
            "lost_percent": 0,
            "omitted": false,
            "sender": false
          }
        },
        {
          "streams": [
            {
              "socket": 9,
              "start": 6.000291,
              "end": 7.000286,
              "seconds": 0.999994993209839,
              "bytes": 1249812,
              "bits_per_second": 9998546.06062204,
              "jitter_ms": 0.003645731811070046,
              "lost_packets": 0,
              "packets": 894,
              "lost_percent": 0,
              "omitted": false,
              "sender": false
            }
          ],
          "sum": {
            "start": 6.000291,
            "end": 7.000286,
            "seconds": 0.999994993209839,
            "bytes": 1249812,
            "bits_per_second": 9998546.06062204,
            "jitter_ms": 0.003645731811070046,
            "lost_packets": 0,
            "packets": 894,
            "lost_percent": 0,
            "omitted": false,
            "sender": false
          }
        },
        {
          "streams": [
            {
              "socket": 9,
              "start": 7.000286,
              "end": 8.000077,
              "seconds": 0.9997910261154175,
              "bytes": 1249812,
              "bits_per_second": 10000585.861275531,
              "jitter_ms": 0.222966409232547,
              "lost_packets": 0,
              "packets": 894,
              "lost_percent": 0,