{
  "udp": {
    "10": {
      "start": {
        "connected": [
          {
            "socket": 10,
            "local_host": "172.17.0.2",
            "local_port": 42733,
            "remote_host": "10.100.1.101",
            "remote_port": 32201
          }
        ],
        "version": "iperf 3.12",
        "system_info": "Linux 7da751674f7f 6.8.0-47-generic #47~22.04.1-Ubuntu SMP PREEMPT_DYNAMIC Wed Oct  2 16:16:55 UTC 2 x86_64",
        "timestamp": {
          "time": "Thu, 19 Dec 2024 06:00:43 GMT",
          "timesecs": 1734588043
        },
        "connecting_to": {
          "host": "api-int.edge.open5g.info",
          "port": 32201
        },
        "cookie": "rwdhnsgfmy4qzii6wtcfu2qsnqwwanbjxvq7",
        "target_bitrate": 10000000,
        "sock_bufsize": 0,
        "sndbuf_actual": 212992,
        "rcvbuf_actual": 212992,
        "test_start": {
          "protocol": "UDP",
          "num_streams": 1,
          "blksize": 1398,
          "omit": 0,
          "duration": 10,
          "bytes": 0,
          "blocks": 0,
          "reverse": 1,
          "tos": 0,
          "target_bitrate": 10000000
        }
      },
      "intervals": [
        {
          "streams": [
            {
              "socket": 10,
              "start": 0,
              "end": 1.000184,
              "seconds": 1.0001840591430664,
              "bytes": 1130982,
              "bits_per_second": 9046190.96584281,
              "jitter_ms": 2.6258042176394953,
              "lost_packets": 0,
              "packets": 809,
              "lost_percent": 0,
              "omitted": false,
              "sender": false
            }
          ],
          "sum": {
            "start": 0,
            "end": 1.000184,
            "seconds": 1.0001840591430664,
            "bytes": 1130982,
            "bits_per_second": 9046190.96584281,
            "jitter_ms": 2.6258042176394953,
            "lost_packets": 0,
            "packets": 809,
            "lost_percent": 0,
            "omitted": false,
            "sender": false
          }
        },
        {
          "streams": [
            {
              "socket": 10,
              "start": 1.000184,
              "end": 2.000179,
              "seconds": 0.999994993209839,
              "bytes": 1249812,
              "bits_per_second": 9998546.06062204,
              "jitter_ms": 1.4714588302434808,
              "lost_packets": 0,
              "packets": 894,
              "lost_percent": 0,
              "omitted": false,
              "sender": false
            }
          ],
          "sum": {
            "start": 1.000184,
            "end": 2.000179,
            "seconds": 0.999994993209839,
            "bytes": 1249812,
            "bits_per_second": 9998546.06062204,
            "jitter_ms": 1.4714588302434808,
            "lost_packets": 0,
            "packets": 894,
            "lost_percent": 0,
            "omitted": false,
            "sender": false
          }
        },
        {
          "streams": [
            {
              "socket": 10,
              "start": 2.000179,
              "end": 3.000181,
              "seconds": 1.0000020265579224,
              "bytes": 1249812,
              "bits_per_second": 9998475.737509783,
              "jitter_ms": 1.504459099440937,
              "lost_packets": 0,
              "packets": 894,
              "lost_percent": 0,
              "omitted": false,
              "sender": false
            }
          ],
          "sum": {
            "start": 2.000179,
            "end": 3.000181,
            "seconds": 1.0000020265579224,
            "bytes": 1249812,
            "bits_per_second": 9998475.737509783,
            "jitter_ms": 1.504459099440937,
            "lost_packets": 0,
            "packets": 894,
            "lost_percent": 0,
            "omitted": false,
            "sender": false
          }
        },
        {
          "streams": [
            {
              "socket": 10,
              "start": 3.000181,
              "end": 4.00011,
              "seconds": 0.9999290108680725,
              "bytes": 1251210,
              "bits_per_second": 10010390.628941003,
              "jitter_ms": 2.0616768626023245,
              "lost_packets": 0,
              "packets": 895,
              "lost_percent": 0,
              "omitted": false,
              "sender": false
            }
          ],
          "sum": {
            "start": 3.000181,
            "end": 4.00011,
            "seconds": 0.9999290108680725,
            "bytes": 1251210,
            "bits_per_second": 10010390.628941003,
            "jitter_ms": 2.0616768626023245,
            "lost_packets": 0,
            "packets": 895,
            "lost_percent": 0,
            "omitted": false,
            "sender": false
          }
        },
        {
          "streams": [
            {
              "socket": 10,
              "start": 4.00011,
              "end": 5.000181,
              "seconds": 1.0000710487365723,
              "bytes": 1249812,
              "bits_per_second": 9997785.66995963,
              "jitter_ms": 3.0527210646099547,
              "lost_packets": 0,
              "packets": 894,
              "lost_percent": 0,
              "omitted": false,
              "sender": false
            }
          ],
          "sum": {
            "start": 4.00011,
            "end": 5.000181,
            "seconds": 1.0000710487365723,
            "bytes": 1249812,
            "bits_per_second": 9997785.66995963,
            "jitter_ms": 3.0527210646099547,
            "lost_packets": 0,
            "packets": 894,
            "lost_percent": 0,
            "omitted": false,
            "sender": false
          }
        },
        {
          "streams": [
            {
              "socket": 10,
              "start": 5.000181,
              "end": 6.000526,
              "seconds": 1.00034499168396,
              "bytes": 995376,
              "bits_per_second": 7960261.775885175,
              "jitter_ms": 0.2123783947576655,
              "lost_packets": 0,
              "packets": 712,
              "lost_percent": 0,
              "omitted": false,
              "sender": false
            }
          ],
          "sum": {
            "start": 5.000181,
            "end": 6.000526,
            "seconds": 1.00034499168396,
            "bytes": 995376,
            "bits_per_second": 7960261.775885175,
            "jitter_ms": 0.2123783947576655,
            "lost_packets": 0,
            "packets": 712,
            "lost_percent": 0,
            "omitted": false,
            "sender": false
          }
        },
        {
          "streams": [
            {
              "socket": 10,
              "start": 6.000526,
              "end": 7.000305,
              "seconds": 0.999778985977173,
              "bytes": 1000968,
              "bits_per_second": 8009514.21495754,
              "jitter_ms": 0.19857828966587487,
              "lost_packets": 355,
              "packets": 1071,
              "lost_percent": 33.146591970121385,
              "omitted": false,
              "sender": false
            }
          ],
          "sum": {
            "start": 6.000526,
            "end": 7.000305,
            "seconds": 0.999778985977173,
            "bytes": 1000968,
            "bits_per_second": 8009514.21495754,
            "jitter_ms": 0.19857828966587487,
            "lost_packets": 355,
            "packets": 1071,
            "lost_percent": 33.146591970121385,
            "omitted": false,
            "sender": false
          }
        },
        {
          "streams": [
            {
              "socket": 10,
              "start": 7.000305,
              "end": 8.000177,
              "seconds": 0.9998720288276672,
              "bytes": 1256802,
              "bits_per_second": 10055702.840081075,
              "jitter_ms": 1.623700365620027,
              "lost_packets": 0,
              "packets": 899,