{
  "udp": {
    "60": {
      "start": {
        "connected": [
          {
            "socket": 5,
            "local_host": "172.17.0.2",
            "local_port": 37685,
            "remote_host": "172.20.25.101",
            "remote_port": 32201
          }
        ],
        "version": "iperf 3.12",
        "system_info": "Linux ebb6d22fffe5 6.8.0-86-generic #87~22.04.1-Ubuntu SMP PREEMPT_DYNAMIC Mon Sep 29 09:48:07 UTC 2 x86_64",
        "timestamp": {
          "time": "Wed, 05 Nov 2025 05:02:38 GMT",
          "timesecs": 1762318958
        },
        "connecting_to": {
          "host": "api-int.tenoran.automation.otic.open6g.net",
          "port": 32201
        },
        "cookie": "zjs2ts4nwib74zgwubpapaasipb5oz47swuo",
        "target_bitrate": 60000000,
        "sock_bufsize": 0,
        "sndbuf_actual": 212992,
        "rcvbuf_actual": 212992,
        "test_start": {
          "protocol": "UDP",
          "num_streams": 1,
          "blksize": 1348,
          "omit": 0,
          "duration": 10,
          "bytes": 0,
          "blocks": 0,
          "reverse": 1,
          "tos": 0,
          "target_bitrate": 60000000
        }
      },
      "intervals": [
        {
          "streams": [
            {
              "socket": 5,
              "start": 0,
              "end": 1.000181,
              "seconds": 1.000180959701538,
              "bytes": 5588808,
              "bits_per_second": 44702374.67162138,
              "jitter_ms": 0.1792748245002843,
              "lost_packets": 0,
              "packets": 4146,
              "lost_percent": 0,
              "omitted": false,
              "sender": false
            }
          ],
          "sum": {
            "start": 0,
            "end": 1.000181,
            "seconds": 1.000180959701538,
            "bytes": 5588808,
            "bits_per_second": 44702374.67162138,
            "jitter_ms": 0.1792748245002843,
            "lost_packets": 0,
            "packets": 4146,
            "lost_percent": 0,
            "omitted": false,
            "sender": false
          }
        },
        {
          "streams": [
            {
              "socket": 5,
              "start": 1.000181,
              "end": 2.000165,
              "seconds": 0.9999840259552002,
              "bytes": 9442740,
              "bits_per_second": 75543126.7292907,
              "jitter_ms": 0.18981153635475406,
              "lost_packets": 0,
              "packets": 7005,
              "lost_percent": 0,
              "omitted": false,
              "sender": false
            }
          ],
          "sum": {
            "start": 1.000181,
            "end": 2.000165,
            "seconds": 0.9999840259552002,
            "bytes": 9442740,
            "bits_per_second": 75543126.7292907,
            "jitter_ms": 0.18981153635475406,
            "lost_packets": 0,
            "packets": 7005,
            "lost_percent": 0,
            "omitted": false,
            "sender": false
          }
        },
        {
          "streams": [
            {
              "socket": 5,
              "start": 2.000165,
              "end": 3.000096,
              "seconds": 0.99993097782135,
              "bytes": 7500272,
              "bits_per_second": 60006317.76678502,
              "jitter_ms": 0.23723060413186106,
              "lost_packets": 0,
              "packets": 5564,
              "lost_percent": 0,
              "omitted": false,
              "sender": false
            }
          ],
          "sum": {
            "start": 2.000165,
            "end": 3.000096,
            "seconds": 0.99993097782135,
            "bytes": 7500272,
            "bits_per_second": 60006317.76678502,
            "jitter_ms": 0.23723060413186106,
            "lost_packets": 0,
            "packets": 5564,
            "lost_percent": 0,
            "omitted": false,
            "sender": false
          }
        },
        {
          "streams": [
            {
              "socket": 5,
              "start": 3.000096,
              "end": 4.000158,
              "seconds": 1.0000619888305664,
              "bytes": 7500272,
              "bits_per_second": 59998456.7658293,
              "jitter_ms": 0.1919543774077081,
              "lost_packets": 0,
              "packets": 5564,
              "lost_percent": 0,
              "omitted": false,
              "sender": false
            }
          ],
          "sum": {
            "start": 3.000096,
            "end": 4.000158,
            "seconds": 1.0000619888305664,
            "bytes": 7500272,
            "bits_per_second": 59998456.7658293,
            "jitter_ms": 0.1919543774077081,
            "lost_packets": 0,
            "packets": 5564,
            "lost_percent": 0,
            "omitted": false,
            "sender": false
          }
        },
        {
          "streams": [
            {
              "socket": 5,
              "start": 4.000158,
              "end": 5.000191,
              "seconds": 1.0000330209732056,
              "bytes": 7498924,
              "bits_per_second": 59989411.09126374,
              "jitter_ms": 0.20192005548591052,
              "lost_packets": 0,
              "packets": 5563,
              "lost_percent": 0,
              "omitted": false,
              "sender": false
            }
          ],
          "sum": {
            "start": 4.000158,
            "end": 5.000191,
            "seconds": 1.0000330209732056,
            "bytes": 7498924,
            "bits_per_second": 59989411.09126374,
            "jitter_ms": 0.20192005548591052,
            "lost_packets": 0,
            "packets": 5563,
            "lost_percent": 0,
            "omitted": false,
            "sender": false
          }
        },
        {
          "streams": [
            {
              "socket": 5,
              "start": 5.000191,
              "end": 6.000182,
              "seconds": 0.999990999698639,
              "bytes": 7500272,
              "bits_per_second": 60002716.04252686,
              "jitter_ms": 0.1917924410305034,
              "lost_packets": 0,
              "packets": 5564,
              "lost_percent": 0,
              "omitted": false,
              "sender": false
            }
          ],
          "sum": {
            "start": 5.000191,
            "end": 6.000182,
            "seconds": 0.999990999698639,
            "bytes": 7500272,
            "bits_per_second": 60002716.04252686,
            "jitter_ms": 0.1917924410305034,
            "lost_packets": 0,
            "packets": 5564,
            "lost_percent": 0,
            "omitted": false,
            "sender": false
          }
        },
        {
          "streams": [
            {
              "socket": 5,
              "start": 6.000182,
              "end": 7.000162,
              "seconds": 0.9999799728393555,
              "bytes": 7492184,
              "bits_per_second": 59938672.401421,
              "jitter_ms": 0.19033058267074116,
              "lost_packets": 6,
              "packets": 5564,
              "lost_percent": 0.10783608914450037,
              "omitted": false,
              "sender": false
            }
          ],
          "sum": {
            "start": 6.000182,
            "end": 7.000162,
            "seconds": 0.9999799728393555,
            "bytes": 7492184,
            "bits_per_second": 59938672.401421,
            "jitter_ms": 0.19033058267074116,
            "lost_packets": 6,
            "packets": 5564,
            "lost_percent": 0.10783608914450037,
            "omitted": false,
            "sender": false
          }
        },
        {
          "streams": [
            {
              "socket": 5,
              "start": 7.000162,
              "end": 8.000158,
              "seconds": 0.9999960064888,
              "bytes": 7500272,
              "bits_per_second": 60002415.6203188,
              "jitter_ms": 0.2060543782576258,
              "lost_packets": 0,