{
  "udp": {
    "60": {
      "start": {
        "connected": [
          {
            "socket": 10,
            "local_host": "172.17.0.2",
            "local_port": 51842,
            "remote_host": "172.20.25.101",
            "remote_port": 32201
          }
        ],
        "version": "iperf 3.12",
        "system_info": "Linux 9b6799e36bcd 6.8.0-60-generic #63~22.04.1-Ubuntu SMP PREEMPT_DYNAMIC Tue Apr 22 19:00:15 UTC 2 x86_64",
        "timestamp": {
          "time": "Mon, 23 Jun 2025 06:31:55 GMT",
          "timesecs": 1750660315
        },
        "connecting_to": {
          "host": "api-int.tenoran.automation.otic.open6g.net",
          "port": 32201
        },
        "cookie": "4gdepfhof2fqbivu3vnjldmm7vmcodprpuo4",
        "target_bitrate": 60000000,
        "sock_bufsize": 0,
        "sndbuf_actual": 212992,
        "rcvbuf_actual": 212992,
        "test_start": {
          "protocol": "UDP",
          "num_streams": 1,
          "blksize": 1348,
          "omit": 0,
          "duration": 10,
          "bytes": 0,
          "blocks": 0,
          "reverse": 1,
          "tos": 0,
          "target_bitrate": 60000000
        }
      },
      "intervals": [
        {
          "streams": [
            {
              "socket": 10,
              "start": 0,
              "end": 1.000119,
              "seconds": 1.0001189708709717,
              "bytes": 6280332,
              "bits_per_second": 50236679.29850913,
              "jitter_ms": 0.09727675851500844,
              "lost_packets": 0,
              "packets": 4659,
              "lost_percent": 0,
              "omitted": false,
              "sender": false
            }
          ],
          "sum": {
            "start": 0,
            "end": 1.000119,
            "seconds": 1.0001189708709717,
            "bytes": 6280332,
            "bits_per_second": 50236679.29850913,
            "jitter_ms": 0.09727675851500844,
            "lost_packets": 0,
            "packets": 4659,
            "lost_percent": 0,
            "omitted": false,
            "sender": false
          }
        },
        {
          "streams": [
            {
              "socket": 10,
              "start": 1.000119,
              "end": 2.000114,
              "seconds": 0.999994993209839,
              "bytes": 7116092,
              "bits_per_second": 56929021.03166238,
              "jitter_ms": 0.0943234842675723,
              "lost_packets": 57,
              "packets": 5336,
              "lost_percent": 1.068215892053973,
              "omitted": false,
              "sender": false
            }
          ],
          "sum": {
            "start": 1.000119,
            "end": 2.000114,
            "seconds": 0.999994993209839,
            "bytes": 7116092,
            "bits_per_second": 56929021.03166238,
            "jitter_ms": 0.0943234842675723,
            "lost_packets": 57,
            "packets": 5336,
            "lost_percent": 1.068215892053973,
            "omitted": false,
            "sender": false
          }
        },
        {
          "streams": [
            {
              "socket": 10,
              "start": 2.000114,
              "end": 3.000113,
              "seconds": 0.9999989867210388,
              "bytes": 7124180,
              "bits_per_second": 56993497.7503122,
              "jitter_ms": 0.10219771575033425,
              "lost_packets": 0,
              "packets": 5285,
              "lost_percent": 0,
              "omitted": false,
              "sender": false
            }
          ],
          "sum": {
            "start": 2.000114,
            "end": 3.000113,
            "seconds": 0.9999989867210388,
            "bytes": 7124180,
            "bits_per_second": 56993497.7503122,
            "jitter_ms": 0.10219771575033425,
            "lost_packets": 0,
            "packets": 5285,
            "lost_percent": 0,
            "omitted": false,
            "sender": false
          }
        },
        {
          "streams": [
            {
              "socket": 10,
              "start": 3.000113,
              "end": 4.000179,
              "seconds": 1.0000660419464111,
              "bytes": 7136312,
              "bits_per_second": 57086725.881508544,
              "jitter_ms": 0.5859877235502694,
              "lost_packets": 0,
              "packets": 5294,
              "lost_percent": 0,
              "omitted": false,
              "sender": false
            }
          ],
          "sum": {
            "start": 3.000113,
            "end": 4.000179,
            "seconds": 1.0000660419464111,
            "bytes": 7136312,
            "bits_per_second": 57086725.881508544,
            "jitter_ms": 0.5859877235502694,
            "lost_packets": 0,
            "packets": 5294,
            "lost_percent": 0,
            "omitted": false,
            "sender": false
          }
        },
        {
          "streams": [
            {
              "socket": 10,
              "start": 4.000179,
              "end": 5.000168,
              "seconds": 0.9999889731407166,
              "bytes": 7156532,
              "bits_per_second": 57252887.319532044,
              "jitter_ms": 0.09261697191496614,
              "lost_packets": 0,
              "packets": 5309,
              "lost_percent": 0,
              "omitted": false,
              "sender": false
            }
          ],
          "sum": {
            "start": 4.000179,
            "end": 5.000168,
            "seconds": 0.9999889731407166,
            "bytes": 7156532,
            "bits_per_second": 57252887.319532044,
            "jitter_ms": 0.09261697191496614,
            "lost_packets": 0,
            "packets": 5309,
            "lost_percent": 0,
            "omitted": false,
            "sender": false
          }
        },
        {
          "streams": [
            {
              "socket": 10,
              "start": 5.000168,
              "end": 6.000089,
              "seconds": 0.9999210238456726,
              "bytes": 7147096,
              "bits_per_second": 57181283.9579065,
              "jitter_ms": 2.7531858404698277,
              "lost_packets": 0,
              "packets": 5302,
              "lost_percent": 0,
              "omitted": false,
              "sender": false
            }
          ],
          "sum": {
            "start": 5.000168,
            "end": 6.000089,
            "seconds": 0.9999210238456726,
            "bytes": 7147096,
            "bits_per_second": 57181283.9579065,
            "jitter_ms": 2.7531858404698277,
            "lost_packets": 0,
            "packets": 5302,
            "lost_percent": 0,
            "omitted": false,
            "sender": false
          }
        },
        {
          "streams": [
            {
              "socket": 10,
              "start": 6.000089,
              "end": 7.000113,
              "seconds": 1.0000239610672,
              "bytes": 7124180,
              "bits_per_second": 56992074.40907523,
              "jitter_ms": 0.0968975327981538,
              "lost_packets": 0,
              "packets": 5285,
              "lost_percent": 0,
              "omitted": false,
              "sender": false
            }
          ],
          "sum": {
            "start": 6.000089,
            "end": 7.000113,
            "seconds": 1.0000239610672,
            "bytes": 7124180,
            "bits_per_second": 56992074.40907523,
            "jitter_ms": 0.0968975327981538,
            "lost_packets": 0,
            "packets": 5285,
            "lost_percent": 0,
            "omitted": false,
            "sender": false
          }
        },
        {
          "streams": [
            {
              "socket": 10,
              "start": 7.000113,
              "end": 8.000178,
              "seconds": 1.0000649690628052,
              "bytes": 7121484,
              "bits_per_second": 56968170.831331365,
              "jitter_ms": 3.775858761596219,
              "lost_packets": 0,