{
  "udp": {
    "10": {
      "start": {
        "connected": [
          {
            "socket": 10,
            "local_host": "172.17.0.2",
            "local_port": 59614,
            "remote_host": "172.20.25.101",
            "remote_port": 32201
          }
        ],
        "version": "iperf 3.12",
        "system_info": "Linux 701f1a2be6fa 6.8.0-59-generic #61~22.04.1-Ubuntu SMP PREEMPT_DYNAMIC Tue Apr 15 17:03:15 UTC 2 x86_64",
        "timestamp": {
          "time": "Wed, 14 May 2025 04:00:41 GMT",
          "timesecs": 1747195241
        },
        "connecting_to": {
          "host": "api-int.tenoran.automation.otic.open6g.net",
          "port": 32201
        },
        "cookie": "ntcgpq6h4oxvpfyzycavq3jwup62m632m4hl",
        "target_bitrate": 10000000,
        "sock_bufsize": 0,
        "sndbuf_actual": 212992,
        "rcvbuf_actual": 212992,
        "test_start": {
          "protocol": "UDP",
          "num_streams": 1,
          "blksize": 1348,
          "omit": 0,
          "duration": 10,
          "bytes": 0,
          "blocks": 0,
          "reverse": 1,
          "tos": 0,
          "target_bitrate": 10000000
        }
      },
      "intervals": [
        {
          "streams": [
            {
              "socket": 10,
              "start": 0,
              "end": 1.000298,
              "seconds": 1.000298023223877,
              "bytes": 1250944,
              "bits_per_second": 10004570.405674197,
              "jitter_ms": 0.134086496090863,
              "lost_packets": 0,
              "packets": 928,
              "lost_percent": 0,
              "omitted": false,
              "sender": false
            }
          ],
          "sum": {
            "start": 0,
            "end": 1.000298,
            "seconds": 1.000298023223877,
            "bytes": 1250944,
            "bits_per_second": 10004570.405674197,
            "jitter_ms": 0.134086496090863,
            "lost_packets": 0,
            "packets": 928,
            "lost_percent": 0,
            "omitted": false,
            "sender": false
          }
        },
        {
          "streams": [
            {
              "socket": 10,
              "start": 1.000298,
              "end": 2.000299,
              "seconds": 1.0000009536743164,
              "bytes": 1250944,
              "bits_per_second": 10007542.456063788,
              "jitter_ms": 0.19382757548003232,
              "lost_packets": 0,
              "packets": 928,
              "lost_percent": 0,
              "omitted": false,
              "sender": false
            }
          ],
          "sum": {
            "start": 1.000298,
            "end": 2.000299,
            "seconds": 1.0000009536743164,
            "bytes": 1250944,
            "bits_per_second": 10007542.456063788,
            "jitter_ms": 0.19382757548003232,
            "lost_packets": 0,
            "packets": 928,
            "lost_percent": 0,
            "omitted": false,
            "sender": false
          }
        },
        {
          "streams": [
            {
              "socket": 10,
              "start": 2.000299,
              "end": 3.000299,
              "seconds": 1,
              "bytes": 1249596,
              "bits_per_second": 9996768,
              "jitter_ms": 0.3715109587655065,
              "lost_packets": 0,
              "packets": 927,
              "lost_percent": 0,
              "omitted": false,
              "sender": false
            }
          ],
          "sum": {
            "start": 2.000299,
            "end": 3.000299,
            "seconds": 1,
            "bytes": 1249596,
            "bits_per_second": 9996768,
            "jitter_ms": 0.3715109587655065,
            "lost_packets": 0,
            "packets": 927,
            "lost_percent": 0,
            "omitted": false,
            "sender": false
          }
        },
        {
          "streams": [
            {
              "socket": 10,
              "start": 3.000299,
              "end": 4.00029,
              "seconds": 0.999990999698639,
              "bytes": 1249596,
              "bits_per_second": 9996857.974734437,
              "jitter_ms": 0.1617053777878452,
              "lost_packets": 0,
              "packets": 927,
              "lost_percent": 0,
              "omitted": false,
              "sender": false
            }
          ],
          "sum": {
            "start": 3.000299,
            "end": 4.00029,
            "seconds": 0.999990999698639,
            "bytes": 1249596,
            "bits_per_second": 9996857.974734437,
            "jitter_ms": 0.1617053777878452,
            "lost_packets": 0,
            "packets": 927,
            "lost_percent": 0,
            "omitted": false,
            "sender": false
          }
        },
        {
          "streams": [
            {
              "socket": 10,
              "start": 4.00029,
              "end": 5.000301,
              "seconds": 1.0000109672546387,
              "bytes": 1249596,
              "bits_per_second": 9996658.364102185,
              "jitter_ms": 0.163627593191422,
              "lost_packets": 0,
              "packets": 927,
              "lost_percent": 0,
              "omitted": false,
              "sender": false
            }
          ],
          "sum": {
            "start": 4.00029,
            "end": 5.000301,
            "seconds": 1.0000109672546387,
            "bytes": 1249596,
            "bits_per_second": 9996658.364102185,
            "jitter_ms": 0.163627593191422,
            "lost_packets": 0,
            "packets": 927,
            "lost_percent": 0,
            "omitted": false,
            "sender": false
          }
        },
        {
          "streams": [
            {
              "socket": 10,
              "start": 5.000301,
              "end": 6.000297,
              "seconds": 0.9999960064888,
              "bytes": 1250944,
              "bits_per_second": 10007591.9654306,
              "jitter_ms": 0.20622556461820843,
              "lost_packets": 0,
              "packets": 928,
              "lost_percent": 0,
              "omitted": false,
              "sender": false
            }
          ],
          "sum": {
            "start": 5.000301,
            "end": 6.000297,
            "seconds": 0.9999960064888,
            "bytes": 1250944,
            "bits_per_second": 10007591.9654306,
            "jitter_ms": 0.20622556461820843,
            "lost_packets": 0,
            "packets": 928,
            "lost_percent": 0,
            "omitted": false,
            "sender": false
          }
        },
        {
          "streams": [
            {
              "socket": 10,
              "start": 6.000297,
              "end": 7.000299,
              "seconds": 1.0000020265579224,
              "bytes": 1249596,
              "bits_per_second": 9996747.74101167,
              "jitter_ms": 0.25903079900314235,
              "lost_packets": 0,
              "packets": 927,
              "lost_percent": 0,
              "omitted": false,
              "sender": false
            }
          ],
          "sum": {
            "start": 6.000297,
            "end": 7.000299,
            "seconds": 1.0000020265579224,
            "bytes": 1249596,
            "bits_per_second": 9996747.74101167,
            "jitter_ms": 0.25903079900314235,
            "lost_packets": 0,
            "packets": 927,
            "lost_percent": 0,
            "omitted": false,
            "sender": false
          }
        },
        {
          "streams": [
            {
              "socket": 10,
              "start": 7.000299,
              "end": 8.000297,
              "seconds": 0.9999979734420776,
              "bytes": 1249596,
              "bits_per_second": 9996788.259070445,
              "jitter_ms": 0.244739515577134,
              "lost_packets": 0,
              "packets": 927,
              "lost_percent": 0,
              "omitted": false,