{
  "udp": {
    "30": {
      "start": {
        "connected": [
          {
            "socket": 10,
            "local_host": "172.17.0.2",
            "local_port": 52908,
            "remote_host": "10.100.1.102",
            "remote_port": 32201
          }
        ],
        "version": "iperf 3.12",
        "system_info": "Linux 389fb5f6c5b8 6.5.0-27-generic #28~22.04.1-Ubuntu SMP PREEMPT_DYNAMIC Fri Mar 15 10:51:06 UTC 2 x86_64",
        "timestamp": {
          "time": "Mon, 05 Aug 2024 10:01:47 GMT",
          "timesecs": 1722852107
        },
        "connecting_to": {
          "host": "api-int.edge.open5g.info",
          "port": 32201
        },
        "cookie": "354rxbh36fuino7z6psunwxfpxs2rr3m4ekd",
        "target_bitrate": 30000000,
        "sock_bufsize": 0,
        "sndbuf_actual": 212992,
        "rcvbuf_actual": 212992,
        "test_start": {
          "protocol": "UDP",
          "num_streams": 1,
          "blksize": 1398,
          "omit": 0,
          "duration": 10,
          "bytes": 0,
          "blocks": 0,
          "reverse": 1,
          "tos": 0,
          "target_bitrate": 30000000
        }
      },
      "intervals": [
        {
          "streams": [
            {
              "socket": 10,
              "start": 0,
              "end": 1.000025,
              "seconds": 1.0000250339508057,
              "bytes": 3427896,
              "bits_per_second": 27422481.506946985,
              "jitter_ms": 0.15665311949270574,
              "lost_packets": 0,
              "packets": 2452,
              "lost_percent": 0,
              "omitted": false,
              "sender": false
            }
          ],
          "sum": {
            "start": 0,
            "end": 1.000025,
            "seconds": 1.0000250339508057,
            "bytes": 3427896,
            "bits_per_second": 27422481.506946985,
            "jitter_ms": 0.15665311949270574,
            "lost_packets": 0,
            "packets": 2452,
            "lost_percent": 0,
            "omitted": false,
            "sender": false
          }
        },
        {
          "streams": [
            {
              "socket": 10,
              "start": 1.000025,
              "end": 2.000032,
              "seconds": 1.0000070333480835,
              "bytes": 3749436,
              "bits_per_second": 29995277.032775767,
              "jitter_ms": 0.1649846520656735,
              "lost_packets": 0,
              "packets": 2682,
              "lost_percent": 0,
              "omitted": false,
              "sender": false
            }
          ],
          "sum": {
            "start": 1.000025,
            "end": 2.000032,
            "seconds": 1.0000070333480835,
            "bytes": 3749436,
            "bits_per_second": 29995277.032775767,
            "jitter_ms": 0.1649846520656735,
            "lost_packets": 0,
            "packets": 2682,
            "lost_percent": 0,
            "omitted": false,
            "sender": false
          }
        },
        {
          "streams": [
            {
              "socket": 10,
              "start": 2.000032,
              "end": 3.000059,
              "seconds": 1.0000269412994385,
              "bytes": 4048608,
              "bits_per_second": 32387991.4254248,
              "jitter_ms": 0.3384886469511112,
              "lost_packets": 22,
              "packets": 2918,
              "lost_percent": 0.7539410555174777,
              "omitted": false,
              "sender": false
            }
          ],
          "sum": {
            "start": 2.000032,
            "end": 3.000059,
            "seconds": 1.0000269412994385,
            "bytes": 4048608,
            "bits_per_second": 32387991.4254248,
            "jitter_ms": 0.3384886469511112,
            "lost_packets": 22,
            "packets": 2918,
            "lost_percent": 0.7539410555174777,
            "omitted": false,
            "sender": false
          }
        },
        {
          "streams": [
            {
              "socket": 10,
              "start": 3.000059,
              "end": 4.00006,
              "seconds": 1.0000009536743164,
              "bytes": 3750834,
              "bits_per_second": 30006643.383434884,
              "jitter_ms": 0.347482089483783,
              "lost_packets": 0,
              "packets": 2683,
              "lost_percent": 0,
              "omitted": false,
              "sender": false
            }
          ],
          "sum": {
            "start": 3.000059,
            "end": 4.00006,
            "seconds": 1.0000009536743164,
            "bytes": 3750834,
            "bits_per_second": 30006643.383434884,
            "jitter_ms": 0.347482089483783,
            "lost_packets": 0,
            "packets": 2683,
            "lost_percent": 0,
            "omitted": false,
            "sender": false
          }
        },
        {
          "streams": [
            {
              "socket": 10,
              "start": 4.00006,
              "end": 5.000096,
              "seconds": 1.0000360012054443,
              "bytes": 3633402,
              "bits_per_second": 29066169.582857367,
              "jitter_ms": 0.038008600749626587,
              "lost_packets": 82,
              "packets": 2681,
              "lost_percent": 3.058560238716897,
              "omitted": false,
              "sender": false
            }
          ],
          "sum": {
            "start": 4.00006,
            "end": 5.000096,
            "seconds": 1.0000360012054443,
            "bytes": 3633402,
            "bits_per_second": 29066169.582857367,
            "jitter_ms": 0.038008600749626587,
            "lost_packets": 82,
            "packets": 2681,
            "lost_percent": 3.058560238716897,
            "omitted": false,
            "sender": false
          }
        },
        {
          "streams": [
            {
              "socket": 10,
              "start": 5.000096,
              "end": 6.000075,
              "seconds": 0.999979019165039,
              "bytes": 3750834,
              "bits_per_second": 30007301.578242037,
              "jitter_ms": 0.0717541706600058,
              "lost_packets": 0,
              "packets": 2683,
              "lost_percent": 0,
              "omitted": false,
              "sender": false
            }
          ],
          "sum": {
            "start": 5.000096,
            "end": 6.000075,
            "seconds": 0.999979019165039,
            "bytes": 3750834,
            "bits_per_second": 30007301.578242037,
            "jitter_ms": 0.0717541706600058,
            "lost_packets": 0,
            "packets": 2683,
            "lost_percent": 0,
            "omitted": false,
            "sender": false
          }
        },
        {
          "streams": [
            {
              "socket": 10,
              "start": 6.000075,
              "end": 7.000094,
              "seconds": 1.0000189542770386,
              "bytes": 3750834,
              "bits_per_second": 30006103.256006036,
              "jitter_ms": 0.18816585818981327,
              "lost_packets": 0,
              "packets": 2683,
              "lost_percent": 0,
              "omitted": false,
              "sender": false
            }
          ],
          "sum": {
            "start": 6.000075,
            "end": 7.000094,
            "seconds": 1.0000189542770386,
            "bytes": 3750834,
            "bits_per_second": 30006103.256006036,
            "jitter_ms": 0.18816585818981327,
            "lost_packets": 0,
            "packets": 2683,
            "lost_percent": 0,
            "omitted": false,
            "sender": false
          }
        },
        {
          "streams": [
            {
              "socket": 10,
              "start": 7.000094,
              "end": 8.000277,
              "seconds": 1.0001829862594604,
              "bytes": 3738252,
              "bits_per_second": 29900544.61118577,
              "jitter_ms": 0.007539361313043387,