{
  "udp": {
    "60": {
      "start": {
        "connected": [
          {
            "socket": 10,
            "local_host": "172.17.0.2",
            "local_port": 34566,
            "remote_host": "172.20.25.101",
            "remote_port": 32201
          }
        ],
        "version": "iperf 3.12",
        "system_info": "Linux 096cf3860a65 6.8.0-60-generic #63~22.04.1-Ubuntu SMP PREEMPT_DYNAMIC Tue Apr 22 19:00:15 UTC 2 x86_64",
        "timestamp": {
          "time": "Thu, 19 Jun 2025 06:31:55 GMT",
          "timesecs": 1750314715
        },
        "connecting_to": {
          "host": "api-int.tenoran.automation.otic.open6g.net",
          "port": 32201
        },
        "cookie": "zk3b6cvnqu2ahigmnnuyo7kne6xzdkbyygvh",
        "target_bitrate": 60000000,
        "sock_bufsize": 0,
        "sndbuf_actual": 212992,
        "rcvbuf_actual": 212992,
        "test_start": {
          "protocol": "UDP",
          "num_streams": 1,
          "blksize": 1348,
          "omit": 0,
          "duration": 10,
          "bytes": 0,
          "blocks": 0,
          "reverse": 1,
          "tos": 0,
          "target_bitrate": 60000000
        }
      },
      "intervals": [
        {
          "streams": [
            {
              "socket": 10,
              "start": 0,
              "end": 1.000165,
              "seconds": 1.0001649856567383,
              "bytes": 6367952,
              "bits_per_second": 50935212.4205277,
              "jitter_ms": 0.5074787337128267,
              "lost_packets": 0,
              "packets": 4724,
              "lost_percent": 0,
              "omitted": false,
              "sender": false
            }
          ],
          "sum": {
            "start": 0,
            "end": 1.000165,
            "seconds": 1.0001649856567383,
            "bytes": 6367952,
            "bits_per_second": 50935212.4205277,
            "jitter_ms": 0.5074787337128267,
            "lost_packets": 0,
            "packets": 4724,
            "lost_percent": 0,
            "omitted": false,
            "sender": false
          }
        },
        {
          "streams": [
            {
              "socket": 10,
              "start": 1.000165,
              "end": 2.000186,
              "seconds": 1.000020980834961,
              "bytes": 7143052,
              "bits_per_second": 57143217.087593146,
              "jitter_ms": 0.06215497404705738,
              "lost_packets": 0,
              "packets": 5299,
              "lost_percent": 0,
              "omitted": false,
              "sender": false
            }
          ],
          "sum": {
            "start": 1.000165,
            "end": 2.000186,
            "seconds": 1.000020980834961,
            "bytes": 7143052,
            "bits_per_second": 57143217.087593146,
            "jitter_ms": 0.06215497404705738,
            "lost_packets": 0,
            "packets": 5299,
            "lost_percent": 0,
            "omitted": false,
            "sender": false
          }
        },
        {
          "streams": [
            {
              "socket": 10,
              "start": 2.000186,
              "end": 3.000272,
              "seconds": 1.0000859498977661,
              "bytes": 7562280,
              "bits_per_second": 60493040.62934235,
              "jitter_ms": 1.8986380676656307,
              "lost_packets": 0,
              "packets": 5610,
              "lost_percent": 0,
              "omitted": false,
              "sender": false
            }
          ],
          "sum": {
            "start": 2.000186,
            "end": 3.000272,
            "seconds": 1.0000859498977661,
            "bytes": 7562280,
            "bits_per_second": 60493040.62934235,
            "jitter_ms": 1.8986380676656307,
            "lost_packets": 0,
            "packets": 5610,
            "lost_percent": 0,
            "omitted": false,
            "sender": false
          }
        },
        {
          "streams": [
            {
              "socket": 10,
              "start": 3.000272,
              "end": 4.000186,
              "seconds": 0.999913990497589,
              "bytes": 6915240,
              "bits_per_second": 55326678.62009816,
              "jitter_ms": 0.19444654990437177,
              "lost_packets": 0,
              "packets": 5130,
              "lost_percent": 0,
              "omitted": false,
              "sender": false
            }
          ],
          "sum": {
            "start": 3.000272,
            "end": 4.000186,
            "seconds": 0.999913990497589,
            "bytes": 6915240,
            "bits_per_second": 55326678.62009816,
            "jitter_ms": 0.19444654990437177,
            "lost_packets": 0,
            "packets": 5130,
            "lost_percent": 0,
            "omitted": false,
            "sender": false
          }
        },
        {
          "streams": [
            {
              "socket": 10,
              "start": 4.000186,
              "end": 5.000169,
              "seconds": 0.999983012676239,
              "bytes": 7122832,
              "bits_per_second": 56983623.99926995,
              "jitter_ms": 0.3613616009760661,
              "lost_packets": 0,
              "packets": 5284,
              "lost_percent": 0,
              "omitted": false,
              "sender": false
            }
          ],
          "sum": {
            "start": 4.000186,
            "end": 5.000169,
            "seconds": 0.999983012676239,
            "bytes": 7122832,
            "bits_per_second": 56983623.99926995,
            "jitter_ms": 0.3613616009760661,
            "lost_packets": 0,
            "packets": 5284,
            "lost_percent": 0,
            "omitted": false,
            "sender": false
          }
        },
        {
          "streams": [
            {
              "socket": 10,
              "start": 5.000169,
              "end": 6.000095,
              "seconds": 0.999925971031189,
              "bytes": 7059476,
              "bits_per_second": 56479989.15535563,
              "jitter_ms": 0.04652879252032014,
              "lost_packets": 0,
              "packets": 5237,
              "lost_percent": 0,
              "omitted": false,
              "sender": false
            }
          ],
          "sum": {
            "start": 5.000169,
            "end": 6.000095,
            "seconds": 0.999925971031189,
            "bytes": 7059476,
            "bits_per_second": 56479989.15535563,
            "jitter_ms": 0.04652879252032014,
            "lost_packets": 0,
            "packets": 5237,
            "lost_percent": 0,
            "omitted": false,
            "sender": false
          }
        },
        {
          "streams": [
            {
              "socket": 10,
              "start": 6.000095,
              "end": 7.000164,
              "seconds": 1.00006902217865,
              "bytes": 7210452,
              "bits_per_second": 57679634.82594058,
              "jitter_ms": 0.06351379119367793,
              "lost_packets": 0,
              "packets": 5349,
              "lost_percent": 0,
              "omitted": false,
              "sender": false
            }
          ],
          "sum": {
            "start": 6.000095,
            "end": 7.000164,
            "seconds": 1.00006902217865,
            "bytes": 7210452,
            "bits_per_second": 57679634.82594058,
            "jitter_ms": 0.06351379119367793,
            "lost_packets": 0,
            "packets": 5349,
            "lost_percent": 0,
            "omitted": false,
            "sender": false
          }
        },
        {
          "streams": [
            {
              "socket": 10,
              "start": 7.000164,
              "end": 8.000188,
              "seconds": 1.0000239610672,
              "bytes": 7567672,
              "bits_per_second": 60539925.39877926,
              "jitter_ms": 0.06817549296564122,
              "lost_packets": 0,
              "packets": 5614,