{
  "udp": {
    "60": {
      "start": {
        "connected": [
          {
            "socket": 10,
            "local_host": "172.17.0.2",
            "local_port": 47696,
            "remote_host": "172.20.25.101",
            "remote_port": 32201
          }
        ],
        "version": "iperf 3.12",
        "system_info": "Linux 4f18ea0ad5f3 6.8.0-59-generic #61~22.04.1-Ubuntu SMP PREEMPT_DYNAMIC Tue Apr 15 17:03:15 UTC 2 x86_64",
        "timestamp": {
          "time": "Wed, 21 May 2025 04:02:59 GMT",
          "timesecs": 1747800179
        },
        "connecting_to": {
          "host": "api-int.tenoran.automation.otic.open6g.net",
          "port": 32201
        },
        "cookie": "j3lxoc4privbipup4ycgco3g7kqa5ottylc3",
        "target_bitrate": 60000000,
        "sock_bufsize": 0,
        "sndbuf_actual": 212992,
        "rcvbuf_actual": 212992,
        "test_start": {
          "protocol": "UDP",
          "num_streams": 1,
          "blksize": 1348,
          "omit": 0,
          "duration": 10,
          "bytes": 0,
          "blocks": 0,
          "reverse": 1,
          "tos": 0,
          "target_bitrate": 60000000
        }
      },
      "intervals": [
        {
          "streams": [
            {
              "socket": 10,
              "start": 0,
              "end": 1.000011,
              "seconds": 1.0000109672546387,
              "bytes": 6789876,
              "bits_per_second": 54318412.276141,
              "jitter_ms": 2.542626981037547,
              "lost_packets": 0,
              "packets": 5037,
              "lost_percent": 0,
              "omitted": false,
              "sender": false
            }
          ],
          "sum": {
            "start": 0,
            "end": 1.000011,
            "seconds": 1.0000109672546387,
            "bytes": 6789876,
            "bits_per_second": 54318412.276141,
            "jitter_ms": 2.542626981037547,
            "lost_packets": 0,
            "packets": 5037,
            "lost_percent": 0,
            "omitted": false,
            "sender": false
          }
        },
        {
          "streams": [
            {
              "socket": 10,
              "start": 1.000011,
              "end": 2.000083,
              "seconds": 1.0000720024108887,
              "bytes": 7416696,
              "bits_per_second": 59329296.14764104,
              "jitter_ms": 0.05242214017640271,
              "lost_packets": 0,
              "packets": 5502,
              "lost_percent": 0,
              "omitted": false,
              "sender": false
            }
          ],
          "sum": {
            "start": 1.000011,
            "end": 2.000083,
            "seconds": 1.0000720024108887,
            "bytes": 7416696,
            "bits_per_second": 59329296.14764104,
            "jitter_ms": 0.05242214017640271,
            "lost_packets": 0,
            "packets": 5502,
            "lost_percent": 0,
            "omitted": false,
            "sender": false
          }
        },
        {
          "streams": [
            {
              "socket": 10,
              "start": 2.000083,
              "end": 3.000155,
              "seconds": 1.0000720024108887,
              "bytes": 7163272,
              "bits_per_second": 57302050.11424291,
              "jitter_ms": 0.01587231175582472,
              "lost_packets": 0,
              "packets": 5314,
              "lost_percent": 0,
              "omitted": false,
              "sender": false
            }
          ],
          "sum": {
            "start": 2.000083,
            "end": 3.000155,
            "seconds": 1.0000720024108887,
            "bytes": 7163272,
            "bits_per_second": 57302050.11424291,
            "jitter_ms": 0.01587231175582472,
            "lost_packets": 0,
            "packets": 5314,
            "lost_percent": 0,
            "omitted": false,
            "sender": false
          }
        },
        {
          "streams": [
            {
              "socket": 10,
              "start": 3.000155,
              "end": 4.000023,
              "seconds": 0.9998679757118225,
              "bytes": 7659336,
              "bits_per_second": 61282778.81525062,
              "jitter_ms": 0.072541885932436,
              "lost_packets": 0,
              "packets": 5682,
              "lost_percent": 0,
              "omitted": false,
              "sender": false
            }
          ],
          "sum": {
            "start": 3.000155,
            "end": 4.000023,
            "seconds": 0.9998679757118225,
            "bytes": 7659336,
            "bits_per_second": 61282778.81525062,
            "jitter_ms": 0.072541885932436,
            "lost_packets": 0,
            "packets": 5682,
            "lost_percent": 0,
            "omitted": false,
            "sender": false
          }
        },
        {
          "streams": [
            {
              "socket": 10,
              "start": 4.000023,
              "end": 5.000029,
              "seconds": 1.0000059604644775,
              "bytes": 7517796,
              "bits_per_second": 60142009.5256886,
              "jitter_ms": 0.07389154849701893,
              "lost_packets": 0,
              "packets": 5577,
              "lost_percent": 0,
              "omitted": false,
              "sender": false
            }
          ],
          "sum": {
            "start": 4.000023,
            "end": 5.000029,
            "seconds": 1.0000059604644775,
            "bytes": 7517796,
            "bits_per_second": 60142009.5256886,
            "jitter_ms": 0.07389154849701893,
            "lost_packets": 0,
            "packets": 5577,
            "lost_percent": 0,
            "omitted": false,
            "sender": false
          }
        },
        {
          "streams": [
            {
              "socket": 10,
              "start": 5.000029,
              "end": 6.000039,
              "seconds": 1.0000100135803223,
              "bytes": 8017904,
              "bits_per_second": 64142589.70302593,
              "jitter_ms": 0.07485830720260313,
              "lost_packets": 0,
              "packets": 5948,
              "lost_percent": 0,
              "omitted": false,
              "sender": false
            }
          ],
          "sum": {
            "start": 5.000029,
            "end": 6.000039,
            "seconds": 1.0000100135803223,
            "bytes": 8017904,
            "bits_per_second": 64142589.70302593,
            "jitter_ms": 0.07485830720260313,
            "lost_packets": 0,
            "packets": 5948,
            "lost_percent": 0,
            "omitted": false,
            "sender": false
          }
        },
        {
          "streams": [
            {
              "socket": 10,
              "start": 6.000039,
              "end": 7.000171,
              "seconds": 1.0001319646835327,
              "bytes": 7471964,
              "bits_per_second": 59767824.757920384,
              "jitter_ms": 0.10822538248477077,
              "lost_packets": 0,
              "packets": 5543,
              "lost_percent": 0,
              "omitted": false,
              "sender": false
            }
          ],
          "sum": {
            "start": 6.000039,
            "end": 7.000171,
            "seconds": 1.0001319646835327,
            "bytes": 7471964,
            "bits_per_second": 59767824.757920384,
            "jitter_ms": 0.10822538248477077,
            "lost_packets": 0,
            "packets": 5543,
            "lost_percent": 0,
            "omitted": false,
            "sender": false
          }
        },
        {
          "streams": [
            {
              "socket": 10,
              "start": 7.000171,
              "end": 8.000013,
              "seconds": 0.9998419880867004,
              "bytes": 7532624,
              "bits_per_second": 60270515.4594633,
              "jitter_ms": 0.0484140072919818,
              "lost_packets": 0,
              "packets": 5588,