{
  "udp": {
    "10": {
      "start": {
        "connected": [
          {
            "socket": 9,
            "local_host": "172.17.0.2",
            "local_port": 47875,
            "remote_host": "10.100.1.101",
            "remote_port": 32201
          }
        ],
        "version": "iperf 3.12",
        "system_info": "Linux a9b1d7f41f5a 6.2.0-37-generic #38~22.04.1-Ubuntu SMP PREEMPT_DYNAMIC Thu Nov  2 18:01:13 UTC 2 x86_64",
        "timestamp": {
          "time": "Sat, 02 Dec 2023 16:00:43 GMT",
          "timesecs": 1701532843
        },
        "connecting_to": {
          "host": "api-int.edge.open5g.info",
          "port": 32201
        },
        "cookie": "mouhjwqpvwtuvoqir7hlrwfdnkq2xpddijli",
        "target_bitrate": 10000000,
        "sock_bufsize": 0,
        "sndbuf_actual": 212992,
        "rcvbuf_actual": 212992,
        "test_start": {
          "protocol": "UDP",
          "num_streams": 1,
          "blksize": 1398,
          "omit": 0,
          "duration": 10,
          "bytes": 0,
          "blocks": 0,
          "reverse": 1,
          "tos": 0,
          "target_bitrate": 10000000
        }
      },
      "intervals": [
        {
          "streams": [
            {
              "socket": 9,
              "start": 0,
              "end": 1.000278,
              "seconds": 1.0002779960632324,
              "bytes": 1251210,
              "bits_per_second": 10006898.121716995,
              "jitter_ms": 0.07230480937465164,
              "lost_packets": 0,
              "packets": 895,
              "lost_percent": 0,
              "omitted": false,
              "sender": false
            }
          ],
          "sum": {
            "start": 0,
            "end": 1.000278,
            "seconds": 1.0002779960632324,
            "bytes": 1251210,
            "bits_per_second": 10006898.121716995,
            "jitter_ms": 0.07230480937465164,
            "lost_packets": 0,
            "packets": 895,
            "lost_percent": 0,
            "omitted": false,
            "sender": false
          }
        },
        {
          "streams": [
            {
              "socket": 9,
              "start": 1.000278,
              "end": 2.000304,
              "seconds": 1.000025987625122,
              "bytes": 1249812,
              "bits_per_second": 9998236.169586543,
              "jitter_ms": 0.3907193079370863,
              "lost_packets": 0,
              "packets": 894,
              "lost_percent": 0,
              "omitted": false,
              "sender": false
            }
          ],
          "sum": {
            "start": 1.000278,
            "end": 2.000304,
            "seconds": 1.000025987625122,
            "bytes": 1249812,
            "bits_per_second": 9998236.169586543,
            "jitter_ms": 0.3907193079370863,
            "lost_packets": 0,
            "packets": 894,
            "lost_percent": 0,
            "omitted": false,
            "sender": false
          }
        },
        {
          "streams": [
            {
              "socket": 9,
              "start": 2.000304,
              "end": 3.000311,
              "seconds": 1.0000070333480835,
              "bytes": 1251210,
              "bits_per_second": 10009609.59893151,
              "jitter_ms": 0.04366276939906314,
              "lost_packets": 0,
              "packets": 895,
              "lost_percent": 0,
              "omitted": false,
              "sender": false
            }
          ],
          "sum": {
            "start": 2.000304,
            "end": 3.000311,
            "seconds": 1.0000070333480835,
            "bytes": 1251210,
            "bits_per_second": 10009609.59893151,
            "jitter_ms": 0.04366276939906314,
            "lost_packets": 0,
            "packets": 895,
            "lost_percent": 0,
            "omitted": false,
            "sender": false
          }
        },
        {
          "streams": [
            {
              "socket": 9,
              "start": 3.000311,
              "end": 4.000308,
              "seconds": 0.9999970197677612,
              "bytes": 1249812,
              "bits_per_second": 9998525.797928924,
              "jitter_ms": 0.061408751875325435,
              "lost_packets": 0,
              "packets": 894,
              "lost_percent": 0,
              "omitted": false,
              "sender": false
            }
          ],
          "sum": {
            "start": 3.000311,
            "end": 4.000308,
            "seconds": 0.9999970197677612,
            "bytes": 1249812,
            "bits_per_second": 9998525.797928924,
            "jitter_ms": 0.061408751875325435,
            "lost_packets": 0,
            "packets": 894,
            "lost_percent": 0,
            "omitted": false,
            "sender": false
          }
        },
        {
          "streams": [
            {
              "socket": 9,
              "start": 4.000308,
              "end": 5.000287,
              "seconds": 0.999979019165039,
              "bytes": 1249812,
              "bits_per_second": 9998705.78119582,
              "jitter_ms": 0.06393969878139084,
              "lost_packets": 0,
              "packets": 894,
              "lost_percent": 0,
              "omitted": false,
              "sender": false
            }
          ],
          "sum": {
            "start": 4.000308,
            "end": 5.000287,
            "seconds": 0.999979019165039,
            "bytes": 1249812,
            "bits_per_second": 9998705.78119582,
            "jitter_ms": 0.06393969878139084,
            "lost_packets": 0,
            "packets": 894,
            "lost_percent": 0,
            "omitted": false,
            "sender": false
          }
        },
        {
          "streams": [
            {
              "socket": 9,
              "start": 5.000287,
              "end": 6.000294,
              "seconds": 1.0000070333480835,
              "bytes": 1249812,
              "bits_per_second": 9998425.67759192,
              "jitter_ms": 0.042244828601542044,
              "lost_packets": 0,
              "packets": 894,
              "lost_percent": 0,
              "omitted": false,
              "sender": false
            }
          ],
          "sum": {
            "start": 5.000287,
            "end": 6.000294,
            "seconds": 1.0000070333480835,
            "bytes": 1249812,
            "bits_per_second": 9998425.67759192,
            "jitter_ms": 0.042244828601542044,
            "lost_packets": 0,
            "packets": 894,
            "lost_percent": 0,
            "omitted": false,
            "sender": false
          }
        },
        {
          "streams": [
            {
              "socket": 9,
              "start": 6.000294,
              "end": 7.000188,
              "seconds": 0.9998940229415894,
              "bytes": 1249812,
              "bits_per_second": 9999555.72350099,
              "jitter_ms": 0.04141229529080064,
              "lost_packets": 0,
              "packets": 894,
              "lost_percent": 0,
              "omitted": false,
              "sender": false
            }
          ],
          "sum": {
            "start": 6.000294,
            "end": 7.000188,
            "seconds": 0.9998940229415894,
            "bytes": 1249812,
            "bits_per_second": 9999555.72350099,
            "jitter_ms": 0.04141229529080064,
            "lost_packets": 0,
            "packets": 894,
            "lost_percent": 0,
            "omitted": false,
            "sender": false
          }
        },
        {
          "streams": [
            {
              "socket": 9,
              "start": 7.000188,
              "end": 8.000291,
              "seconds": 1.0001029968261719,
              "bytes": 1249812,
              "bits_per_second": 9997466.29270209,
              "jitter_ms": 0.06579498401963214,
              "lost_packets": 0,
              "packets": 894,
              "lost_percent": 0,