{
  "udp": {
    "10": {
      "start": {
        "connected": [
          {
            "socket": 9,
            "local_host": "172.17.0.2",
            "local_port": 34958,
            "remote_host": "10.100.1.101",
            "remote_port": 32201
          }
        ],
        "version": "iperf 3.12",
        "system_info": "Linux c0acd59bb790 6.2.0-36-generic #37~22.04.1-Ubuntu SMP PREEMPT_DYNAMIC Mon Oct  9 15:34:04 UTC 2 x86_64",
        "timestamp": {
          "time": "Sat, 18 Nov 2023 04:00:42 GMT",
          "timesecs": 1700280042
        },
        "connecting_to": {
          "host": "api-int.edge.open5g.info",
          "port": 32201
        },
        "cookie": "6hkojpnfcoskf2nci7okhjunggogkfklkdl6",
        "target_bitrate": 10000000,
        "sock_bufsize": 0,
        "sndbuf_actual": 212992,
        "rcvbuf_actual": 212992,
        "test_start": {
          "protocol": "UDP",
          "num_streams": 1,
          "blksize": 1398,
          "omit": 0,
          "duration": 10,
          "bytes": 0,
          "blocks": 0,
          "reverse": 1,
          "tos": 0,
          "target_bitrate": 10000000
        }
      },
      "intervals": [
        {
          "streams": [
            {
              "socket": 9,
              "start": 0,
              "end": 1.000296,
              "seconds": 1.0002959966659546,
              "bytes": 1251210,
              "bits_per_second": 10006718.044821585,
              "jitter_ms": 0.0970479609158014,
              "lost_packets": 0,
              "packets": 895,
              "lost_percent": 0,
              "omitted": false,
              "sender": false
            }
          ],
          "sum": {
            "start": 0,
            "end": 1.000296,
            "seconds": 1.0002959966659546,
            "bytes": 1251210,
            "bits_per_second": 10006718.044821585,
            "jitter_ms": 0.0970479609158014,
            "lost_packets": 0,
            "packets": 895,
            "lost_percent": 0,
            "omitted": false,
            "sender": false
          }
        },
        {
          "streams": [
            {
              "socket": 9,
              "start": 1.000296,
              "end": 2.000314,
              "seconds": 1.0000180006027222,
              "bytes": 1249812,
              "bits_per_second": 9998316.024285356,
              "jitter_ms": 0.29345925162070513,
              "lost_packets": 0,
              "packets": 894,
              "lost_percent": 0,
              "omitted": false,
              "sender": false
            }
          ],
          "sum": {
            "start": 1.000296,
            "end": 2.000314,
            "seconds": 1.0000180006027222,
            "bytes": 1249812,
            "bits_per_second": 9998316.024285356,
            "jitter_ms": 0.29345925162070513,
            "lost_packets": 0,
            "packets": 894,
            "lost_percent": 0,
            "omitted": false,
            "sender": false
          }
        },
        {
          "streams": [
            {
              "socket": 9,
              "start": 2.000314,
              "end": 3.000305,
              "seconds": 0.999990999698639,
              "bytes": 1249812,
              "bits_per_second": 9998585.990287097,
              "jitter_ms": 0.14639587429602444,
              "lost_packets": 0,
              "packets": 894,
              "lost_percent": 0,
              "omitted": false,
              "sender": false
            }
          ],
          "sum": {
            "start": 2.000314,
            "end": 3.000305,
            "seconds": 0.999990999698639,
            "bytes": 1249812,
            "bits_per_second": 9998585.990287097,
            "jitter_ms": 0.14639587429602444,
            "lost_packets": 0,
            "packets": 894,
            "lost_percent": 0,
            "omitted": false,
            "sender": false
          }
        },
        {
          "streams": [
            {
              "socket": 9,
              "start": 3.000305,
              "end": 4.000282,
              "seconds": 0.9999769926071167,
              "bytes": 1251210,
              "bits_per_second": 10009910.301939044,
              "jitter_ms": 0.1646541120055309,
              "lost_packets": 0,
              "packets": 895,
              "lost_percent": 0,
              "omitted": false,
              "sender": false
            }
          ],
          "sum": {
            "start": 3.000305,
            "end": 4.000282,
            "seconds": 0.9999769926071167,
            "bytes": 1251210,
            "bits_per_second": 10009910.301939044,
            "jitter_ms": 0.1646541120055309,
            "lost_packets": 0,
            "packets": 895,
            "lost_percent": 0,
            "omitted": false,
            "sender": false
          }
        },
        {
          "streams": [
            {
              "socket": 9,
              "start": 4.000282,
              "end": 5.000221,
              "seconds": 0.9999390244483948,
              "bytes": 1249812,
              "bits_per_second": 9999105.700985676,
              "jitter_ms": 0.4417255486486566,
              "lost_packets": 0,
              "packets": 894,
              "lost_percent": 0,
              "omitted": false,
              "sender": false
            }
          ],
          "sum": {
            "start": 4.000282,
            "end": 5.000221,
            "seconds": 0.9999390244483948,
            "bytes": 1249812,
            "bits_per_second": 9999105.700985676,
            "jitter_ms": 0.4417255486486566,
            "lost_packets": 0,
            "packets": 894,
            "lost_percent": 0,
            "omitted": false,
            "sender": false
          }
        },
        {
          "streams": [
            {
              "socket": 9,
              "start": 5.000221,
              "end": 6.00029,
              "seconds": 1.00006902217865,
              "bytes": 1249812,
              "bits_per_second": 9997805.929653017,
              "jitter_ms": 0.4129392138768292,
              "lost_packets": 0,
              "packets": 894,
              "lost_percent": 0,
              "omitted": false,
              "sender": false
            }
          ],
          "sum": {
            "start": 5.000221,
            "end": 6.00029,
            "seconds": 1.00006902217865,
            "bytes": 1249812,
            "bits_per_second": 9997805.929653017,
            "jitter_ms": 0.4129392138768292,
            "lost_packets": 0,
            "packets": 894,
            "lost_percent": 0,
            "omitted": false,
            "sender": false
          }
        },
        {
          "streams": [
            {
              "socket": 9,
              "start": 6.00029,
              "end": 7.000304,
              "seconds": 1.0000139474868774,
              "bytes": 1249812,
              "bits_per_second": 9998356.54805325,
              "jitter_ms": 0.15906924933414066,
              "lost_packets": 0,
              "packets": 894,
              "lost_percent": 0,
              "omitted": false,
              "sender": false
            }
          ],
          "sum": {
            "start": 6.00029,
            "end": 7.000304,
            "seconds": 1.0000139474868774,
            "bytes": 1249812,
            "bits_per_second": 9998356.54805325,
            "jitter_ms": 0.15906924933414066,
            "lost_packets": 0,
            "packets": 894,
            "lost_percent": 0,
            "omitted": false,
            "sender": false
          }
        },
        {
          "streams": [
            {
              "socket": 9,
              "start": 7.000304,
              "end": 8.000306,
              "seconds": 1.0000020265579224,
              "bytes": 1249812,
              "bits_per_second": 9998475.737509783,
              "jitter_ms": 0.295072605616071,
              "lost_packets": 0,
              "packets": 894,
              "lost_percent": 0,