{
  "udp": {
    "70": {
      "start": {
        "connected": [
          {
            "socket": 10,
            "local_host": "172.17.0.2",
            "local_port": 45317,
            "remote_host": "172.20.25.101",
            "remote_port": 32201
          }
        ],
        "version": "iperf 3.12",
        "system_info": "Linux f841bcc7ac50 6.8.0-59-generic #61~22.04.1-Ubuntu SMP PREEMPT_DYNAMIC Tue Apr 15 17:03:15 UTC 2 x86_64",
        "timestamp": {
          "time": "Fri, 30 May 2025 06:02:03 GMT",
          "timesecs": 1748584923
        },
        "connecting_to": {
          "host": "api-int.tenoran.automation.otic.open6g.net",
          "port": 32201
        },
        "cookie": "opn4hmiddgz5dsdr5vxaxmut6av33qz3vijo",
        "target_bitrate": 70000000,
        "sock_bufsize": 0,
        "sndbuf_actual": 212992,
        "rcvbuf_actual": 212992,
        "test_start": {
          "protocol": "UDP",
          "num_streams": 1,
          "blksize": 1348,
          "omit": 0,
          "duration": 10,
          "bytes": 0,
          "blocks": 0,
          "reverse": 1,
          "tos": 0,
          "target_bitrate": 70000000
        }
      },
      "intervals": [
        {
          "streams": [
            {
              "socket": 10,
              "start": 0,
              "end": 1.000176,
              "seconds": 1.000175952911377,
              "bytes": 6258764,
              "bits_per_second": 50061303.5678899,
              "jitter_ms": 0.02233066403803167,
              "lost_packets": 248,
              "packets": 4891,
              "lost_percent": 5.070537722347169,
              "omitted": false,
              "sender": false
            }
          ],
          "sum": {
            "start": 0,
            "end": 1.000176,
            "seconds": 1.000175952911377,
            "bytes": 6258764,
            "bits_per_second": 50061303.5678899,
            "jitter_ms": 0.02233066403803167,
            "lost_packets": 248,
            "packets": 4891,
            "lost_percent": 5.070537722347169,
            "omitted": false,
            "sender": false
          }
        },
        {
          "streams": [
            {
              "socket": 10,
              "start": 1.000176,
              "end": 2.000203,
              "seconds": 1.0000269412994385,
              "bytes": 7864232,
              "bits_per_second": 62912161.064630434,
              "jitter_ms": 0.10449700099820718,
              "lost_packets": 0,
              "packets": 5834,
              "lost_percent": 0,
              "omitted": false,
              "sender": false
            }
          ],
          "sum": {
            "start": 1.000176,
            "end": 2.000203,
            "seconds": 1.0000269412994385,
            "bytes": 7864232,
            "bits_per_second": 62912161.064630434,
            "jitter_ms": 0.10449700099820718,
            "lost_packets": 0,
            "packets": 5834,
            "lost_percent": 0,
            "omitted": false,
            "sender": false
          }
        },
        {
          "streams": [
            {
              "socket": 10,
              "start": 2.000203,
              "end": 3.000044,
              "seconds": 0.9998409748077393,
              "bytes": 8154052,
              "bits_per_second": 65242791.24742175,
              "jitter_ms": 0.0857801377544624,
              "lost_packets": 0,
              "packets": 6049,
              "lost_percent": 0,
              "omitted": false,
              "sender": false
            }
          ],
          "sum": {
            "start": 2.000203,
            "end": 3.000044,
            "seconds": 0.9998409748077393,
            "bytes": 8154052,
            "bits_per_second": 65242791.24742175,
            "jitter_ms": 0.0857801377544624,
            "lost_packets": 0,
            "packets": 6049,
            "lost_percent": 0,
            "omitted": false,
            "sender": false
          }
        },
        {
          "streams": [
            {
              "socket": 10,
              "start": 3.000044,
              "end": 4.000048,
              "seconds": 1.0000040531158447,
              "bytes": 8333336,
              "bits_per_second": 66666417.79328573,
              "jitter_ms": 0.0851388511631412,
              "lost_packets": 2,
              "packets": 6184,
              "lost_percent": 0.03234152652005175,
              "omitted": false,
              "sender": false
            }
          ],
          "sum": {
            "start": 3.000044,
            "end": 4.000048,
            "seconds": 1.0000040531158447,
            "bytes": 8333336,
            "bits_per_second": 66666417.79328573,
            "jitter_ms": 0.0851388511631412,
            "lost_packets": 2,
            "packets": 6184,
            "lost_percent": 0.03234152652005175,
            "omitted": false,
            "sender": false
          }
        },
        {
          "streams": [
            {
              "socket": 10,
              "start": 4.000048,
              "end": 5.000201,
              "seconds": 1.0001529455184937,
              "bytes": 8342772,
              "bits_per_second": 66731969.64430265,
              "jitter_ms": 0.03750103551250448,
              "lost_packets": 0,
              "packets": 6189,
              "lost_percent": 0,
              "omitted": false,
              "sender": false
            }
          ],
          "sum": {
            "start": 4.000048,
            "end": 5.000201,
            "seconds": 1.0001529455184937,
            "bytes": 8342772,
            "bits_per_second": 66731969.64430265,
            "jitter_ms": 0.03750103551250448,
            "lost_packets": 0,
            "packets": 6189,
            "lost_percent": 0,
            "omitted": false,
            "sender": false
          }
        },
        {
          "streams": [
            {
              "socket": 10,
              "start": 5.000201,
              "end": 6.000207,
              "seconds": 1.0000059604644775,
              "bytes": 8833444,
              "bits_per_second": 70667130.7910772,
              "jitter_ms": 0.06034230503842529,
              "lost_packets": 0,
              "packets": 6553,
              "lost_percent": 0,
              "omitted": false,
              "sender": false
            }
          ],
          "sum": {
            "start": 5.000201,
            "end": 6.000207,
            "seconds": 1.0000059604644775,
            "bytes": 8833444,
            "bits_per_second": 70667130.7910772,
            "jitter_ms": 0.06034230503842529,
            "lost_packets": 0,
            "packets": 6553,
            "lost_percent": 0,
            "omitted": false,
            "sender": false
          }
        },
        {
          "streams": [
            {
              "socket": 10,
              "start": 6.000207,
              "end": 7.000084,
              "seconds": 0.9998769760131836,
              "bytes": 8356252,
              "bits_per_second": 66858241.167379946,
              "jitter_ms": 0.08901604378541783,
              "lost_packets": 0,
              "packets": 6199,
              "lost_percent": 0,
              "omitted": false,
              "sender": false
            }
          ],
          "sum": {
            "start": 6.000207,
            "end": 7.000084,
            "seconds": 0.9998769760131836,
            "bytes": 8356252,
            "bits_per_second": 66858241.167379946,
            "jitter_ms": 0.08901604378541783,
            "lost_packets": 0,
            "packets": 6199,
            "lost_percent": 0,
            "omitted": false,
            "sender": false
          }
        },
        {
          "streams": [
            {
              "socket": 10,
              "start": 7.000084,
              "end": 8.000082,
              "seconds": 0.9999979734420776,
              "bytes": 8338728,
              "bits_per_second": 66709959.1915963,