{
  "udp": {
    "20": {
      "start": {
        "connected": [
          {
            "socket": 10,
            "local_host": "172.17.0.2",
            "local_port": 50677,
            "remote_host": "172.20.25.101",
            "remote_port": 32201
          }
        ],
        "version": "iperf 3.12",
        "system_info": "Linux 92c000f97607 6.8.0-60-generic #63~22.04.1-Ubuntu SMP PREEMPT_DYNAMIC Tue Apr 22 19:00:15 UTC 2 x86_64",
        "timestamp": {
          "time": "Thu, 03 Jul 2025 04:31:23 GMT",
          "timesecs": 1751517083
        },
        "connecting_to": {
          "host": "api-int.tenoran.automation.otic.open6g.net",
          "port": 32201
        },
        "cookie": "nog7n42lgr6igrm74ueveulwdfrawyb4hrah",
        "target_bitrate": 20000000,
        "sock_bufsize": 0,
        "sndbuf_actual": 212992,
        "rcvbuf_actual": 212992,
        "test_start": {
          "protocol": "UDP",
          "num_streams": 1,
          "blksize": 1348,
          "omit": 0,
          "duration": 10,
          "bytes": 0,
          "blocks": 0,
          "reverse": 1,
          "tos": 0,
          "target_bitrate": 20000000
        }
      },
      "intervals": [
        {
          "streams": [
            {
              "socket": 10,
              "start": 0,
              "end": 1.000182,
              "seconds": 1.000182032585144,
              "bytes": 2469536,
              "bits_per_second": 19752692.366345,
              "jitter_ms": 0.2845670675554047,
              "lost_packets": 0,
              "packets": 1832,
              "lost_percent": 0,
              "omitted": false,
              "sender": false
            }
          ],
          "sum": {
            "start": 0,
            "end": 1.000182,
            "seconds": 1.000182032585144,
            "bytes": 2469536,
            "bits_per_second": 19752692.366345,
            "jitter_ms": 0.2845670675554047,
            "lost_packets": 0,
            "packets": 1832,
            "lost_percent": 0,
            "omitted": false,
            "sender": false
          }
        },
        {
          "streams": [
            {
              "socket": 10,
              "start": 1.000182,
              "end": 2.000228,
              "seconds": 1.0000460147857666,
              "bytes": 2532892,
              "bits_per_second": 20262203.639040392,
              "jitter_ms": 0.0777727637076583,
              "lost_packets": 0,
              "packets": 1879,
              "lost_percent": 0,
              "omitted": false,
              "sender": false
            }
          ],
          "sum": {
            "start": 1.000182,
            "end": 2.000228,
            "seconds": 1.0000460147857666,
            "bytes": 2532892,
            "bits_per_second": 20262203.639040392,
            "jitter_ms": 0.0777727637076583,
            "lost_packets": 0,
            "packets": 1879,
            "lost_percent": 0,
            "omitted": false,
            "sender": false
          }
        },
        {
          "streams": [
            {
              "socket": 10,
              "start": 2.000228,
              "end": 3.000177,
              "seconds": 0.9999489784240723,
              "bytes": 2472232,
              "bits_per_second": 19778865.148869958,
              "jitter_ms": 0.1417766305615184,
              "lost_packets": 0,
              "packets": 1834,
              "lost_percent": 0,
              "omitted": false,
              "sender": false
            }
          ],
          "sum": {
            "start": 2.000228,
            "end": 3.000177,
            "seconds": 0.9999489784240723,
            "bytes": 2472232,
            "bits_per_second": 19778865.148869958,
            "jitter_ms": 0.1417766305615184,
            "lost_packets": 0,
            "packets": 1834,
            "lost_percent": 0,
            "omitted": false,
            "sender": false
          }
        },
        {
          "streams": [
            {
              "socket": 10,
              "start": 3.000177,
              "end": 4.000225,
              "seconds": 1.000048041343689,
              "bytes": 2528848,
              "bits_per_second": 20229812.13264257,
              "jitter_ms": 0.0419741913810828,
              "lost_packets": 0,
              "packets": 1876,
              "lost_percent": 0,
              "omitted": false,
              "sender": false
            }
          ],
          "sum": {
            "start": 3.000177,
            "end": 4.000225,
            "seconds": 1.000048041343689,
            "bytes": 2528848,
            "bits_per_second": 20229812.13264257,
            "jitter_ms": 0.0419741913810828,
            "lost_packets": 0,
            "packets": 1876,
            "lost_percent": 0,
            "omitted": false,
            "sender": false
          }
        },
        {
          "streams": [
            {
              "socket": 10,
              "start": 4.000225,
              "end": 5.000182,
              "seconds": 0.999957025051117,
              "bytes": 2481668,
              "bits_per_second": 19854197.233111206,
              "jitter_ms": 0.2004752136814925,
              "lost_packets": 0,
              "packets": 1841,
              "lost_percent": 0,
              "omitted": false,
              "sender": false
            }
          ],
          "sum": {
            "start": 4.000225,
            "end": 5.000182,
            "seconds": 0.999957025051117,
            "bytes": 2481668,
            "bits_per_second": 19854197.233111206,
            "jitter_ms": 0.2004752136814925,
            "lost_packets": 0,
            "packets": 1841,
            "lost_percent": 0,
            "omitted": false,
            "sender": false
          }
        },
        {
          "streams": [
            {
              "socket": 10,
              "start": 5.000182,
              "end": 6.000182,
              "seconds": 1,
              "bytes": 2478972,
              "bits_per_second": 19831776,
              "jitter_ms": 0.22779991715851766,
              "lost_packets": 0,
              "packets": 1839,
              "lost_percent": 0,
              "omitted": false,
              "sender": false
            }
          ],
          "sum": {
            "start": 5.000182,
            "end": 6.000182,
            "seconds": 1,
            "bytes": 2478972,
            "bits_per_second": 19831776,
            "jitter_ms": 0.22779991715851766,
            "lost_packets": 0,
            "packets": 1839,
            "lost_percent": 0,
            "omitted": false,
            "sender": false
          }
        },
        {
          "streams": [
            {
              "socket": 10,
              "start": 6.000182,
              "end": 7.000229,
              "seconds": 1.000046968460083,
              "bytes": 2531544,
              "bits_per_second": 20251400.822888825,
              "jitter_ms": 0.0409488534259749,
              "lost_packets": 0,
              "packets": 1878,
              "lost_percent": 0,
              "omitted": false,
              "sender": false
            }
          ],
          "sum": {
            "start": 6.000182,
            "end": 7.000229,
            "seconds": 1.000046968460083,
            "bytes": 2531544,
            "bits_per_second": 20251400.822888825,
            "jitter_ms": 0.0409488534259749,
            "lost_packets": 0,
            "packets": 1878,
            "lost_percent": 0,
            "omitted": false,
            "sender": false
          }
        },
        {
          "streams": [
            {
              "socket": 10,
              "start": 7.000229,
              "end": 8.000231,
              "seconds": 1.0000020265579224,
              "bytes": 2507280,
              "bits_per_second": 20058199.3508972,
              "jitter_ms": 0.045066122790811916,
              "lost_packets": 0,
              "packets": 1860,
              "lost_percent": 0,