{
  "udp": {
    "20": {
      "start": {
        "connected": [
          {
            "socket": 10,
            "local_host": "172.17.0.2",
            "local_port": 44135,
            "remote_host": "10.100.1.102",
            "remote_port": 32201
          }
        ],
        "version": "iperf 3.12",
        "system_info": "Linux e0c37ff446b1 6.8.0-47-generic #47~22.04.1-Ubuntu SMP PREEMPT_DYNAMIC Wed Oct  2 16:16:55 UTC 2 x86_64",
        "timestamp": {
          "time": "Thu, 16 Jan 2025 04:01:40 GMT",
          "timesecs": 1737000100
        },
        "connecting_to": {
          "host": "api-int.edge.open5g.info",
          "port": 32201
        },
        "cookie": "exzrvzva4gqs7734r3svnl54gonov24hgd3x",
        "target_bitrate": 20000000,
        "sock_bufsize": 0,
        "sndbuf_actual": 212992,
        "rcvbuf_actual": 212992,
        "test_start": {
          "protocol": "UDP",
          "num_streams": 1,
          "blksize": 1398,
          "omit": 0,
          "duration": 10,
          "bytes": 0,
          "blocks": 0,
          "reverse": 1,
          "tos": 0,
          "target_bitrate": 20000000
        }
      },
      "intervals": [
        {
          "streams": [
            {
              "socket": 10,
              "start": 0,
              "end": 1.00008,
              "seconds": 1.0000799894332886,
              "bytes": 2032692,
              "bits_per_second": 16260235.352988975,
              "jitter_ms": 2.250199308140634,
              "lost_packets": 0,
              "packets": 1454,
              "lost_percent": 0,
              "omitted": false,
              "sender": false
            }
          ],
          "sum": {
            "start": 0,
            "end": 1.00008,
            "seconds": 1.0000799894332886,
            "bytes": 2032692,
            "bits_per_second": 16260235.352988975,
            "jitter_ms": 2.250199308140634,
            "lost_packets": 0,
            "packets": 1454,
            "lost_percent": 0,
            "omitted": false,
            "sender": false
          }
        },
        {
          "streams": [
            {
              "socket": 10,
              "start": 1.00008,
              "end": 2.000131,
              "seconds": 1.0000510215759277,
              "bytes": 1985160,
              "bits_per_second": 15880469.753406709,
              "jitter_ms": 3.8605706221616547,
              "lost_packets": 0,
              "packets": 1420,
              "lost_percent": 0,
              "omitted": false,
              "sender": false
            }
          ],
          "sum": {
            "start": 1.00008,
            "end": 2.000131,
            "seconds": 1.0000510215759277,
            "bytes": 1985160,
            "bits_per_second": 15880469.753406709,
            "jitter_ms": 3.8605706221616547,
            "lost_packets": 0,
            "packets": 1420,
            "lost_percent": 0,
            "omitted": false,
            "sender": false
          }
        },
        {
          "streams": [
            {
              "socket": 10,
              "start": 2.000131,
              "end": 3.000098,
              "seconds": 0.9999669790267944,
              "bytes": 1680396,
              "bits_per_second": 13443611.921149034,
              "jitter_ms": 0.7243761227201174,
              "lost_packets": 0,
              "packets": 1202,
              "lost_percent": 0,
              "omitted": false,
              "sender": false
            }
          ],
          "sum": {
            "start": 2.000131,
            "end": 3.000098,
            "seconds": 0.9999669790267944,
            "bytes": 1680396,
            "bits_per_second": 13443611.921149034,
            "jitter_ms": 0.7243761227201174,
            "lost_packets": 0,
            "packets": 1202,
            "lost_percent": 0,
            "omitted": false,
            "sender": false
          }
        },
        {
          "streams": [
            {
              "socket": 10,
              "start": 3.000098,
              "end": 4.00028,
              "seconds": 1.000182032585144,
              "bytes": 1655232,
              "bits_per_second": 13239445.989420671,
              "jitter_ms": 0.4013025781550305,
              "lost_packets": 0,
              "packets": 1184,
              "lost_percent": 0,
              "omitted": false,
              "sender": false
            }
          ],
          "sum": {
            "start": 3.000098,
            "end": 4.00028,
            "seconds": 1.000182032585144,
            "bytes": 1655232,
            "bits_per_second": 13239445.989420671,
            "jitter_ms": 0.4013025781550305,
            "lost_packets": 0,
            "packets": 1184,
            "lost_percent": 0,
            "omitted": false,
            "sender": false
          }
        },
        {
          "streams": [
            {
              "socket": 10,
              "start": 4.00028,
              "end": 5.000118,
              "seconds": 0.9998379945755005,
              "bytes": 1620282,
              "bits_per_second": 12964356.296045104,
              "jitter_ms": 0.582532569522144,
              "lost_packets": 0,
              "packets": 1159,
              "lost_percent": 0,
              "omitted": false,
              "sender": false
            }
          ],
          "sum": {
            "start": 4.00028,
            "end": 5.000118,
            "seconds": 0.9998379945755005,
            "bytes": 1620282,
            "bits_per_second": 12964356.296045104,
            "jitter_ms": 0.582532569522144,
            "lost_packets": 0,
            "packets": 1159,
            "lost_percent": 0,
            "omitted": false,
            "sender": false
          }
        },
        {
          "streams": [
            {
              "socket": 10,
              "start": 5.000118,
              "end": 6.00014,
              "seconds": 1.000022053718567,
              "bytes": 2109582,
              "bits_per_second": 16876283.815186284,
              "jitter_ms": 0.6788038537570096,
              "lost_packets": 0,
              "packets": 1509,
              "lost_percent": 0,
              "omitted": false,
              "sender": false
            }
          ],
          "sum": {
            "start": 5.000118,
            "end": 6.00014,
            "seconds": 1.000022053718567,
            "bytes": 2109582,
            "bits_per_second": 16876283.815186284,
            "jitter_ms": 0.6788038537570096,
            "lost_packets": 0,
            "packets": 1509,
            "lost_percent": 0,
            "omitted": false,
            "sender": false
          }
        },
        {
          "streams": [
            {
              "socket": 10,
              "start": 6.00014,
              "end": 7.000119,
              "seconds": 0.999979019165039,
              "bytes": 2109582,
              "bits_per_second": 16877010.09376341,
              "jitter_ms": 0.446347031988219,
              "lost_packets": 0,
              "packets": 1509,
              "lost_percent": 0,
              "omitted": false,
              "sender": false
            }
          ],
          "sum": {
            "start": 6.00014,
            "end": 7.000119,
            "seconds": 0.999979019165039,
            "bytes": 2109582,
            "bits_per_second": 16877010.09376341,
            "jitter_ms": 0.446347031988219,
            "lost_packets": 0,
            "packets": 1509,
            "lost_percent": 0,
            "omitted": false,
            "sender": false
          }
        },
        {
          "streams": [
            {
              "socket": 10,
              "start": 7.000119,
              "end": 8.000097,
              "seconds": 0.999978005886078,
              "bytes": 2071836,
              "bits_per_second": 16575052.55359413,
              "jitter_ms": 4.887294334027434,
              "lost_packets": 0,
              "packets": 1482,
              "lost_percent": 0,