{
  "udp": {
    "20": {
      "start": {
        "connected": [
          {
            "socket": 10,
            "local_host": "172.17.0.2",
            "local_port": 50561,
            "remote_host": "10.100.1.101",
            "remote_port": 32201
          }
        ],
        "version": "iperf 3.12",
        "system_info": "Linux 28bf146f5cd5 6.8.0-47-generic #47~22.04.1-Ubuntu SMP PREEMPT_DYNAMIC Wed Oct  2 16:16:55 UTC 2 x86_64",
        "timestamp": {
          "time": "Mon, 23 Dec 2024 08:01:06 GMT",
          "timesecs": 1734940866
        },
        "connecting_to": {
          "host": "api-int.edge.open5g.info",
          "port": 32201
        },
        "cookie": "t6kz2ntu4utrdc4h5d73jzdv62bwmp5ya347",
        "target_bitrate": 20000000,
        "sock_bufsize": 0,
        "sndbuf_actual": 212992,
        "rcvbuf_actual": 212992,
        "test_start": {
          "protocol": "UDP",
          "num_streams": 1,
          "blksize": 1398,
          "omit": 0,
          "duration": 10,
          "bytes": 0,
          "blocks": 0,
          "reverse": 1,
          "tos": 0,
          "target_bitrate": 20000000
        }
      },
      "intervals": [
        {
          "streams": [
            {
              "socket": 10,
              "start": 0,
              "end": 1.0002,
              "seconds": 1.0002000331878662,
              "bytes": 2422734,
              "bits_per_second": 19377995.757734124,
              "jitter_ms": 0.06387273314182305,
              "lost_packets": 0,
              "packets": 1733,
              "lost_percent": 0,
              "omitted": false,
              "sender": false
            }
          ],
          "sum": {
            "start": 0,
            "end": 1.0002,
            "seconds": 1.0002000331878662,
            "bytes": 2422734,
            "bits_per_second": 19377995.757734124,
            "jitter_ms": 0.06387273314182305,
            "lost_packets": 0,
            "packets": 1733,
            "lost_percent": 0,
            "omitted": false,
            "sender": false
          }
        },
        {
          "streams": [
            {
              "socket": 10,
              "start": 1.0002,
              "end": 2.000206,
              "seconds": 1.0000059604644775,
              "bytes": 2515002,
              "bits_per_second": 20119896.076074146,
              "jitter_ms": 0.0613390510574278,
              "lost_packets": 0,
              "packets": 1799,
              "lost_percent": 0,
              "omitted": false,
              "sender": false
            }
          ],
          "sum": {
            "start": 1.0002,
            "end": 2.000206,
            "seconds": 1.0000059604644775,
            "bytes": 2515002,
            "bits_per_second": 20119896.076074146,
            "jitter_ms": 0.0613390510574278,
            "lost_packets": 0,
            "packets": 1799,
            "lost_percent": 0,
            "omitted": false,
            "sender": false
          }
        },
        {
          "streams": [
            {
              "socket": 10,
              "start": 2.000206,
              "end": 3.000198,
              "seconds": 0.9999920129776,
              "bytes": 2503818,
              "bits_per_second": 20030703.98568142,
              "jitter_ms": 0.05483555165664791,
              "lost_packets": 0,
              "packets": 1791,
              "lost_percent": 0,
              "omitted": false,
              "sender": false
            }
          ],
          "sum": {
            "start": 2.000206,
            "end": 3.000198,
            "seconds": 0.9999920129776,
            "bytes": 2503818,
            "bits_per_second": 20030703.98568142,
            "jitter_ms": 0.05483555165664791,
            "lost_packets": 0,
            "packets": 1791,
            "lost_percent": 0,
            "omitted": false,
            "sender": false
          }
        },
        {
          "streams": [
            {
              "socket": 10,
              "start": 3.000198,
              "end": 4.000202,
              "seconds": 1.0000040531158447,
              "bytes": 2495430,
              "bits_per_second": 19963359.086192973,
              "jitter_ms": 0.060677609319299344,
              "lost_packets": 0,
              "packets": 1785,
              "lost_percent": 0,
              "omitted": false,
              "sender": false
            }
          ],
          "sum": {
            "start": 3.000198,
            "end": 4.000202,
            "seconds": 1.0000040531158447,
            "bytes": 2495430,
            "bits_per_second": 19963359.086192973,
            "jitter_ms": 0.060677609319299344,
            "lost_packets": 0,
            "packets": 1785,
            "lost_percent": 0,
            "omitted": false,
            "sender": false
          }
        },
        {
          "streams": [
            {
              "socket": 10,
              "start": 4.000202,
              "end": 5.000203,
              "seconds": 1.0000009536743164,
              "bytes": 2501022,
              "bits_per_second": 20008156.91873463,
              "jitter_ms": 0.0615263189459876,
              "lost_packets": 0,
              "packets": 1789,
              "lost_percent": 0,
              "omitted": false,
              "sender": false
            }
          ],
          "sum": {
            "start": 4.000202,
            "end": 5.000203,
            "seconds": 1.0000009536743164,
            "bytes": 2501022,
            "bits_per_second": 20008156.91873463,
            "jitter_ms": 0.0615263189459876,
            "lost_packets": 0,
            "packets": 1789,
            "lost_percent": 0,
            "omitted": false,
            "sender": false
          }
        },
        {
          "streams": [
            {
              "socket": 10,
              "start": 5.000203,
              "end": 6.000188,
              "seconds": 0.9999849796295166,
              "bytes": 2499624,
              "bits_per_second": 19997292.366740014,
              "jitter_ms": 0.06851769211442985,
              "lost_packets": 0,
              "packets": 1788,
              "lost_percent": 0,
              "omitted": false,
              "sender": false
            }
          ],
          "sum": {
            "start": 5.000203,
            "end": 6.000188,
            "seconds": 0.9999849796295166,
            "bytes": 2499624,
            "bits_per_second": 19997292.366740014,
            "jitter_ms": 0.06851769211442985,
            "lost_packets": 0,
            "packets": 1788,
            "lost_percent": 0,
            "omitted": false,
            "sender": false
          }
        },
        {
          "streams": [
            {
              "socket": 10,
              "start": 6.000188,
              "end": 7.000205,
              "seconds": 1.0000170469284058,
              "bytes": 2499624,
              "bits_per_second": 19996651.11852003,
              "jitter_ms": 0.057340392269213385,
              "lost_packets": 0,
              "packets": 1788,
              "lost_percent": 0,
              "omitted": false,
              "sender": false
            }
          ],
          "sum": {
            "start": 6.000188,
            "end": 7.000205,
            "seconds": 1.0000170469284058,
            "bytes": 2499624,
            "bits_per_second": 19996651.11852003,
            "jitter_ms": 0.057340392269213385,
            "lost_packets": 0,
            "packets": 1788,
            "lost_percent": 0,
            "omitted": false,
            "sender": false
          }
        },
        {
          "streams": [
            {
              "socket": 10,
              "start": 7.000205,
              "end": 8.000201,
              "seconds": 0.9999960064888,
              "bytes": 2501022,
              "bits_per_second": 20008255.90319404,
              "jitter_ms": 0.06018374186472716,
              "lost_packets": 0,
              "packets": 1789,