{
  "udp": {
    "20": {
      "start": {
        "connected": [
          {
            "socket": 10,
            "local_host": "172.17.0.2",
            "local_port": 45154,
            "remote_host": "172.20.25.101",
            "remote_port": 32201
          }
        ],
        "version": "iperf 3.12",
        "system_info": "Linux b43a8b49e443 6.8.0-59-generic #61~22.04.1-Ubuntu SMP PREEMPT_DYNAMIC Tue Apr 15 17:03:15 UTC 2 x86_64",
        "timestamp": {
          "time": "Tue, 27 May 2025 04:32:29 GMT",
          "timesecs": 1748320349
        },
        "connecting_to": {
          "host": "api-int.tenoran.automation.otic.open6g.net",
          "port": 32201
        },
        "cookie": "zkyrb32dxx2xu6nlv3xezan65bucrz7l3m6j",
        "target_bitrate": 20000000,
        "sock_bufsize": 0,
        "sndbuf_actual": 212992,
        "rcvbuf_actual": 212992,
        "test_start": {
          "protocol": "UDP",
          "num_streams": 1,
          "blksize": 1348,
          "omit": 0,
          "duration": 10,
          "bytes": 0,
          "blocks": 0,
          "reverse": 1,
          "tos": 0,
          "target_bitrate": 20000000
        }
      },
      "intervals": [
        {
          "streams": [
            {
              "socket": 10,
              "start": 0,
              "end": 1.000106,
              "seconds": 1.0001059770584106,
              "bytes": 2447968,
              "bits_per_second": 19581668.792342614,
              "jitter_ms": 0.18951225209527742,
              "lost_packets": 1,
              "packets": 1817,
              "lost_percent": 0.0550357732526142,
              "omitted": false,
              "sender": false
            }
          ],
          "sum": {
            "start": 0,
            "end": 1.000106,
            "seconds": 1.0001059770584106,
            "bytes": 2447968,
            "bits_per_second": 19581668.792342614,
            "jitter_ms": 0.18951225209527742,
            "lost_packets": 1,
            "packets": 1817,
            "lost_percent": 0.0550357732526142,
            "omitted": false,
            "sender": false
          }
        },
        {
          "streams": [
            {
              "socket": 10,
              "start": 1.000106,
              "end": 2.000132,
              "seconds": 1.000025987625122,
              "bytes": 2547720,
              "bits_per_second": 20381230.340226393,
              "jitter_ms": 0.10027354573343557,
              "lost_packets": 0,
              "packets": 1890,
              "lost_percent": 0,
              "omitted": false,
              "sender": false
            }
          ],
          "sum": {
            "start": 1.000106,
            "end": 2.000132,
            "seconds": 1.000025987625122,
            "bytes": 2547720,
            "bits_per_second": 20381230.340226393,
            "jitter_ms": 0.10027354573343557,
            "lost_packets": 0,
            "packets": 1890,
            "lost_percent": 0,
            "omitted": false,
            "sender": false
          }
        },
        {
          "streams": [
            {
              "socket": 10,
              "start": 2.000132,
              "end": 3.000132,
              "seconds": 1,
              "bytes": 2449316,
              "bits_per_second": 19594528,
              "jitter_ms": 0.0682340564451513,
              "lost_packets": 0,
              "packets": 1817,
              "lost_percent": 0,
              "omitted": false,
              "sender": false
            }
          ],
          "sum": {
            "start": 2.000132,
            "end": 3.000132,
            "seconds": 1,
            "bytes": 2449316,
            "bits_per_second": 19594528,
            "jitter_ms": 0.0682340564451513,
            "lost_packets": 0,
            "packets": 1817,
            "lost_percent": 0,
            "omitted": false,
            "sender": false
          }
        },
        {
          "streams": [
            {
              "socket": 10,
              "start": 3.000132,
              "end": 4.000133,
              "seconds": 1.0000009536743164,
              "bytes": 2555808,
              "bits_per_second": 20446444.50075102,
              "jitter_ms": 0.10735669908802577,
              "lost_packets": 0,
              "packets": 1896,
              "lost_percent": 0,
              "omitted": false,
              "sender": false
            }
          ],
          "sum": {
            "start": 3.000132,
            "end": 4.000133,
            "seconds": 1.0000009536743164,
            "bytes": 2555808,
            "bits_per_second": 20446444.50075102,
            "jitter_ms": 0.10735669908802577,
            "lost_packets": 0,
            "packets": 1896,
            "lost_percent": 0,
            "omitted": false,
            "sender": false
          }
        },
        {
          "streams": [
            {
              "socket": 10,
              "start": 4.000133,
              "end": 5.000108,
              "seconds": 0.999975025653839,
              "bytes": 2443924,
              "bits_per_second": 19551880.2954266,
              "jitter_ms": 0.6293901734955243,
              "lost_packets": 0,
              "packets": 1813,
              "lost_percent": 0,
              "omitted": false,
              "sender": false
            }
          ],
          "sum": {
            "start": 4.000133,
            "end": 5.000108,
            "seconds": 0.999975025653839,
            "bytes": 2443924,
            "bits_per_second": 19551880.2954266,
            "jitter_ms": 0.6293901734955243,
            "lost_packets": 0,
            "packets": 1813,
            "lost_percent": 0,
            "omitted": false,
            "sender": false
          }
        },
        {
          "streams": [
            {
              "socket": 10,
              "start": 5.000108,
              "end": 6.000132,
              "seconds": 1.0000239610672,
              "bytes": 2557156,
              "bits_per_second": 20456757.834250845,
              "jitter_ms": 0.1011459412774571,
              "lost_packets": 0,
              "packets": 1897,
              "lost_percent": 0,
              "omitted": false,
              "sender": false
            }
          ],
          "sum": {
            "start": 5.000108,
            "end": 6.000132,
            "seconds": 1.0000239610672,
            "bytes": 2557156,
            "bits_per_second": 20456757.834250845,
            "jitter_ms": 0.1011459412774571,
            "lost_packets": 0,
            "packets": 1897,
            "lost_percent": 0,
            "omitted": false,
            "sender": false
          }
        },
        {
          "streams": [
            {
              "socket": 10,
              "start": 6.000132,
              "end": 7.000131,
              "seconds": 0.9999989867210388,
              "bytes": 2499192,
              "bits_per_second": 19993556.259049915,
              "jitter_ms": 0.01265396100371786,
              "lost_packets": 0,
              "packets": 1854,
              "lost_percent": 0,
              "omitted": false,
              "sender": false
            }
          ],
          "sum": {
            "start": 6.000132,
            "end": 7.000131,
            "seconds": 0.9999989867210388,
            "bytes": 2499192,
            "bits_per_second": 19993556.259049915,
            "jitter_ms": 0.01265396100371786,
            "lost_packets": 0,
            "packets": 1854,
            "lost_percent": 0,
            "omitted": false,
            "sender": false
          }
        },
        {
          "streams": [
            {
              "socket": 10,
              "start": 7.000131,
              "end": 8.000132,
              "seconds": 1.0000009536743164,
              "bytes": 2500540,
              "bits_per_second": 20004300.922411993,
              "jitter_ms": 0.2452873176424987,
              "lost_packets": 0,
              "packets": 1855,