{
  "udp": {
    "20": {
      "start": {
        "connected": [
          {
            "socket": 5,
            "local_host": "172.17.0.2",
            "local_port": 36380,
            "remote_host": "172.20.25.101",
            "remote_port": 32201
          }
        ],
        "version": "iperf 3.12",
        "system_info": "Linux 640d60bb243b 6.8.0-87-generic #88~22.04.1-Ubuntu SMP PREEMPT_DYNAMIC Tue Oct 14 14:03:14 UTC 2 x86_64",
        "timestamp": {
          "time": "Tue, 11 Nov 2025 07:01:55 GMT",
          "timesecs": 1762844515
        },
        "connecting_to": {
          "host": "api-int.tenoran.automation.otic.open6g.net",
          "port": 32201
        },
        "cookie": "5gr4slqoqcy6mdbfbnfi7m4fjgb2ingtgsz7",
        "target_bitrate": 20000000,
        "sock_bufsize": 0,
        "sndbuf_actual": 212992,
        "rcvbuf_actual": 212992,
        "test_start": {
          "protocol": "UDP",
          "num_streams": 1,
          "blksize": 1348,
          "omit": 0,
          "duration": 10,
          "bytes": 0,
          "blocks": 0,
          "reverse": 1,
          "tos": 0,
          "target_bitrate": 20000000
        }
      },
      "intervals": [
        {
          "streams": [
            {
              "socket": 5,
              "start": 0,
              "end": 1.0001,
              "seconds": 1.000100016593933,
              "bytes": 2476276,
              "bits_per_second": 19808226.848618746,
              "jitter_ms": 1.0226011449988162,
              "lost_packets": 0,
              "packets": 1837,
              "lost_percent": 0,
              "omitted": false,
              "sender": false
            }
          ],
          "sum": {
            "start": 0,
            "end": 1.0001,
            "seconds": 1.000100016593933,
            "bytes": 2476276,
            "bits_per_second": 19808226.848618746,
            "jitter_ms": 1.0226011449988162,
            "lost_packets": 0,
            "packets": 1837,
            "lost_percent": 0,
            "omitted": false,
            "sender": false
          }
        },
        {
          "streams": [
            {
              "socket": 5,
              "start": 1.0001,
              "end": 2.000122,
              "seconds": 1.000022053718567,
              "bytes": 2512672,
              "bits_per_second": 20100932.69968731,
              "jitter_ms": 0.8006244139763045,
              "lost_packets": 0,
              "packets": 1864,
              "lost_percent": 0,
              "omitted": false,
              "sender": false
            }
          ],
          "sum": {
            "start": 1.0001,
            "end": 2.000122,
            "seconds": 1.000022053718567,
            "bytes": 2512672,
            "bits_per_second": 20100932.69968731,
            "jitter_ms": 0.8006244139763045,
            "lost_packets": 0,
            "packets": 1864,
            "lost_percent": 0,
            "omitted": false,
            "sender": false
          }
        },
        {
          "streams": [
            {
              "socket": 5,
              "start": 2.000122,
              "end": 3.000098,
              "seconds": 0.9999759793281555,
              "bytes": 2499192,
              "bits_per_second": 19994016.269703668,
              "jitter_ms": 0.827074620818517,
              "lost_packets": 0,
              "packets": 1854,
              "lost_percent": 0,
              "omitted": false,
              "sender": false
            }
          ],
          "sum": {
            "start": 2.000122,
            "end": 3.000098,
            "seconds": 0.9999759793281555,
            "bytes": 2499192,
            "bits_per_second": 19994016.269703668,
            "jitter_ms": 0.827074620818517,
            "lost_packets": 0,
            "packets": 1854,
            "lost_percent": 0,
            "omitted": false,
            "sender": false
          }
        },
        {
          "streams": [
            {
              "socket": 5,
              "start": 3.000098,
              "end": 4.000118,
              "seconds": 1.0000200271606445,
              "bytes": 2500540,
              "bits_per_second": 20003919.37829309,
              "jitter_ms": 0.768534342524659,
              "lost_packets": 0,
              "packets": 1855,
              "lost_percent": 0,
              "omitted": false,
              "sender": false
            }
          ],
          "sum": {
            "start": 3.000098,
            "end": 4.000118,
            "seconds": 1.0000200271606445,
            "bytes": 2500540,
            "bits_per_second": 20003919.37829309,
            "jitter_ms": 0.768534342524659,
            "lost_packets": 0,
            "packets": 1855,
            "lost_percent": 0,
            "omitted": false,
            "sender": false
          }
        },
        {
          "streams": [
            {
              "socket": 5,
              "start": 4.000118,
              "end": 5.000078,
              "seconds": 0.9999600052833557,
              "bytes": 2499192,
              "bits_per_second": 19994335.667789523,
              "jitter_ms": 0.837892994933329,
              "lost_packets": 0,
              "packets": 1854,
              "lost_percent": 0,
              "omitted": false,
              "sender": false
            }
          ],
          "sum": {
            "start": 4.000118,
            "end": 5.000078,
            "seconds": 0.9999600052833557,
            "bytes": 2499192,
            "bits_per_second": 19994335.667789523,
            "jitter_ms": 0.837892994933329,
            "lost_packets": 0,
            "packets": 1854,
            "lost_percent": 0,
            "omitted": false,
            "sender": false
          }
        },
        {
          "streams": [
            {
              "socket": 5,
              "start": 5.000078,
              "end": 6.0001,
              "seconds": 1.000022053718567,
              "bytes": 2480320,
              "bits_per_second": 19842122.407416657,
              "jitter_ms": 0.9987102891153136,
              "lost_packets": 0,
              "packets": 1840,
              "lost_percent": 0,
              "omitted": false,
              "sender": false
            }
          ],
          "sum": {
            "start": 5.000078,
            "end": 6.0001,
            "seconds": 1.000022053718567,
            "bytes": 2480320,
            "bits_per_second": 19842122.407416657,
            "jitter_ms": 0.9987102891153136,
            "lost_packets": 0,
            "packets": 1840,
            "lost_percent": 0,
            "omitted": false,
            "sender": false
          }
        },
        {
          "streams": [
            {
              "socket": 5,
              "start": 6.0001,
              "end": 7.000095,
              "seconds": 0.999994993209839,
              "bytes": 2520760,
              "bits_per_second": 20166180.96783646,
              "jitter_ms": 0.8024452187851873,
              "lost_packets": 0,
              "packets": 1870,
              "lost_percent": 0,
              "omitted": false,
              "sender": false
            }
          ],
          "sum": {
            "start": 6.0001,
            "end": 7.000095,
            "seconds": 0.999994993209839,
            "bytes": 2520760,
            "bits_per_second": 20166180.96783646,
            "jitter_ms": 0.8024452187851873,
            "lost_packets": 0,
            "packets": 1870,
            "lost_percent": 0,
            "omitted": false,
            "sender": false
          }
        },
        {
          "streams": [
            {
              "socket": 5,
              "start": 7.000095,
              "end": 8.000098,
              "seconds": 1.0000029802322388,
              "bytes": 2481668,
              "bits_per_second": 19853284.8326005,
              "jitter_ms": 0.911011040680483,
              "lost_packets": 0,
              "packets": 1841,
              "lost_percent": 0,