{
  "udp": {
    "30": {
      "start": {
        "connected": [
          {
            "socket": 10,
            "local_host": "172.17.0.2",
            "local_port": 40953,
            "remote_host": "172.20.25.101",
            "remote_port": 32201
          }
        ],
        "version": "iperf 3.12",
        "system_info": "Linux b7ff320df9bd 6.8.0-52-generic #53~22.04.1-Ubuntu SMP PREEMPT_DYNAMIC Wed Jan 15 19:18:46 UTC 2 x86_64",
        "timestamp": {
          "time": "Sun, 13 Apr 2025 05:02:28 GMT",
          "timesecs": 1744520548
        },
        "connecting_to": {
          "host": "api-int.tenoran.automation.otic.open6g.net",
          "port": 32201
        },
        "cookie": "sz2eccx4r5t5pvl2gkqugu4dsc2jaxqtj5jt",
        "target_bitrate": 30000000,
        "sock_bufsize": 0,
        "sndbuf_actual": 212992,
        "rcvbuf_actual": 212992,
        "test_start": {
          "protocol": "UDP",
          "num_streams": 1,
          "blksize": 1348,
          "omit": 0,
          "duration": 10,
          "bytes": 0,
          "blocks": 0,
          "reverse": 1,
          "tos": 0,
          "target_bitrate": 30000000
        }
      },
      "intervals": [
        {
          "streams": [
            {
              "socket": 10,
              "start": 0,
              "end": 1.000203,
              "seconds": 1.000203013420105,
              "bytes": 3707000,
              "bits_per_second": 29649980.656020973,
              "jitter_ms": 0.21238997005280127,
              "lost_packets": 0,
              "packets": 2750,
              "lost_percent": 0,
              "omitted": false,
              "sender": false
            }
          ],
          "sum": {
            "start": 0,
            "end": 1.000203,
            "seconds": 1.000203013420105,
            "bytes": 3707000,
            "bits_per_second": 29649980.656020973,
            "jitter_ms": 0.21238997005280127,
            "lost_packets": 0,
            "packets": 2750,
            "lost_percent": 0,
            "omitted": false,
            "sender": false
          }
        },
        {
          "streams": [
            {
              "socket": 10,
              "start": 1.000203,
              "end": 2.000201,
              "seconds": 0.9999979734420776,
              "bytes": 3798664,
              "bits_per_second": 30389373.5858258,
              "jitter_ms": 0.10530508223497337,
              "lost_packets": 0,
              "packets": 2818,
              "lost_percent": 0,
              "omitted": false,
              "sender": false
            }
          ],
          "sum": {
            "start": 1.000203,
            "end": 2.000201,
            "seconds": 0.9999979734420776,
            "bytes": 3798664,
            "bits_per_second": 30389373.5858258,
            "jitter_ms": 0.10530508223497337,
            "lost_packets": 0,
            "packets": 2818,
            "lost_percent": 0,
            "omitted": false,
            "sender": false
          }
        },
        {
          "streams": [
            {
              "socket": 10,
              "start": 2.000201,
              "end": 3.000281,
              "seconds": 1.0000799894332886,
              "bytes": 3750136,
              "bits_per_second": 29998688.42191373,
              "jitter_ms": 0.02446294949362079,
              "lost_packets": 0,
              "packets": 2782,
              "lost_percent": 0,
              "omitted": false,
              "sender": false
            }
          ],
          "sum": {
            "start": 2.000201,
            "end": 3.000281,
            "seconds": 1.0000799894332886,
            "bytes": 3750136,
            "bits_per_second": 29998688.42191373,
            "jitter_ms": 0.02446294949362079,
            "lost_packets": 0,
            "packets": 2782,
            "lost_percent": 0,
            "omitted": false,
            "sender": false
          }
        },
        {
          "streams": [
            {
              "socket": 10,
              "start": 3.000281,
              "end": 4.000288,
              "seconds": 1.0000070333480835,
              "bytes": 3419876,
              "bits_per_second": 27358815.5759269,
              "jitter_ms": 0.6561122892288284,
              "lost_packets": 0,
              "packets": 2537,
              "lost_percent": 0,
              "omitted": false,
              "sender": false
            }
          ],
          "sum": {
            "start": 3.000281,
            "end": 4.000288,
            "seconds": 1.0000070333480835,
            "bytes": 3419876,
            "bits_per_second": 27358815.5759269,
            "jitter_ms": 0.6561122892288284,
            "lost_packets": 0,
            "packets": 2537,
            "lost_percent": 0,
            "omitted": false,
            "sender": false
          }
        },
        {
          "streams": [
            {
              "socket": 10,
              "start": 4.000288,
              "end": 5.000161,
              "seconds": 0.9998729825019836,
              "bytes": 4080396,
              "bits_per_second": 32647314.78024034,
              "jitter_ms": 0.04508806727961503,
              "lost_packets": 0,
              "packets": 3027,
              "lost_percent": 0,
              "omitted": false,
              "sender": false
            }
          ],
          "sum": {
            "start": 4.000288,
            "end": 5.000161,
            "seconds": 0.9998729825019836,
            "bytes": 4080396,
            "bits_per_second": 32647314.78024034,
            "jitter_ms": 0.04508806727961503,
            "lost_packets": 0,
            "packets": 3027,
            "lost_percent": 0,
            "omitted": false,
            "sender": false
          }
        },
        {
          "streams": [
            {
              "socket": 10,
              "start": 5.000161,
              "end": 6.000283,
              "seconds": 1.0001219511032104,
              "bytes": 3750136,
              "bits_per_second": 29997429.78034481,
              "jitter_ms": 0.0564145407367495,
              "lost_packets": 0,
              "packets": 2782,
              "lost_percent": 0,
              "omitted": false,
              "sender": false
            }
          ],
          "sum": {
            "start": 5.000161,
            "end": 6.000283,
            "seconds": 1.0001219511032104,
            "bytes": 3750136,
            "bits_per_second": 29997429.78034481,
            "jitter_ms": 0.0564145407367495,
            "lost_packets": 0,
            "packets": 2782,
            "lost_percent": 0,
            "omitted": false,
            "sender": false
          }
        },
        {
          "streams": [
            {
              "socket": 10,
              "start": 6.000283,
              "end": 7.000279,
              "seconds": 0.9999960064888,
              "bytes": 3750136,
              "bits_per_second": 30001207.8101594,
              "jitter_ms": 0.042637857056915134,
              "lost_packets": 0,
              "packets": 2782,
              "lost_percent": 0,
              "omitted": false,
              "sender": false
            }
          ],
          "sum": {
            "start": 6.000283,
            "end": 7.000279,
            "seconds": 0.9999960064888,
            "bytes": 3750136,
            "bits_per_second": 30001207.8101594,
            "jitter_ms": 0.042637857056915134,
            "lost_packets": 0,
            "packets": 2782,
            "lost_percent": 0,
            "omitted": false,
            "sender": false
          }
        },
        {
          "streams": [
            {
              "socket": 10,
              "start": 7.000279,
              "end": 8.00028,
              "seconds": 1.0000009536743164,
              "bytes": 3712392,
              "bits_per_second": 29699107.67672379,
              "jitter_ms": 0.055340640750447236,
              "lost_packets": 28,