{
  "udp": {
    "25": {
      "start": {
        "connected": [
          {
            "socket": 10,
            "local_host": "172.17.0.2",
            "local_port": 43620,
            "remote_host": "10.100.1.101",
            "remote_port": 32201
          }
        ],
        "version": "iperf 3.12",
        "system_info": "Linux 8cc477c57feb 6.8.0-40-generic #40~22.04.3-Ubuntu SMP PREEMPT_DYNAMIC Tue Jul 30 17:30:19 UTC 2 x86_64",
        "timestamp": {
          "time": "Fri, 20 Sep 2024 21:43:00 GMT",
          "timesecs": 1726868580
        },
        "connecting_to": {
          "host": "api-int.edge.open5g.info",
          "port": 32201
        },
        "cookie": "ae6v4w3lfwybubsxpnv6awipha62iejthbja",
        "target_bitrate": 25000000,
        "sock_bufsize": 0,
        "sndbuf_actual": 212992,
        "rcvbuf_actual": 212992,
        "test_start": {
          "protocol": "UDP",
          "num_streams": 1,
          "blksize": 1398,
          "omit": 0,
          "duration": 5,
          "bytes": 0,
          "blocks": 0,
          "reverse": 1,
          "tos": 0,
          "target_bitrate": 25000000
        }
      },
      "intervals": [
        {
          "streams": [
            {
              "socket": 10,
              "start": 0,
              "end": 1.000259,
              "seconds": 1.0002590417861938,
              "bytes": 3128724,
              "bits_per_second": 25023309.91710259,
              "jitter_ms": 0.250199290317964,
              "lost_packets": 0,
              "packets": 2238,
              "lost_percent": 0,
              "omitted": false,
              "sender": false
            }
          ],
          "sum": {
            "start": 0,
            "end": 1.000259,
            "seconds": 1.0002590417861938,
            "bytes": 3128724,
            "bits_per_second": 25023309.91710259,
            "jitter_ms": 0.250199290317964,
            "lost_packets": 0,
            "packets": 2238,
            "lost_percent": 0,
            "omitted": false,
            "sender": false
          }
        },
        {
          "streams": [
            {
              "socket": 10,
              "start": 1.000259,
              "end": 2.000273,
              "seconds": 1.0000139474868774,
              "bytes": 3125928,
              "bits_per_second": 25007075.214146607,
              "jitter_ms": 0.03750035369679212,
              "lost_packets": 0,
              "packets": 2236,
              "lost_percent": 0,
              "omitted": false,
              "sender": false
            }
          ],
          "sum": {
            "start": 1.000259,
            "end": 2.000273,
            "seconds": 1.0000139474868774,
            "bytes": 3125928,
            "bits_per_second": 25007075.214146607,
            "jitter_ms": 0.03750035369679212,
            "lost_packets": 0,
            "packets": 2236,
            "lost_percent": 0,
            "omitted": false,
            "sender": false
          }
        },
        {
          "streams": [
            {
              "socket": 10,
              "start": 2.000273,
              "end": 3.000283,
              "seconds": 1.0000100135803223,
              "bytes": 3132918,
              "bits_per_second": 25063093.028704833,
              "jitter_ms": 0.006035029783542244,
              "lost_packets": 8,
              "packets": 2249,
              "lost_percent": 0.35571365051133835,
              "omitted": false,
              "sender": false
            }
          ],
          "sum": {
            "start": 2.000273,
            "end": 3.000283,
            "seconds": 1.0000100135803223,
            "bytes": 3132918,
            "bits_per_second": 25063093.028704833,
            "jitter_ms": 0.006035029783542244,
            "lost_packets": 8,
            "packets": 2249,
            "lost_percent": 0.35571365051133835,
            "omitted": false,
            "sender": false
          }
        },
        {
          "streams": [
            {
              "socket": 10,
              "start": 3.000283,
              "end": 4.000243,
              "seconds": 0.9999600052833557,
              "bytes": 3106356,
              "bits_per_second": 24851841.942376573,
              "jitter_ms": 0.0527139764531817,
              "lost_packets": 0,
              "packets": 2222,
              "lost_percent": 0,
              "omitted": false,
              "sender": false
            }
          ],
          "sum": {
            "start": 3.000283,
            "end": 4.000243,
            "seconds": 0.9999600052833557,
            "bytes": 3106356,
            "bits_per_second": 24851841.942376573,
            "jitter_ms": 0.0527139764531817,
            "lost_packets": 0,
            "packets": 2222,
            "lost_percent": 0,
            "omitted": false,
            "sender": false
          }
        },
        {
          "streams": [
            {
              "socket": 10,
              "start": 4.000243,
              "end": 5.000311,
              "seconds": 1.000067949295044,
              "bytes": 3124530,
              "bits_per_second": 24994541.638515715,
              "jitter_ms": 0.020962320331285325,
              "lost_packets": 0,
              "packets": 2235,
              "lost_percent": 0,
              "omitted": false,
              "sender": false
            }
          ],
          "sum": {
            "start": 4.000243,
            "end": 5.000311,
            "seconds": 1.000067949295044,
            "bytes": 3124530,
            "bits_per_second": 24994541.638515715,
            "jitter_ms": 0.020962320331285325,
            "lost_packets": 0,
            "packets": 2235,
            "lost_percent": 0,
            "omitted": false,
            "sender": false
          }
        }
      ],
      "end": {
        "streams": [
          {
            "udp": {
              "socket": 10,
              "start": 0,
              "end": 5.000311,
              "seconds": 5.000311,
              "bytes": 15629640,
              "bits_per_second": 25005868.6349709,
              "jitter_ms": 0.020962320331285325,
              "lost_packets": 8,
              "packets": 11180,
              "lost_percent": 0.07155635062611806,
              "out_of_order": 0,
              "sender": false
            }
          }
        ],
        "sum": {
          "start": 0,
          "end": 5.000311,
          "seconds": 5.000311,
          "bytes": 15629640,
          "bits_per_second": 25005868.6349709,
          "jitter_ms": 0.020962320331285325,
          "lost_packets": 8,
          "packets": 11180,
          "lost_percent": 0.07155635062611806,
          "sender": false
        },
        "sum_sent": {
          "start": 0,
          "end": 5.000311,
          "seconds": 5.000311,
          "bytes": 15629640,
          "bits_per_second": 25005868.6349709,
          "jitter_ms": 0,
          "lost_packets": 0,
          "packets": 11180,
          "lost_percent": 0,
          "sender": true
        },
        "sum_received": {
          "start": 0,
          "end": 5.000311,
          "seconds": 5.000311,
          "bytes": 15618456,
          "bits_per_second": 24987975.34793336,
          "jitter_ms": 0.020962320331285325,
          "lost_packets": 8,
          "packets": 11180,
          "lost_percent": 0.07155635062611806,
          "sender": false
        },
        "cpu_utilization_percent": {
          "host_total": 3.5925241351659523,
          "host_user": 1.2039091740601668,
          "host_system": 2.38871303764825,
          "remote_total": 0.001214,
          "remote_user": 5.6e-05,
          "remote_system": 0.001158
        }
      }
    }
  }
}