{
  "udp": {
    "10": {
      "start": {
        "connected": [
          {
            "socket": 5,
            "local_host": "172.17.0.2",
            "local_port": 34792,
            "remote_host": "172.20.25.101",
            "remote_port": 32201
          }
        ],
        "version": "iperf 3.12",
        "system_info": "Linux d51a86b5953d 6.8.0-87-generic #88~22.04.1-Ubuntu SMP PREEMPT_DYNAMIC Tue Oct 14 14:03:14 UTC 2 x86_64",
        "timestamp": {
          "time": "Sat, 29 Nov 2025 05:31:52 GMT",
          "timesecs": 1764394312
        },
        "connecting_to": {
          "host": "api-int.tenoran.automation.otic.open6g.net",
          "port": 32201
        },
        "cookie": "fpxsjglyegkeriwb5vgi6xmhuqvdz3my6e2t",
        "target_bitrate": 10000000,
        "sock_bufsize": 0,
        "sndbuf_actual": 212992,
        "rcvbuf_actual": 212992,
        "test_start": {
          "protocol": "UDP",
          "num_streams": 1,
          "blksize": 1348,
          "omit": 0,
          "duration": 10,
          "bytes": 0,
          "blocks": 0,
          "reverse": 1,
          "tos": 0,
          "target_bitrate": 10000000
        }
      },
      "intervals": [
        {
          "streams": [
            {
              "socket": 5,
              "start": 0,
              "end": 1.000204,
              "seconds": 1.0002039670944214,
              "bytes": 1256336,
              "bits_per_second": 10048638.408420943,
              "jitter_ms": 1.6723563043366143,
              "lost_packets": 0,
              "packets": 932,
              "lost_percent": 0,
              "omitted": false,
              "sender": false
            }
          ],
          "sum": {
            "start": 0,
            "end": 1.000204,
            "seconds": 1.0002039670944214,
            "bytes": 1256336,
            "bits_per_second": 10048638.408420943,
            "jitter_ms": 1.6723563043366143,
            "lost_packets": 0,
            "packets": 932,
            "lost_percent": 0,
            "omitted": false,
            "sender": false
          }
        },
        {
          "streams": [
            {
              "socket": 5,
              "start": 1.000204,
              "end": 2.000221,
              "seconds": 1.0000170469284058,
              "bytes": 1250944,
              "bits_per_second": 10007381.40488566,
              "jitter_ms": 1.6596273692008,
              "lost_packets": 0,
              "packets": 928,
              "lost_percent": 0,
              "omitted": false,
              "sender": false
            }
          ],
          "sum": {
            "start": 1.000204,
            "end": 2.000221,
            "seconds": 1.0000170469284058,
            "bytes": 1250944,
            "bits_per_second": 10007381.40488566,
            "jitter_ms": 1.6596273692008,
            "lost_packets": 0,
            "packets": 928,
            "lost_percent": 0,
            "omitted": false,
            "sender": false
          }
        },
        {
          "streams": [
            {
              "socket": 5,
              "start": 2.000221,
              "end": 3.000218,
              "seconds": 0.9999970197677612,
              "bytes": 1249596,
              "bits_per_second": 9996797.792779066,
              "jitter_ms": 1.5894651293935111,
              "lost_packets": 0,
              "packets": 927,
              "lost_percent": 0,
              "omitted": false,
              "sender": false
            }
          ],
          "sum": {
            "start": 2.000221,
            "end": 3.000218,
            "seconds": 0.9999970197677612,
            "bytes": 1249596,
            "bits_per_second": 9996797.792779066,
            "jitter_ms": 1.5894651293935111,
            "lost_packets": 0,
            "packets": 927,
            "lost_percent": 0,
            "omitted": false,
            "sender": false
          }
        },
        {
          "streams": [
            {
              "socket": 5,
              "start": 3.000218,
              "end": 4.000219,
              "seconds": 1.0000009536743164,
              "bytes": 1249596,
              "bits_per_second": 9996758.466348203,
              "jitter_ms": 1.6734558529759949,
              "lost_packets": 0,
              "packets": 927,
              "lost_percent": 0,
              "omitted": false,
              "sender": false
            }
          ],
          "sum": {
            "start": 3.000218,
            "end": 4.000219,
            "seconds": 1.0000009536743164,
            "bytes": 1249596,
            "bits_per_second": 9996758.466348203,
            "jitter_ms": 1.6734558529759949,
            "lost_packets": 0,
            "packets": 927,
            "lost_percent": 0,
            "omitted": false,
            "sender": false
          }
        },
        {
          "streams": [
            {
              "socket": 5,
              "start": 4.000219,
              "end": 5.00022,
              "seconds": 1.0000009536743164,
              "bytes": 1242856,
              "bits_per_second": 9942838.517770274,
              "jitter_ms": 1.5423349754199753,
              "lost_packets": 0,
              "packets": 922,
              "lost_percent": 0,
              "omitted": false,
              "sender": false
            }
          ],
          "sum": {
            "start": 4.000219,
            "end": 5.00022,
            "seconds": 1.0000009536743164,
            "bytes": 1242856,
            "bits_per_second": 9942838.517770274,
            "jitter_ms": 1.5423349754199753,
            "lost_packets": 0,
            "packets": 922,
            "lost_percent": 0,
            "omitted": false,
            "sender": false
          }
        },
        {
          "streams": [
            {
              "socket": 5,
              "start": 5.00022,
              "end": 6.000221,
              "seconds": 1.0000009536743164,
              "bytes": 1257684,
              "bits_per_second": 10061462.40464172,
              "jitter_ms": 1.6622726766926412,
              "lost_packets": 0,
              "packets": 933,
              "lost_percent": 0,
              "omitted": false,
              "sender": false
            }
          ],
          "sum": {
            "start": 5.00022,
            "end": 6.000221,
            "seconds": 1.0000009536743164,
            "bytes": 1257684,
            "bits_per_second": 10061462.40464172,
            "jitter_ms": 1.6622726766926412,
            "lost_packets": 0,
            "packets": 933,
            "lost_percent": 0,
            "omitted": false,
            "sender": false
          }
        },
        {
          "streams": [
            {
              "socket": 5,
              "start": 6.000221,
              "end": 7.00023,
              "seconds": 1.0000089406967163,
              "bytes": 1249596,
              "bits_per_second": 9996678.622728264,
              "jitter_ms": 1.6101306525025818,
              "lost_packets": 0,
              "packets": 927,
              "lost_percent": 0,
              "omitted": false,
              "sender": false
            }
          ],
          "sum": {
            "start": 6.000221,
            "end": 7.00023,
            "seconds": 1.0000089406967163,
            "bytes": 1249596,
            "bits_per_second": 9996678.622728264,
            "jitter_ms": 1.6101306525025818,
            "lost_packets": 0,
            "packets": 927,
            "lost_percent": 0,
            "omitted": false,
            "sender": false
          }
        },
        {
          "streams": [
            {
              "socket": 5,
              "start": 7.00023,
              "end": 8.000218,
              "seconds": 0.9999880194664,
              "bytes": 1250944,
              "bits_per_second": 10007671.897249421,
              "jitter_ms": 1.6277769070179358,
              "lost_packets": 0,
              "packets": 928,
              "lost_percent": 0,