{
  "udp": {
    "20": {
      "start": {
        "connected": [
          {
            "socket": 5,
            "local_host": "172.17.0.2",
            "local_port": 49178,
            "remote_host": "172.20.25.101",
            "remote_port": 32201
          }
        ],
        "version": "iperf 3.12",
        "system_info": "Linux ec24f4102f0d 6.8.0-86-generic #87~22.04.1-Ubuntu SMP PREEMPT_DYNAMIC Mon Sep 29 09:48:07 UTC 2 x86_64",
        "timestamp": {
          "time": "Thu, 06 Nov 2025 06:02:04 GMT",
          "timesecs": 1762408924
        },
        "connecting_to": {
          "host": "api-int.tenoran.automation.otic.open6g.net",
          "port": 32201
        },
        "cookie": "sv3i6qt2wxx4soon2bhkg73wp3tp2edtvsbx",
        "target_bitrate": 20000000,
        "sock_bufsize": 0,
        "sndbuf_actual": 212992,
        "rcvbuf_actual": 212992,
        "test_start": {
          "protocol": "UDP",
          "num_streams": 1,
          "blksize": 1348,
          "omit": 0,
          "duration": 10,
          "bytes": 0,
          "blocks": 0,
          "reverse": 1,
          "tos": 0,
          "target_bitrate": 20000000
        }
      },
      "intervals": [
        {
          "streams": [
            {
              "socket": 5,
              "start": 0,
              "end": 1.000217,
              "seconds": 1.0002169609069824,
              "bytes": 2488408,
              "bits_per_second": 19902945.838819187,
              "jitter_ms": 0.7952751579678342,
              "lost_packets": 0,
              "packets": 1846,
              "lost_percent": 0,
              "omitted": false,
              "sender": false
            }
          ],
          "sum": {
            "start": 0,
            "end": 1.000217,
            "seconds": 1.0002169609069824,
            "bytes": 2488408,
            "bits_per_second": 19902945.838819187,
            "jitter_ms": 0.7952751579678342,
            "lost_packets": 0,
            "packets": 1846,
            "lost_percent": 0,
            "omitted": false,
            "sender": false
          }
        },
        {
          "streams": [
            {
              "socket": 5,
              "start": 1.000217,
              "end": 2.000208,
              "seconds": 0.999990999698639,
              "bytes": 2499192,
              "bits_per_second": 19993715.949468873,
              "jitter_ms": 0.6876706531382122,
              "lost_packets": 0,
              "packets": 1854,
              "lost_percent": 0,
              "omitted": false,
              "sender": false
            }
          ],
          "sum": {
            "start": 1.000217,
            "end": 2.000208,
            "seconds": 0.999990999698639,
            "bytes": 2499192,
            "bits_per_second": 19993715.949468873,
            "jitter_ms": 0.6876706531382122,
            "lost_packets": 0,
            "packets": 1854,
            "lost_percent": 0,
            "omitted": false,
            "sender": false
          }
        },
        {
          "streams": [
            {
              "socket": 5,
              "start": 2.000208,
              "end": 3.000156,
              "seconds": 0.999948024749756,
              "bytes": 2500540,
              "bits_per_second": 20005359.783580977,
              "jitter_ms": 0.8189788035696615,
              "lost_packets": 0,
              "packets": 1855,
              "lost_percent": 0,
              "omitted": false,
              "sender": false
            }
          ],
          "sum": {
            "start": 2.000208,
            "end": 3.000156,
            "seconds": 0.999948024749756,
            "bytes": 2500540,
            "bits_per_second": 20005359.783580977,
            "jitter_ms": 0.8189788035696615,
            "lost_packets": 0,
            "packets": 1855,
            "lost_percent": 0,
            "omitted": false,
            "sender": false
          }
        },
        {
          "streams": [
            {
              "socket": 5,
              "start": 3.000156,
              "end": 4.000205,
              "seconds": 1.0000489950180054,
              "bytes": 2480320,
              "bits_per_second": 19841587.8610455,
              "jitter_ms": 0.758866558246879,
              "lost_packets": 0,
              "packets": 1840,
              "lost_percent": 0,
              "omitted": false,
              "sender": false
            }
          ],
          "sum": {
            "start": 3.000156,
            "end": 4.000205,
            "seconds": 1.0000489950180054,
            "bytes": 2480320,
            "bits_per_second": 19841587.8610455,
            "jitter_ms": 0.758866558246879,
            "lost_packets": 0,
            "packets": 1840,
            "lost_percent": 0,
            "omitted": false,
            "sender": false
          }
        },
        {
          "streams": [
            {
              "socket": 5,
              "start": 4.000205,
              "end": 5.000226,
              "seconds": 1.000020980834961,
              "bytes": 2519412,
              "bits_per_second": 20154873.13393312,
              "jitter_ms": 0.8141376658796697,
              "lost_packets": 0,
              "packets": 1869,
              "lost_percent": 0,
              "omitted": false,
              "sender": false
            }
          ],
          "sum": {
            "start": 4.000205,
            "end": 5.000226,
            "seconds": 1.000020980834961,
            "bytes": 2519412,
            "bits_per_second": 20154873.13393312,
            "jitter_ms": 0.8141376658796697,
            "lost_packets": 0,
            "packets": 1869,
            "lost_percent": 0,
            "omitted": false,
            "sender": false
          }
        },
        {
          "streams": [
            {
              "socket": 5,
              "start": 5.000226,
              "end": 6.000221,
              "seconds": 0.999994993209839,
              "bytes": 2480320,
              "bits_per_second": 19842659.3480316,
              "jitter_ms": 0.7851803505540323,
              "lost_packets": 0,
              "packets": 1840,
              "lost_percent": 0,
              "omitted": false,
              "sender": false
            }
          ],
          "sum": {
            "start": 5.000226,
            "end": 6.000221,
            "seconds": 0.999994993209839,
            "bytes": 2480320,
            "bits_per_second": 19842659.3480316,
            "jitter_ms": 0.7851803505540323,
            "lost_packets": 0,
            "packets": 1840,
            "lost_percent": 0,
            "omitted": false,
            "sender": false
          }
        },
        {
          "streams": [
            {
              "socket": 5,
              "start": 6.000221,
              "end": 7.000204,
              "seconds": 0.999983012676239,
              "bytes": 2520760,
              "bits_per_second": 20166422.573549356,
              "jitter_ms": 0.6424309839770007,
              "lost_packets": 0,
              "packets": 1870,
              "lost_percent": 0,
              "omitted": false,
              "sender": false
            }
          ],
          "sum": {
            "start": 6.000221,
            "end": 7.000204,
            "seconds": 0.999983012676239,
            "bytes": 2520760,
            "bits_per_second": 20166422.573549356,
            "jitter_ms": 0.6424309839770007,
            "lost_packets": 0,
            "packets": 1870,
            "lost_percent": 0,
            "omitted": false,
            "sender": false
          }
        },
        {
          "streams": [
            {
              "socket": 5,
              "start": 7.000204,
              "end": 8.000202,
              "seconds": 0.9999979734420776,
              "bytes": 2499192,
              "bits_per_second": 19993576.51814089,
              "jitter_ms": 0.6686674336145043,
              "lost_packets": 0,
              "packets": 1854,