{
  "udp": {
    "10": {
      "start": {
        "connected": [
          {
            "socket": 9,
            "local_host": "172.17.0.2",
            "local_port": 43064,
            "remote_host": "10.100.1.102",
            "remote_port": 32201
          }
        ],
        "version": "iperf 3.12",
        "system_info": "Linux 7bc023dac547 6.2.0-37-generic #38~22.04.1-Ubuntu SMP PREEMPT_DYNAMIC Thu Nov  2 18:01:13 UTC 2 x86_64",
        "timestamp": {
          "time": "Sun, 21 Jan 2024 10:00:43 GMT",
          "timesecs": 1705831243
        },
        "connecting_to": {
          "host": "api-int.edge.open5g.info",
          "port": 32201
        },
        "cookie": "smm763v3xd2kou6tm6m5gcqfy7wuwqfn4mz5",
        "target_bitrate": 10000000,
        "sock_bufsize": 0,
        "sndbuf_actual": 212992,
        "rcvbuf_actual": 212992,
        "test_start": {
          "protocol": "UDP",
          "num_streams": 1,
          "blksize": 1398,
          "omit": 0,
          "duration": 10,
          "bytes": 0,
          "blocks": 0,
          "reverse": 1,
          "tos": 0,
          "target_bitrate": 10000000
        }
      },
      "intervals": [
        {
          "streams": [
            {
              "socket": 9,
              "start": 0,
              "end": 1.0003,
              "seconds": 1.0003000497817993,
              "bytes": 1251210,
              "bits_per_second": 10006677.49860001,
              "jitter_ms": 0.18593287388641072,
              "lost_packets": 0,
              "packets": 895,
              "lost_percent": 0,
              "omitted": false,
              "sender": false
            }
          ],
          "sum": {
            "start": 0,
            "end": 1.0003,
            "seconds": 1.0003000497817993,
            "bytes": 1251210,
            "bits_per_second": 10006677.49860001,
            "jitter_ms": 0.18593287388641072,
            "lost_packets": 0,
            "packets": 895,
            "lost_percent": 0,
            "omitted": false,
            "sender": false
          }
        },
        {
          "streams": [
            {
              "socket": 9,
              "start": 1.0003,
              "end": 2.000309,
              "seconds": 1.0000089406967163,
              "bytes": 1251210,
              "bits_per_second": 10009590.50728702,
              "jitter_ms": 0.10250025602119606,
              "lost_packets": 0,
              "packets": 895,
              "lost_percent": 0,
              "omitted": false,
              "sender": false
            }
          ],
          "sum": {
            "start": 1.0003,
            "end": 2.000309,
            "seconds": 1.0000089406967163,
            "bytes": 1251210,
            "bits_per_second": 10009590.50728702,
            "jitter_ms": 0.10250025602119606,
            "lost_packets": 0,
            "packets": 895,
            "lost_percent": 0,
            "omitted": false,
            "sender": false
          }
        },
        {
          "streams": [
            {
              "socket": 9,
              "start": 2.000309,
              "end": 3.000291,
              "seconds": 0.9999819993972778,
              "bytes": 1248414,
              "bits_per_second": 9987491.78087174,
              "jitter_ms": 0.18529102411022913,
              "lost_packets": 0,
              "packets": 893,
              "lost_percent": 0,
              "omitted": false,
              "sender": false
            }
          ],
          "sum": {
            "start": 2.000309,
            "end": 3.000291,
            "seconds": 0.9999819993972778,
            "bytes": 1248414,
            "bits_per_second": 9987491.78087174,
            "jitter_ms": 0.18529102411022913,
            "lost_packets": 0,
            "packets": 893,
            "lost_percent": 0,
            "omitted": false,
            "sender": false
          }
        },
        {
          "streams": [
            {
              "socket": 9,
              "start": 3.000291,
              "end": 4.000322,
              "seconds": 1.0000309944152832,
              "bytes": 1251210,
              "bits_per_second": 10009369.765436767,
              "jitter_ms": 0.1652678327175136,
              "lost_packets": 0,
              "packets": 895,
              "lost_percent": 0,
              "omitted": false,
              "sender": false
            }
          ],
          "sum": {
            "start": 3.000291,
            "end": 4.000322,
            "seconds": 1.0000309944152832,
            "bytes": 1251210,
            "bits_per_second": 10009369.765436767,
            "jitter_ms": 0.1652678327175136,
            "lost_packets": 0,
            "packets": 895,
            "lost_percent": 0,
            "omitted": false,
            "sender": false
          }
        },
        {
          "streams": [
            {
              "socket": 9,
              "start": 4.000322,
              "end": 5.00031,
              "seconds": 0.9999880194664,
              "bytes": 1249812,
              "bits_per_second": 9998615.78875241,
              "jitter_ms": 0.43354881995626837,
              "lost_packets": 0,
              "packets": 894,
              "lost_percent": 0,
              "omitted": false,
              "sender": false
            }
          ],
          "sum": {
            "start": 4.000322,
            "end": 5.00031,
            "seconds": 0.9999880194664,
            "bytes": 1249812,
            "bits_per_second": 9998615.78875241,
            "jitter_ms": 0.43354881995626837,
            "lost_packets": 0,
            "packets": 894,
            "lost_percent": 0,
            "omitted": false,
            "sender": false
          }
        },
        {
          "streams": [
            {
              "socket": 9,
              "start": 5.00031,
              "end": 6.000302,
              "seconds": 0.9999920129776,
              "bytes": 1249812,
              "bits_per_second": 9998575.85884935,
              "jitter_ms": 0.20140686265881064,
              "lost_packets": 0,
              "packets": 894,
              "lost_percent": 0,
              "omitted": false,
              "sender": false
            }
          ],
          "sum": {
            "start": 5.00031,
            "end": 6.000302,
            "seconds": 0.9999920129776,
            "bytes": 1249812,
            "bits_per_second": 9998575.85884935,
            "jitter_ms": 0.20140686265881064,
            "lost_packets": 0,
            "packets": 894,
            "lost_percent": 0,
            "omitted": false,
            "sender": false
          }
        },
        {
          "streams": [
            {
              "socket": 9,
              "start": 6.000302,
              "end": 7.000309,
              "seconds": 1.0000070333480835,
              "bytes": 1249812,
              "bits_per_second": 9998425.67759192,
              "jitter_ms": 0.17197685169241414,
              "lost_packets": 0,
              "packets": 894,
              "lost_percent": 0,
              "omitted": false,
              "sender": false
            }
          ],
          "sum": {
            "start": 6.000302,
            "end": 7.000309,
            "seconds": 1.0000070333480835,
            "bytes": 1249812,
            "bits_per_second": 9998425.67759192,
            "jitter_ms": 0.17197685169241414,
            "lost_packets": 0,
            "packets": 894,
            "lost_percent": 0,
            "omitted": false,
            "sender": false
          }
        },
        {
          "streams": [
            {
              "socket": 9,
              "start": 7.000309,
              "end": 8.000302,
              "seconds": 0.9999930262565613,
              "bytes": 1249812,
              "bits_per_second": 9998565.72743214,
              "jitter_ms": 0.1642800551212098,
              "lost_packets": 0,
              "packets": 894,
              "lost_percent": 0,