{
  "udp": {
    "50": {
      "start": {
        "connected": [
          {
            "socket": 5,
            "local_host": "172.17.0.2",
            "local_port": 34687,
            "remote_host": "172.20.25.101",
            "remote_port": 32201
          }
        ],
        "version": "iperf 3.12",
        "system_info": "Linux e690d3db21f1 6.8.0-86-generic #87~22.04.1-Ubuntu SMP PREEMPT_DYNAMIC Mon Sep 29 09:48:07 UTC 2 x86_64",
        "timestamp": {
          "time": "Thu, 06 Nov 2025 07:02:46 GMT",
          "timesecs": 1762412566
        },
        "connecting_to": {
          "host": "api-int.tenoran.automation.otic.open6g.net",
          "port": 32201
        },
        "cookie": "3nw75fgnjtewyoiovc6pew7qvqfwn4xowfn3",
        "target_bitrate": 50000000,
        "sock_bufsize": 0,
        "sndbuf_actual": 212992,
        "rcvbuf_actual": 212992,
        "test_start": {
          "protocol": "UDP",
          "num_streams": 1,
          "blksize": 1348,
          "omit": 0,
          "duration": 10,
          "bytes": 0,
          "blocks": 0,
          "reverse": 1,
          "tos": 0,
          "target_bitrate": 50000000
        }
      },
      "intervals": [
        {
          "streams": [
            {
              "socket": 5,
              "start": 0,
              "end": 1.000203,
              "seconds": 1.000203013420105,
              "bytes": 4917504,
              "bits_per_second": 39332047.06660528,
              "jitter_ms": 0.25856032102201315,
              "lost_packets": 0,
              "packets": 3648,
              "lost_percent": 0,
              "omitted": false,
              "sender": false
            }
          ],
          "sum": {
            "start": 0,
            "end": 1.000203,
            "seconds": 1.000203013420105,
            "bytes": 4917504,
            "bits_per_second": 39332047.06660528,
            "jitter_ms": 0.25856032102201315,
            "lost_packets": 0,
            "packets": 3648,
            "lost_percent": 0,
            "omitted": false,
            "sender": false
          }
        },
        {
          "streams": [
            {
              "socket": 5,
              "start": 1.000203,
              "end": 2.0002,
              "seconds": 0.9999970197677612,
              "bytes": 7482748,
              "bits_per_second": 59862162.403146274,
              "jitter_ms": 0.26634284533063113,
              "lost_packets": 15,
              "packets": 5566,
              "lost_percent": 0.269493352497305,
              "omitted": false,
              "sender": false
            }
          ],
          "sum": {
            "start": 1.000203,
            "end": 2.0002,
            "seconds": 0.9999970197677612,
            "bytes": 7482748,
            "bits_per_second": 59862162.403146274,
            "jitter_ms": 0.26634284533063113,
            "lost_packets": 15,
            "packets": 5566,
            "lost_percent": 0.269493352497305,
            "omitted": false,
            "sender": false
          }
        },
        {
          "streams": [
            {
              "socket": 5,
              "start": 2.0002,
              "end": 3.000206,
              "seconds": 1.0000059604644775,
              "bytes": 6296508,
              "bits_per_second": 50371763.76089143,
              "jitter_ms": 0.3171795541502519,
              "lost_packets": 0,
              "packets": 4671,
              "lost_percent": 0,
              "omitted": false,
              "sender": false
            }
          ],
          "sum": {
            "start": 2.0002,
            "end": 3.000206,
            "seconds": 1.0000059604644775,
            "bytes": 6296508,
            "bits_per_second": 50371763.76089143,
            "jitter_ms": 0.3171795541502519,
            "lost_packets": 0,
            "packets": 4671,
            "lost_percent": 0,
            "omitted": false,
            "sender": false
          }
        },
        {
          "streams": [
            {
              "socket": 5,
              "start": 3.000206,
              "end": 4.000205,
              "seconds": 0.9999989867210388,
              "bytes": 6253372,
              "bits_per_second": 50027026.69133364,
              "jitter_ms": 0.2527629342094686,
              "lost_packets": 0,
              "packets": 4639,
              "lost_percent": 0,
              "omitted": false,
              "sender": false
            }
          ],
          "sum": {
            "start": 3.000206,
            "end": 4.000205,
            "seconds": 0.9999989867210388,
            "bytes": 6253372,
            "bits_per_second": 50027026.69133364,
            "jitter_ms": 0.2527629342094686,
            "lost_packets": 0,
            "packets": 4639,
            "lost_percent": 0,
            "omitted": false,
            "sender": false
          }
        },
        {
          "streams": [
            {
              "socket": 5,
              "start": 4.000205,
              "end": 5.000205,
              "seconds": 1,
              "bytes": 6247980,
              "bits_per_second": 49983840,
              "jitter_ms": 0.3049015856124982,
              "lost_packets": 0,
              "packets": 4635,
              "lost_percent": 0,
              "omitted": false,
              "sender": false
            }
          ],
          "sum": {
            "start": 4.000205,
            "end": 5.000205,
            "seconds": 1,
            "bytes": 6247980,
            "bits_per_second": 49983840,
            "jitter_ms": 0.3049015856124982,
            "lost_packets": 0,
            "packets": 4635,
            "lost_percent": 0,
            "omitted": false,
            "sender": false
          }
        },
        {
          "streams": [
            {
              "socket": 5,
              "start": 5.000205,
              "end": 6.000184,
              "seconds": 0.999979019165039,
              "bytes": 6250676,
              "bits_per_second": 50006457.177225016,
              "jitter_ms": 0.276755620363088,
              "lost_packets": 0,
              "packets": 4637,
              "lost_percent": 0,
              "omitted": false,
              "sender": false
            }
          ],
          "sum": {
            "start": 5.000205,
            "end": 6.000184,
            "seconds": 0.999979019165039,
            "bytes": 6250676,
            "bits_per_second": 50006457.177225016,
            "jitter_ms": 0.276755620363088,
            "lost_packets": 0,
            "packets": 4637,
            "lost_percent": 0,
            "omitted": false,
            "sender": false
          }
        },
        {
          "streams": [
            {
              "socket": 5,
              "start": 6.000184,
              "end": 7.000203,
              "seconds": 1.0000189542770386,
              "bytes": 6269548,
              "bits_per_second": 50155433.34002148,
              "jitter_ms": 0.26014895154580936,
              "lost_packets": 0,
              "packets": 4651,
              "lost_percent": 0,
              "omitted": false,
              "sender": false
            }
          ],
          "sum": {
            "start": 6.000184,
            "end": 7.000203,
            "seconds": 1.0000189542770386,
            "bytes": 6269548,
            "bits_per_second": 50155433.34002148,
            "jitter_ms": 0.26014895154580936,
            "lost_packets": 0,
            "packets": 4651,
            "lost_percent": 0,
            "omitted": false,
            "sender": false
          }
        },
        {
          "streams": [
            {
              "socket": 5,
              "start": 7.000203,
              "end": 8.000203,
              "seconds": 1,
              "bytes": 6230456,
              "bits_per_second": 49843648,
              "jitter_ms": 0.2868847519080851,
              "lost_packets": 0,
              "packets": 4622,
              "lost_percent": 0,