{
  "udp": {
    "50": {
      "start": {
        "connected": [
          {
            "socket": 10,
            "local_host": "172.17.0.2",
            "local_port": 47843,
            "remote_host": "172.20.25.101",
            "remote_port": 32201
          }
        ],
        "version": "iperf 3.12",
        "system_info": "Linux 29869151dea8 6.8.0-59-generic #61~22.04.1-Ubuntu SMP PREEMPT_DYNAMIC Tue Apr 15 17:03:15 UTC 2 x86_64",
        "timestamp": {
          "time": "Tue, 10 Jun 2025 04:01:29 GMT",
          "timesecs": 1749528089
        },
        "connecting_to": {
          "host": "api-int.tenoran.automation.otic.open6g.net",
          "port": 32201
        },
        "cookie": "4624ylwtwh3bszyhslbv7munnl74abyjsojz",
        "target_bitrate": 50000000,
        "sock_bufsize": 0,
        "sndbuf_actual": 212992,
        "rcvbuf_actual": 212992,
        "test_start": {
          "protocol": "UDP",
          "num_streams": 1,
          "blksize": 1348,
          "omit": 0,
          "duration": 10,
          "bytes": 0,
          "blocks": 0,
          "reverse": 1,
          "tos": 0,
          "target_bitrate": 50000000
        }
      },
      "intervals": [
        {
          "streams": [
            {
              "socket": 10,
              "start": 0,
              "end": 1.000107,
              "seconds": 1.0001070499420166,
              "bytes": 5007820,
              "bits_per_second": 40058271.76433034,
              "jitter_ms": 0.07064530396632417,
              "lost_packets": 1,
              "packets": 3716,
              "lost_percent": 0.02691065662002153,
              "omitted": false,
              "sender": false
            }
          ],
          "sum": {
            "start": 0,
            "end": 1.000107,
            "seconds": 1.0001070499420166,
            "bytes": 5007820,
            "bits_per_second": 40058271.76433034,
            "jitter_ms": 0.07064530396632417,
            "lost_packets": 1,
            "packets": 3716,
            "lost_percent": 0.02691065662002153,
            "omitted": false,
            "sender": false
          }
        },
        {
          "streams": [
            {
              "socket": 10,
              "start": 1.000107,
              "end": 2.00023,
              "seconds": 1.0001230239868164,
              "bytes": 6939504,
              "bits_per_second": 55509203.036537446,
              "jitter_ms": 0.3767210060351343,
              "lost_packets": 0,
              "packets": 5148,
              "lost_percent": 0,
              "omitted": false,
              "sender": false
            }
          ],
          "sum": {
            "start": 1.000107,
            "end": 2.00023,
            "seconds": 1.0001230239868164,
            "bytes": 6939504,
            "bits_per_second": 55509203.036537446,
            "jitter_ms": 0.3767210060351343,
            "lost_packets": 0,
            "packets": 5148,
            "lost_percent": 0,
            "omitted": false,
            "sender": false
          }
        },
        {
          "streams": [
            {
              "socket": 10,
              "start": 2.00023,
              "end": 3.000106,
              "seconds": 0.9998760223388672,
              "bytes": 6448832,
              "bits_per_second": 51597052.881937645,
              "jitter_ms": 0.0618191366830429,
              "lost_packets": 0,
              "packets": 4784,
              "lost_percent": 0,
              "omitted": false,
              "sender": false
            }
          ],
          "sum": {
            "start": 2.00023,
            "end": 3.000106,
            "seconds": 0.9998760223388672,
            "bytes": 6448832,
            "bits_per_second": 51597052.881937645,
            "jitter_ms": 0.0618191366830429,
            "lost_packets": 0,
            "packets": 4784,
            "lost_percent": 0,
            "omitted": false,
            "sender": false
          }
        },
        {
          "streams": [
            {
              "socket": 10,
              "start": 3.000106,
              "end": 4.000103,
              "seconds": 0.9999970197677612,
              "bytes": 6229108,
              "bits_per_second": 49833012.51395045,
              "jitter_ms": 0.17025218204411838,
              "lost_packets": 0,
              "packets": 4621,
              "lost_percent": 0,
              "omitted": false,
              "sender": false
            }
          ],
          "sum": {
            "start": 3.000106,
            "end": 4.000103,
            "seconds": 0.9999970197677612,
            "bytes": 6229108,
            "bits_per_second": 49833012.51395045,
            "jitter_ms": 0.17025218204411838,
            "lost_packets": 0,
            "packets": 4621,
            "lost_percent": 0,
            "omitted": false,
            "sender": false
          }
        },
        {
          "streams": [
            {
              "socket": 10,
              "start": 4.000103,
              "end": 5.000104,
              "seconds": 1.0000009536743164,
              "bytes": 6276288,
              "bits_per_second": 50210256.11576832,
              "jitter_ms": 0.0621393034787949,
              "lost_packets": 0,
              "packets": 4656,
              "lost_percent": 0,
              "omitted": false,
              "sender": false
            }
          ],
          "sum": {
            "start": 4.000103,
            "end": 5.000104,
            "seconds": 1.0000009536743164,
            "bytes": 6276288,
            "bits_per_second": 50210256.11576832,
            "jitter_ms": 0.0621393034787949,
            "lost_packets": 0,
            "packets": 4656,
            "lost_percent": 0,
            "omitted": false,
            "sender": false
          }
        },
        {
          "streams": [
            {
              "socket": 10,
              "start": 5.000104,
              "end": 6.00011,
              "seconds": 1.0000059604644775,
              "bytes": 6270896,
              "bits_per_second": 50166868.98215948,
              "jitter_ms": 0.03966338107322224,
              "lost_packets": 0,
              "packets": 4652,
              "lost_percent": 0,
              "omitted": false,
              "sender": false
            }
          ],
          "sum": {
            "start": 5.000104,
            "end": 6.00011,
            "seconds": 1.0000059604644775,
            "bytes": 6270896,
            "bits_per_second": 50166868.98215948,
            "jitter_ms": 0.03966338107322224,
            "lost_packets": 0,
            "packets": 4652,
            "lost_percent": 0,
            "omitted": false,
            "sender": false
          }
        },
        {
          "streams": [
            {
              "socket": 10,
              "start": 6.00011,
              "end": 7.000105,
              "seconds": 0.999994993209839,
              "bytes": 6238544,
              "bits_per_second": 49908601.88189686,
              "jitter_ms": 0.03987515118942717,
              "lost_packets": 8,
              "packets": 4636,
              "lost_percent": 0.1725625539257981,
              "omitted": false,
              "sender": false
            }
          ],
          "sum": {
            "start": 6.00011,
            "end": 7.000105,
            "seconds": 0.999994993209839,
            "bytes": 6238544,
            "bits_per_second": 49908601.88189686,
            "jitter_ms": 0.03987515118942717,
            "lost_packets": 8,
            "packets": 4636,
            "lost_percent": 0.1725625539257981,
            "omitted": false,
            "sender": false
          }
        },
        {
          "streams": [
            {
              "socket": 10,
              "start": 7.000105,
              "end": 8.000026,
              "seconds": 0.9999210238456726,
              "bytes": 6219672,
              "bits_per_second": 49761305.95657876,