{
  "udp": {
    "10": {
      "start": {
        "connected": [
          {
            "socket": 5,
            "local_host": "172.17.0.2",
            "local_port": 52553,
            "remote_host": "172.20.25.101",
            "remote_port": 32201
          }
        ],
        "version": "iperf 3.12",
        "system_info": "Linux ab1f42e9572d 6.8.0-87-generic #88~22.04.1-Ubuntu SMP PREEMPT_DYNAMIC Tue Oct 14 14:03:14 UTC 2 x86_64",
        "timestamp": {
          "time": "Tue, 09 Dec 2025 06:01:55 GMT",
          "timesecs": 1765260115
        },
        "connecting_to": {
          "host": "api-int.tenoran.automation.otic.open6g.net",
          "port": 32201
        },
        "cookie": "rnyykfduf7koj4adncg2uvnnoamcfjlguky7",
        "target_bitrate": 10000000,
        "sock_bufsize": 0,
        "sndbuf_actual": 212992,
        "rcvbuf_actual": 212992,
        "test_start": {
          "protocol": "UDP",
          "num_streams": 1,
          "blksize": 1348,
          "omit": 0,
          "duration": 10,
          "bytes": 0,
          "blocks": 0,
          "reverse": 1,
          "tos": 0,
          "target_bitrate": 10000000
        }
      },
      "intervals": [
        {
          "streams": [
            {
              "socket": 5,
              "start": 0,
              "end": 1.000139,
              "seconds": 1.0001389980316162,
              "bytes": 1256336,
              "bits_per_second": 10049291.168308467,
              "jitter_ms": 1.6491499554009572,
              "lost_packets": 0,
              "packets": 932,
              "lost_percent": 0,
              "omitted": false,
              "sender": false
            }
          ],
          "sum": {
            "start": 0,
            "end": 1.000139,
            "seconds": 1.0001389980316162,
            "bytes": 1256336,
            "bits_per_second": 10049291.168308467,
            "jitter_ms": 1.6491499554009572,
            "lost_packets": 0,
            "packets": 932,
            "lost_percent": 0,
            "omitted": false,
            "sender": false
          }
        },
        {
          "streams": [
            {
              "socket": 5,
              "start": 1.000139,
              "end": 2.000185,
              "seconds": 1.0000460147857666,
              "bytes": 1250944,
              "bits_per_second": 10007091.525827292,
              "jitter_ms": 1.8536790233626317,
              "lost_packets": 0,
              "packets": 928,
              "lost_percent": 0,
              "omitted": false,
              "sender": false
            }
          ],
          "sum": {
            "start": 1.000139,
            "end": 2.000185,
            "seconds": 1.0000460147857666,
            "bytes": 1250944,
            "bits_per_second": 10007091.525827292,
            "jitter_ms": 1.8536790233626317,
            "lost_packets": 0,
            "packets": 928,
            "lost_percent": 0,
            "omitted": false,
            "sender": false
          }
        },
        {
          "streams": [
            {
              "socket": 5,
              "start": 2.000185,
              "end": 3.000145,
              "seconds": 0.9999600052833557,
              "bytes": 1248248,
              "bits_per_second": 9986383.402574487,
              "jitter_ms": 1.6215595616016816,
              "lost_packets": 0,
              "packets": 926,
              "lost_percent": 0,
              "omitted": false,
              "sender": false
            }
          ],
          "sum": {
            "start": 2.000185,
            "end": 3.000145,
            "seconds": 0.9999600052833557,
            "bytes": 1248248,
            "bits_per_second": 9986383.402574487,
            "jitter_ms": 1.6215595616016816,
            "lost_packets": 0,
            "packets": 926,
            "lost_percent": 0,
            "omitted": false,
            "sender": false
          }
        },
        {
          "streams": [
            {
              "socket": 5,
              "start": 3.000145,
              "end": 4.000175,
              "seconds": 1.0000300407409668,
              "bytes": 1256336,
              "bits_per_second": 10050386.078955187,
              "jitter_ms": 1.5980862760826928,
              "lost_packets": 0,
              "packets": 932,
              "lost_percent": 0,
              "omitted": false,
              "sender": false
            }
          ],
          "sum": {
            "start": 3.000145,
            "end": 4.000175,
            "seconds": 1.0000300407409668,
            "bytes": 1256336,
            "bits_per_second": 10050386.078955187,
            "jitter_ms": 1.5980862760826928,
            "lost_packets": 0,
            "packets": 932,
            "lost_percent": 0,
            "omitted": false,
            "sender": false
          }
        },
        {
          "streams": [
            {
              "socket": 5,
              "start": 4.000175,
              "end": 5.000174,
              "seconds": 0.9999989867210388,
              "bytes": 1237464,
              "bits_per_second": 9899722.031180056,
              "jitter_ms": 1.8416989766518042,
              "lost_packets": 0,
              "packets": 918,
              "lost_percent": 0,
              "omitted": false,
              "sender": false
            }
          ],
          "sum": {
            "start": 4.000175,
            "end": 5.000174,
            "seconds": 0.9999989867210388,
            "bytes": 1237464,
            "bits_per_second": 9899722.031180056,
            "jitter_ms": 1.8416989766518042,
            "lost_packets": 0,
            "packets": 918,
            "lost_percent": 0,
            "omitted": false,
            "sender": false
          }
        },
        {
          "streams": [
            {
              "socket": 5,
              "start": 5.000174,
              "end": 6.000183,
              "seconds": 1.0000089406967163,
              "bytes": 1254988,
              "bits_per_second": 10039814.237065818,
              "jitter_ms": 1.5995106907490146,
              "lost_packets": 0,
              "packets": 931,
              "lost_percent": 0,
              "omitted": false,
              "sender": false
            }
          ],
          "sum": {
            "start": 5.000174,
            "end": 6.000183,
            "seconds": 1.0000089406967163,
            "bytes": 1254988,
            "bits_per_second": 10039814.237065818,
            "jitter_ms": 1.5995106907490146,
            "lost_packets": 0,
            "packets": 931,
            "lost_percent": 0,
            "omitted": false,
            "sender": false
          }
        },
        {
          "streams": [
            {
              "socket": 5,
              "start": 6.000183,
              "end": 7.000141,
              "seconds": 0.9999579787254333,
              "bytes": 1250944,
              "bits_per_second": 10007972.547762286,
              "jitter_ms": 1.7306846244638485,
              "lost_packets": 0,
              "packets": 928,
              "lost_percent": 0,
              "omitted": false,
              "sender": false
            }
          ],
          "sum": {
            "start": 6.000183,
            "end": 7.000141,
            "seconds": 0.9999579787254333,
            "bytes": 1250944,
            "bits_per_second": 10007972.547762286,
            "jitter_ms": 1.7306846244638485,
            "lost_packets": 0,
            "packets": 928,
            "lost_percent": 0,
            "omitted": false,
            "sender": false
          }
        },
        {
          "streams": [
            {
              "socket": 5,
              "start": 7.000141,
              "end": 8.000161,
              "seconds": 1.0000200271606445,
              "bytes": 1254988,
              "bits_per_second": 10039702.933256533,
              "jitter_ms": 1.581728377652908,
              "lost_packets": 0,
              "packets": 931,