{
  "udp": {
    "20": {
      "start": {
        "connected": [
          {
            "socket": 10,
            "local_host": "172.17.0.2",
            "local_port": 36666,
            "remote_host": "10.100.1.103",
            "remote_port": 32201
          }
        ],
        "version": "iperf 3.12",
        "system_info": "Linux 1027b76068aa 6.8.0-40-generic #40~22.04.3-Ubuntu SMP PREEMPT_DYNAMIC Tue Jul 30 17:30:19 UTC 2 x86_64",
        "timestamp": {
          "time": "Tue, 01 Oct 2024 22:01:16 GMT",
          "timesecs": 1727820076
        },
        "connecting_to": {
          "host": "api-int.edge.open5g.info",
          "port": 32201
        },
        "cookie": "44kwqocjmworwdw3m32psr4l57yqawbmejtb",
        "target_bitrate": 20000000,
        "sock_bufsize": 0,
        "sndbuf_actual": 212992,
        "rcvbuf_actual": 212992,
        "test_start": {
          "protocol": "UDP",
          "num_streams": 1,
          "blksize": 1398,
          "omit": 0,
          "duration": 10,
          "bytes": 0,
          "blocks": 0,
          "reverse": 1,
          "tos": 0,
          "target_bitrate": 20000000
        }
      },
      "intervals": [
        {
          "streams": [
            {
              "socket": 10,
              "start": 0,
              "end": 1.000241,
              "seconds": 1.0002410411834717,
              "bytes": 2502420,
              "bits_per_second": 20014535.672634833,
              "jitter_ms": 0.03842795001619933,
              "lost_packets": 0,
              "packets": 1790,
              "lost_percent": 0,
              "omitted": false,
              "sender": false
            }
          ],
          "sum": {
            "start": 0,
            "end": 1.000241,
            "seconds": 1.0002410411834717,
            "bytes": 2502420,
            "bits_per_second": 20014535.672634833,
            "jitter_ms": 0.03842795001619933,
            "lost_packets": 0,
            "packets": 1790,
            "lost_percent": 0,
            "omitted": false,
            "sender": false
          }
        },
        {
          "streams": [
            {
              "socket": 10,
              "start": 1.000241,
              "end": 2.000253,
              "seconds": 1.0000120401382446,
              "bytes": 2461878,
              "bits_per_second": 19694786.872043364,
              "jitter_ms": 0.008736601824654024,
              "lost_packets": 28,
              "packets": 1789,
              "lost_percent": 1.5651201788708775,
              "omitted": false,
              "sender": false
            }
          ],
          "sum": {
            "start": 1.000241,
            "end": 2.000253,
            "seconds": 1.0000120401382446,
            "bytes": 2461878,
            "bits_per_second": 19694786.872043364,
            "jitter_ms": 0.008736601824654024,
            "lost_packets": 28,
            "packets": 1789,
            "lost_percent": 1.5651201788708775,
            "omitted": false,
            "sender": false
          }
        },
        {
          "streams": [
            {
              "socket": 10,
              "start": 2.000253,
              "end": 3.000144,
              "seconds": 0.9998909831047058,
              "bytes": 2499624,
              "bits_per_second": 19999172.2476669,
              "jitter_ms": 0.26632590595619815,
              "lost_packets": 0,
              "packets": 1788,
              "lost_percent": 0,
              "omitted": false,
              "sender": false
            }
          ],
          "sum": {
            "start": 2.000253,
            "end": 3.000144,
            "seconds": 0.9998909831047058,
            "bytes": 2499624,
            "bits_per_second": 19999172.2476669,
            "jitter_ms": 0.26632590595619815,
            "lost_packets": 0,
            "packets": 1788,
            "lost_percent": 0,
            "omitted": false,
            "sender": false
          }
        },
        {
          "streams": [
            {
              "socket": 10,
              "start": 3.000144,
              "end": 4.000242,
              "seconds": 1.0000979900360107,
              "bytes": 2499624,
              "bits_per_second": 19995032.68602706,
              "jitter_ms": 0.12580772883021588,
              "lost_packets": 0,
              "packets": 1788,
              "lost_percent": 0,
              "omitted": false,
              "sender": false
            }
          ],
          "sum": {
            "start": 3.000144,
            "end": 4.000242,
            "seconds": 1.0000979900360107,
            "bytes": 2499624,
            "bits_per_second": 19995032.68602706,
            "jitter_ms": 0.12580772883021588,
            "lost_packets": 0,
            "packets": 1788,
            "lost_percent": 0,
            "omitted": false,
            "sender": false
          }
        },
        {
          "streams": [
            {
              "socket": 10,
              "start": 4.000242,
              "end": 5.000176,
              "seconds": 0.9999340176582336,
              "bytes": 2499624,
              "bits_per_second": 19998311.53542648,
              "jitter_ms": 0.2633483551944503,
              "lost_packets": 0,
              "packets": 1788,
              "lost_percent": 0,
              "omitted": false,
              "sender": false
            }
          ],
          "sum": {
            "start": 4.000242,
            "end": 5.000176,
            "seconds": 0.9999340176582336,
            "bytes": 2499624,
            "bits_per_second": 19998311.53542648,
            "jitter_ms": 0.2633483551944503,
            "lost_packets": 0,
            "packets": 1788,
            "lost_percent": 0,
            "omitted": false,
            "sender": false
          }
        },
        {
          "streams": [
            {
              "socket": 10,
              "start": 5.000176,
              "end": 6.000285,
              "seconds": 1.0001089572906494,
              "bytes": 2501022,
              "bits_per_second": 20005996.20085721,
              "jitter_ms": 0.23770519782665414,
              "lost_packets": 0,
              "packets": 1789,
              "lost_percent": 0,
              "omitted": false,
              "sender": false
            }
          ],
          "sum": {
            "start": 5.000176,
            "end": 6.000285,
            "seconds": 1.0001089572906494,
            "bytes": 2501022,
            "bits_per_second": 20005996.20085721,
            "jitter_ms": 0.23770519782665414,
            "lost_packets": 0,
            "packets": 1789,
            "lost_percent": 0,
            "omitted": false,
            "sender": false
          }
        },
        {
          "streams": [
            {
              "socket": 10,
              "start": 6.000285,
              "end": 7.000175,
              "seconds": 0.9998900294303894,
              "bytes": 2499624,
              "bits_per_second": 19999191.322461482,
              "jitter_ms": 0.24463624809177836,
              "lost_packets": 0,
              "packets": 1788,
              "lost_percent": 0,
              "omitted": false,
              "sender": false
            }
          ],
          "sum": {
            "start": 6.000285,
            "end": 7.000175,
            "seconds": 0.9998900294303894,
            "bytes": 2499624,
            "bits_per_second": 19999191.322461482,
            "jitter_ms": 0.24463624809177836,
            "lost_packets": 0,
            "packets": 1788,
            "lost_percent": 0,
            "omitted": false,
            "sender": false
          }
        },
        {
          "streams": [
            {
              "socket": 10,
              "start": 7.000175,
              "end": 8.000187,
              "seconds": 1.0000120401382446,
              "bytes": 2499624,
              "bits_per_second": 19996751.23635067,
              "jitter_ms": 0.23914134165241835,