{
  "udp": {
    "10": {
      "start": {
        "connected": [
          {
            "socket": 10,
            "local_host": "172.17.0.2",
            "local_port": 52168,
            "remote_host": "10.100.1.102",
            "remote_port": 32201
          }
        ],
        "version": "iperf 3.12",
        "system_info": "Linux 526725aee7b7 6.8.0-47-generic #47~22.04.1-Ubuntu SMP PREEMPT_DYNAMIC Wed Oct  2 16:16:55 UTC 2 x86_64",
        "timestamp": {
          "time": "Thu, 28 Nov 2024 07:00:42 GMT",
          "timesecs": 1732777242
        },
        "connecting_to": {
          "host": "api-int.edge.open5g.info",
          "port": 32201
        },
        "cookie": "2xanb7dljdbi3vnwrl7nwrdipq7b6gxppyzh",
        "target_bitrate": 10000000,
        "sock_bufsize": 0,
        "sndbuf_actual": 212992,
        "rcvbuf_actual": 212992,
        "test_start": {
          "protocol": "UDP",
          "num_streams": 1,
          "blksize": 1398,
          "omit": 0,
          "duration": 10,
          "bytes": 0,
          "blocks": 0,
          "reverse": 1,
          "tos": 0,
          "target_bitrate": 10000000
        }
      },
      "intervals": [
        {
          "streams": [
            {
              "socket": 10,
              "start": 0,
              "end": 1.000271,
              "seconds": 1.000270962715149,
              "bytes": 1251210,
              "bits_per_second": 10006968.48464899,
              "jitter_ms": 0.36778520531103276,
              "lost_packets": 0,
              "packets": 895,
              "lost_percent": 0,
              "omitted": false,
              "sender": false
            }
          ],
          "sum": {
            "start": 0,
            "end": 1.000271,
            "seconds": 1.000270962715149,
            "bytes": 1251210,
            "bits_per_second": 10006968.48464899,
            "jitter_ms": 0.36778520531103276,
            "lost_packets": 0,
            "packets": 895,
            "lost_percent": 0,
            "omitted": false,
            "sender": false
          }
        },
        {
          "streams": [
            {
              "socket": 10,
              "start": 1.000271,
              "end": 2.000282,
              "seconds": 1.0000109672546387,
              "bytes": 1249812,
              "bits_per_second": 9998386.34515098,
              "jitter_ms": 0.547212257398174,
              "lost_packets": 0,
              "packets": 894,
              "lost_percent": 0,
              "omitted": false,
              "sender": false
            }
          ],
          "sum": {
            "start": 1.000271,
            "end": 2.000282,
            "seconds": 1.0000109672546387,
            "bytes": 1249812,
            "bits_per_second": 9998386.34515098,
            "jitter_ms": 0.547212257398174,
            "lost_packets": 0,
            "packets": 894,
            "lost_percent": 0,
            "omitted": false,
            "sender": false
          }
        },
        {
          "streams": [
            {
              "socket": 10,
              "start": 2.000282,
              "end": 3.000169,
              "seconds": 0.999886989593506,
              "bytes": 1249812,
              "bits_per_second": 9999626.061806034,
              "jitter_ms": 0.5397289146118782,
              "lost_packets": 0,
              "packets": 894,
              "lost_percent": 0,
              "omitted": false,
              "sender": false
            }
          ],
          "sum": {
            "start": 2.000282,
            "end": 3.000169,
            "seconds": 0.999886989593506,
            "bytes": 1249812,
            "bits_per_second": 9999626.061806034,
            "jitter_ms": 0.5397289146118782,
            "lost_packets": 0,
            "packets": 894,
            "lost_percent": 0,
            "omitted": false,
            "sender": false
          }
        },
        {
          "streams": [
            {
              "socket": 10,
              "start": 3.000169,
              "end": 4.000228,
              "seconds": 1.0000590085983276,
              "bytes": 1251210,
              "bits_per_second": 10009089.377665289,
              "jitter_ms": 0.4711182620351954,
              "lost_packets": 0,
              "packets": 895,
              "lost_percent": 0,
              "omitted": false,
              "sender": false
            }
          ],
          "sum": {
            "start": 3.000169,
            "end": 4.000228,
            "seconds": 1.0000590085983276,
            "bytes": 1251210,
            "bits_per_second": 10009089.377665289,
            "jitter_ms": 0.4711182620351954,
            "lost_packets": 0,
            "packets": 895,
            "lost_percent": 0,
            "omitted": false,
            "sender": false
          }
        },
        {
          "streams": [
            {
              "socket": 10,
              "start": 4.000228,
              "end": 5.000276,
              "seconds": 1.000048041343689,
              "bytes": 1249812,
              "bits_per_second": 9998015.68189242,
              "jitter_ms": 0.5225714390397296,
              "lost_packets": 0,
              "packets": 894,
              "lost_percent": 0,
              "omitted": false,
              "sender": false
            }
          ],
          "sum": {
            "start": 4.000228,
            "end": 5.000276,
            "seconds": 1.000048041343689,
            "bytes": 1249812,
            "bits_per_second": 9998015.68189242,
            "jitter_ms": 0.5225714390397296,
            "lost_packets": 0,
            "packets": 894,
            "lost_percent": 0,
            "omitted": false,
            "sender": false
          }
        },
        {
          "streams": [
            {
              "socket": 10,
              "start": 5.000276,
              "end": 6.000285,
              "seconds": 1.0000089406967163,
              "bytes": 1249812,
              "bits_per_second": 9998406.60727888,
              "jitter_ms": 0.11129636072558065,
              "lost_packets": 0,
              "packets": 894,
              "lost_percent": 0,
              "omitted": false,
              "sender": false
            }
          ],
          "sum": {
            "start": 5.000276,
            "end": 6.000285,
            "seconds": 1.0000089406967163,
            "bytes": 1249812,
            "bits_per_second": 9998406.60727888,
            "jitter_ms": 0.11129636072558065,
            "lost_packets": 0,
            "packets": 894,
            "lost_percent": 0,
            "omitted": false,
            "sender": false
          }
        },
        {
          "streams": [
            {
              "socket": 10,
              "start": 6.000285,
              "end": 7.000238,
              "seconds": 0.9999529719352722,
              "bytes": 1249812,
              "bits_per_second": 9998966.23203117,
              "jitter_ms": 0.3659953249375784,
              "lost_packets": 0,
              "packets": 894,
              "lost_percent": 0,
              "omitted": false,
              "sender": false
            }
          ],
          "sum": {
            "start": 6.000285,
            "end": 7.000238,
            "seconds": 0.9999529719352722,
            "bytes": 1249812,
            "bits_per_second": 9998966.23203117,
            "jitter_ms": 0.3659953249375784,
            "lost_packets": 0,
            "packets": 894,
            "lost_percent": 0,
            "omitted": false,
            "sender": false
          }
        },
        {
          "streams": [
            {
              "socket": 10,
              "start": 7.000238,
              "end": 8.000285,
              "seconds": 1.000046968460083,
              "bytes": 1249812,
              "bits_per_second": 9998026.40809574,
              "jitter_ms": 0.3657890244154123,
              "lost_packets": 0,
              "packets": 894,
              "lost_percent": 0,