{
  "udp": {
    "20": {
      "start": {
        "connected": [
          {
            "socket": 5,
            "local_host": "172.17.0.2",
            "local_port": 59264,
            "remote_host": "172.20.25.101",
            "remote_port": 32201
          }
        ],
        "version": "iperf 3.12",
        "system_info": "Linux 6f0c3818425b 6.8.0-87-generic #88~22.04.1-Ubuntu SMP PREEMPT_DYNAMIC Tue Oct 14 14:03:14 UTC 2 x86_64",
        "timestamp": {
          "time": "Wed, 17 Dec 2025 06:32:26 GMT",
          "timesecs": 1765953146
        },
        "connecting_to": {
          "host": "api-int.tenoran.automation.otic.open6g.net",
          "port": 32201
        },
        "cookie": "zkkgdea7ahnfxxxpkvuk5plawt5aoku6wck2",
        "target_bitrate": 20000000,
        "sock_bufsize": 0,
        "sndbuf_actual": 212992,
        "rcvbuf_actual": 212992,
        "test_start": {
          "protocol": "UDP",
          "num_streams": 1,
          "blksize": 1348,
          "omit": 0,
          "duration": 10,
          "bytes": 0,
          "blocks": 0,
          "reverse": 1,
          "tos": 0,
          "target_bitrate": 20000000
        }
      },
      "intervals": [
        {
          "streams": [
            {
              "socket": 5,
              "start": 0,
              "end": 1.000197,
              "seconds": 1.0001970529556274,
              "bytes": 2497844,
              "bits_per_second": 19978815.11543157,
              "jitter_ms": 0.8867863792290988,
              "lost_packets": 0,
              "packets": 1853,
              "lost_percent": 0,
              "omitted": false,
              "sender": false
            }
          ],
          "sum": {
            "start": 0,
            "end": 1.000197,
            "seconds": 1.0001970529556274,
            "bytes": 2497844,
            "bits_per_second": 19978815.11543157,
            "jitter_ms": 0.8867863792290988,
            "lost_packets": 0,
            "packets": 1853,
            "lost_percent": 0,
            "omitted": false,
            "sender": false
          }
        },
        {
          "streams": [
            {
              "socket": 5,
              "start": 1.000197,
              "end": 2.000132,
              "seconds": 0.99993497133255,
              "bytes": 2480320,
              "bits_per_second": 19843850.419149835,
              "jitter_ms": 0.854556046159329,
              "lost_packets": 0,
              "packets": 1840,
              "lost_percent": 0,
              "omitted": false,
              "sender": false
            }
          ],
          "sum": {
            "start": 1.000197,
            "end": 2.000132,
            "seconds": 0.99993497133255,
            "bytes": 2480320,
            "bits_per_second": 19843850.419149835,
            "jitter_ms": 0.854556046159329,
            "lost_packets": 0,
            "packets": 1840,
            "lost_percent": 0,
            "omitted": false,
            "sender": false
          }
        },
        {
          "streams": [
            {
              "socket": 5,
              "start": 2.000132,
              "end": 3.000166,
              "seconds": 1.000033974647522,
              "bytes": 2531544,
              "bits_per_second": 20251663.95685533,
              "jitter_ms": 0.7905704690740962,
              "lost_packets": 0,
              "packets": 1878,
              "lost_percent": 0,
              "omitted": false,
              "sender": false
            }
          ],
          "sum": {
            "start": 2.000132,
            "end": 3.000166,
            "seconds": 1.000033974647522,
            "bytes": 2531544,
            "bits_per_second": 20251663.95685533,
            "jitter_ms": 0.7905704690740962,
            "lost_packets": 0,
            "packets": 1878,
            "lost_percent": 0,
            "omitted": false,
            "sender": false
          }
        },
        {
          "streams": [
            {
              "socket": 5,
              "start": 3.000166,
              "end": 4.000133,
              "seconds": 0.9999669790267944,
              "bytes": 2485712,
              "bits_per_second": 19886352.666718565,
              "jitter_ms": 0.8460025772310245,
              "lost_packets": 0,
              "packets": 1844,
              "lost_percent": 0,
              "omitted": false,
              "sender": false
            }
          ],
          "sum": {
            "start": 3.000166,
            "end": 4.000133,
            "seconds": 0.9999669790267944,
            "bytes": 2485712,
            "bits_per_second": 19886352.666718565,
            "jitter_ms": 0.8460025772310245,
            "lost_packets": 0,
            "packets": 1844,
            "lost_percent": 0,
            "omitted": false,
            "sender": false
          }
        },
        {
          "streams": [
            {
              "socket": 5,
              "start": 4.000133,
              "end": 5.000133,
              "seconds": 1,
              "bytes": 2476276,
              "bits_per_second": 19810208,
              "jitter_ms": 0.9402401649875127,
              "lost_packets": 0,
              "packets": 1837,
              "lost_percent": 0,
              "omitted": false,
              "sender": false
            }
          ],
          "sum": {
            "start": 4.000133,
            "end": 5.000133,
            "seconds": 1,
            "bytes": 2476276,
            "bits_per_second": 19810208,
            "jitter_ms": 0.9402401649875127,
            "lost_packets": 0,
            "packets": 1837,
            "lost_percent": 0,
            "omitted": false,
            "sender": false
          }
        },
        {
          "streams": [
            {
              "socket": 5,
              "start": 5.000133,
              "end": 6.000154,
              "seconds": 1.000020980834961,
              "bytes": 2523456,
              "bits_per_second": 20187224.455175385,
              "jitter_ms": 0.8375068186019896,
              "lost_packets": 0,
              "packets": 1872,
              "lost_percent": 0,
              "omitted": false,
              "sender": false
            }
          ],
          "sum": {
            "start": 5.000133,
            "end": 6.000154,
            "seconds": 1.000020980834961,
            "bytes": 2523456,
            "bits_per_second": 20187224.455175385,
            "jitter_ms": 0.8375068186019896,
            "lost_packets": 0,
            "packets": 1872,
            "lost_percent": 0,
            "omitted": false,
            "sender": false
          }
        },
        {
          "streams": [
            {
              "socket": 5,
              "start": 6.000154,
              "end": 7.000124,
              "seconds": 0.999970018863678,
              "bytes": 2500540,
              "bits_per_second": 20004919.770226743,
              "jitter_ms": 0.8615691661362233,
              "lost_packets": 0,
              "packets": 1855,
              "lost_percent": 0,
              "omitted": false,
              "sender": false
            }
          ],
          "sum": {
            "start": 6.000154,
            "end": 7.000124,
            "seconds": 0.999970018863678,
            "bytes": 2500540,
            "bits_per_second": 20004919.770226743,
            "jitter_ms": 0.8615691661362233,
            "lost_packets": 0,
            "packets": 1855,
            "lost_percent": 0,
            "omitted": false,
            "sender": false
          }
        },
        {
          "streams": [
            {
              "socket": 5,
              "start": 7.000124,
              "end": 8.000128,
              "seconds": 1.0000040531158447,
              "bytes": 2500540,
              "bits_per_second": 20004238.920502268,
              "jitter_ms": 0.8040649028175332,
              "lost_packets": 0,
              "packets": 1855,
              "lost_percent": 0,
              "omitted": false,