{
  "udp": {
    "60": {
      "start": {
        "connected": [
          {
            "socket": 10,
            "local_host": "172.17.0.2",
            "local_port": 50987,
            "remote_host": "172.20.25.101",
            "remote_port": 32201
          }
        ],
        "version": "iperf 3.12",
        "system_info": "Linux 82956e087493 6.8.0-59-generic #61~22.04.1-Ubuntu SMP PREEMPT_DYNAMIC Tue Apr 15 17:03:15 UTC 2 x86_64",
        "timestamp": {
          "time": "Mon, 26 May 2025 04:01:44 GMT",
          "timesecs": 1748232104
        },
        "connecting_to": {
          "host": "api-int.tenoran.automation.otic.open6g.net",
          "port": 32201
        },
        "cookie": "4hsrbomm4ufkyz7et34e4nqwgvioauskea4x",
        "target_bitrate": 60000000,
        "sock_bufsize": 0,
        "sndbuf_actual": 212992,
        "rcvbuf_actual": 212992,
        "test_start": {
          "protocol": "UDP",
          "num_streams": 1,
          "blksize": 1348,
          "omit": 0,
          "duration": 10,
          "bytes": 0,
          "blocks": 0,
          "reverse": 1,
          "tos": 0,
          "target_bitrate": 60000000
        }
      },
      "intervals": [
        {
          "streams": [
            {
              "socket": 10,
              "start": 0,
              "end": 1.000186,
              "seconds": 1.0001859664916992,
              "bytes": 6707648,
              "bits_per_second": 53651206.67331953,
              "jitter_ms": 0.0238783711553815,
              "lost_packets": 0,
              "packets": 4976,
              "lost_percent": 0,
              "omitted": false,
              "sender": false
            }
          ],
          "sum": {
            "start": 0,
            "end": 1.000186,
            "seconds": 1.0001859664916992,
            "bytes": 6707648,
            "bits_per_second": 53651206.67331953,
            "jitter_ms": 0.0238783711553815,
            "lost_packets": 0,
            "packets": 4976,
            "lost_percent": 0,
            "omitted": false,
            "sender": false
          }
        },
        {
          "streams": [
            {
              "socket": 10,
              "start": 1.000186,
              "end": 2.000177,
              "seconds": 0.999990999698639,
              "bytes": 7818400,
              "bits_per_second": 62547762.948716,
              "jitter_ms": 0.058245309515231165,
              "lost_packets": 32,
              "packets": 5832,
              "lost_percent": 0.5486968449931413,
              "omitted": false,
              "sender": false
            }
          ],
          "sum": {
            "start": 1.000186,
            "end": 2.000177,
            "seconds": 0.999990999698639,
            "bytes": 7818400,
            "bits_per_second": 62547762.948716,
            "jitter_ms": 0.058245309515231165,
            "lost_packets": 32,
            "packets": 5832,
            "lost_percent": 0.5486968449931413,
            "omitted": false,
            "sender": false
          }
        },
        {
          "streams": [
            {
              "socket": 10,
              "start": 2.000177,
              "end": 3.000197,
              "seconds": 1.0000200271606445,
              "bytes": 7431524,
              "bits_per_second": 59451001.36524518,
              "jitter_ms": 0.055252910403857936,
              "lost_packets": 65,
              "packets": 5578,
              "lost_percent": 1.1652922194334887,
              "omitted": false,
              "sender": false
            }
          ],
          "sum": {
            "start": 2.000177,
            "end": 3.000197,
            "seconds": 1.0000200271606445,
            "bytes": 7431524,
            "bits_per_second": 59451001.36524518,
            "jitter_ms": 0.055252910403857936,
            "lost_packets": 65,
            "packets": 5578,
            "lost_percent": 1.1652922194334887,
            "omitted": false,
            "sender": false
          }
        },
        {
          "streams": [
            {
              "socket": 10,
              "start": 3.000197,
              "end": 4.000181,
              "seconds": 0.9999840259552002,
              "bytes": 7419392,
              "bits_per_second": 59356084.15674746,
              "jitter_ms": 0.048264643985652944,
              "lost_packets": 61,
              "packets": 5565,
              "lost_percent": 1.096136567834681,
              "omitted": false,
              "sender": false
            }
          ],
          "sum": {
            "start": 3.000197,
            "end": 4.000181,
            "seconds": 0.9999840259552002,
            "bytes": 7419392,
            "bits_per_second": 59356084.15674746,
            "jitter_ms": 0.048264643985652944,
            "lost_packets": 61,
            "packets": 5565,
            "lost_percent": 1.096136567834681,
            "omitted": false,
            "sender": false
          }
        },
        {
          "streams": [
            {
              "socket": 10,
              "start": 4.000181,
              "end": 5.000017,
              "seconds": 0.999836027622223,
              "bytes": 7457136,
              "bits_per_second": 59666871.71883026,
              "jitter_ms": 0.04841278547855308,
              "lost_packets": 54,
              "packets": 5586,
              "lost_percent": 0.966702470461869,
              "omitted": false,
              "sender": false
            }
          ],
          "sum": {
            "start": 4.000181,
            "end": 5.000017,
            "seconds": 0.999836027622223,
            "bytes": 7457136,
            "bits_per_second": 59666871.71883026,
            "jitter_ms": 0.04841278547855308,
            "lost_packets": 54,
            "packets": 5586,
            "lost_percent": 0.966702470461869,
            "omitted": false,
            "sender": false
          }
        },
        {
          "streams": [
            {
              "socket": 10,
              "start": 5.000017,
              "end": 6.000016,
              "seconds": 0.9999989867210388,
              "bytes": 7333120,
              "bits_per_second": 58665019.44402996,
              "jitter_ms": 0.1773939996968139,
              "lost_packets": 39,
              "packets": 5479,
              "lost_percent": 0.7118087242197482,
              "omitted": false,
              "sender": false
            }
          ],
          "sum": {
            "start": 5.000017,
            "end": 6.000016,
            "seconds": 0.9999989867210388,
            "bytes": 7333120,
            "bits_per_second": 58665019.44402996,
            "jitter_ms": 0.1773939996968139,
            "lost_packets": 39,
            "packets": 5479,
            "lost_percent": 0.7118087242197482,
            "omitted": false,
            "sender": false
          }
        },
        {
          "streams": [
            {
              "socket": 10,
              "start": 6.000016,
              "end": 7.000017,
              "seconds": 1.0000009536743164,
              "bytes": 7571716,
              "bits_per_second": 60573670.23244645,
              "jitter_ms": 0.043543981378795435,
              "lost_packets": 46,
              "packets": 5663,
              "lost_percent": 0.8122903054917888,
              "omitted": false,
              "sender": false
            }
          ],
          "sum": {
            "start": 6.000016,
            "end": 7.000017,
            "seconds": 1.0000009536743164,
            "bytes": 7571716,
            "bits_per_second": 60573670.23244645,
            "jitter_ms": 0.043543981378795435,
            "lost_packets": 46,
            "packets": 5663,
            "lost_percent": 0.8122903054917888,
            "omitted": false,
            "sender": false
          }
        },
        {
          "streams": [
            {
              "socket": 10,
              "start": 7.000017,
              "end": 8.000011,