{
  "udp": {
    "30": {
      "start": {
        "connected": [
          {
            "socket": 10,
            "local_host": "172.17.0.2",
            "local_port": 39805,
            "remote_host": "10.100.1.102",
            "remote_port": 32201
          }
        ],
        "version": "iperf 3.12",
        "system_info": "Linux de8c6c0b7d5d 6.8.0-51-generic #52~22.04.1-Ubuntu SMP PREEMPT_DYNAMIC Mon Dec  9 15:00:52 UTC 2 x86_64",
        "timestamp": {
          "time": "Thu, 23 Jan 2025 06:02:37 GMT",
          "timesecs": 1737612157
        },
        "connecting_to": {
          "host": "api-int.edge.open5g.info",
          "port": 32201
        },
        "cookie": "gsftezhvdfhe3swh7zuswhrbzgf3j5i6v2b7",
        "target_bitrate": 30000000,
        "sock_bufsize": 0,
        "sndbuf_actual": 212992,
        "rcvbuf_actual": 212992,
        "test_start": {
          "protocol": "UDP",
          "num_streams": 1,
          "blksize": 1398,
          "omit": 0,
          "duration": 10,
          "bytes": 0,
          "blocks": 0,
          "reverse": 1,
          "tos": 0,
          "target_bitrate": 30000000
        }
      },
      "intervals": [
        {
          "streams": [
            {
              "socket": 10,
              "start": 0,
              "end": 1.000033,
              "seconds": 1.0000330209732056,
              "bytes": 3346812,
              "bits_per_second": 26773611.909278527,
              "jitter_ms": 1.321966668385304,
              "lost_packets": 0,
              "packets": 2394,
              "lost_percent": 0,
              "omitted": false,
              "sender": false
            }
          ],
          "sum": {
            "start": 0,
            "end": 1.000033,
            "seconds": 1.0000330209732056,
            "bytes": 3346812,
            "bits_per_second": 26773611.909278527,
            "jitter_ms": 1.321966668385304,
            "lost_packets": 0,
            "packets": 2394,
            "lost_percent": 0,
            "omitted": false,
            "sender": false
          }
        },
        {
          "streams": [
            {
              "socket": 10,
              "start": 1.000033,
              "end": 2.00002,
              "seconds": 0.999987006187439,
              "bytes": 3771804,
              "bits_per_second": 30174824.086008236,
              "jitter_ms": 0.3915073902372335,
              "lost_packets": 0,
              "packets": 2698,
              "lost_percent": 0,
              "omitted": false,
              "sender": false
            }
          ],
          "sum": {
            "start": 1.000033,
            "end": 2.00002,
            "seconds": 0.999987006187439,
            "bytes": 3771804,
            "bits_per_second": 30174824.086008236,
            "jitter_ms": 0.3915073902372335,
            "lost_packets": 0,
            "packets": 2698,
            "lost_percent": 0,
            "omitted": false,
            "sender": false
          }
        },
        {
          "streams": [
            {
              "socket": 10,
              "start": 2.00002,
              "end": 3.000226,
              "seconds": 1.0002059936523438,
              "bytes": 3864072,
              "bits_per_second": 30906209.51702149,
              "jitter_ms": 0.23357807737192307,
              "lost_packets": 0,
              "packets": 2764,
              "lost_percent": 0,
              "omitted": false,
              "sender": false
            }
          ],
          "sum": {
            "start": 2.00002,
            "end": 3.000226,
            "seconds": 1.0002059936523438,
            "bytes": 3864072,
            "bits_per_second": 30906209.51702149,
            "jitter_ms": 0.23357807737192307,
            "lost_packets": 0,
            "packets": 2764,
            "lost_percent": 0,
            "omitted": false,
            "sender": false
          }
        },
        {
          "streams": [
            {
              "socket": 10,
              "start": 3.000226,
              "end": 4.000292,
              "seconds": 1.0000660419464111,
              "bytes": 3746640,
              "bits_per_second": 29971140.647535473,
              "jitter_ms": 0.21102175558088912,
              "lost_packets": 0,
              "packets": 2680,
              "lost_percent": 0,
              "omitted": false,
              "sender": false
            }
          ],
          "sum": {
            "start": 3.000226,
            "end": 4.000292,
            "seconds": 1.0000660419464111,
            "bytes": 3746640,
            "bits_per_second": 29971140.647535473,
            "jitter_ms": 0.21102175558088912,
            "lost_packets": 0,
            "packets": 2680,
            "lost_percent": 0,
            "omitted": false,
            "sender": false
          }
        },
        {
          "streams": [
            {
              "socket": 10,
              "start": 4.000292,
              "end": 5.000025,
              "seconds": 0.9997329711914062,
              "bytes": 3782988,
              "bits_per_second": 30271987.492753956,
              "jitter_ms": 0.17120267732620134,
              "lost_packets": 0,
              "packets": 2706,
              "lost_percent": 0,
              "omitted": false,
              "sender": false
            }
          ],
          "sum": {
            "start": 4.000292,
            "end": 5.000025,
            "seconds": 0.9997329711914062,
            "bytes": 3782988,
            "bits_per_second": 30271987.492753956,
            "jitter_ms": 0.17120267732620134,
            "lost_packets": 0,
            "packets": 2706,
            "lost_percent": 0,
            "omitted": false,
            "sender": false
          }
        },
        {
          "streams": [
            {
              "socket": 10,
              "start": 5.000025,
              "end": 6.000236,
              "seconds": 1.0002110004425049,
              "bytes": 3645984,
              "bits_per_second": 29161718.864415407,
              "jitter_ms": 1.154652161313202,
              "lost_packets": 10,
              "packets": 2618,
              "lost_percent": 0.3819709702062643,
              "omitted": false,
              "sender": false
            }
          ],
          "sum": {
            "start": 5.000025,
            "end": 6.000236,
            "seconds": 1.0002110004425049,
            "bytes": 3645984,
            "bits_per_second": 29161718.864415407,
            "jitter_ms": 1.154652161313202,
            "lost_packets": 10,
            "packets": 2618,
            "lost_percent": 0.3819709702062643,
            "omitted": false,
            "sender": false
          }
        },
        {
          "streams": [
            {
              "socket": 10,
              "start": 6.000236,
              "end": 7.000285,
              "seconds": 1.0000489950180054,
              "bytes": 3764814,
              "bits_per_second": 30117036.415258568,
              "jitter_ms": 0.6667998234727947,
              "lost_packets": 0,
              "packets": 2693,
              "lost_percent": 0,
              "omitted": false,
              "sender": false
            }
          ],
          "sum": {
            "start": 6.000236,
            "end": 7.000285,
            "seconds": 1.0000489950180054,
            "bytes": 3764814,
            "bits_per_second": 30117036.415258568,
            "jitter_ms": 0.6667998234727947,
            "lost_packets": 0,
            "packets": 2693,
            "lost_percent": 0,
            "omitted": false,
            "sender": false
          }
        },
        {
          "streams": [
            {
              "socket": 10,
              "start": 7.000285,
              "end": 8.000245,
              "seconds": 0.9999600052833557,
              "bytes": 3792774,
              "bits_per_second": 30343405.57590803,
              "jitter_ms": 0.22143007898089176,
              "lost_packets": 0,