{
  "udp": {
    "20": {
      "start": {
        "connected": [
          {
            "socket": 9,
            "local_host": "172.17.0.2",
            "local_port": 59373,
            "remote_host": "10.100.1.102",
            "remote_port": 32201
          }
        ],
        "version": "iperf 3.12",
        "system_info": "Linux 1d2e215e3fab 6.5.0-26-generic #26~22.04.1-Ubuntu SMP PREEMPT_DYNAMIC Tue Mar 12 10:22:43 UTC 2 x86_64",
        "timestamp": {
          "time": "Fri, 12 Apr 2024 10:01:10 GMT",
          "timesecs": 1712916070
        },
        "connecting_to": {
          "host": "api-int.edge.open5g.info",
          "port": 32201
        },
        "cookie": "rlfhbrpa7w4kpcxcmegyetswu7d4e4suaqpb",
        "target_bitrate": 20000000,
        "sock_bufsize": 0,
        "sndbuf_actual": 212992,
        "rcvbuf_actual": 212992,
        "test_start": {
          "protocol": "UDP",
          "num_streams": 1,
          "blksize": 1398,
          "omit": 0,
          "duration": 10,
          "bytes": 0,
          "blocks": 0,
          "reverse": 1,
          "tos": 0,
          "target_bitrate": 20000000
        }
      },
      "intervals": [
        {
          "streams": [
            {
              "socket": 9,
              "start": 0,
              "end": 1.000292,
              "seconds": 1.00029194355011,
              "bytes": 2372406,
              "bits_per_second": 18973708.748109326,
              "jitter_ms": 0.18416711664499713,
              "lost_packets": 0,
              "packets": 1697,
              "lost_percent": 0,
              "omitted": false,
              "sender": false
            }
          ],
          "sum": {
            "start": 0,
            "end": 1.000292,
            "seconds": 1.00029194355011,
            "bytes": 2372406,
            "bits_per_second": 18973708.748109326,
            "jitter_ms": 0.18416711664499713,
            "lost_packets": 0,
            "packets": 1697,
            "lost_percent": 0,
            "omitted": false,
            "sender": false
          }
        },
        {
          "streams": [
            {
              "socket": 9,
              "start": 1.000292,
              "end": 2.000178,
              "seconds": 0.9998859763145447,
              "bytes": 2496828,
              "bits_per_second": 19976901.839971773,
              "jitter_ms": 0.18509557438749086,
              "lost_packets": 0,
              "packets": 1786,
              "lost_percent": 0,
              "omitted": false,
              "sender": false
            }
          ],
          "sum": {
            "start": 1.000292,
            "end": 2.000178,
            "seconds": 0.9998859763145447,
            "bytes": 2496828,
            "bits_per_second": 19976901.839971773,
            "jitter_ms": 0.18509557438749086,
            "lost_packets": 0,
            "packets": 1786,
            "lost_percent": 0,
            "omitted": false,
            "sender": false
          }
        },
        {
          "streams": [
            {
              "socket": 9,
              "start": 2.000178,
              "end": 3.000259,
              "seconds": 1.000080943107605,
              "bytes": 2626842,
              "bits_per_second": 21013035.139635585,
              "jitter_ms": 0.03500026413556821,
              "lost_packets": 5,
              "packets": 1884,
              "lost_percent": 0.2653927813163482,
              "omitted": false,
              "sender": false
            }
          ],
          "sum": {
            "start": 2.000178,
            "end": 3.000259,
            "seconds": 1.000080943107605,
            "bytes": 2626842,
            "bits_per_second": 21013035.139635585,
            "jitter_ms": 0.03500026413556821,
            "lost_packets": 5,
            "packets": 1884,
            "lost_percent": 0.2653927813163482,
            "omitted": false,
            "sender": false
          }
        },
        {
          "streams": [
            {
              "socket": 9,
              "start": 3.000259,
              "end": 4.00026,
              "seconds": 1.0000009536743164,
              "bytes": 2482848,
              "bits_per_second": 19862765.05739111,
              "jitter_ms": 0.1428694393067512,
              "lost_packets": 12,
              "packets": 1788,
              "lost_percent": 0.6711409395973155,
              "omitted": false,
              "sender": false
            }
          ],
          "sum": {
            "start": 3.000259,
            "end": 4.00026,
            "seconds": 1.0000009536743164,
            "bytes": 2482848,
            "bits_per_second": 19862765.05739111,
            "jitter_ms": 0.1428694393067512,
            "lost_packets": 12,
            "packets": 1788,
            "lost_percent": 0.6711409395973155,
            "omitted": false,
            "sender": false
          }
        },
        {
          "streams": [
            {
              "socket": 9,
              "start": 4.00026,
              "end": 5.000283,
              "seconds": 1.0000230073928833,
              "bytes": 2496828,
              "bits_per_second": 19974164.446551062,
              "jitter_ms": 0.12415255528819152,
              "lost_packets": 3,
              "packets": 1789,
              "lost_percent": 0.16769144773616546,
              "omitted": false,
              "sender": false
            }
          ],
          "sum": {
            "start": 4.00026,
            "end": 5.000283,
            "seconds": 1.0000230073928833,
            "bytes": 2496828,
            "bits_per_second": 19974164.446551062,
            "jitter_ms": 0.12415255528819152,
            "lost_packets": 3,
            "packets": 1789,
            "lost_percent": 0.16769144773616546,
            "omitted": false,
            "sender": false
          }
        },
        {
          "streams": [
            {
              "socket": 9,
              "start": 5.000283,
              "end": 6.000261,
              "seconds": 0.999978005886078,
              "bytes": 2487042,
              "bits_per_second": 19896773.6119055,
              "jitter_ms": 0.13991030407817567,
              "lost_packets": 4,
              "packets": 1783,
              "lost_percent": 0.2243409983174425,
              "omitted": false,
              "sender": false
            }
          ],
          "sum": {
            "start": 5.000283,
            "end": 6.000261,
            "seconds": 0.999978005886078,
            "bytes": 2487042,
            "bits_per_second": 19896773.6119055,
            "jitter_ms": 0.13991030407817567,
            "lost_packets": 4,
            "packets": 1783,
            "lost_percent": 0.2243409983174425,
            "omitted": false,
            "sender": false
          }
        },
        {
          "streams": [
            {
              "socket": 9,
              "start": 6.000261,
              "end": 7.00026,
              "seconds": 0.9999989867210388,
              "bytes": 2496828,
              "bits_per_second": 19974644.239886764,
              "jitter_ms": 0.1212858372115834,
              "lost_packets": 7,
              "packets": 1793,
              "lost_percent": 0.39040713887339656,
              "omitted": false,
              "sender": false
            }
          ],
          "sum": {
            "start": 6.000261,
            "end": 7.00026,
            "seconds": 0.9999989867210388,
            "bytes": 2496828,
            "bits_per_second": 19974644.239886764,
            "jitter_ms": 0.1212858372115834,
            "lost_packets": 7,
            "packets": 1793,
            "lost_percent": 0.39040713887339656,
            "omitted": false,
            "sender": false
          }
        },
        {
          "streams": [
            {
              "socket": 9,
              "start": 7.00026,
              "end": 8.000289,
              "seconds": 1.0000289678573608,
              "bytes": 2499624,