{
  "udp": {
    "10": {
      "start": {
        "connected": [
          {
            "socket": 10,
            "local_host": "172.17.0.2",
            "local_port": 34075,
            "remote_host": "10.100.1.102",
            "remote_port": 32201
          }
        ],
        "version": "iperf 3.12",
        "system_info": "Linux 0404ccd2af75 6.8.0-52-generic #53~22.04.1-Ubuntu SMP PREEMPT_DYNAMIC Wed Jan 15 19:18:46 UTC 2 x86_64",
        "timestamp": {
          "time": "Fri, 21 Feb 2025 04:01:10 GMT",
          "timesecs": 1740110470
        },
        "connecting_to": {
          "host": "api-int.edge.open5g.info",
          "port": 32201
        },
        "cookie": "u4p5z5zjstajgzyzv622kvlfr74mpvulpryo",
        "target_bitrate": 10000000,
        "sock_bufsize": 0,
        "sndbuf_actual": 212992,
        "rcvbuf_actual": 212992,
        "test_start": {
          "protocol": "UDP",
          "num_streams": 1,
          "blksize": 1398,
          "omit": 0,
          "duration": 10,
          "bytes": 0,
          "blocks": 0,
          "reverse": 1,
          "tos": 0,
          "target_bitrate": 10000000
        }
      },
      "intervals": [
        {
          "streams": [
            {
              "socket": 10,
              "start": 0,
              "end": 1.000292,
              "seconds": 1.00029194355011,
              "bytes": 1251210,
              "bits_per_second": 10006758.591371743,
              "jitter_ms": 0.01726919372228382,
              "lost_packets": 0,
              "packets": 895,
              "lost_percent": 0,
              "omitted": false,
              "sender": false
            }
          ],
          "sum": {
            "start": 0,
            "end": 1.000292,
            "seconds": 1.00029194355011,
            "bytes": 1251210,
            "bits_per_second": 10006758.591371743,
            "jitter_ms": 0.01726919372228382,
            "lost_packets": 0,
            "packets": 895,
            "lost_percent": 0,
            "omitted": false,
            "sender": false
          }
        },
        {
          "streams": [
            {
              "socket": 10,
              "start": 1.000292,
              "end": 2.00028,
              "seconds": 0.9999880194664,
              "bytes": 1249812,
              "bits_per_second": 9998615.78875241,
              "jitter_ms": 0.3650257114920723,
              "lost_packets": 0,
              "packets": 894,
              "lost_percent": 0,
              "omitted": false,
              "sender": false
            }
          ],
          "sum": {
            "start": 1.000292,
            "end": 2.00028,
            "seconds": 0.9999880194664,
            "bytes": 1249812,
            "bits_per_second": 9998615.78875241,
            "jitter_ms": 0.3650257114920723,
            "lost_packets": 0,
            "packets": 894,
            "lost_percent": 0,
            "omitted": false,
            "sender": false
          }
        },
        {
          "streams": [
            {
              "socket": 10,
              "start": 2.00028,
              "end": 3.000282,
              "seconds": 1.0000020265579224,
              "bytes": 1249812,
              "bits_per_second": 9998475.737509783,
              "jitter_ms": 0.543484350511768,
              "lost_packets": 0,
              "packets": 894,
              "lost_percent": 0,
              "omitted": false,
              "sender": false
            }
          ],
          "sum": {
            "start": 2.00028,
            "end": 3.000282,
            "seconds": 1.0000020265579224,
            "bytes": 1249812,
            "bits_per_second": 9998475.737509783,
            "jitter_ms": 0.543484350511768,
            "lost_packets": 0,
            "packets": 894,
            "lost_percent": 0,
            "omitted": false,
            "sender": false
          }
        },
        {
          "streams": [
            {
              "socket": 10,
              "start": 3.000282,
              "end": 4.000288,
              "seconds": 1.0000059604644775,
              "bytes": 1251210,
              "bits_per_second": 10009620.338013541,
              "jitter_ms": 0.117503438138928,
              "lost_packets": 0,
              "packets": 895,
              "lost_percent": 0,
              "omitted": false,
              "sender": false
            }
          ],
          "sum": {
            "start": 3.000282,
            "end": 4.000288,
            "seconds": 1.0000059604644775,
            "bytes": 1251210,
            "bits_per_second": 10009620.338013541,
            "jitter_ms": 0.117503438138928,
            "lost_packets": 0,
            "packets": 895,
            "lost_percent": 0,
            "omitted": false,
            "sender": false
          }
        },
        {
          "streams": [
            {
              "socket": 10,
              "start": 4.000288,
              "end": 5.000282,
              "seconds": 0.9999939799308777,
              "bytes": 1249812,
              "bits_per_second": 9998556.1919994,
              "jitter_ms": 0.44401906586393164,
              "lost_packets": 0,
              "packets": 894,
              "lost_percent": 0,
              "omitted": false,
              "sender": false
            }
          ],
          "sum": {
            "start": 4.000288,
            "end": 5.000282,
            "seconds": 0.9999939799308777,
            "bytes": 1249812,
            "bits_per_second": 9998556.1919994,
            "jitter_ms": 0.44401906586393164,
            "lost_packets": 0,
            "packets": 894,
            "lost_percent": 0,
            "omitted": false,
            "sender": false
          }
        },
        {
          "streams": [
            {
              "socket": 10,
              "start": 5.000282,
              "end": 6.000284,
              "seconds": 1.0000020265579224,
              "bytes": 1249812,
              "bits_per_second": 9998475.737509783,
              "jitter_ms": 0.447154335967124,
              "lost_packets": 0,
              "packets": 894,
              "lost_percent": 0,
              "omitted": false,
              "sender": false
            }
          ],
          "sum": {
            "start": 5.000282,
            "end": 6.000284,
            "seconds": 1.0000020265579224,
            "bytes": 1249812,
            "bits_per_second": 9998475.737509783,
            "jitter_ms": 0.447154335967124,
            "lost_packets": 0,
            "packets": 894,
            "lost_percent": 0,
            "omitted": false,
            "sender": false
          }
        },
        {
          "streams": [
            {
              "socket": 10,
              "start": 6.000284,
              "end": 7.000281,
              "seconds": 0.9999970197677612,
              "bytes": 1249812,
              "bits_per_second": 9998525.797928924,
              "jitter_ms": 0.447674386272937,
              "lost_packets": 0,
              "packets": 894,
              "lost_percent": 0,
              "omitted": false,
              "sender": false
            }
          ],
          "sum": {
            "start": 6.000284,
            "end": 7.000281,
            "seconds": 0.9999970197677612,
            "bytes": 1249812,
            "bits_per_second": 9998525.797928924,
            "jitter_ms": 0.447674386272937,
            "lost_packets": 0,
            "packets": 894,
            "lost_percent": 0,
            "omitted": false,
            "sender": false
          }
        },
        {
          "streams": [
            {
              "socket": 10,
              "start": 7.000281,
              "end": 8.000253,
              "seconds": 0.9999719858169556,
              "bytes": 1249812,
              "bits_per_second": 9998776.107544096,
              "jitter_ms": 0.134345848717303,
              "lost_packets": 0,
              "packets": 894,
              "lost_percent": 0,