{
  "udp": {
    "50": {
      "start": {
        "connected": [
          {
            "socket": 10,
            "local_host": "172.17.0.2",
            "local_port": 42564,
            "remote_host": "172.20.25.101",
            "remote_port": 32201
          }
        ],
        "version": "iperf 3.12",
        "system_info": "Linux b8c2baa17744 6.8.0-79-generic #79~22.04.1-Ubuntu SMP PREEMPT_DYNAMIC Fri Aug 15 16:54:53 UTC 2 x86_64",
        "timestamp": {
          "time": "Fri, 19 Sep 2025 05:31:50 GMT",
          "timesecs": 1758259910
        },
        "connecting_to": {
          "host": "api-int.tenoran.automation.otic.open6g.net",
          "port": 32201
        },
        "cookie": "iaz4bya2c5yuakaykgg3o74hsr3g7m64mtnj",
        "target_bitrate": 50000000,
        "sock_bufsize": 0,
        "sndbuf_actual": 212992,
        "rcvbuf_actual": 212992,
        "test_start": {
          "protocol": "UDP",
          "num_streams": 1,
          "blksize": 1348,
          "omit": 0,
          "duration": 10,
          "bytes": 0,
          "blocks": 0,
          "reverse": 1,
          "tos": 0,
          "target_bitrate": 50000000
        }
      },
      "intervals": [
        {
          "streams": [
            {
              "socket": 10,
              "start": 0,
              "end": 1.000052,
              "seconds": 1.0000519752502441,
              "bytes": 6183276,
              "bits_per_second": 49463637.11508296,
              "jitter_ms": 0.8613063722556454,
              "lost_packets": 0,
              "packets": 4587,
              "lost_percent": 0,
              "omitted": false,
              "sender": false
            }
          ],
          "sum": {
            "start": 0,
            "end": 1.000052,
            "seconds": 1.0000519752502441,
            "bytes": 6183276,
            "bits_per_second": 49463637.11508296,
            "jitter_ms": 0.8613063722556454,
            "lost_packets": 0,
            "packets": 4587,
            "lost_percent": 0,
            "omitted": false,
            "sender": false
          }
        },
        {
          "streams": [
            {
              "socket": 10,
              "start": 1.000052,
              "end": 2.000154,
              "seconds": 1.0001020431518555,
              "bytes": 5939288,
              "bits_per_second": 47509455.98536831,
              "jitter_ms": 0.394372951344262,
              "lost_packets": 0,
              "packets": 4406,
              "lost_percent": 0,
              "omitted": false,
              "sender": false
            }
          ],
          "sum": {
            "start": 1.000052,
            "end": 2.000154,
            "seconds": 1.0001020431518555,
            "bytes": 5939288,
            "bits_per_second": 47509455.98536831,
            "jitter_ms": 0.394372951344262,
            "lost_packets": 0,
            "packets": 4406,
            "lost_percent": 0,
            "omitted": false,
            "sender": false
          }
        },
        {
          "streams": [
            {
              "socket": 10,
              "start": 2.000154,
              "end": 3.000157,
              "seconds": 1.0000029802322388,
              "bytes": 5875932,
              "bits_per_second": 47007315.907281674,
              "jitter_ms": 0.3165470577191463,
              "lost_packets": 0,
              "packets": 4359,
              "lost_percent": 0,
              "omitted": false,
              "sender": false
            }
          ],
          "sum": {
            "start": 2.000154,
            "end": 3.000157,
            "seconds": 1.0000029802322388,
            "bytes": 5875932,
            "bits_per_second": 47007315.907281674,
            "jitter_ms": 0.3165470577191463,
            "lost_packets": 0,
            "packets": 4359,
            "lost_percent": 0,
            "omitted": false,
            "sender": false
          }
        },
        {
          "streams": [
            {
              "socket": 10,
              "start": 3.000157,
              "end": 4.00006,
              "seconds": 0.9999030232429504,
              "bytes": 6552628,
              "bits_per_second": 52426108.11394962,
              "jitter_ms": 0.5720657695165782,
              "lost_packets": 0,
              "packets": 4861,
              "lost_percent": 0,
              "omitted": false,
              "sender": false
            }
          ],
          "sum": {
            "start": 3.000157,
            "end": 4.00006,
            "seconds": 0.9999030232429504,
            "bytes": 6552628,
            "bits_per_second": 52426108.11394962,
            "jitter_ms": 0.5720657695165782,
            "lost_packets": 0,
            "packets": 4861,
            "lost_percent": 0,
            "omitted": false,
            "sender": false
          }
        },
        {
          "streams": [
            {
              "socket": 10,
              "start": 4.00006,
              "end": 5.000154,
              "seconds": 1.0000940561294556,
              "bytes": 6477140,
              "bits_per_second": 51812246.74061318,
              "jitter_ms": 0.3449172584479298,
              "lost_packets": 0,
              "packets": 4805,
              "lost_percent": 0,
              "omitted": false,
              "sender": false
            }
          ],
          "sum": {
            "start": 4.00006,
            "end": 5.000154,
            "seconds": 1.0000940561294556,
            "bytes": 6477140,
            "bits_per_second": 51812246.74061318,
            "jitter_ms": 0.3449172584479298,
            "lost_packets": 0,
            "packets": 4805,
            "lost_percent": 0,
            "omitted": false,
            "sender": false
          }
        },
        {
          "streams": [
            {
              "socket": 10,
              "start": 5.000154,
              "end": 6.000137,
              "seconds": 0.999983012676239,
              "bytes": 6353124,
              "bits_per_second": 50825855.39526103,
              "jitter_ms": 0.34383761910997723,
              "lost_packets": 0,
              "packets": 4713,
              "lost_percent": 0,
              "omitted": false,
              "sender": false
            }
          ],
          "sum": {
            "start": 5.000154,
            "end": 6.000137,
            "seconds": 0.999983012676239,
            "bytes": 6353124,
            "bits_per_second": 50825855.39526103,
            "jitter_ms": 0.34383761910997723,
            "lost_packets": 0,
            "packets": 4713,
            "lost_percent": 0,
            "omitted": false,
            "sender": false
          }
        },
        {
          "streams": [
            {
              "socket": 10,
              "start": 6.000137,
              "end": 7.000127,
              "seconds": 0.9999899864196777,
              "bytes": 6012080,
              "bits_per_second": 48097121.624390654,
              "jitter_ms": 0.627859713475244,
              "lost_packets": 0,
              "packets": 4460,
              "lost_percent": 0,
              "omitted": false,
              "sender": false
            }
          ],
          "sum": {
            "start": 6.000137,
            "end": 7.000127,
            "seconds": 0.9999899864196777,
            "bytes": 6012080,
            "bits_per_second": 48097121.624390654,
            "jitter_ms": 0.627859713475244,
            "lost_packets": 0,
            "packets": 4460,
            "lost_percent": 0,
            "omitted": false,
            "sender": false
          }
        },
        {
          "streams": [
            {
              "socket": 10,
              "start": 7.000127,
              "end": 8.000227,
              "seconds": 1.000100016593933,
              "bytes": 6614636,
              "bits_per_second": 52911795.942390956,
              "jitter_ms": 0.366410169256721,
              "lost_packets": 0,
              "packets": 4907,