{
  "udp": {
    "10": {
      "start": {
        "connected": [
          {
            "socket": 9,
            "local_host": "172.17.0.2",
            "local_port": 47886,
            "remote_host": "10.100.1.103",
            "remote_port": 32201
          }
        ],
        "version": "iperf 3.12",
        "system_info": "Linux c7c03511ba70 6.2.0-37-generic #38~22.04.1-Ubuntu SMP PREEMPT_DYNAMIC Thu Nov  2 18:01:13 UTC 2 x86_64",
        "timestamp": {
          "time": "Sat, 16 Dec 2023 04:00:43 GMT",
          "timesecs": 1702699243
        },
        "connecting_to": {
          "host": "api-int.edge.open5g.info",
          "port": 32201
        },
        "cookie": "sbfy23p4a4ssclisc5c3phko4hmuhsldhx5u",
        "target_bitrate": 10000000,
        "sock_bufsize": 0,
        "sndbuf_actual": 212992,
        "rcvbuf_actual": 212992,
        "test_start": {
          "protocol": "UDP",
          "num_streams": 1,
          "blksize": 1398,
          "omit": 0,
          "duration": 10,
          "bytes": 0,
          "blocks": 0,
          "reverse": 1,
          "tos": 0,
          "target_bitrate": 10000000
        }
      },
      "intervals": [
        {
          "streams": [
            {
              "socket": 9,
              "start": 0,
              "end": 1.000168,
              "seconds": 1.000167965888977,
              "bytes": 1251210,
              "bits_per_second": 10007998.997551495,
              "jitter_ms": 0.03149681010742425,
              "lost_packets": 0,
              "packets": 895,
              "lost_percent": 0,
              "omitted": false,
              "sender": false
            }
          ],
          "sum": {
            "start": 0,
            "end": 1.000168,
            "seconds": 1.000167965888977,
            "bytes": 1251210,
            "bits_per_second": 10007998.997551495,
            "jitter_ms": 0.03149681010742425,
            "lost_packets": 0,
            "packets": 895,
            "lost_percent": 0,
            "omitted": false,
            "sender": false
          }
        },
        {
          "streams": [
            {
              "socket": 9,
              "start": 1.000168,
              "end": 2.000181,
              "seconds": 1.000012993812561,
              "bytes": 1249812,
              "bits_per_second": 9998366.0831052,
              "jitter_ms": 0.08174471751195657,
              "lost_packets": 0,
              "packets": 894,
              "lost_percent": 0,
              "omitted": false,
              "sender": false
            }
          ],
          "sum": {
            "start": 1.000168,
            "end": 2.000181,
            "seconds": 1.000012993812561,
            "bytes": 1249812,
            "bits_per_second": 9998366.0831052,
            "jitter_ms": 0.08174471751195657,
            "lost_packets": 0,
            "packets": 894,
            "lost_percent": 0,
            "omitted": false,
            "sender": false
          }
        },
        {
          "streams": [
            {
              "socket": 9,
              "start": 2.000181,
              "end": 3.000181,
              "seconds": 1,
              "bytes": 1249812,
              "bits_per_second": 9998496,
              "jitter_ms": 0.2699949435293295,
              "lost_packets": 0,
              "packets": 894,
              "lost_percent": 0,
              "omitted": false,
              "sender": false
            }
          ],
          "sum": {
            "start": 2.000181,
            "end": 3.000181,
            "seconds": 1,
            "bytes": 1249812,
            "bits_per_second": 9998496,
            "jitter_ms": 0.2699949435293295,
            "lost_packets": 0,
            "packets": 894,
            "lost_percent": 0,
            "omitted": false,
            "sender": false
          }
        },
        {
          "streams": [
            {
              "socket": 9,
              "start": 3.000181,
              "end": 4.000299,
              "seconds": 1.0001180171966553,
              "bytes": 1249812,
              "bits_per_second": 9997316.144774517,
              "jitter_ms": 0.04524540536458084,
              "lost_packets": 0,
              "packets": 894,
              "lost_percent": 0,
              "omitted": false,
              "sender": false
            }
          ],
          "sum": {
            "start": 3.000181,
            "end": 4.000299,
            "seconds": 1.0001180171966553,
            "bytes": 1249812,
            "bits_per_second": 9997316.144774517,
            "jitter_ms": 0.04524540536458084,
            "lost_packets": 0,
            "packets": 894,
            "lost_percent": 0,
            "omitted": false,
            "sender": false
          }
        },
        {
          "streams": [
            {
              "socket": 9,
              "start": 4.000299,
              "end": 5.000168,
              "seconds": 0.9998689889907837,
              "bytes": 1251210,
              "bits_per_second": 10010991.550106235,
              "jitter_ms": 0.1491977848786986,
              "lost_packets": 0,
              "packets": 895,
              "lost_percent": 0,
              "omitted": false,
              "sender": false
            }
          ],
          "sum": {
            "start": 4.000299,
            "end": 5.000168,
            "seconds": 0.9998689889907837,
            "bytes": 1251210,
            "bits_per_second": 10010991.550106235,
            "jitter_ms": 0.1491977848786986,
            "lost_packets": 0,
            "packets": 895,
            "lost_percent": 0,
            "omitted": false,
            "sender": false
          }
        },
        {
          "streams": [
            {
              "socket": 9,
              "start": 5.000168,
              "end": 6.000164,
              "seconds": 0.9999960064888,
              "bytes": 1249812,
              "bits_per_second": 9998535.929265216,
              "jitter_ms": 0.1973347567284729,
              "lost_packets": 0,
              "packets": 894,
              "lost_percent": 0,
              "omitted": false,
              "sender": false
            }
          ],
          "sum": {
            "start": 5.000168,
            "end": 6.000164,
            "seconds": 0.9999960064888,
            "bytes": 1249812,
            "bits_per_second": 9998535.929265216,
            "jitter_ms": 0.1973347567284729,
            "lost_packets": 0,
            "packets": 894,
            "lost_percent": 0,
            "omitted": false,
            "sender": false
          }
        },
        {
          "streams": [
            {
              "socket": 9,
              "start": 6.000164,
              "end": 7.000305,
              "seconds": 1.0001410245895386,
              "bytes": 1249812,
              "bits_per_second": 9997086.165026994,
              "jitter_ms": 0.053155903982043756,
              "lost_packets": 0,
              "packets": 894,
              "lost_percent": 0,
              "omitted": false,
              "sender": false
            }
          ],
          "sum": {
            "start": 6.000164,
            "end": 7.000305,
            "seconds": 1.0001410245895386,
            "bytes": 1249812,
            "bits_per_second": 9997086.165026994,
            "jitter_ms": 0.053155903982043756,
            "lost_packets": 0,
            "packets": 894,
            "lost_percent": 0,
            "omitted": false,
            "sender": false
          }
        },
        {
          "streams": [
            {
              "socket": 9,
              "start": 7.000305,
              "end": 8.000185,
              "seconds": 0.999880015850067,
              "bytes": 1219056,
              "bits_per_second": 9753618.27959805,
              "jitter_ms": 0.10675598182124234,
              "lost_packets": 22,
              "packets": 894,
              "lost_percent": 2.460850111856823,
              "omitted": false,