{
  "udp": {
    "30": {
      "start": {
        "connected": [
          {
            "socket": 10,
            "local_host": "172.17.0.2",
            "local_port": 50062,
            "remote_host": "10.100.1.101",
            "remote_port": 32201
          }
        ],
        "version": "iperf 3.12",
        "system_info": "Linux 29cc0a35cbb2 6.5.0-27-generic #28~22.04.1-Ubuntu SMP PREEMPT_DYNAMIC Fri Mar 15 10:51:06 UTC 2 x86_64",
        "timestamp": {
          "time": "Tue, 30 Jul 2024 10:01:45 GMT",
          "timesecs": 1722333705
        },
        "connecting_to": {
          "host": "api-int.edge.open5g.info",
          "port": 32201
        },
        "cookie": "hhmbvh2grln23lgol7cejbbvjhujo5ydrxr3",
        "target_bitrate": 30000000,
        "sock_bufsize": 0,
        "sndbuf_actual": 212992,
        "rcvbuf_actual": 212992,
        "test_start": {
          "protocol": "UDP",
          "num_streams": 1,
          "blksize": 1398,
          "omit": 0,
          "duration": 10,
          "bytes": 0,
          "blocks": 0,
          "reverse": 1,
          "tos": 0,
          "target_bitrate": 30000000
        }
      },
      "intervals": [
        {
          "streams": [
            {
              "socket": 10,
              "start": 0,
              "end": 1.000178,
              "seconds": 1.0001779794692993,
              "bytes": 3755028,
              "bits_per_second": 30034878.408280425,
              "jitter_ms": 0.027458838204452992,
              "lost_packets": 0,
              "packets": 2686,
              "lost_percent": 0,
              "omitted": false,
              "sender": false
            }
          ],
          "sum": {
            "start": 0,
            "end": 1.000178,
            "seconds": 1.0001779794692993,
            "bytes": 3755028,
            "bits_per_second": 30034878.408280425,
            "jitter_ms": 0.027458838204452992,
            "lost_packets": 0,
            "packets": 2686,
            "lost_percent": 0,
            "omitted": false,
            "sender": false
          }
        },
        {
          "streams": [
            {
              "socket": 10,
              "start": 1.000178,
              "end": 2.000236,
              "seconds": 1.0000580549240112,
              "bytes": 3750834,
              "bits_per_second": 30004930.06606505,
              "jitter_ms": 0.0758743184506512,
              "lost_packets": 0,
              "packets": 2683,
              "lost_percent": 0,
              "omitted": false,
              "sender": false
            }
          ],
          "sum": {
            "start": 1.000178,
            "end": 2.000236,
            "seconds": 1.0000580549240112,
            "bytes": 3750834,
            "bits_per_second": 30004930.06606505,
            "jitter_ms": 0.0758743184506512,
            "lost_packets": 0,
            "packets": 2683,
            "lost_percent": 0,
            "omitted": false,
            "sender": false
          }
        },
        {
          "streams": [
            {
              "socket": 10,
              "start": 2.000236,
              "end": 3.000179,
              "seconds": 0.9999430179595947,
              "bytes": 3749436,
              "bits_per_second": 29997197.30150868,
              "jitter_ms": 0.037836528092890453,
              "lost_packets": 0,
              "packets": 2682,
              "lost_percent": 0,
              "omitted": false,
              "sender": false
            }
          ],
          "sum": {
            "start": 2.000236,
            "end": 3.000179,
            "seconds": 0.9999430179595947,
            "bytes": 3749436,
            "bits_per_second": 29997197.30150868,
            "jitter_ms": 0.037836528092890453,
            "lost_packets": 0,
            "packets": 2682,
            "lost_percent": 0,
            "omitted": false,
            "sender": false
          }
        },
        {
          "streams": [
            {
              "socket": 10,
              "start": 3.000179,
              "end": 4.000262,
              "seconds": 1.0000829696655273,
              "bytes": 3749436,
              "bits_per_second": 29992999.49086408,
              "jitter_ms": 0.022228262548329415,
              "lost_packets": 0,
              "packets": 2682,
              "lost_percent": 0,
              "omitted": false,
              "sender": false
            }
          ],
          "sum": {
            "start": 3.000179,
            "end": 4.000262,
            "seconds": 1.0000829696655273,
            "bytes": 3749436,
            "bits_per_second": 29992999.49086408,
            "jitter_ms": 0.022228262548329415,
            "lost_packets": 0,
            "packets": 2682,
            "lost_percent": 0,
            "omitted": false,
            "sender": false
          }
        },
        {
          "streams": [
            {
              "socket": 10,
              "start": 4.000262,
              "end": 5.000081,
              "seconds": 0.999818980693817,
              "bytes": 3609636,
              "bits_per_second": 28882316.25684977,
              "jitter_ms": 0.06095742063234425,
              "lost_packets": 0,
              "packets": 2582,
              "lost_percent": 0,
              "omitted": false,
              "sender": false
            }
          ],
          "sum": {
            "start": 4.000262,
            "end": 5.000081,
            "seconds": 0.999818980693817,
            "bytes": 3609636,
            "bits_per_second": 28882316.25684977,
            "jitter_ms": 0.06095742063234425,
            "lost_packets": 0,
            "packets": 2582,
            "lost_percent": 0,
            "omitted": false,
            "sender": false
          }
        },
        {
          "streams": [
            {
              "socket": 10,
              "start": 5.000081,
              "end": 6.000265,
              "seconds": 1.0001840591430664,
              "bytes": 3892032,
              "bits_per_second": 31130526.14203509,
              "jitter_ms": 0.022547094308236353,
              "lost_packets": 0,
              "packets": 2784,
              "lost_percent": 0,
              "omitted": false,
              "sender": false
            }
          ],
          "sum": {
            "start": 5.000081,
            "end": 6.000265,
            "seconds": 1.0001840591430664,
            "bytes": 3892032,
            "bits_per_second": 31130526.14203509,
            "jitter_ms": 0.022547094308236353,
            "lost_packets": 0,
            "packets": 2784,
            "lost_percent": 0,
            "omitted": false,
            "sender": false
          }
        },
        {
          "streams": [
            {
              "socket": 10,
              "start": 6.000265,
              "end": 7.000272,
              "seconds": 1.0000070333480835,
              "bytes": 3749436,
              "bits_per_second": 29995277.032775767,
              "jitter_ms": 0.03181230845323995,
              "lost_packets": 0,
              "packets": 2682,
              "lost_percent": 0,
              "omitted": false,
              "sender": false
            }
          ],
          "sum": {
            "start": 6.000265,
            "end": 7.000272,
            "seconds": 1.0000070333480835,
            "bytes": 3749436,
            "bits_per_second": 29995277.032775767,
            "jitter_ms": 0.03181230845323995,
            "lost_packets": 0,
            "packets": 2682,
            "lost_percent": 0,
            "omitted": false,
            "sender": false
          }
        },
        {
          "streams": [
            {
              "socket": 10,
              "start": 7.000272,
              "end": 8.000263,
              "seconds": 0.999990999698639,
              "bytes": 3749436,
              "bits_per_second": 29995757.970861293,
              "jitter_ms": 0.02213107707012915,
              "lost_packets": 0,