{
  "udp": {
    "30": {
      "start": {
        "connected": [
          {
            "socket": 9,
            "local_host": "172.17.0.2",
            "local_port": 47568,
            "remote_host": "10.100.1.102",
            "remote_port": 32201
          }
        ],
        "version": "iperf 3.12",
        "system_info": "Linux 0b4938648e90 6.2.0-37-generic #38~22.04.1-Ubuntu SMP PREEMPT_DYNAMIC Thu Nov  2 18:01:13 UTC 2 x86_64",
        "timestamp": {
          "time": "Sun, 10 Dec 2023 22:01:22 GMT",
          "timesecs": 1702245682
        },
        "connecting_to": {
          "host": "api-int.edge.open5g.info",
          "port": 32201
        },
        "cookie": "7nh5dpe4stktfwwjuh5r6xklu2f5seci3pvo",
        "target_bitrate": 30000000,
        "sock_bufsize": 0,
        "sndbuf_actual": 212992,
        "rcvbuf_actual": 212992,
        "test_start": {
          "protocol": "UDP",
          "num_streams": 1,
          "blksize": 1398,
          "omit": 0,
          "duration": 10,
          "bytes": 0,
          "blocks": 0,
          "reverse": 1,
          "tos": 0,
          "target_bitrate": 30000000
        }
      },
      "intervals": [
        {
          "streams": [
            {
              "socket": 9,
              "start": 0,
              "end": 1.000093,
              "seconds": 1.0000929832458496,
              "bytes": 3619422,
              "bits_per_second": 28952683.885476273,
              "jitter_ms": 0.053311490571744724,
              "lost_packets": 0,
              "packets": 2589,
              "lost_percent": 0,
              "omitted": false,
              "sender": false
            }
          ],
          "sum": {
            "start": 0,
            "end": 1.000093,
            "seconds": 1.0000929832458496,
            "bytes": 3619422,
            "bits_per_second": 28952683.885476273,
            "jitter_ms": 0.053311490571744724,
            "lost_packets": 0,
            "packets": 2589,
            "lost_percent": 0,
            "omitted": false,
            "sender": false
          }
        },
        {
          "streams": [
            {
              "socket": 9,
              "start": 1.000093,
              "end": 2.000289,
              "seconds": 1.0001959800720215,
              "bytes": 3627810,
              "bits_per_second": 29016793.286761828,
              "jitter_ms": 0.029768248439328147,
              "lost_packets": 0,
              "packets": 2595,
              "lost_percent": 0,
              "omitted": false,
              "sender": false
            }
          ],
          "sum": {
            "start": 1.000093,
            "end": 2.000289,
            "seconds": 1.0001959800720215,
            "bytes": 3627810,
            "bits_per_second": 29016793.286761828,
            "jitter_ms": 0.029768248439328147,
            "lost_packets": 0,
            "packets": 2595,
            "lost_percent": 0,
            "omitted": false,
            "sender": false
          }
        },
        {
          "streams": [
            {
              "socket": 9,
              "start": 2.000289,
              "end": 3.000093,
              "seconds": 0.9998040199279785,
              "bytes": 3838908,
              "bits_per_second": 30717283.975525826,
              "jitter_ms": 0.0782509046837634,
              "lost_packets": 0,
              "packets": 2746,
              "lost_percent": 0,
              "omitted": false,
              "sender": false
            }
          ],
          "sum": {
            "start": 2.000289,
            "end": 3.000093,
            "seconds": 0.9998040199279785,
            "bytes": 3838908,
            "bits_per_second": 30717283.975525826,
            "jitter_ms": 0.0782509046837634,
            "lost_packets": 0,
            "packets": 2746,
            "lost_percent": 0,
            "omitted": false,
            "sender": false
          }
        },
        {
          "streams": [
            {
              "socket": 9,
              "start": 3.000093,
              "end": 4.000113,
              "seconds": 1.0000200271606445,
              "bytes": 3661362,
              "bits_per_second": 29290309.398268353,
              "jitter_ms": 0.0411947374164785,
              "lost_packets": 0,
              "packets": 2619,
              "lost_percent": 0,
              "omitted": false,
              "sender": false
            }
          ],
          "sum": {
            "start": 3.000093,
            "end": 4.000113,
            "seconds": 1.0000200271606445,
            "bytes": 3661362,
            "bits_per_second": 29290309.398268353,
            "jitter_ms": 0.0411947374164785,
            "lost_packets": 0,
            "packets": 2619,
            "lost_percent": 0,
            "omitted": false,
            "sender": false
          }
        },
        {
          "streams": [
            {
              "socket": 9,
              "start": 4.000113,
              "end": 5.000093,
              "seconds": 0.9999799728393555,
              "bytes": 3840306,
              "bits_per_second": 30723063.295724116,
              "jitter_ms": 0.07857158600476523,
              "lost_packets": 0,
              "packets": 2747,
              "lost_percent": 0,
              "omitted": false,
              "sender": false
            }
          ],
          "sum": {
            "start": 4.000113,
            "end": 5.000093,
            "seconds": 0.9999799728393555,
            "bytes": 3840306,
            "bits_per_second": 30723063.295724116,
            "jitter_ms": 0.07857158600476523,
            "lost_packets": 0,
            "packets": 2747,
            "lost_percent": 0,
            "omitted": false,
            "sender": false
          }
        },
        {
          "streams": [
            {
              "socket": 9,
              "start": 5.000093,
              "end": 6.000092,
              "seconds": 0.9999989867210388,
              "bytes": 3810948,
              "bits_per_second": 30487614.892458748,
              "jitter_ms": 0.019751342439106114,
              "lost_packets": 0,
              "packets": 2726,
              "lost_percent": 0,
              "omitted": false,
              "sender": false
            }
          ],
          "sum": {
            "start": 5.000093,
            "end": 6.000092,
            "seconds": 0.9999989867210388,
            "bytes": 3810948,
            "bits_per_second": 30487614.892458748,
            "jitter_ms": 0.019751342439106114,
            "lost_packets": 0,
            "packets": 2726,
            "lost_percent": 0,
            "omitted": false,
            "sender": false
          }
        },
        {
          "streams": [
            {
              "socket": 9,
              "start": 6.000092,
              "end": 7.000094,
              "seconds": 1.0000020265579224,
              "bytes": 3694914,
              "bits_per_second": 29559252.096463487,
              "jitter_ms": 0.07119397212651014,
              "lost_packets": 0,
              "packets": 2643,
              "lost_percent": 0,
              "omitted": false,
              "sender": false
            }
          ],
          "sum": {
            "start": 6.000092,
            "end": 7.000094,
            "seconds": 1.0000020265579224,
            "bytes": 3694914,
            "bits_per_second": 29559252.096463487,
            "jitter_ms": 0.07119397212651014,
            "lost_packets": 0,
            "packets": 2643,
            "lost_percent": 0,
            "omitted": false,
            "sender": false
          }
        },
        {
          "streams": [
            {
              "socket": 9,
              "start": 7.000094,
              "end": 8.000093,
              "seconds": 0.9999989867210388,
              "bytes": 3769008,
              "bits_per_second": 30152094.552483045,
              "jitter_ms": 0.034162880409534774,
              "lost_packets": 0,