{
  "udp": {
    "20": {
      "start": {
        "connected": [
          {
            "socket": 10,
            "local_host": "172.17.0.2",
            "local_port": 37196,
            "remote_host": "172.20.25.101",
            "remote_port": 32201
          }
        ],
        "version": "iperf 3.12",
        "system_info": "Linux c73a81333e29 6.8.0-60-generic #63~22.04.1-Ubuntu SMP PREEMPT_DYNAMIC Tue Apr 22 19:00:15 UTC 2 x86_64",
        "timestamp": {
          "time": "Wed, 09 Jul 2025 05:31:24 GMT",
          "timesecs": 1752039084
        },
        "connecting_to": {
          "host": "api-int.tenoran.automation.otic.open6g.net",
          "port": 32201
        },
        "cookie": "bpcv266tju5jryowm7pqvtyjinmxjlz5vqki",
        "target_bitrate": 20000000,
        "sock_bufsize": 0,
        "sndbuf_actual": 212992,
        "rcvbuf_actual": 212992,
        "test_start": {
          "protocol": "UDP",
          "num_streams": 1,
          "blksize": 1348,
          "omit": 0,
          "duration": 10,
          "bytes": 0,
          "blocks": 0,
          "reverse": 1,
          "tos": 0,
          "target_bitrate": 20000000
        }
      },
      "intervals": [
        {
          "streams": [
            {
              "socket": 10,
              "start": 0,
              "end": 1.000154,
              "seconds": 1.0001540184020996,
              "bytes": 2404832,
              "bits_per_second": 19235693.349247072,
              "jitter_ms": 0.12289250387722433,
              "lost_packets": 0,
              "packets": 1784,
              "lost_percent": 0,
              "omitted": false,
              "sender": false
            }
          ],
          "sum": {
            "start": 0,
            "end": 1.000154,
            "seconds": 1.0001540184020996,
            "bytes": 2404832,
            "bits_per_second": 19235693.349247072,
            "jitter_ms": 0.12289250387722433,
            "lost_packets": 0,
            "packets": 1784,
            "lost_percent": 0,
            "omitted": false,
            "sender": false
          }
        },
        {
          "streams": [
            {
              "socket": 10,
              "start": 1.000154,
              "end": 2.000155,
              "seconds": 1.0000009536743164,
              "bytes": 2500540,
              "bits_per_second": 20004300.922411993,
              "jitter_ms": 0.12333772326200834,
              "lost_packets": 0,
              "packets": 1855,
              "lost_percent": 0,
              "omitted": false,
              "sender": false
            }
          ],
          "sum": {
            "start": 1.000154,
            "end": 2.000155,
            "seconds": 1.0000009536743164,
            "bytes": 2500540,
            "bits_per_second": 20004300.922411993,
            "jitter_ms": 0.12333772326200834,
            "lost_packets": 0,
            "packets": 1855,
            "lost_percent": 0,
            "omitted": false,
            "sender": false
          }
        },
        {
          "streams": [
            {
              "socket": 10,
              "start": 2.000155,
              "end": 3.000178,
              "seconds": 1.0000230073928833,
              "bytes": 2528848,
              "bits_per_second": 20230318.553112894,
              "jitter_ms": 0.03896796695603047,
              "lost_packets": 0,
              "packets": 1876,
              "lost_percent": 0,
              "omitted": false,
              "sender": false
            }
          ],
          "sum": {
            "start": 2.000155,
            "end": 3.000178,
            "seconds": 1.0000230073928833,
            "bytes": 2528848,
            "bits_per_second": 20230318.553112894,
            "jitter_ms": 0.03896796695603047,
            "lost_packets": 0,
            "packets": 1876,
            "lost_percent": 0,
            "omitted": false,
            "sender": false
          }
        },
        {
          "streams": [
            {
              "socket": 10,
              "start": 3.000178,
              "end": 4.000158,
              "seconds": 0.9999799728393555,
              "bytes": 2491104,
              "bits_per_second": 19929231.12591328,
              "jitter_ms": 0.20059543807288424,
              "lost_packets": 0,
              "packets": 1848,
              "lost_percent": 0,
              "omitted": false,
              "sender": false
            }
          ],
          "sum": {
            "start": 3.000178,
            "end": 4.000158,
            "seconds": 0.9999799728393555,
            "bytes": 2491104,
            "bits_per_second": 19929231.12591328,
            "jitter_ms": 0.20059543807288424,
            "lost_packets": 0,
            "packets": 1848,
            "lost_percent": 0,
            "omitted": false,
            "sender": false
          }
        },
        {
          "streams": [
            {
              "socket": 10,
              "start": 4.000158,
              "end": 5.000081,
              "seconds": 0.9999229907989502,
              "bytes": 2470884,
              "bits_per_second": 19768594.363657825,
              "jitter_ms": 0.5093496257401996,
              "lost_packets": 0,
              "packets": 1833,
              "lost_percent": 0,
              "omitted": false,
              "sender": false
            }
          ],
          "sum": {
            "start": 4.000158,
            "end": 5.000081,
            "seconds": 0.9999229907989502,
            "bytes": 2470884,
            "bits_per_second": 19768594.363657825,
            "jitter_ms": 0.5093496257401996,
            "lost_packets": 0,
            "packets": 1833,
            "lost_percent": 0,
            "omitted": false,
            "sender": false
          }
        },
        {
          "streams": [
            {
              "socket": 10,
              "start": 5.000081,
              "end": 6.000177,
              "seconds": 1.0000959634780884,
              "bytes": 2528848,
              "bits_per_second": 20228842.7698901,
              "jitter_ms": 0.20106880748024156,
              "lost_packets": 0,
              "packets": 1876,
              "lost_percent": 0,
              "omitted": false,
              "sender": false
            }
          ],
          "sum": {
            "start": 5.000081,
            "end": 6.000177,
            "seconds": 1.0000959634780884,
            "bytes": 2528848,
            "bits_per_second": 20228842.7698901,
            "jitter_ms": 0.20106880748024156,
            "lost_packets": 0,
            "packets": 1876,
            "lost_percent": 0,
            "omitted": false,
            "sender": false
          }
        },
        {
          "streams": [
            {
              "socket": 10,
              "start": 6.000177,
              "end": 7.00014,
              "seconds": 0.9999629855155945,
              "bytes": 2500540,
              "bits_per_second": 20005060.476999056,
              "jitter_ms": 0.20192723421960168,
              "lost_packets": 0,
              "packets": 1855,
              "lost_percent": 0,
              "omitted": false,
              "sender": false
            }
          ],
          "sum": {
            "start": 6.000177,
            "end": 7.00014,
            "seconds": 0.9999629855155945,
            "bytes": 2500540,
            "bits_per_second": 20005060.476999056,
            "jitter_ms": 0.20192723421960168,
            "lost_packets": 0,
            "packets": 1855,
            "lost_percent": 0,
            "omitted": false,
            "sender": false
          }
        },
        {
          "streams": [
            {
              "socket": 10,
              "start": 7.00014,
              "end": 8.000146,
              "seconds": 1.0000059604644775,
              "bytes": 2501888,
              "bits_per_second": 20014984.70139467,
              "jitter_ms": 0.18714859782001247,
              "lost_packets": 0,