{
  "udp": {
    "60": {
      "start": {
        "connected": [
          {
            "socket": 10,
            "local_host": "172.17.0.2",
            "local_port": 36309,
            "remote_host": "172.20.25.101",
            "remote_port": 32201
          }
        ],
        "version": "iperf 3.12",
        "system_info": "Linux 4d56a5433c4a 6.8.0-52-generic #53~22.04.1-Ubuntu SMP PREEMPT_DYNAMIC Wed Jan 15 19:18:46 UTC 2 x86_64",
        "timestamp": {
          "time": "Thu, 17 Apr 2025 04:34:38 GMT",
          "timesecs": 1744864478
        },
        "connecting_to": {
          "host": "api-int.tenoran.automation.otic.open6g.net",
          "port": 32201
        },
        "cookie": "okb6dzdy33okunxoa4kgoq5lfazofiputeub",
        "target_bitrate": 60000000,
        "sock_bufsize": 0,
        "sndbuf_actual": 212992,
        "rcvbuf_actual": 212992,
        "test_start": {
          "protocol": "UDP",
          "num_streams": 1,
          "blksize": 1348,
          "omit": 0,
          "duration": 10,
          "bytes": 0,
          "blocks": 0,
          "reverse": 1,
          "tos": 0,
          "target_bitrate": 60000000
        }
      },
      "intervals": [
        {
          "streams": [
            {
              "socket": 10,
              "start": 0,
              "end": 1.000166,
              "seconds": 1.0001660585403442,
              "bytes": 7006904,
              "bits_per_second": 56045925.0954864,
              "jitter_ms": 0.027808010089677447,
              "lost_packets": 16,
              "packets": 5214,
              "lost_percent": 0.3068661296509398,
              "omitted": false,
              "sender": false
            }
          ],
          "sum": {
            "start": 0,
            "end": 1.000166,
            "seconds": 1.0001660585403442,
            "bytes": 7006904,
            "bits_per_second": 56045925.0954864,
            "jitter_ms": 0.027808010089677447,
            "lost_packets": 16,
            "packets": 5214,
            "lost_percent": 0.3068661296509398,
            "omitted": false,
            "sender": false
          }
        },
        {
          "streams": [
            {
              "socket": 10,
              "start": 1.000166,
              "end": 2.00017,
              "seconds": 1.0000040531158447,
              "bytes": 7714604,
              "bits_per_second": 61716581.8555442,
              "jitter_ms": 0.01649382397507464,
              "lost_packets": 3,
              "packets": 5726,
              "lost_percent": 0.05239259517988124,
              "omitted": false,
              "sender": false
            }
          ],
          "sum": {
            "start": 1.000166,
            "end": 2.00017,
            "seconds": 1.0000040531158447,
            "bytes": 7714604,
            "bits_per_second": 61716581.8555442,
            "jitter_ms": 0.01649382397507464,
            "lost_packets": 3,
            "packets": 5726,
            "lost_percent": 0.05239259517988124,
            "omitted": false,
            "sender": false
          }
        },
        {
          "streams": [
            {
              "socket": 10,
              "start": 2.00017,
              "end": 3.000082,
              "seconds": 0.9999120235443115,
              "bytes": 7163272,
              "bits_per_second": 57311218.03783416,
              "jitter_ms": 0.01868054101189542,
              "lost_packets": 215,
              "packets": 5529,
              "lost_percent": 3.888587448001447,
              "omitted": false,
              "sender": false
            }
          ],
          "sum": {
            "start": 2.00017,
            "end": 3.000082,
            "seconds": 0.9999120235443115,
            "bytes": 7163272,
            "bits_per_second": 57311218.03783416,
            "jitter_ms": 0.01868054101189542,
            "lost_packets": 215,
            "packets": 5529,
            "lost_percent": 3.888587448001447,
            "omitted": false,
            "sender": false
          }
        },
        {
          "streams": [
            {
              "socket": 10,
              "start": 3.000082,
              "end": 4.000168,
              "seconds": 1.0000859498977661,
              "bytes": 7196972,
              "bits_per_second": 57570827.79323686,
              "jitter_ms": 0.018346409628188166,
              "lost_packets": 246,
              "packets": 5585,
              "lost_percent": 4.40465532676813,
              "omitted": false,
              "sender": false
            }
          ],
          "sum": {
            "start": 3.000082,
            "end": 4.000168,
            "seconds": 1.0000859498977661,
            "bytes": 7196972,
            "bits_per_second": 57570827.79323686,
            "jitter_ms": 0.018346409628188166,
            "lost_packets": 246,
            "packets": 5585,
            "lost_percent": 4.40465532676813,
            "omitted": false,
            "sender": false
          }
        },
        {
          "streams": [
            {
              "socket": 10,
              "start": 4.000168,
              "end": 5.00017,
              "seconds": 1.0000020265579224,
              "bytes": 7311552,
              "bits_per_second": 58492297.46197118,
              "jitter_ms": 0.01933954825621139,
              "lost_packets": 119,
              "packets": 5543,
              "lost_percent": 2.146851885260689,
              "omitted": false,
              "sender": false
            }
          ],
          "sum": {
            "start": 4.000168,
            "end": 5.00017,
            "seconds": 1.0000020265579224,
            "bytes": 7311552,
            "bits_per_second": 58492297.46197118,
            "jitter_ms": 0.01933954825621139,
            "lost_packets": 119,
            "packets": 5543,
            "lost_percent": 2.146851885260689,
            "omitted": false,
            "sender": false
          }
        },
        {
          "streams": [
            {
              "socket": 10,
              "start": 5.00017,
              "end": 6.000065,
              "seconds": 0.9998949766159058,
              "bytes": 7143052,
              "bits_per_second": 57150418.13031445,
              "jitter_ms": 0.03699570626290978,
              "lost_packets": 157,
              "packets": 5456,
              "lost_percent": 2.877565982404692,
              "omitted": false,
              "sender": false
            }
          ],
          "sum": {
            "start": 5.00017,
            "end": 6.000065,
            "seconds": 0.9998949766159058,
            "bytes": 7143052,
            "bits_per_second": 57150418.13031445,
            "jitter_ms": 0.03699570626290978,
            "lost_packets": 157,
            "packets": 5456,
            "lost_percent": 2.877565982404692,
            "omitted": false,
            "sender": false
          }
        },
        {
          "streams": [
            {
              "socket": 10,
              "start": 6.000065,
              "end": 7.000173,
              "seconds": 1.000108003616333,
              "bytes": 7465224,
              "bits_per_second": 59715342.527056515,
              "jitter_ms": 0.019220272317927126,
              "lost_packets": 138,
              "packets": 5676,
              "lost_percent": 2.431289640591966,
              "omitted": false,
              "sender": false
            }
          ],
          "sum": {
            "start": 6.000065,
            "end": 7.000173,
            "seconds": 1.000108003616333,
            "bytes": 7465224,
            "bits_per_second": 59715342.527056515,
            "jitter_ms": 0.019220272317927126,
            "lost_packets": 138,
            "packets": 5676,
            "lost_percent": 2.431289640591966,
            "omitted": false,
            "sender": false
          }
        },
        {
          "streams": [
            {
              "socket": 10,
              "start": 7.000173,