{
  "udp": {
    "50": {
      "start": {
        "connected": [
          {
            "socket": 10,
            "local_host": "172.17.0.2",
            "local_port": 57763,
            "remote_host": "172.20.25.101",
            "remote_port": 32201
          }
        ],
        "version": "iperf 3.12",
        "system_info": "Linux 02a36a66d76b 6.8.0-59-generic #61~22.04.1-Ubuntu SMP PREEMPT_DYNAMIC Tue Apr 15 17:03:15 UTC 2 x86_64",
        "timestamp": {
          "time": "Mon, 19 May 2025 06:31:28 GMT",
          "timesecs": 1747636288
        },
        "connecting_to": {
          "host": "api-int.tenoran.automation.otic.open6g.net",
          "port": 32201
        },
        "cookie": "3nlg6jonkqpivezyazedt4evak6b6tqzl5sc",
        "target_bitrate": 50000000,
        "sock_bufsize": 0,
        "sndbuf_actual": 212992,
        "rcvbuf_actual": 212992,
        "test_start": {
          "protocol": "UDP",
          "num_streams": 1,
          "blksize": 1348,
          "omit": 0,
          "duration": 10,
          "bytes": 0,
          "blocks": 0,
          "reverse": 1,
          "tos": 0,
          "target_bitrate": 50000000
        }
      },
      "intervals": [
        {
          "streams": [
            {
              "socket": 10,
              "start": 0,
              "end": 1.000204,
              "seconds": 1.0002039670944214,
              "bytes": 5839536,
              "bits_per_second": 46706761.357596055,
              "jitter_ms": 0.08433071644325484,
              "lost_packets": 0,
              "packets": 4332,
              "lost_percent": 0,
              "omitted": false,
              "sender": false
            }
          ],
          "sum": {
            "start": 0,
            "end": 1.000204,
            "seconds": 1.0002039670944214,
            "bytes": 5839536,
            "bits_per_second": 46706761.357596055,
            "jitter_ms": 0.08433071644325484,
            "lost_packets": 0,
            "packets": 4332,
            "lost_percent": 0,
            "omitted": false,
            "sender": false
          }
        },
        {
          "streams": [
            {
              "socket": 10,
              "start": 1.000204,
              "end": 2.000175,
              "seconds": 0.9999709725379944,
              "bytes": 6319424,
              "bits_per_second": 50556859.53731934,
              "jitter_ms": 0.5655074130220255,
              "lost_packets": 0,
              "packets": 4688,
              "lost_percent": 0,
              "omitted": false,
              "sender": false
            }
          ],
          "sum": {
            "start": 1.000204,
            "end": 2.000175,
            "seconds": 0.9999709725379944,
            "bytes": 6319424,
            "bits_per_second": 50556859.53731934,
            "jitter_ms": 0.5655074130220255,
            "lost_packets": 0,
            "packets": 4688,
            "lost_percent": 0,
            "omitted": false,
            "sender": false
          }
        },
        {
          "streams": [
            {
              "socket": 10,
              "start": 2.000175,
              "end": 3.000213,
              "seconds": 1.0000380277633667,
              "bytes": 6355820,
              "bits_per_second": 50844626.49257527,
              "jitter_ms": 0.04298257674555279,
              "lost_packets": 0,
              "packets": 4715,
              "lost_percent": 0,
              "omitted": false,
              "sender": false
            }
          ],
          "sum": {
            "start": 2.000175,
            "end": 3.000213,
            "seconds": 1.0000380277633667,
            "bytes": 6355820,
            "bits_per_second": 50844626.49257527,
            "jitter_ms": 0.04298257674555279,
            "lost_packets": 0,
            "packets": 4715,
            "lost_percent": 0,
            "omitted": false,
            "sender": false
          }
        },
        {
          "streams": [
            {
              "socket": 10,
              "start": 3.000213,
              "end": 4.000208,
              "seconds": 0.999994993209839,
              "bytes": 6280332,
              "bits_per_second": 50242907.55569521,
              "jitter_ms": 0.0337653536924195,
              "lost_packets": 6,
              "packets": 4665,
              "lost_percent": 0.12861736334405144,
              "omitted": false,
              "sender": false
            }
          ],
          "sum": {
            "start": 3.000213,
            "end": 4.000208,
            "seconds": 0.999994993209839,
            "bytes": 6280332,
            "bits_per_second": 50242907.55569521,
            "jitter_ms": 0.0337653536924195,
            "lost_packets": 6,
            "packets": 4665,
            "lost_percent": 0.12861736334405144,
            "omitted": false,
            "sender": false
          }
        },
        {
          "streams": [
            {
              "socket": 10,
              "start": 4.000208,
              "end": 5.000204,
              "seconds": 0.9999960064888,
              "bytes": 6239892,
              "bits_per_second": 49919335.353424825,
              "jitter_ms": 0.03351125355008131,
              "lost_packets": 0,
              "packets": 4629,
              "lost_percent": 0,
              "omitted": false,
              "sender": false
            }
          ],
          "sum": {
            "start": 4.000208,
            "end": 5.000204,
            "seconds": 0.9999960064888,
            "bytes": 6239892,
            "bits_per_second": 49919335.353424825,
            "jitter_ms": 0.03351125355008131,
            "lost_packets": 0,
            "packets": 4629,
            "lost_percent": 0,
            "omitted": false,
            "sender": false
          }
        },
        {
          "streams": [
            {
              "socket": 10,
              "start": 5.000204,
              "end": 6.000207,
              "seconds": 1.0000029802322388,
              "bytes": 6125312,
              "bits_per_second": 49002349.96161687,
              "jitter_ms": 0.08753438382183513,
              "lost_packets": 25,
              "packets": 4569,
              "lost_percent": 0.5471656817684395,
              "omitted": false,
              "sender": false
            }
          ],
          "sum": {
            "start": 5.000204,
            "end": 6.000207,
            "seconds": 1.0000029802322388,
            "bytes": 6125312,
            "bits_per_second": 49002349.96161687,
            "jitter_ms": 0.08753438382183513,
            "lost_packets": 25,
            "packets": 4569,
            "lost_percent": 0.5471656817684395,
            "omitted": false,
            "sender": false
          }
        },
        {
          "streams": [
            {
              "socket": 10,
              "start": 6.000207,
              "end": 7.000205,
              "seconds": 0.9999979734420776,
              "bytes": 6342340,
              "bits_per_second": 50738822.825163364,
              "jitter_ms": 0.03352241900853686,
              "lost_packets": 0,
              "packets": 4705,
              "lost_percent": 0,
              "omitted": false,
              "sender": false
            }
          ],
          "sum": {
            "start": 6.000207,
            "end": 7.000205,
            "seconds": 0.9999979734420776,
            "bytes": 6342340,
            "bits_per_second": 50738822.825163364,
            "jitter_ms": 0.03352241900853686,
            "lost_packets": 0,
            "packets": 4705,
            "lost_percent": 0,
            "omitted": false,
            "sender": false
          }
        },
        {
          "streams": [
            {
              "socket": 10,
              "start": 7.000205,
              "end": 8.000214,
              "seconds": 1.0000089406967163,
              "bytes": 6168448,
              "bits_per_second": 49347142.80216239,