{
  "udp": {
    "30": {
      "start": {
        "connected": [
          {
            "socket": 9,
            "local_host": "172.17.0.2",
            "local_port": 41898,
            "remote_host": "10.100.1.103",
            "remote_port": 32201
          }
        ],
        "version": "iperf 3.12",
        "system_info": "Linux a51e95445265 6.2.0-37-generic #38~22.04.1-Ubuntu SMP PREEMPT_DYNAMIC Thu Nov  2 18:01:13 UTC 2 x86_64",
        "timestamp": {
          "time": "Sat, 09 Dec 2023 16:01:20 GMT",
          "timesecs": 1702137680
        },
        "connecting_to": {
          "host": "api-int.edge.open5g.info",
          "port": 32201
        },
        "cookie": "ru3knupktukwxtbzcpui4nbxgdnbgyewp5db",
        "target_bitrate": 30000000,
        "sock_bufsize": 0,
        "sndbuf_actual": 212992,
        "rcvbuf_actual": 212992,
        "test_start": {
          "protocol": "UDP",
          "num_streams": 1,
          "blksize": 1398,
          "omit": 0,
          "duration": 10,
          "bytes": 0,
          "blocks": 0,
          "reverse": 1,
          "tos": 0,
          "target_bitrate": 30000000
        }
      },
      "intervals": [
        {
          "streams": [
            {
              "socket": 9,
              "start": 0,
              "end": 1.000258,
              "seconds": 1.000257968902588,
              "bytes": 3713088,
              "bits_per_second": 29697043.0863849,
              "jitter_ms": 0.034185210656946935,
              "lost_packets": 0,
              "packets": 2656,
              "lost_percent": 0,
              "omitted": false,
              "sender": false
            }
          ],
          "sum": {
            "start": 0,
            "end": 1.000258,
            "seconds": 1.000257968902588,
            "bytes": 3713088,
            "bits_per_second": 29697043.0863849,
            "jitter_ms": 0.034185210656946935,
            "lost_packets": 0,
            "packets": 2656,
            "lost_percent": 0,
            "omitted": false,
            "sender": false
          }
        },
        {
          "streams": [
            {
              "socket": 9,
              "start": 1.000258,
              "end": 2.000178,
              "seconds": 0.9999200105667114,
              "bytes": 3766212,
              "bits_per_second": 30132106.250102736,
              "jitter_ms": 0.057925107373039714,
              "lost_packets": 0,
              "packets": 2694,
              "lost_percent": 0,
              "omitted": false,
              "sender": false
            }
          ],
          "sum": {
            "start": 1.000258,
            "end": 2.000178,
            "seconds": 0.9999200105667114,
            "bytes": 3766212,
            "bits_per_second": 30132106.250102736,
            "jitter_ms": 0.057925107373039714,
            "lost_packets": 0,
            "packets": 2694,
            "lost_percent": 0,
            "omitted": false,
            "sender": false
          }
        },
        {
          "streams": [
            {
              "socket": 9,
              "start": 2.000178,
              "end": 3.000179,
              "seconds": 1.0000009536743164,
              "bytes": 3738252,
              "bits_per_second": 29905987.479427833,
              "jitter_ms": 0.0394395224720379,
              "lost_packets": 0,
              "packets": 2674,
              "lost_percent": 0,
              "omitted": false,
              "sender": false
            }
          ],
          "sum": {
            "start": 2.000178,
            "end": 3.000179,
            "seconds": 1.0000009536743164,
            "bytes": 3738252,
            "bits_per_second": 29905987.479427833,
            "jitter_ms": 0.0394395224720379,
            "lost_packets": 0,
            "packets": 2674,
            "lost_percent": 0,
            "omitted": false,
            "sender": false
          }
        },
        {
          "streams": [
            {
              "socket": 9,
              "start": 3.000179,
              "end": 4.000181,
              "seconds": 1.0000020265579224,
              "bytes": 3549522,
              "bits_per_second": 28396118.453621183,
              "jitter_ms": 0.1978879147719762,
              "lost_packets": 62,
              "packets": 2601,
              "lost_percent": 2.383698577470204,
              "omitted": false,
              "sender": false
            }
          ],
          "sum": {
            "start": 3.000179,
            "end": 4.000181,
            "seconds": 1.0000020265579224,
            "bytes": 3549522,
            "bits_per_second": 28396118.453621183,
            "jitter_ms": 0.1978879147719762,
            "lost_packets": 62,
            "packets": 2601,
            "lost_percent": 2.383698577470204,
            "omitted": false,
            "sender": false
          }
        },
        {
          "streams": [
            {
              "socket": 9,
              "start": 4.000181,
              "end": 5.000194,
              "seconds": 1.000012993812561,
              "bytes": 3829122,
              "bits_per_second": 30632577.96602365,
              "jitter_ms": 0.0479524216367081,
              "lost_packets": 0,
              "packets": 2739,
              "lost_percent": 0,
              "omitted": false,
              "sender": false
            }
          ],
          "sum": {
            "start": 4.000181,
            "end": 5.000194,
            "seconds": 1.000012993812561,
            "bytes": 3829122,
            "bits_per_second": 30632577.96602365,
            "jitter_ms": 0.0479524216367081,
            "lost_packets": 0,
            "packets": 2739,
            "lost_percent": 0,
            "omitted": false,
            "sender": false
          }
        },
        {
          "streams": [
            {
              "socket": 9,
              "start": 5.000194,
              "end": 6.00026,
              "seconds": 1.0000660419464111,
              "bytes": 3777396,
              "bits_per_second": 30217172.39911972,
              "jitter_ms": 0.04233078665263735,
              "lost_packets": 32,
              "packets": 2734,
              "lost_percent": 1.1704462326261886,
              "omitted": false,
              "sender": false
            }
          ],
          "sum": {
            "start": 5.000194,
            "end": 6.00026,
            "seconds": 1.0000660419464111,
            "bytes": 3777396,
            "bits_per_second": 30217172.39911972,
            "jitter_ms": 0.04233078665263735,
            "lost_packets": 32,
            "packets": 2734,
            "lost_percent": 1.1704462326261886,
            "omitted": false,
            "sender": false
          }
        },
        {
          "streams": [
            {
              "socket": 9,
              "start": 6.00026,
              "end": 7.00026,
              "seconds": 1,
              "bytes": 3647382,
              "bits_per_second": 29179056,
              "jitter_ms": 0.0456337392016863,
              "lost_packets": 0,
              "packets": 2609,
              "lost_percent": 0,
              "omitted": false,
              "sender": false
            }
          ],
          "sum": {
            "start": 6.00026,
            "end": 7.00026,
            "seconds": 1,
            "bytes": 3647382,
            "bits_per_second": 29179056,
            "jitter_ms": 0.0456337392016863,
            "lost_packets": 0,
            "packets": 2609,
            "lost_percent": 0,
            "omitted": false,
            "sender": false
          }
        },
        {
          "streams": [
            {
              "socket": 9,
              "start": 7.00026,
              "end": 8.000265,
              "seconds": 1.0000050067901611,
              "bytes": 3850092,
              "bits_per_second": 30800581.787950147,
              "jitter_ms": 0.04416607674882427,
              "lost_packets": 2,
              "packets": 2756,