{
  "udp": {
    "30": {
      "start": {
        "connected": [
          {
            "socket": 10,
            "local_host": "172.17.0.2",
            "local_port": 60851,
            "remote_host": "172.20.25.101",
            "remote_port": 32201
          }
        ],
        "version": "iperf 3.12",
        "system_info": "Linux 276f883142db 6.8.0-60-generic #63~22.04.1-Ubuntu SMP PREEMPT_DYNAMIC Tue Apr 22 19:00:15 UTC 2 x86_64",
        "timestamp": {
          "time": "Wed, 02 Jul 2025 06:31:33 GMT",
          "timesecs": 1751437893
        },
        "connecting_to": {
          "host": "api-int.tenoran.automation.otic.open6g.net",
          "port": 32201
        },
        "cookie": "vemkn62jz3mcl6i54jjvzvgopdsabak6trlb",
        "target_bitrate": 30000000,
        "sock_bufsize": 0,
        "sndbuf_actual": 212992,
        "rcvbuf_actual": 212992,
        "test_start": {
          "protocol": "UDP",
          "num_streams": 1,
          "blksize": 1348,
          "omit": 0,
          "duration": 10,
          "bytes": 0,
          "blocks": 0,
          "reverse": 1,
          "tos": 0,
          "target_bitrate": 30000000
        }
      },
      "intervals": [
        {
          "streams": [
            {
              "socket": 10,
              "start": 0,
              "end": 1.000201,
              "seconds": 1.0002009868621826,
              "bytes": 3623424,
              "bits_per_second": 28981567.0857703,
              "jitter_ms": 0.01576305749850427,
              "lost_packets": 51,
              "packets": 2739,
              "lost_percent": 1.8619934282584885,
              "omitted": false,
              "sender": false
            }
          ],
          "sum": {
            "start": 0,
            "end": 1.000201,
            "seconds": 1.0002009868621826,
            "bytes": 3623424,
            "bits_per_second": 28981567.0857703,
            "jitter_ms": 0.01576305749850427,
            "lost_packets": 51,
            "packets": 2739,
            "lost_percent": 1.8619934282584885,
            "omitted": false,
            "sender": false
          }
        },
        {
          "streams": [
            {
              "socket": 10,
              "start": 1.000201,
              "end": 2.000071,
              "seconds": 0.999870002269745,
              "bytes": 3762268,
              "bits_per_second": 30102057.199111894,
              "jitter_ms": 0.03563706879017946,
              "lost_packets": 0,
              "packets": 2791,
              "lost_percent": 0,
              "omitted": false,
              "sender": false
            }
          ],
          "sum": {
            "start": 1.000201,
            "end": 2.000071,
            "seconds": 0.999870002269745,
            "bytes": 3762268,
            "bits_per_second": 30102057.199111894,
            "jitter_ms": 0.03563706879017946,
            "lost_packets": 0,
            "packets": 2791,
            "lost_percent": 0,
            "omitted": false,
            "sender": false
          }
        },
        {
          "streams": [
            {
              "socket": 10,
              "start": 2.000071,
              "end": 3.000201,
              "seconds": 1.0001300573349,
              "bytes": 3709696,
              "bits_per_second": 29673708.716527734,
              "jitter_ms": 0.0476592503233504,
              "lost_packets": 0,
              "packets": 2752,
              "lost_percent": 0,
              "omitted": false,
              "sender": false
            }
          ],
          "sum": {
            "start": 2.000071,
            "end": 3.000201,
            "seconds": 1.0001300573349,
            "bytes": 3709696,
            "bits_per_second": 29673708.716527734,
            "jitter_ms": 0.0476592503233504,
            "lost_packets": 0,
            "packets": 2752,
            "lost_percent": 0,
            "omitted": false,
            "sender": false
          }
        },
        {
          "streams": [
            {
              "socket": 10,
              "start": 3.000201,
              "end": 4.000197,
              "seconds": 0.9999960064888,
              "bytes": 3746092,
              "bits_per_second": 29968855.68096081,
              "jitter_ms": 0.034550564327448276,
              "lost_packets": 0,
              "packets": 2779,
              "lost_percent": 0,
              "omitted": false,
              "sender": false
            }
          ],
          "sum": {
            "start": 3.000201,
            "end": 4.000197,
            "seconds": 0.9999960064888,
            "bytes": 3746092,
            "bits_per_second": 29968855.68096081,
            "jitter_ms": 0.034550564327448276,
            "lost_packets": 0,
            "packets": 2779,
            "lost_percent": 0,
            "omitted": false,
            "sender": false
          }
        },
        {
          "streams": [
            {
              "socket": 10,
              "start": 4.000197,
              "end": 5.000202,
              "seconds": 1.0000050067901611,
              "bytes": 3658472,
              "bits_per_second": 29267629.463120766,
              "jitter_ms": 0.04396949780293346,
              "lost_packets": 78,
              "packets": 2792,
              "lost_percent": 2.793696275071633,
              "omitted": false,
              "sender": false
            }
          ],
          "sum": {
            "start": 4.000197,
            "end": 5.000202,
            "seconds": 1.0000050067901611,
            "bytes": 3658472,
            "bits_per_second": 29267629.463120766,
            "jitter_ms": 0.04396949780293346,
            "lost_packets": 78,
            "packets": 2792,
            "lost_percent": 2.793696275071633,
            "omitted": false,
            "sender": false
          }
        },
        {
          "streams": [
            {
              "socket": 10,
              "start": 5.000202,
              "end": 6.000199,
              "seconds": 0.9999970197677612,
              "bytes": 3665212,
              "bits_per_second": 29321783.385724146,
              "jitter_ms": 0.03411933655431643,
              "lost_packets": 28,
              "packets": 2747,
              "lost_percent": 1.0192937750273026,
              "omitted": false,
              "sender": false
            }
          ],
          "sum": {
            "start": 5.000202,
            "end": 6.000199,
            "seconds": 0.9999970197677612,
            "bytes": 3665212,
            "bits_per_second": 29321783.385724146,
            "jitter_ms": 0.03411933655431643,
            "lost_packets": 28,
            "packets": 2747,
            "lost_percent": 1.0192937750273026,
            "omitted": false,
            "sender": false
          }
        },
        {
          "streams": [
            {
              "socket": 10,
              "start": 6.000199,
              "end": 7.000087,
              "seconds": 0.999888002872467,
              "bytes": 3805404,
              "bits_per_second": 30446641.9364399,
              "jitter_ms": 0.024733565887992682,
              "lost_packets": 0,
              "packets": 2823,
              "lost_percent": 0,
              "omitted": false,
              "sender": false
            }
          ],
          "sum": {
            "start": 6.000199,
            "end": 7.000087,
            "seconds": 0.999888002872467,
            "bytes": 3805404,
            "bits_per_second": 30446641.9364399,
            "jitter_ms": 0.024733565887992682,
            "lost_packets": 0,
            "packets": 2823,
            "lost_percent": 0,
            "omitted": false,
            "sender": false
          }
        },
        {
          "streams": [
            {
              "socket": 10,
              "start": 7.000087,
              "end": 8.0002,
              "seconds": 1.0001130104064941,
              "bytes": 3701608,
              "bits_per_second": 29609517.816355478,