{
  "udp": {
    "20": {
      "start": {
        "connected": [
          {
            "socket": 10,
            "local_host": "172.17.0.2",
            "local_port": 47345,
            "remote_host": "10.100.1.103",
            "remote_port": 32201
          }
        ],
        "version": "iperf 3.12",
        "system_info": "Linux d122b88e9046 6.5.0-27-generic #28~22.04.1-Ubuntu SMP PREEMPT_DYNAMIC Fri Mar 15 10:51:06 UTC 2 x86_64",
        "timestamp": {
          "time": "Sun, 04 Aug 2024 10:01:16 GMT",
          "timesecs": 1722765676
        },
        "connecting_to": {
          "host": "api-int.edge.open5g.info",
          "port": 32201
        },
        "cookie": "7mlytjyb7a4jzouhnfkaaq2iwvffcb444it2",
        "target_bitrate": 20000000,
        "sock_bufsize": 0,
        "sndbuf_actual": 212992,
        "rcvbuf_actual": 212992,
        "test_start": {
          "protocol": "UDP",
          "num_streams": 1,
          "blksize": 1398,
          "omit": 0,
          "duration": 10,
          "bytes": 0,
          "blocks": 0,
          "reverse": 1,
          "tos": 0,
          "target_bitrate": 20000000
        }
      },
      "intervals": [
        {
          "streams": [
            {
              "socket": 10,
              "start": 0,
              "end": 1.000265,
              "seconds": 1.0002650022506714,
              "bytes": 2502420,
              "bits_per_second": 20014056.230053972,
              "jitter_ms": 0.0246970001779816,
              "lost_packets": 0,
              "packets": 1790,
              "lost_percent": 0,
              "omitted": false,
              "sender": false
            }
          ],
          "sum": {
            "start": 0,
            "end": 1.000265,
            "seconds": 1.0002650022506714,
            "bytes": 2502420,
            "bits_per_second": 20014056.230053972,
            "jitter_ms": 0.0246970001779816,
            "lost_packets": 0,
            "packets": 1790,
            "lost_percent": 0,
            "omitted": false,
            "sender": false
          }
        },
        {
          "streams": [
            {
              "socket": 10,
              "start": 1.000265,
              "end": 2.000132,
              "seconds": 0.999867022037506,
              "bytes": 2501022,
              "bits_per_second": 20010837.0003321,
              "jitter_ms": 0.38832242761129626,
              "lost_packets": 0,
              "packets": 1789,
              "lost_percent": 0,
              "omitted": false,
              "sender": false
            }
          ],
          "sum": {
            "start": 1.000265,
            "end": 2.000132,
            "seconds": 0.999867022037506,
            "bytes": 2501022,
            "bits_per_second": 20010837.0003321,
            "jitter_ms": 0.38832242761129626,
            "lost_packets": 0,
            "packets": 1789,
            "lost_percent": 0,
            "omitted": false,
            "sender": false
          }
        },
        {
          "streams": [
            {
              "socket": 10,
              "start": 2.000132,
              "end": 3.000292,
              "seconds": 1.0001599788665771,
              "bytes": 2499624,
              "bits_per_second": 19993793.4155908,
              "jitter_ms": 0.008903519162173235,
              "lost_packets": 0,
              "packets": 1788,
              "lost_percent": 0,
              "omitted": false,
              "sender": false
            }
          ],
          "sum": {
            "start": 2.000132,
            "end": 3.000292,
            "seconds": 1.0001599788665771,
            "bytes": 2499624,
            "bits_per_second": 19993793.4155908,
            "jitter_ms": 0.008903519162173235,
            "lost_packets": 0,
            "packets": 1788,
            "lost_percent": 0,
            "omitted": false,
            "sender": false
          }
        },
        {
          "streams": [
            {
              "socket": 10,
              "start": 3.000292,
              "end": 4.00031,
              "seconds": 1.0000180006027222,
              "bytes": 2491236,
              "bits_per_second": 19929529.256461415,
              "jitter_ms": 0.21179649722304536,
              "lost_packets": 6,
              "packets": 1788,
              "lost_percent": 0.33557046979865773,
              "omitted": false,
              "sender": false
            }
          ],
          "sum": {
            "start": 3.000292,
            "end": 4.00031,
            "seconds": 1.0000180006027222,
            "bytes": 2491236,
            "bits_per_second": 19929529.256461415,
            "jitter_ms": 0.21179649722304536,
            "lost_packets": 6,
            "packets": 1788,
            "lost_percent": 0.33557046979865773,
            "omitted": false,
            "sender": false
          }
        },
        {
          "streams": [
            {
              "socket": 10,
              "start": 4.00031,
              "end": 5.000302,
              "seconds": 0.9999920129776,
              "bytes": 2499624,
              "bits_per_second": 19997151.7176987,
              "jitter_ms": 0.00899770523491385,
              "lost_packets": 0,
              "packets": 1788,
              "lost_percent": 0,
              "omitted": false,
              "sender": false
            }
          ],
          "sum": {
            "start": 4.00031,
            "end": 5.000302,
            "seconds": 0.9999920129776,
            "bytes": 2499624,
            "bits_per_second": 19997151.7176987,
            "jitter_ms": 0.00899770523491385,
            "lost_packets": 0,
            "packets": 1788,
            "lost_percent": 0,
            "omitted": false,
            "sender": false
          }
        },
        {
          "streams": [
            {
              "socket": 10,
              "start": 5.000302,
              "end": 6.000291,
              "seconds": 0.9999889731407166,
              "bytes": 2501022,
              "bits_per_second": 20008396.629774123,
              "jitter_ms": 0.12783489547695412,
              "lost_packets": 0,
              "packets": 1789,
              "lost_percent": 0,
              "omitted": false,
              "sender": false
            }
          ],
          "sum": {
            "start": 5.000302,
            "end": 6.000291,
            "seconds": 0.9999889731407166,
            "bytes": 2501022,
            "bits_per_second": 20008396.629774123,
            "jitter_ms": 0.12783489547695412,
            "lost_packets": 0,
            "packets": 1789,
            "lost_percent": 0,
            "omitted": false,
            "sender": false
          }
        },
        {
          "streams": [
            {
              "socket": 10,
              "start": 6.000291,
              "end": 7.000297,
              "seconds": 1.0000059604644775,
              "bytes": 2492634,
              "bits_per_second": 19940953.142657146,
              "jitter_ms": 0.3410255211075422,
              "lost_packets": 5,
              "packets": 1788,
              "lost_percent": 0.2796420581655481,
              "omitted": false,
              "sender": false
            }
          ],
          "sum": {
            "start": 6.000291,
            "end": 7.000297,
            "seconds": 1.0000059604644775,
            "bytes": 2492634,
            "bits_per_second": 19940953.142657146,
            "jitter_ms": 0.3410255211075422,
            "lost_packets": 5,
            "packets": 1788,
            "lost_percent": 0.2796420581655481,
            "omitted": false,
            "sender": false
          }
        },
        {
          "streams": [
            {
              "socket": 10,
              "start": 7.000297,
              "end": 8.00034,
              "seconds": 1.0000430345535278,
              "bytes": 2501022,
              "bits_per_second": 20007314.994131938,
              "jitter_ms": 0.21095667352009448,