{
  "udp": {
    "30": {
      "start": {
        "connected": [
          {
            "socket": 10,
            "local_host": "172.17.0.2",
            "local_port": 51389,
            "remote_host": "10.100.1.102",
            "remote_port": 32201
          }
        ],
        "version": "iperf 3.12",
        "system_info": "Linux a79d9482f956 6.5.0-27-generic #28~22.04.1-Ubuntu SMP PREEMPT_DYNAMIC Fri Mar 15 10:51:06 UTC 2 x86_64",
        "timestamp": {
          "time": "Fri, 26 Jul 2024 22:01:43 GMT",
          "timesecs": 1722031303
        },
        "connecting_to": {
          "host": "api-int.edge.open5g.info",
          "port": 32201
        },
        "cookie": "7qcs3uq4zml53rwgcsbcgswoeu4qehyb2cl2",
        "target_bitrate": 30000000,
        "sock_bufsize": 0,
        "sndbuf_actual": 212992,
        "rcvbuf_actual": 212992,
        "test_start": {
          "protocol": "UDP",
          "num_streams": 1,
          "blksize": 1398,
          "omit": 0,
          "duration": 10,
          "bytes": 0,
          "blocks": 0,
          "reverse": 1,
          "tos": 0,
          "target_bitrate": 30000000
        }
      },
      "intervals": [
        {
          "streams": [
            {
              "socket": 10,
              "start": 0,
              "end": 1.000158,
              "seconds": 1.0001579523086548,
              "bytes": 3755028,
              "bits_per_second": 30035479.82661983,
              "jitter_ms": 0.033518777622614564,
              "lost_packets": 0,
              "packets": 2686,
              "lost_percent": 0,
              "omitted": false,
              "sender": false
            }
          ],
          "sum": {
            "start": 0,
            "end": 1.000158,
            "seconds": 1.0001579523086548,
            "bytes": 3755028,
            "bits_per_second": 30035479.82661983,
            "jitter_ms": 0.033518777622614564,
            "lost_packets": 0,
            "packets": 2686,
            "lost_percent": 0,
            "omitted": false,
            "sender": false
          }
        },
        {
          "streams": [
            {
              "socket": 10,
              "start": 1.000158,
              "end": 2.000294,
              "seconds": 1.0001360177993774,
              "bytes": 3750834,
              "bits_per_second": 30002591.11358111,
              "jitter_ms": 0.3460639904475278,
              "lost_packets": 0,
              "packets": 2683,
              "lost_percent": 0,
              "omitted": false,
              "sender": false
            }
          ],
          "sum": {
            "start": 1.000158,
            "end": 2.000294,
            "seconds": 1.0001360177993774,
            "bytes": 3750834,
            "bits_per_second": 30002591.11358111,
            "jitter_ms": 0.3460639904475278,
            "lost_packets": 0,
            "packets": 2683,
            "lost_percent": 0,
            "omitted": false,
            "sender": false
          }
        },
        {
          "streams": [
            {
              "socket": 10,
              "start": 2.000294,
              "end": 3.000183,
              "seconds": 0.9998890161514282,
              "bytes": 3700506,
              "bits_per_second": 29607333.93586615,
              "jitter_ms": 0.09727521600322762,
              "lost_packets": 0,
              "packets": 2647,
              "lost_percent": 0,
              "omitted": false,
              "sender": false
            }
          ],
          "sum": {
            "start": 2.000294,
            "end": 3.000183,
            "seconds": 0.9998890161514282,
            "bytes": 3700506,
            "bits_per_second": 29607333.93586615,
            "jitter_ms": 0.09727521600322762,
            "lost_packets": 0,
            "packets": 2647,
            "lost_percent": 0,
            "omitted": false,
            "sender": false
          }
        },
        {
          "streams": [
            {
              "socket": 10,
              "start": 3.000183,
              "end": 4.000211,
              "seconds": 1.0000280141830444,
              "bytes": 3799764,
              "bits_per_second": 30397260.445581827,
              "jitter_ms": 0.33474552696311777,
              "lost_packets": 0,
              "packets": 2718,
              "lost_percent": 0,
              "omitted": false,
              "sender": false
            }
          ],
          "sum": {
            "start": 3.000183,
            "end": 4.000211,
            "seconds": 1.0000280141830444,
            "bytes": 3799764,
            "bits_per_second": 30397260.445581827,
            "jitter_ms": 0.33474552696311777,
            "lost_packets": 0,
            "packets": 2718,
            "lost_percent": 0,
            "omitted": false,
            "sender": false
          }
        },
        {
          "streams": [
            {
              "socket": 10,
              "start": 4.000211,
              "end": 5.000193,
              "seconds": 0.9999819993972778,
              "bytes": 3736854,
              "bits_per_second": 29895370.134681027,
              "jitter_ms": 0.36136330747993783,
              "lost_packets": 10,
              "packets": 2683,
              "lost_percent": 0.37271710771524413,
              "omitted": false,
              "sender": false
            }
          ],
          "sum": {
            "start": 4.000211,
            "end": 5.000193,
            "seconds": 0.9999819993972778,
            "bytes": 3736854,
            "bits_per_second": 29895370.134681027,
            "jitter_ms": 0.36136330747993783,
            "lost_packets": 10,
            "packets": 2683,
            "lost_percent": 0.37271710771524413,
            "omitted": false,
            "sender": false
          }
        },
        {
          "streams": [
            {
              "socket": 10,
              "start": 5.000193,
              "end": 6.000301,
              "seconds": 1.000108003616333,
              "bytes": 3753630,
              "bits_per_second": 30025797.105329342,
              "jitter_ms": 0.286720434806195,
              "lost_packets": 0,
              "packets": 2685,
              "lost_percent": 0,
              "omitted": false,
              "sender": false
            }
          ],
          "sum": {
            "start": 5.000193,
            "end": 6.000301,
            "seconds": 1.000108003616333,
            "bytes": 3753630,
            "bits_per_second": 30025797.105329342,
            "jitter_ms": 0.286720434806195,
            "lost_packets": 0,
            "packets": 2685,
            "lost_percent": 0,
            "omitted": false,
            "sender": false
          }
        },
        {
          "streams": [
            {
              "socket": 10,
              "start": 6.000301,
              "end": 7.000171,
              "seconds": 0.999870002269745,
              "bytes": 3745242,
              "bits_per_second": 29965831.49007892,
              "jitter_ms": 0.335911918247427,
              "lost_packets": 0,
              "packets": 2679,
              "lost_percent": 0,
              "omitted": false,
              "sender": false
            }
          ],
          "sum": {
            "start": 6.000301,
            "end": 7.000171,
            "seconds": 0.999870002269745,
            "bytes": 3745242,
            "bits_per_second": 29965831.49007892,
            "jitter_ms": 0.335911918247427,
            "lost_packets": 0,
            "packets": 2679,
            "lost_percent": 0,
            "omitted": false,
            "sender": false
          }
        },
        {
          "streams": [
            {
              "socket": 10,
              "start": 7.000171,
              "end": 8.00017,
              "seconds": 0.9999989867210388,
              "bytes": 3637596,
              "bits_per_second": 29100797.48722585,
              "jitter_ms": 0.1797842425867135,
              "lost_packets": 0,