{
  "udp": {
    "60": {
      "start": {
        "connected": [
          {
            "socket": 5,
            "local_host": "172.17.0.2",
            "local_port": 41107,
            "remote_host": "172.20.25.101",
            "remote_port": 32201
          }
        ],
        "version": "iperf 3.12",
        "system_info": "Linux 728272a7c5f0 6.8.0-87-generic #88~22.04.1-Ubuntu SMP PREEMPT_DYNAMIC Tue Oct 14 14:03:14 UTC 2 x86_64",
        "timestamp": {
          "time": "Fri, 05 Dec 2025 06:02:43 GMT",
          "timesecs": 1764914563
        },
        "connecting_to": {
          "host": "api-int.tenoran.automation.otic.open6g.net",
          "port": 32201
        },
        "cookie": "mg6uwd3r4haynszjjhfk7ej5n4lvxtstq2gk",
        "target_bitrate": 60000000,
        "sock_bufsize": 0,
        "sndbuf_actual": 212992,
        "rcvbuf_actual": 212992,
        "test_start": {
          "protocol": "UDP",
          "num_streams": 1,
          "blksize": 1348,
          "omit": 0,
          "duration": 10,
          "bytes": 0,
          "blocks": 0,
          "reverse": 1,
          "tos": 0,
          "target_bitrate": 60000000
        }
      },
      "intervals": [
        {
          "streams": [
            {
              "socket": 5,
              "start": 0,
              "end": 1.000177,
              "seconds": 1.000177025794983,
              "bytes": 7490836,
              "bits_per_second": 59916081.30807418,
              "jitter_ms": 0.20770483183093305,
              "lost_packets": 0,
              "packets": 5557,
              "lost_percent": 0,
              "omitted": false,
              "sender": false
            }
          ],
          "sum": {
            "start": 0,
            "end": 1.000177,
            "seconds": 1.000177025794983,
            "bytes": 7490836,
            "bits_per_second": 59916081.30807418,
            "jitter_ms": 0.20770483183093305,
            "lost_packets": 0,
            "packets": 5557,
            "lost_percent": 0,
            "omitted": false,
            "sender": false
          }
        },
        {
          "streams": [
            {
              "socket": 5,
              "start": 1.000177,
              "end": 2.000183,
              "seconds": 1.0000059604644775,
              "bytes": 7500272,
              "bits_per_second": 60001818.36129307,
              "jitter_ms": 0.20616753883975458,
              "lost_packets": 0,
              "packets": 5564,
              "lost_percent": 0,
              "omitted": false,
              "sender": false
            }
          ],
          "sum": {
            "start": 1.000177,
            "end": 2.000183,
            "seconds": 1.0000059604644775,
            "bytes": 7500272,
            "bits_per_second": 60001818.36129307,
            "jitter_ms": 0.20616753883975458,
            "lost_packets": 0,
            "packets": 5564,
            "lost_percent": 0,
            "omitted": false,
            "sender": false
          }
        },
        {
          "streams": [
            {
              "socket": 5,
              "start": 2.000183,
              "end": 3.000174,
              "seconds": 0.999990999698639,
              "bytes": 7500272,
              "bits_per_second": 60002716.04252686,
              "jitter_ms": 0.20319392577055276,
              "lost_packets": 0,
              "packets": 5564,
              "lost_percent": 0,
              "omitted": false,
              "sender": false
            }
          ],
          "sum": {
            "start": 2.000183,
            "end": 3.000174,
            "seconds": 0.999990999698639,
            "bytes": 7500272,
            "bits_per_second": 60002716.04252686,
            "jitter_ms": 0.20319392577055276,
            "lost_packets": 0,
            "packets": 5564,
            "lost_percent": 0,
            "omitted": false,
            "sender": false
          }
        },
        {
          "streams": [
            {
              "socket": 5,
              "start": 3.000174,
              "end": 4.000184,
              "seconds": 1.0000100135803223,
              "bytes": 7498924,
              "bits_per_second": 59990791.277392946,
              "jitter_ms": 0.21140390027377776,
              "lost_packets": 0,
              "packets": 5563,
              "lost_percent": 0,
              "omitted": false,
              "sender": false
            }
          ],
          "sum": {
            "start": 3.000174,
            "end": 4.000184,
            "seconds": 1.0000100135803223,
            "bytes": 7498924,
            "bits_per_second": 59990791.277392946,
            "jitter_ms": 0.21140390027377776,
            "lost_packets": 0,
            "packets": 5563,
            "lost_percent": 0,
            "omitted": false,
            "sender": false
          }
        },
        {
          "streams": [
            {
              "socket": 5,
              "start": 4.000184,
              "end": 5.000288,
              "seconds": 1.0001039505004883,
              "bytes": 7227976,
              "bits_per_second": 57817797.81098042,
              "jitter_ms": 0.17600879166702033,
              "lost_packets": 138,
              "packets": 5500,
              "lost_percent": 2.5090909090909093,
              "omitted": false,
              "sender": false
            }
          ],
          "sum": {
            "start": 4.000184,
            "end": 5.000288,
            "seconds": 1.0001039505004883,
            "bytes": 7227976,
            "bits_per_second": 57817797.81098042,
            "jitter_ms": 0.17600879166702033,
            "lost_packets": 138,
            "packets": 5500,
            "lost_percent": 2.5090909090909093,
            "omitted": false,
            "sender": false
          }
        },
        {
          "streams": [
            {
              "socket": 5,
              "start": 5.000288,
              "end": 6.000147,
              "seconds": 0.9998589754104614,
              "bytes": 7562280,
              "bits_per_second": 60506772.94281857,
              "jitter_ms": 0.18585110157925075,
              "lost_packets": 0,
              "packets": 5610,
              "lost_percent": 0,
              "omitted": false,
              "sender": false
            }
          ],
          "sum": {
            "start": 5.000288,
            "end": 6.000147,
            "seconds": 0.9998589754104614,
            "bytes": 7562280,
            "bits_per_second": 60506772.94281857,
            "jitter_ms": 0.18585110157925075,
            "lost_packets": 0,
            "packets": 5610,
            "lost_percent": 0,
            "omitted": false,
            "sender": false
          }
        },
        {
          "streams": [
            {
              "socket": 5,
              "start": 6.000147,
              "end": 7.000174,
              "seconds": 1.0000269412994385,
              "bytes": 7523188,
              "bits_per_second": 60183882.567998365,
              "jitter_ms": 0.22008459423415092,
              "lost_packets": 0,
              "packets": 5581,
              "lost_percent": 0,
              "omitted": false,
              "sender": false
            }
          ],
          "sum": {
            "start": 6.000147,
            "end": 7.000174,
            "seconds": 1.0000269412994385,
            "bytes": 7523188,
            "bits_per_second": 60183882.567998365,
            "jitter_ms": 0.22008459423415092,
            "lost_packets": 0,
            "packets": 5581,
            "lost_percent": 0,
            "omitted": false,
            "sender": false
          }
        },
        {
          "streams": [
            {
              "socket": 5,
              "start": 7.000174,
              "end": 8.000181,
              "seconds": 1.0000070333480835,
              "bytes": 7481400,
              "bits_per_second": 59850779.04863788,
              "jitter_ms": 0.242992584201918,