{
  "udp": {
    "10": {
      "start": {
        "connected": [
          {
            "socket": 5,
            "local_host": "172.17.0.2",
            "local_port": 37374,
            "remote_host": "172.20.25.101",
            "remote_port": 32201
          }
        ],
        "version": "iperf 3.12",
        "system_info": "Linux 447dbca84e73 6.8.0-79-generic #79~22.04.1-Ubuntu SMP PREEMPT_DYNAMIC Fri Aug 15 16:54:53 UTC 2 x86_64",
        "timestamp": {
          "time": "Wed, 01 Oct 2025 05:31:14 GMT",
          "timesecs": 1759296674
        },
        "connecting_to": {
          "host": "api-int.tenoran.automation.otic.open6g.net",
          "port": 32201
        },
        "cookie": "5hegdugwwhifbocpkv3olmfpaoxxdqm2mykz",
        "target_bitrate": 10000000,
        "sock_bufsize": 0,
        "sndbuf_actual": 212992,
        "rcvbuf_actual": 212992,
        "test_start": {
          "protocol": "UDP",
          "num_streams": 1,
          "blksize": 1348,
          "omit": 0,
          "duration": 10,
          "bytes": 0,
          "blocks": 0,
          "reverse": 1,
          "tos": 0,
          "target_bitrate": 10000000
        }
      },
      "intervals": [
        {
          "streams": [
            {
              "socket": 5,
              "start": 0,
              "end": 1.000218,
              "seconds": 1.0002180337905884,
              "bytes": 1254988,
              "bits_per_second": 10037715.43885402,
              "jitter_ms": 1.5793562565658195,
              "lost_packets": 0,
              "packets": 931,
              "lost_percent": 0,
              "omitted": false,
              "sender": false
            }
          ],
          "sum": {
            "start": 0,
            "end": 1.000218,
            "seconds": 1.0002180337905884,
            "bytes": 1254988,
            "bits_per_second": 10037715.43885402,
            "jitter_ms": 1.5793562565658195,
            "lost_packets": 0,
            "packets": 931,
            "lost_percent": 0,
            "omitted": false,
            "sender": false
          }
        },
        {
          "streams": [
            {
              "socket": 5,
              "start": 1.000218,
              "end": 2.000205,
              "seconds": 0.999987006187439,
              "bytes": 1250944,
              "bits_per_second": 10007682.037944572,
              "jitter_ms": 1.6340244793089673,
              "lost_packets": 0,
              "packets": 928,
              "lost_percent": 0,
              "omitted": false,
              "sender": false
            }
          ],
          "sum": {
            "start": 1.000218,
            "end": 2.000205,
            "seconds": 0.999987006187439,
            "bytes": 1250944,
            "bits_per_second": 10007682.037944572,
            "jitter_ms": 1.6340244793089673,
            "lost_packets": 0,
            "packets": 928,
            "lost_percent": 0,
            "omitted": false,
            "sender": false
          }
        },
        {
          "streams": [
            {
              "socket": 5,
              "start": 2.000205,
              "end": 3.000685,
              "seconds": 1.000480055809021,
              "bytes": 1250944,
              "bits_per_second": 10002750.121697893,
              "jitter_ms": 1.8435234182034226,
              "lost_packets": 0,
              "packets": 928,
              "lost_percent": 0,
              "omitted": false,
              "sender": false
            }
          ],
          "sum": {
            "start": 2.000205,
            "end": 3.000685,
            "seconds": 1.000480055809021,
            "bytes": 1250944,
            "bits_per_second": 10002750.121697893,
            "jitter_ms": 1.8435234182034226,
            "lost_packets": 0,
            "packets": 928,
            "lost_percent": 0,
            "omitted": false,
            "sender": false
          }
        },
        {
          "streams": [
            {
              "socket": 5,
              "start": 3.000685,
              "end": 4.000203,
              "seconds": 0.9995179772377014,
              "bytes": 1248248,
              "bits_per_second": 9990799.79291375,
              "jitter_ms": 1.6443594832737463,
              "lost_packets": 0,
              "packets": 926,
              "lost_percent": 0,
              "omitted": false,
              "sender": false
            }
          ],
          "sum": {
            "start": 3.000685,
            "end": 4.000203,
            "seconds": 0.9995179772377014,
            "bytes": 1248248,
            "bits_per_second": 9990799.79291375,
            "jitter_ms": 1.6443594832737463,
            "lost_packets": 0,
            "packets": 926,
            "lost_percent": 0,
            "omitted": false,
            "sender": false
          }
        },
        {
          "streams": [
            {
              "socket": 5,
              "start": 4.000203,
              "end": 5.000168,
              "seconds": 0.999965012073517,
              "bytes": 1244204,
              "bits_per_second": 9953980.26912987,
              "jitter_ms": 1.6532409105809283,
              "lost_packets": 0,
              "packets": 923,
              "lost_percent": 0,
              "omitted": false,
              "sender": false
            }
          ],
          "sum": {
            "start": 4.000203,
            "end": 5.000168,
            "seconds": 0.999965012073517,
            "bytes": 1244204,
            "bits_per_second": 9953980.26912987,
            "jitter_ms": 1.6532409105809283,
            "lost_packets": 0,
            "packets": 923,
            "lost_percent": 0,
            "omitted": false,
            "sender": false
          }
        },
        {
          "streams": [
            {
              "socket": 5,
              "start": 5.000168,
              "end": 6.000207,
              "seconds": 1.000038981437683,
              "bytes": 1256336,
              "bits_per_second": 10050296.225004008,
              "jitter_ms": 1.5305683874219442,
              "lost_packets": 0,
              "packets": 932,
              "lost_percent": 0,
              "omitted": false,
              "sender": false
            }
          ],
          "sum": {
            "start": 5.000168,
            "end": 6.000207,
            "seconds": 1.000038981437683,
            "bytes": 1256336,
            "bits_per_second": 10050296.225004008,
            "jitter_ms": 1.5305683874219442,
            "lost_packets": 0,
            "packets": 932,
            "lost_percent": 0,
            "omitted": false,
            "sender": false
          }
        },
        {
          "streams": [
            {
              "socket": 5,
              "start": 6.000207,
              "end": 7.000204,
              "seconds": 0.9999970197677612,
              "bytes": 1244204,
              "bits_per_second": 9953661.664223386,
              "jitter_ms": 1.6166936339621678,
              "lost_packets": 0,
              "packets": 923,
              "lost_percent": 0,
              "omitted": false,
              "sender": false
            }
          ],
          "sum": {
            "start": 6.000207,
            "end": 7.000204,
            "seconds": 0.9999970197677612,
            "bytes": 1244204,
            "bits_per_second": 9953661.664223386,
            "jitter_ms": 1.6166936339621678,
            "lost_packets": 0,
            "packets": 923,
            "lost_percent": 0,
            "omitted": false,
            "sender": false
          }
        },
        {
          "streams": [
            {
              "socket": 5,
              "start": 7.000204,
              "end": 8.000205,
              "seconds": 1.0000009536743164,
              "bytes": 1256336,
              "bits_per_second": 10050678.414926134,
              "jitter_ms": 1.562053756506997,
              "lost_packets": 0,
              "packets": 932,