{
  "udp": {
    "10": {
      "start": {
        "connected": [
          {
            "socket": 10,
            "local_host": "172.17.0.2",
            "local_port": 35271,
            "remote_host": "10.100.1.102",
            "remote_port": 32201
          }
        ],
        "version": "iperf 3.12",
        "system_info": "Linux c8a8a77b457e 6.5.0-27-generic #28~22.04.1-Ubuntu SMP PREEMPT_DYNAMIC Fri Mar 15 10:51:06 UTC 2 x86_64",
        "timestamp": {
          "time": "Tue, 06 Aug 2024 16:00:43 GMT",
          "timesecs": 1722960043
        },
        "connecting_to": {
          "host": "api-int.edge.open5g.info",
          "port": 32201
        },
        "cookie": "vapbs6me3d7vahzaq6gmdhoghriekru3zyos",
        "target_bitrate": 10000000,
        "sock_bufsize": 0,
        "sndbuf_actual": 212992,
        "rcvbuf_actual": 212992,
        "test_start": {
          "protocol": "UDP",
          "num_streams": 1,
          "blksize": 1398,
          "omit": 0,
          "duration": 10,
          "bytes": 0,
          "blocks": 0,
          "reverse": 1,
          "tos": 0,
          "target_bitrate": 10000000
        }
      },
      "intervals": [
        {
          "streams": [
            {
              "socket": 10,
              "start": 0,
              "end": 1.000291,
              "seconds": 1.0002909898757935,
              "bytes": 1251210,
              "bits_per_second": 10006768.131784238,
              "jitter_ms": 0.1705622537210181,
              "lost_packets": 0,
              "packets": 895,
              "lost_percent": 0,
              "omitted": false,
              "sender": false
            }
          ],
          "sum": {
            "start": 0,
            "end": 1.000291,
            "seconds": 1.0002909898757935,
            "bytes": 1251210,
            "bits_per_second": 10006768.131784238,
            "jitter_ms": 0.1705622537210181,
            "lost_packets": 0,
            "packets": 895,
            "lost_percent": 0,
            "omitted": false,
            "sender": false
          }
        },
        {
          "streams": [
            {
              "socket": 10,
              "start": 1.000291,
              "end": 2.000193,
              "seconds": 0.9999020099639893,
              "bytes": 1249812,
              "bits_per_second": 9999475.84899853,
              "jitter_ms": 0.018149905772476386,
              "lost_packets": 0,
              "packets": 894,
              "lost_percent": 0,
              "omitted": false,
              "sender": false
            }
          ],
          "sum": {
            "start": 1.000291,
            "end": 2.000193,
            "seconds": 0.9999020099639893,
            "bytes": 1249812,
            "bits_per_second": 9999475.84899853,
            "jitter_ms": 0.018149905772476386,
            "lost_packets": 0,
            "packets": 894,
            "lost_percent": 0,
            "omitted": false,
            "sender": false
          }
        },
        {
          "streams": [
            {
              "socket": 10,
              "start": 2.000193,
              "end": 3.000179,
              "seconds": 0.9999859929084778,
              "bytes": 1249812,
              "bits_per_second": 9998636.051810276,
              "jitter_ms": 0.2770240276122865,
              "lost_packets": 0,
              "packets": 894,
              "lost_percent": 0,
              "omitted": false,
              "sender": false
            }
          ],
          "sum": {
            "start": 2.000193,
            "end": 3.000179,
            "seconds": 0.9999859929084778,
            "bytes": 1249812,
            "bits_per_second": 9998636.051810276,
            "jitter_ms": 0.2770240276122865,
            "lost_packets": 0,
            "packets": 894,
            "lost_percent": 0,
            "omitted": false,
            "sender": false
          }
        },
        {
          "streams": [
            {
              "socket": 10,
              "start": 3.000179,
              "end": 4.000182,
              "seconds": 1.0000029802322388,
              "bytes": 1251210,
              "bits_per_second": 10009650.168917868,
              "jitter_ms": 0.2681037963446948,
              "lost_packets": 0,
              "packets": 895,
              "lost_percent": 0,
              "omitted": false,
              "sender": false
            }
          ],
          "sum": {
            "start": 3.000179,
            "end": 4.000182,
            "seconds": 1.0000029802322388,
            "bytes": 1251210,
            "bits_per_second": 10009650.168917868,
            "jitter_ms": 0.2681037963446948,
            "lost_packets": 0,
            "packets": 895,
            "lost_percent": 0,
            "omitted": false,
            "sender": false
          }
        },
        {
          "streams": [
            {
              "socket": 10,
              "start": 4.000182,
              "end": 5.000204,
              "seconds": 1.000022053718567,
              "bytes": 1249812,
              "bits_per_second": 9998275.50084595,
              "jitter_ms": 0.2989503174484995,
              "lost_packets": 0,
              "packets": 894,
              "lost_percent": 0,
              "omitted": false,
              "sender": false
            }
          ],
          "sum": {
            "start": 4.000182,
            "end": 5.000204,
            "seconds": 1.000022053718567,
            "bytes": 1249812,
            "bits_per_second": 9998275.50084595,
            "jitter_ms": 0.2989503174484995,
            "lost_packets": 0,
            "packets": 894,
            "lost_percent": 0,
            "omitted": false,
            "sender": false
          }
        },
        {
          "streams": [
            {
              "socket": 10,
              "start": 5.000204,
              "end": 6.000297,
              "seconds": 1.0000929832458496,
              "bytes": 1249812,
              "bits_per_second": 9997566.393826105,
              "jitter_ms": 0.30335865511009075,
              "lost_packets": 0,
              "packets": 894,
              "lost_percent": 0,
              "omitted": false,
              "sender": false
            }
          ],
          "sum": {
            "start": 5.000204,
            "end": 6.000297,
            "seconds": 1.0000929832458496,
            "bytes": 1249812,
            "bits_per_second": 9997566.393826105,
            "jitter_ms": 0.30335865511009075,
            "lost_packets": 0,
            "packets": 894,
            "lost_percent": 0,
            "omitted": false,
            "sender": false
          }
        },
        {
          "streams": [
            {
              "socket": 10,
              "start": 6.000297,
              "end": 7.000206,
              "seconds": 0.999908983707428,
              "bytes": 1249812,
              "bits_per_second": 9999406.10887195,
              "jitter_ms": 0.015093467056958342,
              "lost_packets": 0,
              "packets": 894,
              "lost_percent": 0,
              "omitted": false,
              "sender": false
            }
          ],
          "sum": {
            "start": 6.000297,
            "end": 7.000206,
            "seconds": 0.999908983707428,
            "bytes": 1249812,
            "bits_per_second": 9999406.10887195,
            "jitter_ms": 0.015093467056958342,
            "lost_packets": 0,
            "packets": 894,
            "lost_percent": 0,
            "omitted": false,
            "sender": false
          }
        },
        {
          "streams": [
            {
              "socket": 10,
              "start": 7.000206,
              "end": 8.000302,
              "seconds": 1.0000959634780884,
              "bytes": 1249812,
              "bits_per_second": 9997536.601615394,
              "jitter_ms": 0.30238909659263846,
              "lost_packets": 0,
              "packets": 894,