{
  "udp": {
    "30": {
      "start": {
        "connected": [
          {
            "socket": 9,
            "local_host": "172.17.0.2",
            "local_port": 40604,
            "remote_host": "10.100.1.101",
            "remote_port": 32201
          }
        ],
        "version": "iperf 3.12",
        "system_info": "Linux daf695c6c3a9 6.5.0-15-generic #15~22.04.1-Ubuntu SMP PREEMPT_DYNAMIC Fri Jan 12 18:54:30 UTC 2 x86_64",
        "timestamp": {
          "time": "Wed, 31 Jan 2024 16:01:33 GMT",
          "timesecs": 1706716893
        },
        "connecting_to": {
          "host": "api-int.edge.open5g.info",
          "port": 32201
        },
        "cookie": "4sgdlnd25hnhovfaz3srdzmis77fpk25742o",
        "target_bitrate": 30000000,
        "sock_bufsize": 0,
        "sndbuf_actual": 212992,
        "rcvbuf_actual": 212992,
        "test_start": {
          "protocol": "UDP",
          "num_streams": 1,
          "blksize": 1398,
          "omit": 0,
          "duration": 10,
          "bytes": 0,
          "blocks": 0,
          "reverse": 1,
          "tos": 0,
          "target_bitrate": 30000000
        }
      },
      "intervals": [
        {
          "streams": [
            {
              "socket": 9,
              "start": 0,
              "end": 1.000175,
              "seconds": 1.0001749992370605,
              "bytes": 3756426,
              "bits_per_second": 30046149.946682725,
              "jitter_ms": 0.012265009068567935,
              "lost_packets": 0,
              "packets": 2687,
              "lost_percent": 0,
              "omitted": false,
              "sender": false
            }
          ],
          "sum": {
            "start": 0,
            "end": 1.000175,
            "seconds": 1.0001749992370605,
            "bytes": 3756426,
            "bits_per_second": 30046149.946682725,
            "jitter_ms": 0.012265009068567935,
            "lost_packets": 0,
            "packets": 2687,
            "lost_percent": 0,
            "omitted": false,
            "sender": false
          }
        },
        {
          "streams": [
            {
              "socket": 9,
              "start": 1.000175,
              "end": 2.000261,
              "seconds": 1.0000859498977661,
              "bytes": 3749436,
              "bits_per_second": 29992910.11244213,
              "jitter_ms": 0.007715071603266805,
              "lost_packets": 0,
              "packets": 2682,
              "lost_percent": 0,
              "omitted": false,
              "sender": false
            }
          ],
          "sum": {
            "start": 1.000175,
            "end": 2.000261,
            "seconds": 1.0000859498977661,
            "bytes": 3749436,
            "bits_per_second": 29992910.11244213,
            "jitter_ms": 0.007715071603266805,
            "lost_packets": 0,
            "packets": 2682,
            "lost_percent": 0,
            "omitted": false,
            "sender": false
          }
        },
        {
          "streams": [
            {
              "socket": 9,
              "start": 2.000261,
              "end": 3.000176,
              "seconds": 0.9999150037765503,
              "bytes": 3750834,
              "bits_per_second": 30009222.67059566,
              "jitter_ms": 0.10706702123090406,
              "lost_packets": 0,
              "packets": 2683,
              "lost_percent": 0,
              "omitted": false,
              "sender": false
            }
          ],
          "sum": {
            "start": 2.000261,
            "end": 3.000176,
            "seconds": 0.9999150037765503,
            "bytes": 3750834,
            "bits_per_second": 30009222.67059566,
            "jitter_ms": 0.10706702123090406,
            "lost_packets": 0,
            "packets": 2683,
            "lost_percent": 0,
            "omitted": false,
            "sender": false
          }
        },
        {
          "streams": [
            {
              "socket": 9,
              "start": 3.000176,
              "end": 4.000257,
              "seconds": 1.000080943107605,
              "bytes": 3745242,
              "bits_per_second": 29959510.984078623,
              "jitter_ms": 0.006754702176390347,
              "lost_packets": 0,
              "packets": 2679,
              "lost_percent": 0,
              "omitted": false,
              "sender": false
            }
          ],
          "sum": {
            "start": 3.000176,
            "end": 4.000257,
            "seconds": 1.000080943107605,
            "bytes": 3745242,
            "bits_per_second": 29959510.984078623,
            "jitter_ms": 0.006754702176390347,
            "lost_packets": 0,
            "packets": 2679,
            "lost_percent": 0,
            "omitted": false,
            "sender": false
          }
        },
        {
          "streams": [
            {
              "socket": 9,
              "start": 4.000257,
              "end": 5.000164,
              "seconds": 0.9999070167541504,
              "bytes": 3706098,
              "bits_per_second": 29651541.0965356,
              "jitter_ms": 0.28488342103679326,
              "lost_packets": 0,
              "packets": 2651,
              "lost_percent": 0,
              "omitted": false,
              "sender": false
            }
          ],
          "sum": {
            "start": 4.000257,
            "end": 5.000164,
            "seconds": 0.9999070167541504,
            "bytes": 3706098,
            "bits_per_second": 29651541.0965356,
            "jitter_ms": 0.28488342103679326,
            "lost_packets": 0,
            "packets": 2651,
            "lost_percent": 0,
            "omitted": false,
            "sender": false
          }
        },
        {
          "streams": [
            {
              "socket": 9,
              "start": 5.000164,
              "end": 6.000259,
              "seconds": 1.000095009803772,
              "bytes": 3798366,
              "bits_per_second": 30384041.21820606,
              "jitter_ms": 0.00966038155266613,
              "lost_packets": 0,
              "packets": 2717,
              "lost_percent": 0,
              "omitted": false,
              "sender": false
            }
          ],
          "sum": {
            "start": 5.000164,
            "end": 6.000259,
            "seconds": 1.000095009803772,
            "bytes": 3798366,
            "bits_per_second": 30384041.21820606,
            "jitter_ms": 0.00966038155266613,
            "lost_packets": 0,
            "packets": 2717,
            "lost_percent": 0,
            "omitted": false,
            "sender": false
          }
        },
        {
          "streams": [
            {
              "socket": 9,
              "start": 6.000259,
              "end": 7.000162,
              "seconds": 0.9999030232429504,
              "bytes": 3662760,
              "bits_per_second": 29304921.896291092,
              "jitter_ms": 0.007247041255240096,
              "lost_packets": 0,
              "packets": 2620,
              "lost_percent": 0,
              "omitted": false,
              "sender": false
            }
          ],
          "sum": {
            "start": 6.000259,
            "end": 7.000162,
            "seconds": 0.9999030232429504,
            "bytes": 3662760,
            "bits_per_second": 29304921.896291092,
            "jitter_ms": 0.007247041255240096,
            "lost_packets": 0,
            "packets": 2620,
            "lost_percent": 0,
            "omitted": false,
            "sender": false
          }
        },
        {
          "streams": [
            {
              "socket": 9,
              "start": 7.000162,
              "end": 8.000178,
              "seconds": 1.0000159740448,
              "bytes": 3837510,
              "bits_per_second": 30699589.60338034,
              "jitter_ms": 0.096782862028519,
              "lost_packets": 0,
              "packets": 2745,