{
  "udp": {
    "70": {
      "start": {
        "connected": [
          {
            "socket": 5,
            "local_host": "172.17.0.2",
            "local_port": 37928,
            "remote_host": "172.20.25.101",
            "remote_port": 32201
          }
        ],
        "version": "iperf 3.12",
        "system_info": "Linux bbad12d693cb 6.8.0-87-generic #88~22.04.1-Ubuntu SMP PREEMPT_DYNAMIC Tue Oct 14 14:03:14 UTC 2 x86_64",
        "timestamp": {
          "time": "Sun, 14 Dec 2025 07:32:52 GMT",
          "timesecs": 1765697572
        },
        "connecting_to": {
          "host": "api-int.tenoran.automation.otic.open6g.net",
          "port": 32201
        },
        "cookie": "l2zo54ijvhq62guhy3rzfn32tseqsymqisv3",
        "target_bitrate": 70000000,
        "sock_bufsize": 0,
        "sndbuf_actual": 212992,
        "rcvbuf_actual": 212992,
        "test_start": {
          "protocol": "UDP",
          "num_streams": 1,
          "blksize": 1348,
          "omit": 0,
          "duration": 10,
          "bytes": 0,
          "blocks": 0,
          "reverse": 1,
          "tos": 0,
          "target_bitrate": 70000000
        }
      },
      "intervals": [
        {
          "streams": [
            {
              "socket": 5,
              "start": 0,
              "end": 1.000204,
              "seconds": 1.0002039670944214,
              "bytes": 8597544,
              "bits_per_second": 68766325.93230556,
              "jitter_ms": 0.614951167063223,
              "lost_packets": 50,
              "packets": 6428,
              "lost_percent": 0.777846919726198,
              "omitted": false,
              "sender": false
            }
          ],
          "sum": {
            "start": 0,
            "end": 1.000204,
            "seconds": 1.0002039670944214,
            "bytes": 8597544,
            "bits_per_second": 68766325.93230556,
            "jitter_ms": 0.614951167063223,
            "lost_packets": 50,
            "packets": 6428,
            "lost_percent": 0.777846919726198,
            "omitted": false,
            "sender": false
          }
        },
        {
          "streams": [
            {
              "socket": 5,
              "start": 1.000204,
              "end": 2.000204,
              "seconds": 1,
              "bytes": 8788960,
              "bits_per_second": 70311680,
              "jitter_ms": 0.24610071870980546,
              "lost_packets": 0,
              "packets": 6520,
              "lost_percent": 0,
              "omitted": false,
              "sender": false
            }
          ],
          "sum": {
            "start": 1.000204,
            "end": 2.000204,
            "seconds": 1,
            "bytes": 8788960,
            "bits_per_second": 70311680,
            "jitter_ms": 0.24610071870980546,
            "lost_packets": 0,
            "packets": 6520,
            "lost_percent": 0,
            "omitted": false,
            "sender": false
          }
        },
        {
          "streams": [
            {
              "socket": 5,
              "start": 2.000204,
              "end": 3.000208,
              "seconds": 1.0000040531158447,
              "bytes": 8749868,
              "bits_per_second": 69998660.2873209,
              "jitter_ms": 0.20498383497809725,
              "lost_packets": 0,
              "packets": 6491,
              "lost_percent": 0,
              "omitted": false,
              "sender": false
            }
          ],
          "sum": {
            "start": 2.000204,
            "end": 3.000208,
            "seconds": 1.0000040531158447,
            "bytes": 8749868,
            "bits_per_second": 69998660.2873209,
            "jitter_ms": 0.20498383497809725,
            "lost_packets": 0,
            "packets": 6491,
            "lost_percent": 0,
            "omitted": false,
            "sender": false
          }
        },
        {
          "streams": [
            {
              "socket": 5,
              "start": 3.000208,
              "end": 4.000204,
              "seconds": 0.9999960064888,
              "bytes": 8749868,
              "bits_per_second": 69999223.5426832,
              "jitter_ms": 0.24405642711577105,
              "lost_packets": 0,
              "packets": 6491,
              "lost_percent": 0,
              "omitted": false,
              "sender": false
            }
          ],
          "sum": {
            "start": 3.000208,
            "end": 4.000204,
            "seconds": 0.9999960064888,
            "bytes": 8749868,
            "bits_per_second": 69999223.5426832,
            "jitter_ms": 0.24405642711577105,
            "lost_packets": 0,
            "packets": 6491,
            "lost_percent": 0,
            "omitted": false,
            "sender": false
          }
        },
        {
          "streams": [
            {
              "socket": 5,
              "start": 4.000204,
              "end": 5.000209,
              "seconds": 1.0000050067901611,
              "bytes": 8663596,
              "bits_per_second": 69308420.9872797,
              "jitter_ms": 0.7759120993543257,
              "lost_packets": 12,
              "packets": 6439,
              "lost_percent": 0.18636434228917534,
              "omitted": false,
              "sender": false
            }
          ],
          "sum": {
            "start": 4.000204,
            "end": 5.000209,
            "seconds": 1.0000050067901611,
            "bytes": 8663596,
            "bits_per_second": 69308420.9872797,
            "jitter_ms": 0.7759120993543257,
            "lost_packets": 12,
            "packets": 6439,
            "lost_percent": 0.18636434228917534,
            "omitted": false,
            "sender": false
          }
        },
        {
          "streams": [
            {
              "socket": 5,
              "start": 5.000209,
              "end": 6.000203,
              "seconds": 0.9999939799308777,
              "bytes": 8749868,
              "bits_per_second": 69999365.40101823,
              "jitter_ms": 0.22995569519404074,
              "lost_packets": 0,
              "packets": 6491,
              "lost_percent": 0,
              "omitted": false,
              "sender": false
            }
          ],
          "sum": {
            "start": 5.000209,
            "end": 6.000203,
            "seconds": 0.9999939799308777,
            "bytes": 8749868,
            "bits_per_second": 69999365.40101823,
            "jitter_ms": 0.22995569519404074,
            "lost_packets": 0,
            "packets": 6491,
            "lost_percent": 0,
            "omitted": false,
            "sender": false
          }
        },
        {
          "streams": [
            {
              "socket": 5,
              "start": 6.000203,
              "end": 7.000204,
              "seconds": 1.0000009536743164,
              "bytes": 8819964,
              "bits_per_second": 70559644.70907907,
              "jitter_ms": 0.25226085561402156,
              "lost_packets": 0,
              "packets": 6543,
              "lost_percent": 0,
              "omitted": false,
              "sender": false
            }
          ],
          "sum": {
            "start": 6.000203,
            "end": 7.000204,
            "seconds": 1.0000009536743164,
            "bytes": 8819964,
            "bits_per_second": 70559644.70907907,
            "jitter_ms": 0.25226085561402156,
            "lost_packets": 0,
            "packets": 6543,
            "lost_percent": 0,
            "omitted": false,
            "sender": false
          }
        },
        {
          "streams": [
            {
              "socket": 5,
              "start": 7.000204,
              "end": 8.00021,
              "seconds": 1.0000059604644775,
              "bytes": 8749868,
              "bits_per_second": 69998526.77626766,
              "jitter_ms": 0.2521222475785851,
              "lost_packets": 0,