{
  "udp": {
    "20": {
      "start": {
        "connected": [
          {
            "socket": 5,
            "local_host": "172.17.0.2",
            "local_port": 34209,
            "remote_host": "172.20.25.101",
            "remote_port": 32201
          }
        ],
        "version": "iperf 3.12",
        "system_info": "Linux b91c3810dc7a 6.8.0-87-generic #88~22.04.1-Ubuntu SMP PREEMPT_DYNAMIC Tue Oct 14 14:03:14 UTC 2 x86_64",
        "timestamp": {
          "time": "Tue, 09 Dec 2025 05:32:05 GMT",
          "timesecs": 1765258325
        },
        "connecting_to": {
          "host": "api-int.tenoran.automation.otic.open6g.net",
          "port": 32201
        },
        "cookie": "mutdrp2bp37lqcjm4z55nbx7ejpj4jvk6d72",
        "target_bitrate": 20000000,
        "sock_bufsize": 0,
        "sndbuf_actual": 212992,
        "rcvbuf_actual": 212992,
        "test_start": {
          "protocol": "UDP",
          "num_streams": 1,
          "blksize": 1348,
          "omit": 0,
          "duration": 10,
          "bytes": 0,
          "blocks": 0,
          "reverse": 1,
          "tos": 0,
          "target_bitrate": 20000000
        }
      },
      "intervals": [
        {
          "streams": [
            {
              "socket": 5,
              "start": 0,
              "end": 1.000147,
              "seconds": 1.0001469850540161,
              "bytes": 2476276,
              "bits_per_second": 19807296.623435892,
              "jitter_ms": 0.767219544859073,
              "lost_packets": 0,
              "packets": 1837,
              "lost_percent": 0,
              "omitted": false,
              "sender": false
            }
          ],
          "sum": {
            "start": 0,
            "end": 1.000147,
            "seconds": 1.0001469850540161,
            "bytes": 2476276,
            "bits_per_second": 19807296.623435892,
            "jitter_ms": 0.767219544859073,
            "lost_packets": 0,
            "packets": 1837,
            "lost_percent": 0,
            "omitted": false,
            "sender": false
          }
        },
        {
          "streams": [
            {
              "socket": 5,
              "start": 1.000147,
              "end": 2.000175,
              "seconds": 1.0000280141830444,
              "bytes": 2499192,
              "bits_per_second": 19992975.913113166,
              "jitter_ms": 0.745048318222623,
              "lost_packets": 0,
              "packets": 1854,
              "lost_percent": 0,
              "omitted": false,
              "sender": false
            }
          ],
          "sum": {
            "start": 1.000147,
            "end": 2.000175,
            "seconds": 1.0000280141830444,
            "bytes": 2499192,
            "bits_per_second": 19992975.913113166,
            "jitter_ms": 0.745048318222623,
            "lost_packets": 0,
            "packets": 1854,
            "lost_percent": 0,
            "omitted": false,
            "sender": false
          }
        },
        {
          "streams": [
            {
              "socket": 5,
              "start": 2.000175,
              "end": 3.000159,
              "seconds": 0.9999840259552002,
              "bytes": 2523456,
              "bits_per_second": 20187970.48354492,
              "jitter_ms": 0.7105966929956775,
              "lost_packets": 0,
              "packets": 1872,
              "lost_percent": 0,
              "omitted": false,
              "sender": false
            }
          ],
          "sum": {
            "start": 2.000175,
            "end": 3.000159,
            "seconds": 0.9999840259552002,
            "bytes": 2523456,
            "bits_per_second": 20187970.48354492,
            "jitter_ms": 0.7105966929956775,
            "lost_packets": 0,
            "packets": 1872,
            "lost_percent": 0,
            "omitted": false,
            "sender": false
          }
        },
        {
          "streams": [
            {
              "socket": 5,
              "start": 3.000159,
              "end": 4.000163,
              "seconds": 1.0000040531158447,
              "bytes": 2478972,
              "bits_per_second": 19831695.619840257,
              "jitter_ms": 1.105189769624893,
              "lost_packets": 0,
              "packets": 1839,
              "lost_percent": 0,
              "omitted": false,
              "sender": false
            }
          ],
          "sum": {
            "start": 3.000159,
            "end": 4.000163,
            "seconds": 1.0000040531158447,
            "bytes": 2478972,
            "bits_per_second": 19831695.619840257,
            "jitter_ms": 1.105189769624893,
            "lost_packets": 0,
            "packets": 1839,
            "lost_percent": 0,
            "omitted": false,
            "sender": false
          }
        },
        {
          "streams": [
            {
              "socket": 5,
              "start": 4.000163,
              "end": 5.000128,
              "seconds": 0.999965012073517,
              "bytes": 2500540,
              "bits_per_second": 20005019.93416675,
              "jitter_ms": 1.1036638892621933,
              "lost_packets": 0,
              "packets": 1855,
              "lost_percent": 0,
              "omitted": false,
              "sender": false
            }
          ],
          "sum": {
            "start": 4.000163,
            "end": 5.000128,
            "seconds": 0.999965012073517,
            "bytes": 2500540,
            "bits_per_second": 20005019.93416675,
            "jitter_ms": 1.1036638892621933,
            "lost_packets": 0,
            "packets": 1855,
            "lost_percent": 0,
            "omitted": false,
            "sender": false
          }
        },
        {
          "streams": [
            {
              "socket": 5,
              "start": 5.000128,
              "end": 6.000183,
              "seconds": 1.000054955482483,
              "bytes": 2500540,
              "bits_per_second": 20003220.713354487,
              "jitter_ms": 1.0512405889491152,
              "lost_packets": 0,
              "packets": 1855,
              "lost_percent": 0,
              "omitted": false,
              "sender": false
            }
          ],
          "sum": {
            "start": 5.000128,
            "end": 6.000183,
            "seconds": 1.000054955482483,
            "bytes": 2500540,
            "bits_per_second": 20003220.713354487,
            "jitter_ms": 1.0512405889491152,
            "lost_packets": 0,
            "packets": 1855,
            "lost_percent": 0,
            "omitted": false,
            "sender": false
          }
        },
        {
          "streams": [
            {
              "socket": 5,
              "start": 6.000183,
              "end": 7.000184,
              "seconds": 1.0000009536743164,
              "bytes": 2496496,
              "bits_per_second": 19971948.953265235,
              "jitter_ms": 0.9885441335812195,
              "lost_packets": 0,
              "packets": 1852,
              "lost_percent": 0,
              "omitted": false,
              "sender": false
            }
          ],
          "sum": {
            "start": 6.000183,
            "end": 7.000184,
            "seconds": 1.0000009536743164,
            "bytes": 2496496,
            "bits_per_second": 19971948.953265235,
            "jitter_ms": 0.9885441335812195,
            "lost_packets": 0,
            "packets": 1852,
            "lost_percent": 0,
            "omitted": false,
            "sender": false
          }
        },
        {
          "streams": [
            {
              "socket": 5,
              "start": 7.000184,
              "end": 8.000181,
              "seconds": 0.9999970197677612,
              "bytes": 2503236,
              "bits_per_second": 20025947.6819749,
              "jitter_ms": 1.0551655378295128,
              "lost_packets": 0,
              "packets": 1857,