{
  "udp": {
    "20": {
      "start": {
        "connected": [
          {
            "socket": 10,
            "local_host": "172.17.0.2",
            "local_port": 33598,
            "remote_host": "10.100.1.102",
            "remote_port": 32201
          }
        ],
        "version": "iperf 3.12",
        "system_info": "Linux a09b4db5aa4c 6.8.0-52-generic #53~22.04.1-Ubuntu SMP PREEMPT_DYNAMIC Wed Jan 15 19:18:46 UTC 2 x86_64",
        "timestamp": {
          "time": "Tue, 18 Feb 2025 05:31:44 GMT",
          "timesecs": 1739856704
        },
        "connecting_to": {
          "host": "api-int.edge.open5g.info",
          "port": 32201
        },
        "cookie": "nve6q2p2l2jrpejngbz7x3p52v2gcxi6v5h6",
        "target_bitrate": 20000000,
        "sock_bufsize": 0,
        "sndbuf_actual": 212992,
        "rcvbuf_actual": 212992,
        "test_start": {
          "protocol": "UDP",
          "num_streams": 1,
          "blksize": 1398,
          "omit": 0,
          "duration": 10,
          "bytes": 0,
          "blocks": 0,
          "reverse": 1,
          "tos": 0,
          "target_bitrate": 20000000
        }
      },
      "intervals": [
        {
          "streams": [
            {
              "socket": 10,
              "start": 0,
              "end": 1.000185,
              "seconds": 1.0001850128173828,
              "bytes": 2503818,
              "bits_per_second": 20026838.778134387,
              "jitter_ms": 0.05589574353254698,
              "lost_packets": 0,
              "packets": 1791,
              "lost_percent": 0,
              "omitted": false,
              "sender": false
            }
          ],
          "sum": {
            "start": 0,
            "end": 1.000185,
            "seconds": 1.0001850128173828,
            "bytes": 2503818,
            "bits_per_second": 20026838.778134387,
            "jitter_ms": 0.05589574353254698,
            "lost_packets": 0,
            "packets": 1791,
            "lost_percent": 0,
            "omitted": false,
            "sender": false
          }
        },
        {
          "streams": [
            {
              "socket": 10,
              "start": 1.000185,
              "end": 2.000182,
              "seconds": 0.9999970197677612,
              "bytes": 2499624,
              "bits_per_second": 19997051.595857847,
              "jitter_ms": 0.037308418836574056,
              "lost_packets": 0,
              "packets": 1788,
              "lost_percent": 0,
              "omitted": false,
              "sender": false
            }
          ],
          "sum": {
            "start": 1.000185,
            "end": 2.000182,
            "seconds": 0.9999970197677612,
            "bytes": 2499624,
            "bits_per_second": 19997051.595857847,
            "jitter_ms": 0.037308418836574056,
            "lost_packets": 0,
            "packets": 1788,
            "lost_percent": 0,
            "omitted": false,
            "sender": false
          }
        },
        {
          "streams": [
            {
              "socket": 10,
              "start": 2.000182,
              "end": 3.000173,
              "seconds": 0.999990999698639,
              "bytes": 2397570,
              "bits_per_second": 19180732.63237402,
              "jitter_ms": 0.05509387322087413,
              "lost_packets": 0,
              "packets": 1715,
              "lost_percent": 0,
              "omitted": false,
              "sender": false
            }
          ],
          "sum": {
            "start": 2.000182,
            "end": 3.000173,
            "seconds": 0.999990999698639,
            "bytes": 2397570,
            "bits_per_second": 19180732.63237402,
            "jitter_ms": 0.05509387322087413,
            "lost_packets": 0,
            "packets": 1715,
            "lost_percent": 0,
            "omitted": false,
            "sender": false
          }
        },
        {
          "streams": [
            {
              "socket": 10,
              "start": 3.000173,
              "end": 4.000167,
              "seconds": 0.9999939799308777,
              "bytes": 2492634,
              "bits_per_second": 19941192.04735451,
              "jitter_ms": 0.03842674104419477,
              "lost_packets": 0,
              "packets": 1783,
              "lost_percent": 0,
              "omitted": false,
              "sender": false
            }
          ],
          "sum": {
            "start": 3.000173,
            "end": 4.000167,
            "seconds": 0.9999939799308777,
            "bytes": 2492634,
            "bits_per_second": 19941192.04735451,
            "jitter_ms": 0.03842674104419477,
            "lost_packets": 0,
            "packets": 1783,
            "lost_percent": 0,
            "omitted": false,
            "sender": false
          }
        },
        {
          "streams": [
            {
              "socket": 10,
              "start": 4.000167,
              "end": 5.00018,
              "seconds": 1.000012993812561,
              "bytes": 2610066,
              "bits_per_second": 20880256.6858584,
              "jitter_ms": 0.05830979292869952,
              "lost_packets": 0,
              "packets": 1867,
              "lost_percent": 0,
              "omitted": false,
              "sender": false
            }
          ],
          "sum": {
            "start": 4.000167,
            "end": 5.00018,
            "seconds": 1.000012993812561,
            "bytes": 2610066,
            "bits_per_second": 20880256.6858584,
            "jitter_ms": 0.05830979292869952,
            "lost_packets": 0,
            "packets": 1867,
            "lost_percent": 0,
            "omitted": false,
            "sender": false
          }
        },
        {
          "streams": [
            {
              "socket": 10,
              "start": 5.00018,
              "end": 6.00018,
              "seconds": 1,
              "bytes": 2499624,
              "bits_per_second": 19996992,
              "jitter_ms": 0.04941041414774836,
              "lost_packets": 0,
              "packets": 1788,
              "lost_percent": 0,
              "omitted": false,
              "sender": false
            }
          ],
          "sum": {
            "start": 5.00018,
            "end": 6.00018,
            "seconds": 1,
            "bytes": 2499624,
            "bits_per_second": 19996992,
            "jitter_ms": 0.04941041414774836,
            "lost_packets": 0,
            "packets": 1788,
            "lost_percent": 0,
            "omitted": false,
            "sender": false
          }
        },
        {
          "streams": [
            {
              "socket": 10,
              "start": 6.00018,
              "end": 7.000253,
              "seconds": 1.000072956085205,
              "bytes": 2397570,
              "bits_per_second": 19179160.763513174,
              "jitter_ms": 0.05501298232200634,
              "lost_packets": 0,
              "packets": 1715,
              "lost_percent": 0,
              "omitted": false,
              "sender": false
            }
          ],
          "sum": {
            "start": 6.00018,
            "end": 7.000253,
            "seconds": 1.000072956085205,
            "bytes": 2397570,
            "bits_per_second": 19179160.763513174,
            "jitter_ms": 0.05501298232200634,
            "lost_packets": 0,
            "packets": 1715,
            "lost_percent": 0,
            "omitted": false,
            "sender": false
          }
        },
        {
          "streams": [
            {
              "socket": 10,
              "start": 7.000253,
              "end": 8.000185,
              "seconds": 0.9999319911003113,
              "bytes": 2603076,
              "bits_per_second": 20826024.355001274,
              "jitter_ms": 0.0770874539359118,
              "lost_packets": 0,
              "packets": 1862,
              "lost_percent": 0,
              "omitted": false,