{
  "udp": {
    "30": {
      "start": {
        "connected": [
          {
            "socket": 9,
            "local_host": "172.17.0.2",
            "local_port": 42898,
            "remote_host": "10.100.1.102",
            "remote_port": 32201
          }
        ],
        "version": "iperf 3.12",
        "system_info": "Linux 913ae9ec09bf 6.2.0-36-generic #37~22.04.1-Ubuntu SMP PREEMPT_DYNAMIC Mon Oct  9 15:34:04 UTC 2 x86_64",
        "timestamp": {
          "time": "Sun, 19 Nov 2023 22:01:20 GMT",
          "timesecs": 1700431280
        },
        "connecting_to": {
          "host": "api-int.edge.open5g.info",
          "port": 32201
        },
        "cookie": "ddamubrrimtyql72lplaskidlaafi2xn4qcy",
        "target_bitrate": 30000000,
        "sock_bufsize": 0,
        "sndbuf_actual": 212992,
        "rcvbuf_actual": 212992,
        "test_start": {
          "protocol": "UDP",
          "num_streams": 1,
          "blksize": 1398,
          "omit": 0,
          "duration": 10,
          "bytes": 0,
          "blocks": 0,
          "reverse": 1,
          "tos": 0,
          "target_bitrate": 30000000
        }
      },
      "intervals": [
        {
          "streams": [
            {
              "socket": 9,
              "start": 0,
              "end": 1.000039,
              "seconds": 1.000038981437683,
              "bytes": 3566298,
              "bits_per_second": 28529271.887965754,
              "jitter_ms": 0.30622094357093266,
              "lost_packets": 32,
              "packets": 2583,
              "lost_percent": 1.2388695315524585,
              "omitted": false,
              "sender": false
            }
          ],
          "sum": {
            "start": 0,
            "end": 1.000039,
            "seconds": 1.000038981437683,
            "bytes": 3566298,
            "bits_per_second": 28529271.887965754,
            "jitter_ms": 0.30622094357093266,
            "lost_packets": 32,
            "packets": 2583,
            "lost_percent": 1.2388695315524585,
            "omitted": false,
            "sender": false
          }
        },
        {
          "streams": [
            {
              "socket": 9,
              "start": 1.000039,
              "end": 2.000179,
              "seconds": 1.0001399517059326,
              "bytes": 3826326,
              "bits_per_second": 30606324.59266093,
              "jitter_ms": 0.011020545654718312,
              "lost_packets": 23,
              "packets": 2760,
              "lost_percent": 0.8333333333333334,
              "omitted": false,
              "sender": false
            }
          ],
          "sum": {
            "start": 1.000039,
            "end": 2.000179,
            "seconds": 1.0001399517059326,
            "bytes": 3826326,
            "bits_per_second": 30606324.59266093,
            "jitter_ms": 0.011020545654718312,
            "lost_packets": 23,
            "packets": 2760,
            "lost_percent": 0.8333333333333334,
            "omitted": false,
            "sender": false
          }
        },
        {
          "streams": [
            {
              "socket": 9,
              "start": 2.000179,
              "end": 3.00018,
              "seconds": 1.0000009536743164,
              "bytes": 3750834,
              "bits_per_second": 30006643.383434884,
              "jitter_ms": 0.0073365298635082715,
              "lost_packets": 19,
              "packets": 2702,
              "lost_percent": 0.703182827535159,
              "omitted": false,
              "sender": false
            }
          ],
          "sum": {
            "start": 2.000179,
            "end": 3.00018,
            "seconds": 1.0000009536743164,
            "bytes": 3750834,
            "bits_per_second": 30006643.383434884,
            "jitter_ms": 0.0073365298635082715,
            "lost_packets": 19,
            "packets": 2702,
            "lost_percent": 0.703182827535159,
            "omitted": false,
            "sender": false
          }
        },
        {
          "streams": [
            {
              "socket": 9,
              "start": 3.00018,
              "end": 4.000262,
              "seconds": 1.000082015991211,
              "bytes": 3585870,
              "bits_per_second": 28684607.403491307,
              "jitter_ms": 0.0335149769340417,
              "lost_packets": 11,
              "packets": 2576,
              "lost_percent": 0.42701863354037267,
              "omitted": false,
              "sender": false
            }
          ],
          "sum": {
            "start": 3.00018,
            "end": 4.000262,
            "seconds": 1.000082015991211,
            "bytes": 3585870,
            "bits_per_second": 28684607.403491307,
            "jitter_ms": 0.0335149769340417,
            "lost_packets": 11,
            "packets": 2576,
            "lost_percent": 0.42701863354037267,
            "omitted": false,
            "sender": false
          }
        },
        {
          "streams": [
            {
              "socket": 9,
              "start": 4.000262,
              "end": 5.000063,
              "seconds": 0.999800980091095,
              "bytes": 3775998,
              "bits_per_second": 30213997.18696781,
              "jitter_ms": 0.32540316040224243,
              "lost_packets": 26,
              "packets": 2727,
              "lost_percent": 0.9534286762009534,
              "omitted": false,
              "sender": false
            }
          ],
          "sum": {
            "start": 4.000262,
            "end": 5.000063,
            "seconds": 0.999800980091095,
            "bytes": 3775998,
            "bits_per_second": 30213997.18696781,
            "jitter_ms": 0.32540316040224243,
            "lost_packets": 26,
            "packets": 2727,
            "lost_percent": 0.9534286762009534,
            "omitted": false,
            "sender": false
          }
        },
        {
          "streams": [
            {
              "socket": 9,
              "start": 5.000063,
              "end": 6.000006,
              "seconds": 0.9999430179595947,
              "bytes": 3703302,
              "bits_per_second": 29628104.269834634,
              "jitter_ms": 0.11128123644541041,
              "lost_packets": 10,
              "packets": 2659,
              "lost_percent": 0.376081233546446,
              "omitted": false,
              "sender": false
            }
          ],
          "sum": {
            "start": 5.000063,
            "end": 6.000006,
            "seconds": 0.9999430179595947,
            "bytes": 3703302,
            "bits_per_second": 29628104.269834634,
            "jitter_ms": 0.11128123644541041,
            "lost_packets": 10,
            "packets": 2659,
            "lost_percent": 0.376081233546446,
            "omitted": false,
            "sender": false
          }
        },
        {
          "streams": [
            {
              "socket": 9,
              "start": 6.000006,
              "end": 7.00001,
              "seconds": 1.0000040531158447,
              "bytes": 3735456,
              "bits_per_second": 29883526.87860371,
              "jitter_ms": 0.1164368943516289,
              "lost_packets": 6,
              "packets": 2678,
              "lost_percent": 0.22404779686333084,
              "omitted": false,
              "sender": false
            }
          ],
          "sum": {
            "start": 6.000006,
            "end": 7.00001,
            "seconds": 1.0000040531158447,
            "bytes": 3735456,
            "bits_per_second": 29883526.87860371,
            "jitter_ms": 0.1164368943516289,
            "lost_packets": 6,
            "packets": 2678,
            "lost_percent": 0.22404779686333084,
            "omitted": false,
            "sender": false
          }
        },
        {
          "streams": [
            {
              "socket": 9,
              "start": 7.00001,
              "end": 8.000054,