{
  "udp": {
    "30": {
      "start": {
        "connected": [
          {
            "socket": 10,
            "local_host": "172.17.0.2",
            "local_port": 37483,
            "remote_host": "10.100.1.102",
            "remote_port": 32201
          }
        ],
        "version": "iperf 3.12",
        "system_info": "Linux 7374d49a90e7 6.8.0-47-generic #47~22.04.1-Ubuntu SMP PREEMPT_DYNAMIC Wed Oct  2 16:16:55 UTC 2 x86_64",
        "timestamp": {
          "time": "Fri, 20 Dec 2024 04:01:32 GMT",
          "timesecs": 1734667292
        },
        "connecting_to": {
          "host": "api-int.edge.open5g.info",
          "port": 32201
        },
        "cookie": "zxohuxslawdrwao5qanyfhxn5xlkkgcxaspt",
        "target_bitrate": 30000000,
        "sock_bufsize": 0,
        "sndbuf_actual": 212992,
        "rcvbuf_actual": 212992,
        "test_start": {
          "protocol": "UDP",
          "num_streams": 1,
          "blksize": 1398,
          "omit": 0,
          "duration": 10,
          "bytes": 0,
          "blocks": 0,
          "reverse": 1,
          "tos": 0,
          "target_bitrate": 30000000
        }
      },
      "intervals": [
        {
          "streams": [
            {
              "socket": 10,
              "start": 0,
              "end": 1.000276,
              "seconds": 1.00027596950531,
              "bytes": 3503388,
              "bits_per_second": 28019371.507905863,
              "jitter_ms": 0.4292117599011093,
              "lost_packets": 4,
              "packets": 2510,
              "lost_percent": 0.1593625498007968,
              "omitted": false,
              "sender": false
            }
          ],
          "sum": {
            "start": 0,
            "end": 1.000276,
            "seconds": 1.00027596950531,
            "bytes": 3503388,
            "bits_per_second": 28019371.507905863,
            "jitter_ms": 0.4292117599011093,
            "lost_packets": 4,
            "packets": 2510,
            "lost_percent": 0.1593625498007968,
            "omitted": false,
            "sender": false
          }
        },
        {
          "streams": [
            {
              "socket": 10,
              "start": 1.000276,
              "end": 2.000204,
              "seconds": 0.9999279975891113,
              "bytes": 3806754,
              "bits_per_second": 30456224.921620924,
              "jitter_ms": 0.2644272013597822,
              "lost_packets": 1,
              "packets": 2724,
              "lost_percent": 0.0367107195301028,
              "omitted": false,
              "sender": false
            }
          ],
          "sum": {
            "start": 1.000276,
            "end": 2.000204,
            "seconds": 0.9999279975891113,
            "bytes": 3806754,
            "bits_per_second": 30456224.921620924,
            "jitter_ms": 0.2644272013597822,
            "lost_packets": 1,
            "packets": 2724,
            "lost_percent": 0.0367107195301028,
            "omitted": false,
            "sender": false
          }
        },
        {
          "streams": [
            {
              "socket": 10,
              "start": 2.000204,
              "end": 3.000358,
              "seconds": 1.0001540184020996,
              "bytes": 3556512,
              "bits_per_second": 28447714.52846494,
              "jitter_ms": 0.9575733288366348,
              "lost_packets": 39,
              "packets": 2583,
              "lost_percent": 1.5098722415795587,
              "omitted": false,
              "sender": false
            }
          ],
          "sum": {
            "start": 2.000204,
            "end": 3.000358,
            "seconds": 1.0001540184020996,
            "bytes": 3556512,
            "bits_per_second": 28447714.52846494,
            "jitter_ms": 0.9575733288366348,
            "lost_packets": 39,
            "packets": 2583,
            "lost_percent": 1.5098722415795587,
            "omitted": false,
            "sender": false
          }
        },
        {
          "streams": [
            {
              "socket": 10,
              "start": 3.000358,
              "end": 4.000163,
              "seconds": 0.999804973602295,
              "bytes": 3845898,
              "bits_per_second": 30773185.583530266,
              "jitter_ms": 0.1714946368505611,
              "lost_packets": 11,
              "packets": 2762,
              "lost_percent": 0.39826212889210716,
              "omitted": false,
              "sender": false
            }
          ],
          "sum": {
            "start": 3.000358,
            "end": 4.000163,
            "seconds": 0.999804973602295,
            "bytes": 3845898,
            "bits_per_second": 30773185.583530266,
            "jitter_ms": 0.1714946368505611,
            "lost_packets": 11,
            "packets": 2762,
            "lost_percent": 0.39826212889210716,
            "omitted": false,
            "sender": false
          }
        },
        {
          "streams": [
            {
              "socket": 10,
              "start": 4.000163,
              "end": 5.000286,
              "seconds": 1.0001230239868164,
              "bytes": 3725670,
              "bits_per_second": 29801693.676829994,
              "jitter_ms": 0.4283443490363741,
              "lost_packets": 0,
              "packets": 2665,
              "lost_percent": 0,
              "omitted": false,
              "sender": false
            }
          ],
          "sum": {
            "start": 4.000163,
            "end": 5.000286,
            "seconds": 1.0001230239868164,
            "bytes": 3725670,
            "bits_per_second": 29801693.676829994,
            "jitter_ms": 0.4283443490363741,
            "lost_packets": 0,
            "packets": 2665,
            "lost_percent": 0,
            "omitted": false,
            "sender": false
          }
        },
        {
          "streams": [
            {
              "socket": 10,
              "start": 5.000286,
              "end": 6.000175,
              "seconds": 0.9998890161514282,
              "bytes": 3637596,
              "bits_per_second": 29103998.073715046,
              "jitter_ms": 2.4085180190165327,
              "lost_packets": 0,
              "packets": 2602,
              "lost_percent": 0,
              "omitted": false,
              "sender": false
            }
          ],
          "sum": {
            "start": 5.000286,
            "end": 6.000175,
            "seconds": 0.9998890161514282,
            "bytes": 3637596,
            "bits_per_second": 29103998.073715046,
            "jitter_ms": 2.4085180190165327,
            "lost_packets": 0,
            "packets": 2602,
            "lost_percent": 0,
            "omitted": false,
            "sender": false
          }
        },
        {
          "streams": [
            {
              "socket": 10,
              "start": 6.000175,
              "end": 7.00028,
              "seconds": 1.0001050233840942,
              "bytes": 3760620,
              "bits_per_second": 30081800.70749005,
              "jitter_ms": 1.9261828449290284,
              "lost_packets": 0,
              "packets": 2690,
              "lost_percent": 0,
              "omitted": false,
              "sender": false
            }
          ],
          "sum": {
            "start": 6.000175,
            "end": 7.00028,
            "seconds": 1.0001050233840942,
            "bytes": 3760620,
            "bits_per_second": 30081800.70749005,
            "jitter_ms": 1.9261828449290284,
            "lost_packets": 0,
            "packets": 2690,
            "lost_percent": 0,
            "omitted": false,
            "sender": false
          }
        },
        {
          "streams": [
            {
              "socket": 10,
              "start": 7.00028,
              "end": 8.000259,
              "seconds": 0.999979019165039,
              "bytes": 3764814,