{
  "udp": {
    "50": {
      "start": {
        "connected": [
          {
            "socket": 10,
            "local_host": "172.17.0.2",
            "local_port": 52868,
            "remote_host": "172.20.25.101",
            "remote_port": 32201
          }
        ],
        "version": "iperf 3.12",
        "system_info": "Linux 52d0f99e2cc9 6.8.0-60-generic #63~22.04.1-Ubuntu SMP PREEMPT_DYNAMIC Tue Apr 22 19:00:15 UTC 2 x86_64",
        "timestamp": {
          "time": "Tue, 24 Jun 2025 06:01:44 GMT",
          "timesecs": 1750744904
        },
        "connecting_to": {
          "host": "api-int.tenoran.automation.otic.open6g.net",
          "port": 32201
        },
        "cookie": "mh6upqd3yjvdeldcmv522moonmx7q34zrtvj",
        "target_bitrate": 50000000,
        "sock_bufsize": 0,
        "sndbuf_actual": 212992,
        "rcvbuf_actual": 212992,
        "test_start": {
          "protocol": "UDP",
          "num_streams": 1,
          "blksize": 1348,
          "omit": 0,
          "duration": 10,
          "bytes": 0,
          "blocks": 0,
          "reverse": 1,
          "tos": 0,
          "target_bitrate": 50000000
        }
      },
      "intervals": [
        {
          "streams": [
            {
              "socket": 10,
              "start": 0,
              "end": 1.000205,
              "seconds": 1.0002050399780273,
              "bytes": 5886716,
              "bits_per_second": 47084073.8825257,
              "jitter_ms": 0.24578922620225138,
              "lost_packets": 0,
              "packets": 4367,
              "lost_percent": 0,
              "omitted": false,
              "sender": false
            }
          ],
          "sum": {
            "start": 0,
            "end": 1.000205,
            "seconds": 1.0002050399780273,
            "bytes": 5886716,
            "bits_per_second": 47084073.8825257,
            "jitter_ms": 0.24578922620225138,
            "lost_packets": 0,
            "packets": 4367,
            "lost_percent": 0,
            "omitted": false,
            "sender": false
          }
        },
        {
          "streams": [
            {
              "socket": 10,
              "start": 1.000205,
              "end": 2.000203,
              "seconds": 0.9999979734420776,
              "bytes": 6207540,
              "bits_per_second": 49660420.639718875,
              "jitter_ms": 0.6277145089342714,
              "lost_packets": 0,
              "packets": 4605,
              "lost_percent": 0,
              "omitted": false,
              "sender": false
            }
          ],
          "sum": {
            "start": 1.000205,
            "end": 2.000203,
            "seconds": 0.9999979734420776,
            "bytes": 6207540,
            "bits_per_second": 49660420.639718875,
            "jitter_ms": 0.6277145089342714,
            "lost_packets": 0,
            "packets": 4605,
            "lost_percent": 0,
            "omitted": false,
            "sender": false
          }
        },
        {
          "streams": [
            {
              "socket": 10,
              "start": 2.000203,
              "end": 3.000198,
              "seconds": 0.999994993209839,
              "bytes": 6261460,
              "bits_per_second": 50091930.79978628,
              "jitter_ms": 0.23293477452510927,
              "lost_packets": 0,
              "packets": 4645,
              "lost_percent": 0,
              "omitted": false,
              "sender": false
            }
          ],
          "sum": {
            "start": 2.000203,
            "end": 3.000198,
            "seconds": 0.999994993209839,
            "bytes": 6261460,
            "bits_per_second": 50091930.79978628,
            "jitter_ms": 0.23293477452510927,
            "lost_packets": 0,
            "packets": 4645,
            "lost_percent": 0,
            "omitted": false,
            "sender": false
          }
        },
        {
          "streams": [
            {
              "socket": 10,
              "start": 3.000198,
              "end": 4.000203,
              "seconds": 1.0000050067901611,
              "bytes": 6243936,
              "bits_per_second": 49951237.90463352,
              "jitter_ms": 0.2329083730894686,
              "lost_packets": 0,
              "packets": 4632,
              "lost_percent": 0,
              "omitted": false,
              "sender": false
            }
          ],
          "sum": {
            "start": 3.000198,
            "end": 4.000203,
            "seconds": 1.0000050067901611,
            "bytes": 6243936,
            "bits_per_second": 49951237.90463352,
            "jitter_ms": 0.2329083730894686,
            "lost_packets": 0,
            "packets": 4632,
            "lost_percent": 0,
            "omitted": false,
            "sender": false
          }
        },
        {
          "streams": [
            {
              "socket": 10,
              "start": 4.000203,
              "end": 5.000105,
              "seconds": 0.9999020099639893,
              "bytes": 6265504,
              "bits_per_second": 50128944.13704117,
              "jitter_ms": 0.2620888341232647,
              "lost_packets": 3,
              "packets": 4651,
              "lost_percent": 0.06450225757901526,
              "omitted": false,
              "sender": false
            }
          ],
          "sum": {
            "start": 4.000203,
            "end": 5.000105,
            "seconds": 0.9999020099639893,
            "bytes": 6265504,
            "bits_per_second": 50128944.13704117,
            "jitter_ms": 0.2620888341232647,
            "lost_packets": 3,
            "packets": 4651,
            "lost_percent": 0.06450225757901526,
            "omitted": false,
            "sender": false
          }
        },
        {
          "streams": [
            {
              "socket": 10,
              "start": 5.000105,
              "end": 6.000206,
              "seconds": 1.0001009702682495,
              "bytes": 6225064,
              "bits_per_second": 49795484.136609115,
              "jitter_ms": 0.6347833437722137,
              "lost_packets": 0,
              "packets": 4618,
              "lost_percent": 0,
              "omitted": false,
              "sender": false
            }
          ],
          "sum": {
            "start": 5.000105,
            "end": 6.000206,
            "seconds": 1.0001009702682495,
            "bytes": 6225064,
            "bits_per_second": 49795484.136609115,
            "jitter_ms": 0.6347833437722137,
            "lost_packets": 0,
            "packets": 4618,
            "lost_percent": 0,
            "omitted": false,
            "sender": false
          }
        },
        {
          "streams": [
            {
              "socket": 10,
              "start": 6.000206,
              "end": 7.000207,
              "seconds": 1.0000009536743164,
              "bytes": 6115876,
              "bits_per_second": 48926961.3396136,
              "jitter_ms": 0.726717240769814,
              "lost_packets": 0,
              "packets": 4537,
              "lost_percent": 0,
              "omitted": false,
              "sender": false
            }
          ],
          "sum": {
            "start": 6.000206,
            "end": 7.000207,
            "seconds": 1.0000009536743164,
            "bytes": 6115876,
            "bits_per_second": 48926961.3396136,
            "jitter_ms": 0.726717240769814,
            "lost_packets": 0,
            "packets": 4537,
            "lost_percent": 0,
            "omitted": false,
            "sender": false
          }
        },
        {
          "streams": [
            {
              "socket": 10,
              "start": 7.000207,
              "end": 8.000187,
              "seconds": 0.9999799728393555,
              "bytes": 6037692,
              "bits_per_second": 48302503.36199436,
              "jitter_ms": 0.5281544790819888,