{
  "udp": {
    "20": {
      "start": {
        "connected": [
          {
            "socket": 9,
            "local_host": "172.17.0.2",
            "local_port": 41768,
            "remote_host": "10.100.1.102",
            "remote_port": 32201
          }
        ],
        "version": "iperf 3.12",
        "system_info": "Linux d1a4be88954d 6.5.0-27-generic #28~22.04.1-Ubuntu SMP PREEMPT_DYNAMIC Fri Mar 15 10:51:06 UTC 2 x86_64",
        "timestamp": {
          "time": "Tue, 30 Apr 2024 16:01:07 GMT",
          "timesecs": 1714492867
        },
        "connecting_to": {
          "host": "api-int.edge.open5g.info",
          "port": 32201
        },
        "cookie": "n5tyzzwgil3ov4qspr477ienpfnjpid75lz3",
        "target_bitrate": 20000000,
        "sock_bufsize": 0,
        "sndbuf_actual": 212992,
        "rcvbuf_actual": 212992,
        "test_start": {
          "protocol": "UDP",
          "num_streams": 1,
          "blksize": 1398,
          "omit": 0,
          "duration": 10,
          "bytes": 0,
          "blocks": 0,
          "reverse": 1,
          "tos": 0,
          "target_bitrate": 20000000
        }
      },
      "intervals": [
        {
          "streams": [
            {
              "socket": 9,
              "start": 0,
              "end": 1.000183,
              "seconds": 1.0001829862594604,
              "bytes": 2502420,
              "bits_per_second": 20015697.402401842,
              "jitter_ms": 0.04017149873525254,
              "lost_packets": 0,
              "packets": 1790,
              "lost_percent": 0,
              "omitted": false,
              "sender": false
            }
          ],
          "sum": {
            "start": 0,
            "end": 1.000183,
            "seconds": 1.0001829862594604,
            "bytes": 2502420,
            "bits_per_second": 20015697.402401842,
            "jitter_ms": 0.04017149873525254,
            "lost_packets": 0,
            "packets": 1790,
            "lost_percent": 0,
            "omitted": false,
            "sender": false
          }
        },
        {
          "streams": [
            {
              "socket": 9,
              "start": 1.000183,
              "end": 2.000193,
              "seconds": 1.0000100135803223,
              "bytes": 2501022,
              "bits_per_second": 20007975.64852876,
              "jitter_ms": 0.009305730861546383,
              "lost_packets": 0,
              "packets": 1789,
              "lost_percent": 0,
              "omitted": false,
              "sender": false
            }
          ],
          "sum": {
            "start": 1.000183,
            "end": 2.000193,
            "seconds": 1.0000100135803223,
            "bytes": 2501022,
            "bits_per_second": 20007975.64852876,
            "jitter_ms": 0.009305730861546383,
            "lost_packets": 0,
            "packets": 1789,
            "lost_percent": 0,
            "omitted": false,
            "sender": false
          }
        },
        {
          "streams": [
            {
              "socket": 9,
              "start": 2.000193,
              "end": 3.000265,
              "seconds": 1.0000720024108887,
              "bytes": 2499624,
              "bits_per_second": 19995552.272029363,
              "jitter_ms": 0.021998498768737836,
              "lost_packets": 0,
              "packets": 1788,
              "lost_percent": 0,
              "omitted": false,
              "sender": false
            }
          ],
          "sum": {
            "start": 2.000193,
            "end": 3.000265,
            "seconds": 1.0000720024108887,
            "bytes": 2499624,
            "bits_per_second": 19995552.272029363,
            "jitter_ms": 0.021998498768737836,
            "lost_packets": 0,
            "packets": 1788,
            "lost_percent": 0,
            "omitted": false,
            "sender": false
          }
        },
        {
          "streams": [
            {
              "socket": 9,
              "start": 3.000265,
              "end": 4.000266,
              "seconds": 1.0000009536743164,
              "bytes": 2499624,
              "bits_per_second": 19996972.92940051,
              "jitter_ms": 0.0306753998064039,
              "lost_packets": 0,
              "packets": 1788,
              "lost_percent": 0,
              "omitted": false,
              "sender": false
            }
          ],
          "sum": {
            "start": 3.000265,
            "end": 4.000266,
            "seconds": 1.0000009536743164,
            "bytes": 2499624,
            "bits_per_second": 19996972.92940051,
            "jitter_ms": 0.0306753998064039,
            "lost_packets": 0,
            "packets": 1788,
            "lost_percent": 0,
            "omitted": false,
            "sender": false
          }
        },
        {
          "streams": [
            {
              "socket": 9,
              "start": 4.000266,
              "end": 5.00029,
              "seconds": 1.0000239610672,
              "bytes": 2499624,
              "bits_per_second": 19996512.862211548,
              "jitter_ms": 0.1506919750692427,
              "lost_packets": 0,
              "packets": 1788,
              "lost_percent": 0,
              "omitted": false,
              "sender": false
            }
          ],
          "sum": {
            "start": 4.000266,
            "end": 5.00029,
            "seconds": 1.0000239610672,
            "bytes": 2499624,
            "bits_per_second": 19996512.862211548,
            "jitter_ms": 0.1506919750692427,
            "lost_packets": 0,
            "packets": 1788,
            "lost_percent": 0,
            "omitted": false,
            "sender": false
          }
        },
        {
          "streams": [
            {
              "socket": 9,
              "start": 5.00029,
              "end": 6.000285,
              "seconds": 0.999994993209839,
              "bytes": 2501022,
              "bits_per_second": 20008276.1772403,
              "jitter_ms": 0.12951059766307588,
              "lost_packets": 0,
              "packets": 1789,
              "lost_percent": 0,
              "omitted": false,
              "sender": false
            }
          ],
          "sum": {
            "start": 5.00029,
            "end": 6.000285,
            "seconds": 0.999994993209839,
            "bytes": 2501022,
            "bits_per_second": 20008276.1772403,
            "jitter_ms": 0.12951059766307588,
            "lost_packets": 0,
            "packets": 1789,
            "lost_percent": 0,
            "omitted": false,
            "sender": false
          }
        },
        {
          "streams": [
            {
              "socket": 9,
              "start": 6.000285,
              "end": 7.000282,
              "seconds": 0.9999970197677612,
              "bytes": 2499624,
              "bits_per_second": 19997051.595857847,
              "jitter_ms": 0.11908160053944242,
              "lost_packets": 0,
              "packets": 1788,
              "lost_percent": 0,
              "omitted": false,
              "sender": false
            }
          ],
          "sum": {
            "start": 6.000285,
            "end": 7.000282,
            "seconds": 0.9999970197677612,
            "bytes": 2499624,
            "bits_per_second": 19997051.595857847,
            "jitter_ms": 0.11908160053944242,
            "lost_packets": 0,
            "packets": 1788,
            "lost_percent": 0,
            "omitted": false,
            "sender": false
          }
        },
        {
          "streams": [
            {
              "socket": 9,
              "start": 7.000282,
              "end": 8.000282,
              "seconds": 1,
              "bytes": 2499624,
              "bits_per_second": 19996992,
              "jitter_ms": 0.02064986050508158,
              "lost_packets": 0,
              "packets": 1788,
              "lost_percent": 0,