{
  "udp": {
    "30": {
      "start": {
        "connected": [
          {
            "socket": 10,
            "local_host": "172.17.0.2",
            "local_port": 34945,
            "remote_host": "10.100.1.101",
            "remote_port": 32201
          }
        ],
        "version": "iperf 3.12",
        "system_info": "Linux 168fe4b33b58 6.8.0-40-generic #40~22.04.3-Ubuntu SMP PREEMPT_DYNAMIC Tue Jul 30 17:30:19 UTC 2 x86_64",
        "timestamp": {
          "time": "Sat, 19 Oct 2024 07:01:53 GMT",
          "timesecs": 1729321313
        },
        "connecting_to": {
          "host": "api-int.edge.open5g.info",
          "port": 32201
        },
        "cookie": "2n2xokv6kahb37iwdj5utuue4dtblnnf343s",
        "target_bitrate": 30000000,
        "sock_bufsize": 0,
        "sndbuf_actual": 212992,
        "rcvbuf_actual": 212992,
        "test_start": {
          "protocol": "UDP",
          "num_streams": 1,
          "blksize": 1398,
          "omit": 0,
          "duration": 10,
          "bytes": 0,
          "blocks": 0,
          "reverse": 1,
          "tos": 0,
          "target_bitrate": 30000000
        }
      },
      "intervals": [
        {
          "streams": [
            {
              "socket": 10,
              "start": 0,
              "end": 1.000074,
              "seconds": 1.000074028968811,
              "bytes": 3755028,
              "bits_per_second": 30038000.317811325,
              "jitter_ms": 0.04355935523301761,
              "lost_packets": 0,
              "packets": 2686,
              "lost_percent": 0,
              "omitted": false,
              "sender": false
            }
          ],
          "sum": {
            "start": 0,
            "end": 1.000074,
            "seconds": 1.000074028968811,
            "bytes": 3755028,
            "bits_per_second": 30038000.317811325,
            "jitter_ms": 0.04355935523301761,
            "lost_packets": 0,
            "packets": 2686,
            "lost_percent": 0,
            "omitted": false,
            "sender": false
          }
        },
        {
          "streams": [
            {
              "socket": 10,
              "start": 1.000074,
              "end": 2.000066,
              "seconds": 0.9999920129776,
              "bytes": 3671148,
              "bits_per_second": 29369418.574204024,
              "jitter_ms": 0.0740455497852942,
              "lost_packets": 57,
              "packets": 2683,
              "lost_percent": 2.1244875139768915,
              "omitted": false,
              "sender": false
            }
          ],
          "sum": {
            "start": 1.000074,
            "end": 2.000066,
            "seconds": 0.9999920129776,
            "bytes": 3671148,
            "bits_per_second": 29369418.574204024,
            "jitter_ms": 0.0740455497852942,
            "lost_packets": 57,
            "packets": 2683,
            "lost_percent": 2.1244875139768915,
            "omitted": false,
            "sender": false
          }
        },
        {
          "streams": [
            {
              "socket": 10,
              "start": 2.000066,
              "end": 3.000071,
              "seconds": 1.0000050067901611,
              "bytes": 3750834,
              "bits_per_second": 30006521.763642065,
              "jitter_ms": 0.34548887641348,
              "lost_packets": 0,
              "packets": 2683,
              "lost_percent": 0,
              "omitted": false,
              "sender": false
            }
          ],
          "sum": {
            "start": 2.000066,
            "end": 3.000071,
            "seconds": 1.0000050067901611,
            "bytes": 3750834,
            "bits_per_second": 30006521.763642065,
            "jitter_ms": 0.34548887641348,
            "lost_packets": 0,
            "packets": 2683,
            "lost_percent": 0,
            "omitted": false,
            "sender": false
          }
        },
        {
          "streams": [
            {
              "socket": 10,
              "start": 3.000071,
              "end": 4.000014,
              "seconds": 0.9999430179595947,
              "bytes": 3640392,
              "bits_per_second": 29124795.59027912,
              "jitter_ms": 0.04513073794877199,
              "lost_packets": 0,
              "packets": 2604,
              "lost_percent": 0,
              "omitted": false,
              "sender": false
            }
          ],
          "sum": {
            "start": 3.000071,
            "end": 4.000014,
            "seconds": 0.9999430179595947,
            "bytes": 3640392,
            "bits_per_second": 29124795.59027912,
            "jitter_ms": 0.04513073794877199,
            "lost_packets": 0,
            "packets": 2604,
            "lost_percent": 0,
            "omitted": false,
            "sender": false
          }
        },
        {
          "streams": [
            {
              "socket": 10,
              "start": 4.000014,
              "end": 5.000096,
              "seconds": 1.000082015991211,
              "bytes": 3858480,
              "bits_per_second": 30865308.551125146,
              "jitter_ms": 0.04172307188581904,
              "lost_packets": 0,
              "packets": 2760,
              "lost_percent": 0,
              "omitted": false,
              "sender": false
            }
          ],
          "sum": {
            "start": 4.000014,
            "end": 5.000096,
            "seconds": 1.000082015991211,
            "bytes": 3858480,
            "bits_per_second": 30865308.551125146,
            "jitter_ms": 0.04172307188581904,
            "lost_packets": 0,
            "packets": 2760,
            "lost_percent": 0,
            "omitted": false,
            "sender": false
          }
        },
        {
          "streams": [
            {
              "socket": 10,
              "start": 5.000096,
              "end": 6.000009,
              "seconds": 0.999912977218628,
              "bytes": 3650178,
              "bits_per_second": 29203965.4102971,
              "jitter_ms": 0.060196092325311736,
              "lost_packets": 0,
              "packets": 2611,
              "lost_percent": 0,
              "omitted": false,
              "sender": false
            }
          ],
          "sum": {
            "start": 5.000096,
            "end": 6.000009,
            "seconds": 0.999912977218628,
            "bytes": 3650178,
            "bits_per_second": 29203965.4102971,
            "jitter_ms": 0.060196092325311736,
            "lost_packets": 0,
            "packets": 2611,
            "lost_percent": 0,
            "omitted": false,
            "sender": false
          }
        },
        {
          "streams": [
            {
              "socket": 10,
              "start": 6.000009,
              "end": 7.000118,
              "seconds": 1.0001089572906494,
              "bytes": 3850092,
              "bits_per_second": 30797380.40087242,
              "jitter_ms": 0.02214266107449757,
              "lost_packets": 0,
              "packets": 2754,
              "lost_percent": 0,
              "omitted": false,
              "sender": false
            }
          ],
          "sum": {
            "start": 6.000009,
            "end": 7.000118,
            "seconds": 1.0001089572906494,
            "bytes": 3850092,
            "bits_per_second": 30797380.40087242,
            "jitter_ms": 0.02214266107449757,
            "lost_packets": 0,
            "packets": 2754,
            "lost_percent": 0,
            "omitted": false,
            "sender": false
          }
        },
        {
          "streams": [
            {
              "socket": 10,
              "start": 7.000118,
              "end": 8.000015,
              "seconds": 0.999897003173828,
              "bytes": 3657168,
              "bits_per_second": 29260357.723978225,
              "jitter_ms": 0.09560656903244355,
              "lost_packets": 0,