{
  "udp": {
    "20": {
      "start": {
        "connected": [
          {
            "socket": 10,
            "local_host": "172.17.0.2",
            "local_port": 39059,
            "remote_host": "172.20.25.101",
            "remote_port": 32201
          }
        ],
        "version": "iperf 3.12",
        "system_info": "Linux 738da558e940 6.8.0-52-generic #53~22.04.1-Ubuntu SMP PREEMPT_DYNAMIC Wed Jan 15 19:18:46 UTC 2 x86_64",
        "timestamp": {
          "time": "Sat, 29 Mar 2025 04:01:31 GMT",
          "timesecs": 1743220891
        },
        "connecting_to": {
          "host": "api-int.tenoran.automation.otic.open6g.net",
          "port": 32201
        },
        "cookie": "lwksegfm6jos4xdle7ugiewdjfit4c4etxap",
        "target_bitrate": 20000000,
        "sock_bufsize": 0,
        "sndbuf_actual": 212992,
        "rcvbuf_actual": 212992,
        "test_start": {
          "protocol": "UDP",
          "num_streams": 1,
          "blksize": 1348,
          "omit": 0,
          "duration": 10,
          "bytes": 0,
          "blocks": 0,
          "reverse": 1,
          "tos": 0,
          "target_bitrate": 20000000
        }
      },
      "intervals": [
        {
          "streams": [
            {
              "socket": 10,
              "start": 0,
              "end": 1.000072,
              "seconds": 1.0000720024108887,
              "bytes": 2503236,
              "bits_per_second": 20024446.1915975,
              "jitter_ms": 0.1688162356085468,
              "lost_packets": 0,
              "packets": 1857,
              "lost_percent": 0,
              "omitted": false,
              "sender": false
            }
          ],
          "sum": {
            "start": 0,
            "end": 1.000072,
            "seconds": 1.0000720024108887,
            "bytes": 2503236,
            "bits_per_second": 20024446.1915975,
            "jitter_ms": 0.1688162356085468,
            "lost_packets": 0,
            "packets": 1857,
            "lost_percent": 0,
            "omitted": false,
            "sender": false
          }
        },
        {
          "streams": [
            {
              "socket": 10,
              "start": 1.000072,
              "end": 2.000193,
              "seconds": 1.000120997428894,
              "bytes": 2499192,
              "bits_per_second": 19991117.126227006,
              "jitter_ms": 0.08601179715958136,
              "lost_packets": 0,
              "packets": 1854,
              "lost_percent": 0,
              "omitted": false,
              "sender": false
            }
          ],
          "sum": {
            "start": 1.000072,
            "end": 2.000193,
            "seconds": 1.000120997428894,
            "bytes": 2499192,
            "bits_per_second": 19991117.126227006,
            "jitter_ms": 0.08601179715958136,
            "lost_packets": 0,
            "packets": 1854,
            "lost_percent": 0,
            "omitted": false,
            "sender": false
          }
        },
        {
          "streams": [
            {
              "socket": 10,
              "start": 2.000193,
              "end": 3.000285,
              "seconds": 1.0000920295715332,
              "bytes": 2500540,
              "bits_per_second": 20002479.180411424,
              "jitter_ms": 0.056604456333526676,
              "lost_packets": 0,
              "packets": 1855,
              "lost_percent": 0,
              "omitted": false,
              "sender": false
            }
          ],
          "sum": {
            "start": 2.000193,
            "end": 3.000285,
            "seconds": 1.0000920295715332,
            "bytes": 2500540,
            "bits_per_second": 20002479.180411424,
            "jitter_ms": 0.056604456333526676,
            "lost_packets": 0,
            "packets": 1855,
            "lost_percent": 0,
            "omitted": false,
            "sender": false
          }
        },
        {
          "streams": [
            {
              "socket": 10,
              "start": 3.000285,
              "end": 4.000282,
              "seconds": 0.9999970197677612,
              "bytes": 2499192,
              "bits_per_second": 19993595.58555813,
              "jitter_ms": 0.016433511131408483,
              "lost_packets": 0,
              "packets": 1854,
              "lost_percent": 0,
              "omitted": false,
              "sender": false
            }
          ],
          "sum": {
            "start": 3.000285,
            "end": 4.000282,
            "seconds": 0.9999970197677612,
            "bytes": 2499192,
            "bits_per_second": 19993595.58555813,
            "jitter_ms": 0.016433511131408483,
            "lost_packets": 0,
            "packets": 1854,
            "lost_percent": 0,
            "omitted": false,
            "sender": false
          }
        },
        {
          "streams": [
            {
              "socket": 10,
              "start": 4.000282,
              "end": 5.000111,
              "seconds": 0.9998289942741394,
              "bytes": 2500540,
              "bits_per_second": 20007741.4383475,
              "jitter_ms": 0.028852734456846035,
              "lost_packets": 0,
              "packets": 1855,
              "lost_percent": 0,
              "omitted": false,
              "sender": false
            }
          ],
          "sum": {
            "start": 4.000282,
            "end": 5.000111,
            "seconds": 0.9998289942741394,
            "bytes": 2500540,
            "bits_per_second": 20007741.4383475,
            "jitter_ms": 0.028852734456846035,
            "lost_packets": 0,
            "packets": 1855,
            "lost_percent": 0,
            "omitted": false,
            "sender": false
          }
        },
        {
          "streams": [
            {
              "socket": 10,
              "start": 5.000111,
              "end": 6.000121,
              "seconds": 1.0000100135803223,
              "bytes": 2500540,
              "bits_per_second": 20004119.687140737,
              "jitter_ms": 0.35632875735938746,
              "lost_packets": 0,
              "packets": 1855,
              "lost_percent": 0,
              "omitted": false,
              "sender": false
            }
          ],
          "sum": {
            "start": 5.000111,
            "end": 6.000121,
            "seconds": 1.0000100135803223,
            "bytes": 2500540,
            "bits_per_second": 20004119.687140737,
            "jitter_ms": 0.35632875735938746,
            "lost_packets": 0,
            "packets": 1855,
            "lost_percent": 0,
            "omitted": false,
            "sender": false
          }
        },
        {
          "streams": [
            {
              "socket": 10,
              "start": 6.000121,
              "end": 7.000122,
              "seconds": 1.0000009536743164,
              "bytes": 2499192,
              "bits_per_second": 19993516.932696406,
              "jitter_ms": 0.016471500069304392,
              "lost_packets": 0,
              "packets": 1854,
              "lost_percent": 0,
              "omitted": false,
              "sender": false
            }
          ],
          "sum": {
            "start": 6.000121,
            "end": 7.000122,
            "seconds": 1.0000009536743164,
            "bytes": 2499192,
            "bits_per_second": 19993516.932696406,
            "jitter_ms": 0.016471500069304392,
            "lost_packets": 0,
            "packets": 1854,
            "lost_percent": 0,
            "omitted": false,
            "sender": false
          }
        },
        {
          "streams": [
            {
              "socket": 10,
              "start": 7.000122,
              "end": 8.000281,
              "seconds": 1.0001590251922607,
              "bytes": 2500540,
              "bits_per_second": 20001139.314975,
              "jitter_ms": 0.21142031881094242,
              "lost_packets": 0,