{
  "udp": {
    "10": {
      "start": {
        "connected": [
          {
            "socket": 10,
            "local_host": "172.17.0.2",
            "local_port": 42827,
            "remote_host": "10.100.1.103",
            "remote_port": 32201
          }
        ],
        "version": "iperf 3.12",
        "system_info": "Linux 3df62d57fe30 6.5.0-27-generic #28~22.04.1-Ubuntu SMP PREEMPT_DYNAMIC Fri Mar 15 10:51:06 UTC 2 x86_64",
        "timestamp": {
          "time": "Wed, 24 Jul 2024 04:00:43 GMT",
          "timesecs": 1721793643
        },
        "connecting_to": {
          "host": "api-int.edge.open5g.info",
          "port": 32201
        },
        "cookie": "dsxufxz7ekswuwgf2fluunabf535v2gsogrr",
        "target_bitrate": 10000000,
        "sock_bufsize": 0,
        "sndbuf_actual": 212992,
        "rcvbuf_actual": 212992,
        "test_start": {
          "protocol": "UDP",
          "num_streams": 1,
          "blksize": 1398,
          "omit": 0,
          "duration": 10,
          "bytes": 0,
          "blocks": 0,
          "reverse": 1,
          "tos": 0,
          "target_bitrate": 10000000
        }
      },
      "intervals": [
        {
          "streams": [
            {
              "socket": 10,
              "start": 0,
              "end": 1.000292,
              "seconds": 1.00029194355011,
              "bytes": 1251210,
              "bits_per_second": 10006758.591371743,
              "jitter_ms": 0.3447981303925482,
              "lost_packets": 0,
              "packets": 895,
              "lost_percent": 0,
              "omitted": false,
              "sender": false
            }
          ],
          "sum": {
            "start": 0,
            "end": 1.000292,
            "seconds": 1.00029194355011,
            "bytes": 1251210,
            "bits_per_second": 10006758.591371743,
            "jitter_ms": 0.3447981303925482,
            "lost_packets": 0,
            "packets": 895,
            "lost_percent": 0,
            "omitted": false,
            "sender": false
          }
        },
        {
          "streams": [
            {
              "socket": 10,
              "start": 1.000292,
              "end": 2.000278,
              "seconds": 0.9999859929084778,
              "bytes": 1249812,
              "bits_per_second": 9998636.051810276,
              "jitter_ms": 0.01612079037424041,
              "lost_packets": 0,
              "packets": 894,
              "lost_percent": 0,
              "omitted": false,
              "sender": false
            }
          ],
          "sum": {
            "start": 1.000292,
            "end": 2.000278,
            "seconds": 0.9999859929084778,
            "bytes": 1249812,
            "bits_per_second": 9998636.051810276,
            "jitter_ms": 0.01612079037424041,
            "lost_packets": 0,
            "packets": 894,
            "lost_percent": 0,
            "omitted": false,
            "sender": false
          }
        },
        {
          "streams": [
            {
              "socket": 10,
              "start": 2.000278,
              "end": 3.000198,
              "seconds": 0.9999200105667114,
              "bytes": 1249812,
              "bits_per_second": 9999295.838007366,
              "jitter_ms": 0.0162398329552062,
              "lost_packets": 0,
              "packets": 894,
              "lost_percent": 0,
              "omitted": false,
              "sender": false
            }
          ],
          "sum": {
            "start": 2.000278,
            "end": 3.000198,
            "seconds": 0.9999200105667114,
            "bytes": 1249812,
            "bits_per_second": 9999295.838007366,
            "jitter_ms": 0.0162398329552062,
            "lost_packets": 0,
            "packets": 894,
            "lost_percent": 0,
            "omitted": false,
            "sender": false
          }
        },
        {
          "streams": [
            {
              "socket": 10,
              "start": 3.000198,
              "end": 4.000303,
              "seconds": 1.0001050233840942,
              "bytes": 1251210,
              "bits_per_second": 10008628.859926987,
              "jitter_ms": 0.011685266653668388,
              "lost_packets": 0,
              "packets": 895,
              "lost_percent": 0,
              "omitted": false,
              "sender": false
            }
          ],
          "sum": {
            "start": 3.000198,
            "end": 4.000303,
            "seconds": 1.0001050233840942,
            "bytes": 1251210,
            "bits_per_second": 10008628.859926987,
            "jitter_ms": 0.011685266653668388,
            "lost_packets": 0,
            "packets": 895,
            "lost_percent": 0,
            "omitted": false,
            "sender": false
          }
        },
        {
          "streams": [
            {
              "socket": 10,
              "start": 4.000303,
              "end": 5.000214,
              "seconds": 0.9999110102653503,
              "bytes": 1249812,
              "bits_per_second": 9999385.8426928,
              "jitter_ms": 0.011251320819054248,
              "lost_packets": 0,
              "packets": 894,
              "lost_percent": 0,
              "omitted": false,
              "sender": false
            }
          ],
          "sum": {
            "start": 4.000303,
            "end": 5.000214,
            "seconds": 0.9999110102653503,
            "bytes": 1249812,
            "bits_per_second": 9999385.8426928,
            "jitter_ms": 0.011251320819054248,
            "lost_packets": 0,
            "packets": 894,
            "lost_percent": 0,
            "omitted": false,
            "sender": false
          }
        },
        {
          "streams": [
            {
              "socket": 10,
              "start": 5.000214,
              "end": 6.000296,
              "seconds": 1.000082015991211,
              "bytes": 1249812,
              "bits_per_second": 9997676.03069054,
              "jitter_ms": 0.00963274864466238,
              "lost_packets": 0,
              "packets": 894,
              "lost_percent": 0,
              "omitted": false,
              "sender": false
            }
          ],
          "sum": {
            "start": 5.000214,
            "end": 6.000296,
            "seconds": 1.000082015991211,
            "bytes": 1249812,
            "bits_per_second": 9997676.03069054,
            "jitter_ms": 0.00963274864466238,
            "lost_packets": 0,
            "packets": 894,
            "lost_percent": 0,
            "omitted": false,
            "sender": false
          }
        },
        {
          "streams": [
            {
              "socket": 10,
              "start": 6.000296,
              "end": 7.000293,
              "seconds": 0.9999970197677612,
              "bytes": 1249812,
              "bits_per_second": 9998525.797928924,
              "jitter_ms": 0.07584142807782578,
              "lost_packets": 0,
              "packets": 894,
              "lost_percent": 0,
              "omitted": false,
              "sender": false
            }
          ],
          "sum": {
            "start": 6.000296,
            "end": 7.000293,
            "seconds": 0.9999970197677612,
            "bytes": 1249812,
            "bits_per_second": 9998525.797928924,
            "jitter_ms": 0.07584142807782578,
            "lost_packets": 0,
            "packets": 894,
            "lost_percent": 0,
            "omitted": false,
            "sender": false
          }
        },
        {
          "streams": [
            {
              "socket": 10,
              "start": 7.000293,
              "end": 8.000297,
              "seconds": 1.0000040531158447,
              "bytes": 1249812,
              "bits_per_second": 9998455.47510169,
              "jitter_ms": 0.011631430603215158,
              "lost_packets": 0,
              "packets": 894,