{
  "udp": {
    "10": {
      "start": {
        "connected": [
          {
            "socket": 10,
            "local_host": "172.17.0.2",
            "local_port": 43259,
            "remote_host": "10.100.1.103",
            "remote_port": 32201
          }
        ],
        "version": "iperf 3.12",
        "system_info": "Linux 070bc9bb0e49 6.8.0-47-generic #47~22.04.1-Ubuntu SMP PREEMPT_DYNAMIC Wed Oct  2 16:16:55 UTC 2 x86_64",
        "timestamp": {
          "time": "Sun, 19 Jan 2025 05:00:42 GMT",
          "timesecs": 1737262842
        },
        "connecting_to": {
          "host": "api-int.edge.open5g.info",
          "port": 32201
        },
        "cookie": "2akxj2yhp7fft4fbqsqcg5bia2y2w2unkvgg",
        "target_bitrate": 10000000,
        "sock_bufsize": 0,
        "sndbuf_actual": 212992,
        "rcvbuf_actual": 212992,
        "test_start": {
          "protocol": "UDP",
          "num_streams": 1,
          "blksize": 1398,
          "omit": 0,
          "duration": 10,
          "bytes": 0,
          "blocks": 0,
          "reverse": 1,
          "tos": 0,
          "target_bitrate": 10000000
        }
      },
      "intervals": [
        {
          "streams": [
            {
              "socket": 10,
              "start": 0,
              "end": 1.000208,
              "seconds": 1.0002080202102661,
              "bytes": 1198086,
              "bits_per_second": 9582694.605853174,
              "jitter_ms": 0.8871628959299966,
              "lost_packets": 0,
              "packets": 857,
              "lost_percent": 0,
              "omitted": false,
              "sender": false
            }
          ],
          "sum": {
            "start": 0,
            "end": 1.000208,
            "seconds": 1.0002080202102661,
            "bytes": 1198086,
            "bits_per_second": 9582694.605853174,
            "jitter_ms": 0.8871628959299966,
            "lost_packets": 0,
            "packets": 857,
            "lost_percent": 0,
            "omitted": false,
            "sender": false
          }
        },
        {
          "streams": [
            {
              "socket": 10,
              "start": 1.000208,
              "end": 2.000203,
              "seconds": 0.999994993209839,
              "bytes": 1249812,
              "bits_per_second": 9998546.06062204,
              "jitter_ms": 0.9456727952101672,
              "lost_packets": 0,
              "packets": 894,
              "lost_percent": 0,
              "omitted": false,
              "sender": false
            }
          ],
          "sum": {
            "start": 1.000208,
            "end": 2.000203,
            "seconds": 0.999994993209839,
            "bytes": 1249812,
            "bits_per_second": 9998546.06062204,
            "jitter_ms": 0.9456727952101672,
            "lost_packets": 0,
            "packets": 894,
            "lost_percent": 0,
            "omitted": false,
            "sender": false
          }
        },
        {
          "streams": [
            {
              "socket": 10,
              "start": 2.000203,
              "end": 3.000206,
              "seconds": 1.0000029802322388,
              "bytes": 1263792,
              "bits_per_second": 10110305.868940506,
              "jitter_ms": 0.563799693912985,
              "lost_packets": 0,
              "packets": 904,
              "lost_percent": 0,
              "omitted": false,
              "sender": false
            }
          ],
          "sum": {
            "start": 2.000203,
            "end": 3.000206,
            "seconds": 1.0000029802322388,
            "bytes": 1263792,
            "bits_per_second": 10110305.868940506,
            "jitter_ms": 0.563799693912985,
            "lost_packets": 0,
            "packets": 904,
            "lost_percent": 0,
            "omitted": false,
            "sender": false
          }
        },
        {
          "streams": [
            {
              "socket": 10,
              "start": 3.000206,
              "end": 4.000154,
              "seconds": 0.999948024749756,
              "bytes": 1235832,
              "bits_per_second": 9887169.88812914,
              "jitter_ms": 0.6735761976900345,
              "lost_packets": 0,
              "packets": 884,
              "lost_percent": 0,
              "omitted": false,
              "sender": false
            }
          ],
          "sum": {
            "start": 3.000206,
            "end": 4.000154,
            "seconds": 0.999948024749756,
            "bytes": 1235832,
            "bits_per_second": 9887169.88812914,
            "jitter_ms": 0.6735761976900345,
            "lost_packets": 0,
            "packets": 884,
            "lost_percent": 0,
            "omitted": false,
            "sender": false
          }
        },
        {
          "streams": [
            {
              "socket": 10,
              "start": 4.000154,
              "end": 5.0002,
              "seconds": 1.0000460147857666,
              "bytes": 1254006,
              "bits_per_second": 10031586.398700964,
              "jitter_ms": 0.8171983856241175,
              "lost_packets": 0,
              "packets": 897,
              "lost_percent": 0,
              "omitted": false,
              "sender": false
            }
          ],
          "sum": {
            "start": 4.000154,
            "end": 5.0002,
            "seconds": 1.0000460147857666,
            "bytes": 1254006,
            "bits_per_second": 10031586.398700964,
            "jitter_ms": 0.8171983856241175,
            "lost_packets": 0,
            "packets": 897,
            "lost_percent": 0,
            "omitted": false,
            "sender": false
          }
        },
        {
          "streams": [
            {
              "socket": 10,
              "start": 5.0002,
              "end": 6.000219,
              "seconds": 1.0000189542770386,
              "bytes": 1249812,
              "bits_per_second": 9998306.489328885,
              "jitter_ms": 0.8311870987665013,
              "lost_packets": 0,
              "packets": 894,
              "lost_percent": 0,
              "omitted": false,
              "sender": false
            }
          ],
          "sum": {
            "start": 5.0002,
            "end": 6.000219,
            "seconds": 1.0000189542770386,
            "bytes": 1249812,
            "bits_per_second": 9998306.489328885,
            "jitter_ms": 0.8311870987665013,
            "lost_packets": 0,
            "packets": 894,
            "lost_percent": 0,
            "omitted": false,
            "sender": false
          }
        },
        {
          "streams": [
            {
              "socket": 10,
              "start": 6.000219,
              "end": 7.000207,
              "seconds": 0.9999880194664,
              "bytes": 1249812,
              "bits_per_second": 9998615.78875241,
              "jitter_ms": 0.8460453445999734,
              "lost_packets": 0,
              "packets": 894,
              "lost_percent": 0,
              "omitted": false,
              "sender": false
            }
          ],
          "sum": {
            "start": 6.000219,
            "end": 7.000207,
            "seconds": 0.9999880194664,
            "bytes": 1249812,
            "bits_per_second": 9998615.78875241,
            "jitter_ms": 0.8460453445999734,
            "lost_packets": 0,
            "packets": 894,
            "lost_percent": 0,
            "omitted": false,
            "sender": false
          }
        },
        {
          "streams": [
            {
              "socket": 10,
              "start": 7.000207,
              "end": 8.000204,
              "seconds": 0.9999970197677612,
              "bytes": 1238628,
              "bits_per_second": 9909053.53128079,
              "jitter_ms": 0.7683115001822506,
              "lost_packets": 0,
              "packets": 886,
              "lost_percent": 0,