{
  "udp": {
    "10": {
      "start": {
        "connected": [
          {
            "socket": 10,
            "local_host": "172.17.0.2",
            "local_port": 37677,
            "remote_host": "172.20.25.101",
            "remote_port": 32201
          }
        ],
        "version": "iperf 3.12",
        "system_info": "Linux 7f93f5318de1 6.8.0-60-generic #63~22.04.1-Ubuntu SMP PREEMPT_DYNAMIC Tue Apr 22 19:00:15 UTC 2 x86_64",
        "timestamp": {
          "time": "Tue, 29 Jul 2025 04:31:11 GMT",
          "timesecs": 1753763471
        },
        "connecting_to": {
          "host": "api-int.tenoran.automation.otic.open6g.net",
          "port": 32201
        },
        "cookie": "me4wizew347uyyv4fymtlrdkt7bit53xg4br",
        "target_bitrate": 10000000,
        "sock_bufsize": 0,
        "sndbuf_actual": 212992,
        "rcvbuf_actual": 212992,
        "test_start": {
          "protocol": "UDP",
          "num_streams": 1,
          "blksize": 1348,
          "omit": 0,
          "duration": 10,
          "bytes": 0,
          "blocks": 0,
          "reverse": 1,
          "tos": 0,
          "target_bitrate": 10000000
        }
      },
      "intervals": [
        {
          "streams": [
            {
              "socket": 10,
              "start": 0,
              "end": 1.000286,
              "seconds": 1.0002859830856323,
              "bytes": 1250944,
              "bits_per_second": 10004690.827646311,
              "jitter_ms": 0.07223415892988275,
              "lost_packets": 0,
              "packets": 928,
              "lost_percent": 0,
              "omitted": false,
              "sender": false
            }
          ],
          "sum": {
            "start": 0,
            "end": 1.000286,
            "seconds": 1.0002859830856323,
            "bytes": 1250944,
            "bits_per_second": 10004690.827646311,
            "jitter_ms": 0.07223415892988275,
            "lost_packets": 0,
            "packets": 928,
            "lost_percent": 0,
            "omitted": false,
            "sender": false
          }
        },
        {
          "streams": [
            {
              "socket": 10,
              "start": 1.000286,
              "end": 2.000281,
              "seconds": 0.999994993209839,
              "bytes": 1250944,
              "bits_per_second": 10007602.105963761,
              "jitter_ms": 0.10313574324449058,
              "lost_packets": 0,
              "packets": 928,
              "lost_percent": 0,
              "omitted": false,
              "sender": false
            }
          ],
          "sum": {
            "start": 1.000286,
            "end": 2.000281,
            "seconds": 0.999994993209839,
            "bytes": 1250944,
            "bits_per_second": 10007602.105963761,
            "jitter_ms": 0.10313574324449058,
            "lost_packets": 0,
            "packets": 928,
            "lost_percent": 0,
            "omitted": false,
            "sender": false
          }
        },
        {
          "streams": [
            {
              "socket": 10,
              "start": 2.000281,
              "end": 3.000297,
              "seconds": 1.0000159740448,
              "bytes": 1249596,
              "bits_per_second": 9996608.31373095,
              "jitter_ms": 0.10346525507716431,
              "lost_packets": 0,
              "packets": 927,
              "lost_percent": 0,
              "omitted": false,
              "sender": false
            }
          ],
          "sum": {
            "start": 2.000281,
            "end": 3.000297,
            "seconds": 1.0000159740448,
            "bytes": 1249596,
            "bits_per_second": 9996608.31373095,
            "jitter_ms": 0.10346525507716431,
            "lost_packets": 0,
            "packets": 927,
            "lost_percent": 0,
            "omitted": false,
            "sender": false
          }
        },
        {
          "streams": [
            {
              "socket": 10,
              "start": 3.000297,
              "end": 4.000291,
              "seconds": 0.9999939799308777,
              "bytes": 1249596,
              "bits_per_second": 9996828.18159666,
              "jitter_ms": 0.12854432992338255,
              "lost_packets": 0,
              "packets": 927,
              "lost_percent": 0,
              "omitted": false,
              "sender": false
            }
          ],
          "sum": {
            "start": 3.000297,
            "end": 4.000291,
            "seconds": 0.9999939799308777,
            "bytes": 1249596,
            "bits_per_second": 9996828.18159666,
            "jitter_ms": 0.12854432992338255,
            "lost_packets": 0,
            "packets": 927,
            "lost_percent": 0,
            "omitted": false,
            "sender": false
          }
        },
        {
          "streams": [
            {
              "socket": 10,
              "start": 4.000291,
              "end": 5.000134,
              "seconds": 0.9998430013656616,
              "bytes": 1249596,
              "bits_per_second": 9998337.725368537,
              "jitter_ms": 0.1243574834823962,
              "lost_packets": 0,
              "packets": 927,
              "lost_percent": 0,
              "omitted": false,
              "sender": false
            }
          ],
          "sum": {
            "start": 4.000291,
            "end": 5.000134,
            "seconds": 0.9998430013656616,
            "bytes": 1249596,
            "bits_per_second": 9998337.725368537,
            "jitter_ms": 0.1243574834823962,
            "lost_packets": 0,
            "packets": 927,
            "lost_percent": 0,
            "omitted": false,
            "sender": false
          }
        },
        {
          "streams": [
            {
              "socket": 10,
              "start": 5.000134,
              "end": 6.000292,
              "seconds": 1.0001579523086548,
              "bytes": 1250944,
              "bits_per_second": 10005971.53369592,
              "jitter_ms": 0.12798199981847738,
              "lost_packets": 0,
              "packets": 928,
              "lost_percent": 0,
              "omitted": false,
              "sender": false
            }
          ],
          "sum": {
            "start": 5.000134,
            "end": 6.000292,
            "seconds": 1.0001579523086548,
            "bytes": 1250944,
            "bits_per_second": 10005971.53369592,
            "jitter_ms": 0.12798199981847738,
            "lost_packets": 0,
            "packets": 928,
            "lost_percent": 0,
            "omitted": false,
            "sender": false
          }
        },
        {
          "streams": [
            {
              "socket": 10,
              "start": 6.000292,
              "end": 7.000081,
              "seconds": 0.999788999557495,
              "bytes": 1249596,
              "bits_per_second": 9998877.767633524,
              "jitter_ms": 0.13252743720929747,
              "lost_packets": 0,
              "packets": 927,
              "lost_percent": 0,
              "omitted": false,
              "sender": false
            }
          ],
          "sum": {
            "start": 6.000292,
            "end": 7.000081,
            "seconds": 0.999788999557495,
            "bytes": 1249596,
            "bits_per_second": 9998877.767633524,
            "jitter_ms": 0.13252743720929747,
            "lost_packets": 0,
            "packets": 927,
            "lost_percent": 0,
            "omitted": false,
            "sender": false
          }
        },
        {
          "streams": [
            {
              "socket": 10,
              "start": 7.000081,
              "end": 8.000288,
              "seconds": 1.00020694732666,
              "bytes": 1249596,
              "bits_per_second": 9994699.62363212,
              "jitter_ms": 0.13104159321106687,
              "lost_packets": 0,
              "packets": 927,