{
  "udp": {
    "10": {
      "start": {
        "connected": [
          {
            "socket": 10,
            "local_host": "172.17.0.2",
            "local_port": 54111,
            "remote_host": "10.100.1.102",
            "remote_port": 32201
          }
        ],
        "version": "iperf 3.12",
        "system_info": "Linux 3b517c43ebe1 6.8.0-40-generic #40~22.04.3-Ubuntu SMP PREEMPT_DYNAMIC Tue Jul 30 17:30:19 UTC 2 x86_64",
        "timestamp": {
          "time": "Wed, 30 Oct 2024 05:00:42 GMT",
          "timesecs": 1730264442
        },
        "connecting_to": {
          "host": "api-int.edge.open5g.info",
          "port": 32201
        },
        "cookie": "j4aarrfrdnp5wz7pdazn7cwigjdezqdcikfv",
        "target_bitrate": 10000000,
        "sock_bufsize": 0,
        "sndbuf_actual": 212992,
        "rcvbuf_actual": 212992,
        "test_start": {
          "protocol": "UDP",
          "num_streams": 1,
          "blksize": 1398,
          "omit": 0,
          "duration": 10,
          "bytes": 0,
          "blocks": 0,
          "reverse": 1,
          "tos": 0,
          "target_bitrate": 10000000
        }
      },
      "intervals": [
        {
          "streams": [
            {
              "socket": 10,
              "start": 0,
              "end": 1.000207,
              "seconds": 1.00020694732666,
              "bytes": 1251210,
              "bits_per_second": 10007608.952081107,
              "jitter_ms": 0.3158743410293283,
              "lost_packets": 0,
              "packets": 895,
              "lost_percent": 0,
              "omitted": false,
              "sender": false
            }
          ],
          "sum": {
            "start": 0,
            "end": 1.000207,
            "seconds": 1.00020694732666,
            "bytes": 1251210,
            "bits_per_second": 10007608.952081107,
            "jitter_ms": 0.3158743410293283,
            "lost_packets": 0,
            "packets": 895,
            "lost_percent": 0,
            "omitted": false,
            "sender": false
          }
        },
        {
          "streams": [
            {
              "socket": 10,
              "start": 1.000207,
              "end": 2.000308,
              "seconds": 1.0001009702682495,
              "bytes": 1249812,
              "bits_per_second": 9997486.551101115,
              "jitter_ms": 0.013340406687559184,
              "lost_packets": 0,
              "packets": 894,
              "lost_percent": 0,
              "omitted": false,
              "sender": false
            }
          ],
          "sum": {
            "start": 1.000207,
            "end": 2.000308,
            "seconds": 1.0001009702682495,
            "bytes": 1249812,
            "bits_per_second": 9997486.551101115,
            "jitter_ms": 0.013340406687559184,
            "lost_packets": 0,
            "packets": 894,
            "lost_percent": 0,
            "omitted": false,
            "sender": false
          }
        },
        {
          "streams": [
            {
              "socket": 10,
              "start": 2.000308,
              "end": 3.000293,
              "seconds": 0.9999849796295166,
              "bytes": 1249812,
              "bits_per_second": 9998646.183370007,
              "jitter_ms": 0.008735064243987425,
              "lost_packets": 0,
              "packets": 894,
              "lost_percent": 0,
              "omitted": false,
              "sender": false
            }
          ],
          "sum": {
            "start": 2.000308,
            "end": 3.000293,
            "seconds": 0.9999849796295166,
            "bytes": 1249812,
            "bits_per_second": 9998646.183370007,
            "jitter_ms": 0.008735064243987425,
            "lost_packets": 0,
            "packets": 894,
            "lost_percent": 0,
            "omitted": false,
            "sender": false
          }
        },
        {
          "streams": [
            {
              "socket": 10,
              "start": 3.000293,
              "end": 4.000296,
              "seconds": 1.0000029802322388,
              "bytes": 1251210,
              "bits_per_second": 10009650.168917868,
              "jitter_ms": 0.010131311275413567,
              "lost_packets": 0,
              "packets": 895,
              "lost_percent": 0,
              "omitted": false,
              "sender": false
            }
          ],
          "sum": {
            "start": 3.000293,
            "end": 4.000296,
            "seconds": 1.0000029802322388,
            "bytes": 1251210,
            "bits_per_second": 10009650.168917868,
            "jitter_ms": 0.010131311275413567,
            "lost_packets": 0,
            "packets": 895,
            "lost_percent": 0,
            "omitted": false,
            "sender": false
          }
        },
        {
          "streams": [
            {
              "socket": 10,
              "start": 4.000296,
              "end": 5.000126,
              "seconds": 0.9998300075531006,
              "bytes": 1249812,
              "bits_per_second": 10000195.957780337,
              "jitter_ms": 0.0141898003616046,
              "lost_packets": 0,
              "packets": 894,
              "lost_percent": 0,
              "omitted": false,
              "sender": false
            }
          ],
          "sum": {
            "start": 4.000296,
            "end": 5.000126,
            "seconds": 0.9998300075531006,
            "bytes": 1249812,
            "bits_per_second": 10000195.957780337,
            "jitter_ms": 0.0141898003616046,
            "lost_packets": 0,
            "packets": 894,
            "lost_percent": 0,
            "omitted": false,
            "sender": false
          }
        },
        {
          "streams": [
            {
              "socket": 10,
              "start": 5.000126,
              "end": 6.000299,
              "seconds": 1.0001729726791382,
              "bytes": 1249812,
              "bits_per_second": 9996766.83245827,
              "jitter_ms": 0.012828797603168934,
              "lost_packets": 0,
              "packets": 894,
              "lost_percent": 0,
              "omitted": false,
              "sender": false
            }
          ],
          "sum": {
            "start": 5.000126,
            "end": 6.000299,
            "seconds": 1.0001729726791382,
            "bytes": 1249812,
            "bits_per_second": 9996766.83245827,
            "jitter_ms": 0.012828797603168934,
            "lost_packets": 0,
            "packets": 894,
            "lost_percent": 0,
            "omitted": false,
            "sender": false
          }
        },
        {
          "streams": [
            {
              "socket": 10,
              "start": 6.000299,
              "end": 7.000297,
              "seconds": 0.9999979734420776,
              "bytes": 1249812,
              "bits_per_second": 9998516.262572344,
              "jitter_ms": 0.011093461051963155,
              "lost_packets": 0,
              "packets": 894,
              "lost_percent": 0,
              "omitted": false,
              "sender": false
            }
          ],
          "sum": {
            "start": 6.000299,
            "end": 7.000297,
            "seconds": 0.9999979734420776,
            "bytes": 1249812,
            "bits_per_second": 9998516.262572344,
            "jitter_ms": 0.011093461051963155,
            "lost_packets": 0,
            "packets": 894,
            "lost_percent": 0,
            "omitted": false,
            "sender": false
          }
        },
        {
          "streams": [
            {
              "socket": 10,
              "start": 7.000297,
              "end": 8.000176,
              "seconds": 0.999879002571106,
              "bytes": 1249812,
              "bits_per_second": 9999705.93870828,
              "jitter_ms": 0.0319408800780077,
              "lost_packets": 0,
              "packets": 894,