{
  "udp": {
    "30": {
      "start": {
        "connected": [
          {
            "socket": 9,
            "local_host": "172.17.0.2",
            "local_port": 53714,
            "remote_host": "10.100.1.103",
            "remote_port": 32201
          }
        ],
        "version": "iperf 3.12",
        "system_info": "Linux e3bdb428ec9a 6.5.0-27-generic #28~22.04.1-Ubuntu SMP PREEMPT_DYNAMIC Fri Mar 15 10:51:06 UTC 2 x86_64",
        "timestamp": {
          "time": "Fri, 03 May 2024 22:01:37 GMT",
          "timesecs": 1714773697
        },
        "connecting_to": {
          "host": "api-int.edge.open5g.info",
          "port": 32201
        },
        "cookie": "2ov32xuwbdso5z4zcegzjlqiutc3poa2qve3",
        "target_bitrate": 30000000,
        "sock_bufsize": 0,
        "sndbuf_actual": 212992,
        "rcvbuf_actual": 212992,
        "test_start": {
          "protocol": "UDP",
          "num_streams": 1,
          "blksize": 1398,
          "omit": 0,
          "duration": 10,
          "bytes": 0,
          "blocks": 0,
          "reverse": 1,
          "tos": 0,
          "target_bitrate": 30000000
        }
      },
      "intervals": [
        {
          "streams": [
            {
              "socket": 9,
              "start": 0,
              "end": 1.000264,
              "seconds": 1.000264048576355,
              "bytes": 3746640,
              "bits_per_second": 29965207.72955883,
              "jitter_ms": 0.011000928244424132,
              "lost_packets": 0,
              "packets": 2680,
              "lost_percent": 0,
              "omitted": false,
              "sender": false
            }
          ],
          "sum": {
            "start": 0,
            "end": 1.000264,
            "seconds": 1.000264048576355,
            "bytes": 3746640,
            "bits_per_second": 29965207.72955883,
            "jitter_ms": 0.011000928244424132,
            "lost_packets": 0,
            "packets": 2680,
            "lost_percent": 0,
            "omitted": false,
            "sender": false
          }
        },
        {
          "streams": [
            {
              "socket": 9,
              "start": 1.000264,
              "end": 2.000183,
              "seconds": 0.9999189972877502,
              "bytes": 3757824,
              "bits_per_second": 30065027.34875911,
              "jitter_ms": 0.0330044826202357,
              "lost_packets": 1,
              "packets": 2689,
              "lost_percent": 0.03718854592785422,
              "omitted": false,
              "sender": false
            }
          ],
          "sum": {
            "start": 1.000264,
            "end": 2.000183,
            "seconds": 0.9999189972877502,
            "bytes": 3757824,
            "bits_per_second": 30065027.34875911,
            "jitter_ms": 0.0330044826202357,
            "lost_packets": 1,
            "packets": 2689,
            "lost_percent": 0.03718854592785422,
            "omitted": false,
            "sender": false
          }
        },
        {
          "streams": [
            {
              "socket": 9,
              "start": 2.000183,
              "end": 3.000198,
              "seconds": 1.0000150203704834,
              "bytes": 3687924,
              "bits_per_second": 29502948.85477785,
              "jitter_ms": 0.010520028446414758,
              "lost_packets": 0,
              "packets": 2638,
              "lost_percent": 0,
              "omitted": false,
              "sender": false
            }
          ],
          "sum": {
            "start": 2.000183,
            "end": 3.000198,
            "seconds": 1.0000150203704834,
            "bytes": 3687924,
            "bits_per_second": 29502948.85477785,
            "jitter_ms": 0.010520028446414758,
            "lost_packets": 0,
            "packets": 2638,
            "lost_percent": 0,
            "omitted": false,
            "sender": false
          }
        },
        {
          "streams": [
            {
              "socket": 9,
              "start": 3.000198,
              "end": 4.000182,
              "seconds": 0.9999840259552002,
              "bytes": 3812346,
              "bits_per_second": 30499255.196468867,
              "jitter_ms": 0.007749401669263514,
              "lost_packets": 0,
              "packets": 2727,
              "lost_percent": 0,
              "omitted": false,
              "sender": false
            }
          ],
          "sum": {
            "start": 3.000198,
            "end": 4.000182,
            "seconds": 0.9999840259552002,
            "bytes": 3812346,
            "bits_per_second": 30499255.196468867,
            "jitter_ms": 0.007749401669263514,
            "lost_packets": 0,
            "packets": 2727,
            "lost_percent": 0,
            "omitted": false,
            "sender": false
          }
        },
        {
          "streams": [
            {
              "socket": 9,
              "start": 4.000182,
              "end": 5.000017,
              "seconds": 0.9998350143432617,
              "bytes": 3601248,
              "bits_per_second": 28814738.01847572,
              "jitter_ms": 0.651190855330758,
              "lost_packets": 4,
              "packets": 2580,
              "lost_percent": 0.15503875968992248,
              "omitted": false,
              "sender": false
            }
          ],
          "sum": {
            "start": 4.000182,
            "end": 5.000017,
            "seconds": 0.9998350143432617,
            "bytes": 3601248,
            "bits_per_second": 28814738.01847572,
            "jitter_ms": 0.651190855330758,
            "lost_packets": 4,
            "packets": 2580,
            "lost_percent": 0.15503875968992248,
            "omitted": false,
            "sender": false
          }
        },
        {
          "streams": [
            {
              "socket": 9,
              "start": 5.000017,
              "end": 6.000009,
              "seconds": 0.9999920129776,
              "bytes": 3755028,
              "bits_per_second": 30040463.933858342,
              "jitter_ms": 0.17258622738977678,
              "lost_packets": 3,
              "packets": 2689,
              "lost_percent": 0.11156563778356267,
              "omitted": false,
              "sender": false
            }
          ],
          "sum": {
            "start": 5.000017,
            "end": 6.000009,
            "seconds": 0.9999920129776,
            "bytes": 3755028,
            "bits_per_second": 30040463.933858342,
            "jitter_ms": 0.17258622738977678,
            "lost_packets": 3,
            "packets": 2689,
            "lost_percent": 0.11156563778356267,
            "omitted": false,
            "sender": false
          }
        },
        {
          "streams": [
            {
              "socket": 9,
              "start": 6.000009,
              "end": 7.000181,
              "seconds": 1.0001720190048218,
              "bytes": 3879450,
              "bits_per_second": 31030262.205176108,
              "jitter_ms": 0.015279540152112393,
              "lost_packets": 3,
              "packets": 2778,
              "lost_percent": 0.1079913606911447,
              "omitted": false,
              "sender": false
            }
          ],
          "sum": {
            "start": 6.000009,
            "end": 7.000181,
            "seconds": 1.0001720190048218,
            "bytes": 3879450,
            "bits_per_second": 31030262.205176108,
            "jitter_ms": 0.015279540152112393,
            "lost_packets": 3,
            "packets": 2778,
            "lost_percent": 0.1079913606911447,
            "omitted": false,
            "sender": false
          }
        },
        {
          "streams": [
            {
              "socket": 9,
              "start": 7.000181,
              "end": 8.000178,
              "seconds": 0.9999970197677612,
              "bytes": 3749436,