{
  "udp": {
    "10": {
      "start": {
        "connected": [
          {
            "socket": 9,
            "local_host": "172.17.0.2",
            "local_port": 38130,
            "remote_host": "10.100.1.102",
            "remote_port": 32201
          }
        ],
        "version": "iperf 3.12",
        "system_info": "Linux bbe32afe5850 6.2.0-37-generic #38~22.04.1-Ubuntu SMP PREEMPT_DYNAMIC Thu Nov  2 18:01:13 UTC 2 x86_64",
        "timestamp": {
          "time": "Thu, 18 Jan 2024 22:00:41 GMT",
          "timesecs": 1705615241
        },
        "connecting_to": {
          "host": "api-int.edge.open5g.info",
          "port": 32201
        },
        "cookie": "ezdcewadtdcoszhey72rup7djzjrln4mhdf7",
        "target_bitrate": 10000000,
        "sock_bufsize": 0,
        "sndbuf_actual": 212992,
        "rcvbuf_actual": 212992,
        "test_start": {
          "protocol": "UDP",
          "num_streams": 1,
          "blksize": 1398,
          "omit": 0,
          "duration": 10,
          "bytes": 0,
          "blocks": 0,
          "reverse": 1,
          "tos": 0,
          "target_bitrate": 10000000
        }
      },
      "intervals": [
        {
          "streams": [
            {
              "socket": 9,
              "start": 0,
              "end": 1.000265,
              "seconds": 1.0002650022506714,
              "bytes": 1251210,
              "bits_per_second": 10007028.115026986,
              "jitter_ms": 0.1234575934035403,
              "lost_packets": 0,
              "packets": 895,
              "lost_percent": 0,
              "omitted": false,
              "sender": false
            }
          ],
          "sum": {
            "start": 0,
            "end": 1.000265,
            "seconds": 1.0002650022506714,
            "bytes": 1251210,
            "bits_per_second": 10007028.115026986,
            "jitter_ms": 0.1234575934035403,
            "lost_packets": 0,
            "packets": 895,
            "lost_percent": 0,
            "omitted": false,
            "sender": false
          }
        },
        {
          "streams": [
            {
              "socket": 9,
              "start": 1.000265,
              "end": 2.000296,
              "seconds": 1.0000309944152832,
              "bytes": 1249812,
              "bits_per_second": 9998186.112067563,
              "jitter_ms": 0.04122714168144613,
              "lost_packets": 0,
              "packets": 894,
              "lost_percent": 0,
              "omitted": false,
              "sender": false
            }
          ],
          "sum": {
            "start": 1.000265,
            "end": 2.000296,
            "seconds": 1.0000309944152832,
            "bytes": 1249812,
            "bits_per_second": 9998186.112067563,
            "jitter_ms": 0.04122714168144613,
            "lost_packets": 0,
            "packets": 894,
            "lost_percent": 0,
            "omitted": false,
            "sender": false
          }
        },
        {
          "streams": [
            {
              "socket": 9,
              "start": 2.000296,
              "end": 3.000293,
              "seconds": 0.9999970197677612,
              "bytes": 1249812,
              "bits_per_second": 9998525.797928924,
              "jitter_ms": 0.05086902589309075,
              "lost_packets": 0,
              "packets": 894,
              "lost_percent": 0,
              "omitted": false,
              "sender": false
            }
          ],
          "sum": {
            "start": 2.000296,
            "end": 3.000293,
            "seconds": 0.9999970197677612,
            "bytes": 1249812,
            "bits_per_second": 9998525.797928924,
            "jitter_ms": 0.05086902589309075,
            "lost_packets": 0,
            "packets": 894,
            "lost_percent": 0,
            "omitted": false,
            "sender": false
          }
        },
        {
          "streams": [
            {
              "socket": 9,
              "start": 3.000293,
              "end": 4.000293,
              "seconds": 1,
              "bytes": 1251210,
              "bits_per_second": 10009680,
              "jitter_ms": 0.0856639627840032,
              "lost_packets": 0,
              "packets": 895,
              "lost_percent": 0,
              "omitted": false,
              "sender": false
            }
          ],
          "sum": {
            "start": 3.000293,
            "end": 4.000293,
            "seconds": 1,
            "bytes": 1251210,
            "bits_per_second": 10009680,
            "jitter_ms": 0.0856639627840032,
            "lost_packets": 0,
            "packets": 895,
            "lost_percent": 0,
            "omitted": false,
            "sender": false
          }
        },
        {
          "streams": [
            {
              "socket": 9,
              "start": 4.000293,
              "end": 5.000203,
              "seconds": 0.999909996986389,
              "bytes": 1249812,
              "bits_per_second": 9999395.975772107,
              "jitter_ms": 0.03982551707012963,
              "lost_packets": 0,
              "packets": 894,
              "lost_percent": 0,
              "omitted": false,
              "sender": false
            }
          ],
          "sum": {
            "start": 4.000293,
            "end": 5.000203,
            "seconds": 0.999909996986389,
            "bytes": 1249812,
            "bits_per_second": 9999395.975772107,
            "jitter_ms": 0.03982551707012963,
            "lost_packets": 0,
            "packets": 894,
            "lost_percent": 0,
            "omitted": false,
            "sender": false
          }
        },
        {
          "streams": [
            {
              "socket": 9,
              "start": 5.000203,
              "end": 6.000276,
              "seconds": 1.000072956085205,
              "bytes": 1249812,
              "bits_per_second": 9997766.602087917,
              "jitter_ms": 0.04516568876026988,
              "lost_packets": 0,
              "packets": 894,
              "lost_percent": 0,
              "omitted": false,
              "sender": false
            }
          ],
          "sum": {
            "start": 5.000203,
            "end": 6.000276,
            "seconds": 1.000072956085205,
            "bytes": 1249812,
            "bits_per_second": 9997766.602087917,
            "jitter_ms": 0.04516568876026988,
            "lost_packets": 0,
            "packets": 894,
            "lost_percent": 0,
            "omitted": false,
            "sender": false
          }
        },
        {
          "streams": [
            {
              "socket": 9,
              "start": 6.000276,
              "end": 7.000277,
              "seconds": 1.0000009536743164,
              "bytes": 1249812,
              "bits_per_second": 9998486.464700256,
              "jitter_ms": 0.14964099538287567,
              "lost_packets": 0,
              "packets": 894,
              "lost_percent": 0,
              "omitted": false,
              "sender": false
            }
          ],
          "sum": {
            "start": 6.000276,
            "end": 7.000277,
            "seconds": 1.0000009536743164,
            "bytes": 1249812,
            "bits_per_second": 9998486.464700256,
            "jitter_ms": 0.14964099538287567,
            "lost_packets": 0,
            "packets": 894,
            "lost_percent": 0,
            "omitted": false,
            "sender": false
          }
        },
        {
          "streams": [
            {
              "socket": 9,
              "start": 7.000277,
              "end": 8.000272,
              "seconds": 0.999994993209839,
              "bytes": 1249812,
              "bits_per_second": 9998546.06062204,
              "jitter_ms": 0.057478635294403856,
              "lost_packets": 0,
              "packets": 894,
              "lost_percent": 0,
              "omitted": false,