{
  "udp": {
    "10": {
      "start": {
        "connected": [
          {
            "socket": 5,
            "local_host": "172.17.0.2",
            "local_port": 47280,
            "remote_host": "172.20.25.101",
            "remote_port": 32201
          }
        ],
        "version": "iperf 3.12",
        "system_info": "Linux 4b2156366c52 6.8.0-86-generic #87~22.04.1-Ubuntu SMP PREEMPT_DYNAMIC Mon Sep 29 09:48:07 UTC 2 x86_64",
        "timestamp": {
          "time": "Thu, 06 Nov 2025 05:01:39 GMT",
          "timesecs": 1762405299
        },
        "connecting_to": {
          "host": "api-int.tenoran.automation.otic.open6g.net",
          "port": 32201
        },
        "cookie": "c2q7zmesi55tgzghkgh3ghcngxdtip447rc5",
        "target_bitrate": 10000000,
        "sock_bufsize": 0,
        "sndbuf_actual": 212992,
        "rcvbuf_actual": 212992,
        "test_start": {
          "protocol": "UDP",
          "num_streams": 1,
          "blksize": 1348,
          "omit": 0,
          "duration": 10,
          "bytes": 0,
          "blocks": 0,
          "reverse": 1,
          "tos": 0,
          "target_bitrate": 10000000
        }
      },
      "intervals": [
        {
          "streams": [
            {
              "socket": 5,
              "start": 0,
              "end": 1.000205,
              "seconds": 1.0002050399780273,
              "bytes": 1254988,
              "bits_per_second": 10037845.840309462,
              "jitter_ms": 1.6277838695286522,
              "lost_packets": 0,
              "packets": 931,
              "lost_percent": 0,
              "omitted": false,
              "sender": false
            }
          ],
          "sum": {
            "start": 0,
            "end": 1.000205,
            "seconds": 1.0002050399780273,
            "bytes": 1254988,
            "bits_per_second": 10037845.840309462,
            "jitter_ms": 1.6277838695286522,
            "lost_packets": 0,
            "packets": 931,
            "lost_percent": 0,
            "omitted": false,
            "sender": false
          }
        },
        {
          "streams": [
            {
              "socket": 5,
              "start": 1.000205,
              "end": 2.000212,
              "seconds": 1.0000070333480835,
              "bytes": 1249596,
              "bits_per_second": 9996697.689745463,
              "jitter_ms": 1.637617916094762,
              "lost_packets": 0,
              "packets": 927,
              "lost_percent": 0,
              "omitted": false,
              "sender": false
            }
          ],
          "sum": {
            "start": 1.000205,
            "end": 2.000212,
            "seconds": 1.0000070333480835,
            "bytes": 1249596,
            "bits_per_second": 9996697.689745463,
            "jitter_ms": 1.637617916094762,
            "lost_packets": 0,
            "packets": 927,
            "lost_percent": 0,
            "omitted": false,
            "sender": false
          }
        },
        {
          "streams": [
            {
              "socket": 5,
              "start": 2.000212,
              "end": 3.00021,
              "seconds": 0.9999979734420776,
              "bytes": 1249596,
              "bits_per_second": 9996788.259070445,
              "jitter_ms": 1.6187565427806296,
              "lost_packets": 0,
              "packets": 927,
              "lost_percent": 0,
              "omitted": false,
              "sender": false
            }
          ],
          "sum": {
            "start": 2.000212,
            "end": 3.00021,
            "seconds": 0.9999979734420776,
            "bytes": 1249596,
            "bits_per_second": 9996788.259070445,
            "jitter_ms": 1.6187565427806296,
            "lost_packets": 0,
            "packets": 927,
            "lost_percent": 0,
            "omitted": false,
            "sender": false
          }
        },
        {
          "streams": [
            {
              "socket": 5,
              "start": 3.00021,
              "end": 4.000173,
              "seconds": 0.9999629855155945,
              "bytes": 1240160,
              "bits_per_second": 9921647.244657215,
              "jitter_ms": 1.8256803217914224,
              "lost_packets": 0,
              "packets": 920,
              "lost_percent": 0,
              "omitted": false,
              "sender": false
            }
          ],
          "sum": {
            "start": 3.00021,
            "end": 4.000173,
            "seconds": 0.9999629855155945,
            "bytes": 1240160,
            "bits_per_second": 9921647.244657215,
            "jitter_ms": 1.8256803217914224,
            "lost_packets": 0,
            "packets": 920,
            "lost_percent": 0,
            "omitted": false,
            "sender": false
          }
        },
        {
          "streams": [
            {
              "socket": 5,
              "start": 4.000173,
              "end": 5.000192,
              "seconds": 1.0000189542770386,
              "bytes": 1254988,
              "bits_per_second": 10039713.704485057,
              "jitter_ms": 1.5854308816881686,
              "lost_packets": 0,
              "packets": 931,
              "lost_percent": 0,
              "omitted": false,
              "sender": false
            }
          ],
          "sum": {
            "start": 4.000173,
            "end": 5.000192,
            "seconds": 1.0000189542770386,
            "bytes": 1254988,
            "bits_per_second": 10039713.704485057,
            "jitter_ms": 1.5854308816881686,
            "lost_packets": 0,
            "packets": 931,
            "lost_percent": 0,
            "omitted": false,
            "sender": false
          }
        },
        {
          "streams": [
            {
              "socket": 5,
              "start": 5.000192,
              "end": 6.000197,
              "seconds": 1.0000050067901611,
              "bytes": 1254988,
              "bits_per_second": 10039853.732559113,
              "jitter_ms": 1.530622379049211,
              "lost_packets": 0,
              "packets": 931,
              "lost_percent": 0,
              "omitted": false,
              "sender": false
            }
          ],
          "sum": {
            "start": 5.000192,
            "end": 6.000197,
            "seconds": 1.0000050067901611,
            "bytes": 1254988,
            "bits_per_second": 10039853.732559113,
            "jitter_ms": 1.530622379049211,
            "lost_packets": 0,
            "packets": 931,
            "lost_percent": 0,
            "omitted": false,
            "sender": false
          }
        },
        {
          "streams": [
            {
              "socket": 5,
              "start": 6.000197,
              "end": 7.000218,
              "seconds": 1.000020980834961,
              "bytes": 1240160,
              "bits_per_second": 9921071.84762893,
              "jitter_ms": 1.823456381797748,
              "lost_packets": 0,
              "packets": 920,
              "lost_percent": 0,
              "omitted": false,
              "sender": false
            }
          ],
          "sum": {
            "start": 6.000197,
            "end": 7.000218,
            "seconds": 1.000020980834961,
            "bytes": 1240160,
            "bits_per_second": 9921071.84762893,
            "jitter_ms": 1.823456381797748,
            "lost_packets": 0,
            "packets": 920,
            "lost_percent": 0,
            "omitted": false,
            "sender": false
          }
        },
        {
          "streams": [
            {
              "socket": 5,
              "start": 7.000218,
              "end": 8.000197,
              "seconds": 0.999979019165039,
              "bytes": 1260380,
              "bits_per_second": 10083251.555036746,
              "jitter_ms": 1.6007436887589457,
              "lost_packets": 0,
              "packets": 935,
              "lost_percent": 0,