{
  "udp": {
    "50": {
      "start": {
        "connected": [
          {
            "socket": 10,
            "local_host": "172.17.0.2",
            "local_port": 44909,
            "remote_host": "172.20.25.101",
            "remote_port": 32201
          }
        ],
        "version": "iperf 3.12",
        "system_info": "Linux 12373b4866b4 6.8.0-60-generic #63~22.04.1-Ubuntu SMP PREEMPT_DYNAMIC Tue Apr 22 19:00:15 UTC 2 x86_64",
        "timestamp": {
          "time": "Sat, 05 Jul 2025 06:31:44 GMT",
          "timesecs": 1751697104
        },
        "connecting_to": {
          "host": "api-int.tenoran.automation.otic.open6g.net",
          "port": 32201
        },
        "cookie": "3g3cvenggq55oprnmeo7i3hvb3jxtptlulyz",
        "target_bitrate": 50000000,
        "sock_bufsize": 0,
        "sndbuf_actual": 212992,
        "rcvbuf_actual": 212992,
        "test_start": {
          "protocol": "UDP",
          "num_streams": 1,
          "blksize": 1348,
          "omit": 0,
          "duration": 10,
          "bytes": 0,
          "blocks": 0,
          "reverse": 1,
          "tos": 0,
          "target_bitrate": 50000000
        }
      },
      "intervals": [
        {
          "streams": [
            {
              "socket": 10,
              "start": 0,
              "end": 1.000151,
              "seconds": 1.0001510381698608,
              "bytes": 5697996,
              "bits_per_second": 45577084.12062683,
              "jitter_ms": 0.23499850367098962,
              "lost_packets": 12,
              "packets": 4239,
              "lost_percent": 0.28308563340410475,
              "omitted": false,
              "sender": false
            }
          ],
          "sum": {
            "start": 0,
            "end": 1.000151,
            "seconds": 1.0001510381698608,
            "bytes": 5697996,
            "bits_per_second": 45577084.12062683,
            "jitter_ms": 0.23499850367098962,
            "lost_packets": 12,
            "packets": 4239,
            "lost_percent": 0.28308563340410475,
            "omitted": false,
            "sender": false
          }
        },
        {
          "streams": [
            {
              "socket": 10,
              "start": 1.000151,
              "end": 2.000132,
              "seconds": 0.9999809861183167,
              "bytes": 6324816,
              "bits_per_second": 50599490.09271786,
              "jitter_ms": 0.4400459664983216,
              "lost_packets": 0,
              "packets": 4692,
              "lost_percent": 0,
              "omitted": false,
              "sender": false
            }
          ],
          "sum": {
            "start": 1.000151,
            "end": 2.000132,
            "seconds": 0.9999809861183167,
            "bytes": 6324816,
            "bits_per_second": 50599490.09271786,
            "jitter_ms": 0.4400459664983216,
            "lost_packets": 0,
            "packets": 4692,
            "lost_percent": 0,
            "omitted": false,
            "sender": false
          }
        },
        {
          "streams": [
            {
              "socket": 10,
              "start": 2.000132,
              "end": 3.000103,
              "seconds": 0.9999709725379944,
              "bytes": 6284376,
              "bits_per_second": 50276467.39824718,
              "jitter_ms": 0.0891926454808357,
              "lost_packets": 0,
              "packets": 4662,
              "lost_percent": 0,
              "omitted": false,
              "sender": false
            }
          ],
          "sum": {
            "start": 2.000132,
            "end": 3.000103,
            "seconds": 0.9999709725379944,
            "bytes": 6284376,
            "bits_per_second": 50276467.39824718,
            "jitter_ms": 0.0891926454808357,
            "lost_packets": 0,
            "packets": 4662,
            "lost_percent": 0,
            "omitted": false,
            "sender": false
          }
        },
        {
          "streams": [
            {
              "socket": 10,
              "start": 3.000103,
              "end": 4.000134,
              "seconds": 1.0000309944152832,
              "bytes": 6090264,
              "bits_per_second": 48720601.93343083,
              "jitter_ms": 2.5995460769873238,
              "lost_packets": 0,
              "packets": 4518,
              "lost_percent": 0,
              "omitted": false,
              "sender": false
            }
          ],
          "sum": {
            "start": 3.000103,
            "end": 4.000134,
            "seconds": 1.0000309944152832,
            "bytes": 6090264,
            "bits_per_second": 48720601.93343083,
            "jitter_ms": 2.5995460769873238,
            "lost_packets": 0,
            "packets": 4518,
            "lost_percent": 0,
            "omitted": false,
            "sender": false
          }
        },
        {
          "streams": [
            {
              "socket": 10,
              "start": 4.000134,
              "end": 5.000136,
              "seconds": 1.0000020265579224,
              "bytes": 6400304,
              "bits_per_second": 51202328.23551607,
              "jitter_ms": 0.11772441226271287,
              "lost_packets": 0,
              "packets": 4748,
              "lost_percent": 0,
              "omitted": false,
              "sender": false
            }
          ],
          "sum": {
            "start": 4.000134,
            "end": 5.000136,
            "seconds": 1.0000020265579224,
            "bytes": 6400304,
            "bits_per_second": 51202328.23551607,
            "jitter_ms": 0.11772441226271287,
            "lost_packets": 0,
            "packets": 4748,
            "lost_percent": 0,
            "omitted": false,
            "sender": false
          }
        },
        {
          "streams": [
            {
              "socket": 10,
              "start": 5.000136,
              "end": 6.00014,
              "seconds": 1.0000040531158447,
              "bytes": 6214280,
              "bits_per_second": 49714038.503242835,
              "jitter_ms": 0.452510366508427,
              "lost_packets": 0,
              "packets": 4610,
              "lost_percent": 0,
              "omitted": false,
              "sender": false
            }
          ],
          "sum": {
            "start": 5.000136,
            "end": 6.00014,
            "seconds": 1.0000040531158447,
            "bytes": 6214280,
            "bits_per_second": 49714038.503242835,
            "jitter_ms": 0.452510366508427,
            "lost_packets": 0,
            "packets": 4610,
            "lost_percent": 0,
            "omitted": false,
            "sender": false
          }
        },
        {
          "streams": [
            {
              "socket": 10,
              "start": 6.00014,
              "end": 7.000057,
              "seconds": 0.999916970729828,
              "bytes": 6200800,
              "bits_per_second": 49610519.12519582,
              "jitter_ms": 0.1453019638547984,
              "lost_packets": 0,
              "packets": 4600,
              "lost_percent": 0,
              "omitted": false,
              "sender": false
            }
          ],
          "sum": {
            "start": 6.00014,
            "end": 7.000057,
            "seconds": 0.999916970729828,
            "bytes": 6200800,
            "bits_per_second": 49610519.12519582,
            "jitter_ms": 0.1453019638547984,
            "lost_packets": 0,
            "packets": 4600,
            "lost_percent": 0,
            "omitted": false,
            "sender": false
          }
        },
        {
          "streams": [
            {
              "socket": 10,
              "start": 7.000057,
              "end": 8.000133,
              "seconds": 1.0000760555267334,
              "bytes": 6237196,
              "bits_per_second": 49893773.30279074,
              "jitter_ms": 0.04674789758381363,