{
  "udp": {
    "20": {
      "start": {
        "connected": [
          {
            "socket": 10,
            "local_host": "172.17.0.2",
            "local_port": 42181,
            "remote_host": "10.100.1.102",
            "remote_port": 32201
          }
        ],
        "version": "iperf 3.12",
        "system_info": "Linux 371b9fc5b8ef 6.8.0-52-generic #53~22.04.1-Ubuntu SMP PREEMPT_DYNAMIC Wed Jan 15 19:18:46 UTC 2 x86_64",
        "timestamp": {
          "time": "Fri, 21 Feb 2025 20:16:13 GMT",
          "timesecs": 1740168973
        },
        "connecting_to": {
          "host": "api-int.edge.open5g.info",
          "port": 32201
        },
        "cookie": "tsko3qi3rekq2u5cgpabcvmgmhumu5drrhbt",
        "target_bitrate": 20000000,
        "sock_bufsize": 0,
        "sndbuf_actual": 212992,
        "rcvbuf_actual": 212992,
        "test_start": {
          "protocol": "UDP",
          "num_streams": 1,
          "blksize": 1398,
          "omit": 0,
          "duration": 10,
          "bytes": 0,
          "blocks": 0,
          "reverse": 1,
          "tos": 0,
          "target_bitrate": 20000000
        }
      },
      "intervals": [
        {
          "streams": [
            {
              "socket": 10,
              "start": 0,
              "end": 1.000357,
              "seconds": 1.0003570318222046,
              "bytes": 2477256,
              "bits_per_second": 19810974.8515491,
              "jitter_ms": 0.1665065117703407,
              "lost_packets": 18,
              "packets": 1790,
              "lost_percent": 1.005586592178771,
              "omitted": false,
              "sender": false
            }
          ],
          "sum": {
            "start": 0,
            "end": 1.000357,
            "seconds": 1.0003570318222046,
            "bytes": 2477256,
            "bits_per_second": 19810974.8515491,
            "jitter_ms": 0.1665065117703407,
            "lost_packets": 18,
            "packets": 1790,
            "lost_percent": 1.005586592178771,
            "omitted": false,
            "sender": false
          }
        },
        {
          "streams": [
            {
              "socket": 10,
              "start": 1.000357,
              "end": 2.000355,
              "seconds": 0.9999979734420776,
              "bytes": 2501022,
              "bits_per_second": 20008216.547809757,
              "jitter_ms": 0.06909649151407134,
              "lost_packets": 0,
              "packets": 1789,
              "lost_percent": 0,
              "omitted": false,
              "sender": false
            }
          ],
          "sum": {
            "start": 1.000357,
            "end": 2.000355,
            "seconds": 0.9999979734420776,
            "bytes": 2501022,
            "bits_per_second": 20008216.547809757,
            "jitter_ms": 0.06909649151407134,
            "lost_packets": 0,
            "packets": 1789,
            "lost_percent": 0,
            "omitted": false,
            "sender": false
          }
        },
        {
          "streams": [
            {
              "socket": 10,
              "start": 2.000355,
              "end": 3.000357,
              "seconds": 1.0000020265579224,
              "bytes": 2501022,
              "bits_per_second": 20008135.452354588,
              "jitter_ms": 0.0036928719225602243,
              "lost_packets": 0,
              "packets": 1789,
              "lost_percent": 0,
              "omitted": false,
              "sender": false
            }
          ],
          "sum": {
            "start": 2.000355,
            "end": 3.000357,
            "seconds": 1.0000020265579224,
            "bytes": 2501022,
            "bits_per_second": 20008135.452354588,
            "jitter_ms": 0.0036928719225602243,
            "lost_packets": 0,
            "packets": 1789,
            "lost_percent": 0,
            "omitted": false,
            "sender": false
          }
        },
        {
          "streams": [
            {
              "socket": 10,
              "start": 3.000357,
              "end": 4.00035,
              "seconds": 0.9999930262565613,
              "bytes": 2499624,
              "bits_per_second": 19997131.45486428,
              "jitter_ms": 0.16841497843109537,
              "lost_packets": 0,
              "packets": 1788,
              "lost_percent": 0,
              "omitted": false,
              "sender": false
            }
          ],
          "sum": {
            "start": 3.000357,
            "end": 4.00035,
            "seconds": 0.9999930262565613,
            "bytes": 2499624,
            "bits_per_second": 19997131.45486428,
            "jitter_ms": 0.16841497843109537,
            "lost_packets": 0,
            "packets": 1788,
            "lost_percent": 0,
            "omitted": false,
            "sender": false
          }
        },
        {
          "streams": [
            {
              "socket": 10,
              "start": 4.00035,
              "end": 5.000351,
              "seconds": 1.0000009536743164,
              "bytes": 2498226,
              "bits_per_second": 19985788.940066393,
              "jitter_ms": 0.3046616357293101,
              "lost_packets": 0,
              "packets": 1787,
              "lost_percent": 0,
              "omitted": false,
              "sender": false
            }
          ],
          "sum": {
            "start": 4.00035,
            "end": 5.000351,
            "seconds": 1.0000009536743164,
            "bytes": 2498226,
            "bits_per_second": 19985788.940066393,
            "jitter_ms": 0.3046616357293101,
            "lost_packets": 0,
            "packets": 1787,
            "lost_percent": 0,
            "omitted": false,
            "sender": false
          }
        },
        {
          "streams": [
            {
              "socket": 10,
              "start": 5.000351,
              "end": 6.000349,
              "seconds": 0.9999979734420776,
              "bytes": 2473062,
              "bits_per_second": 19784536.09450836,
              "jitter_ms": 0.27879175465439765,
              "lost_packets": 20,
              "packets": 1789,
              "lost_percent": 1.11794298490777,
              "omitted": false,
              "sender": false
            }
          ],
          "sum": {
            "start": 5.000351,
            "end": 6.000349,
            "seconds": 0.9999979734420776,
            "bytes": 2473062,
            "bits_per_second": 19784536.09450836,
            "jitter_ms": 0.27879175465439765,
            "lost_packets": 20,
            "packets": 1789,
            "lost_percent": 1.11794298490777,
            "omitted": false,
            "sender": false
          }
        },
        {
          "streams": [
            {
              "socket": 10,
              "start": 6.000349,
              "end": 7.000354,
              "seconds": 1.0000050067901611,
              "bytes": 2502420,
              "bits_per_second": 20019259.76776716,
              "jitter_ms": 0.29678863836181,
              "lost_packets": 0,
              "packets": 1790,
              "lost_percent": 0,
              "omitted": false,
              "sender": false
            }
          ],
          "sum": {
            "start": 6.000349,
            "end": 7.000354,
            "seconds": 1.0000050067901611,
            "bytes": 2502420,
            "bits_per_second": 20019259.76776716,
            "jitter_ms": 0.29678863836181,
            "lost_packets": 0,
            "packets": 1790,
            "lost_percent": 0,
            "omitted": false,
            "sender": false
          }
        },
        {
          "streams": [
            {
              "socket": 10,
              "start": 7.000354,
              "end": 8.000354,
              "seconds": 1,
              "bytes": 2468868,
              "bits_per_second": 19750944,
              "jitter_ms": 0.21153382483777186,
              "lost_packets": 20,