{
  "udp": {
    "10": {
      "start": {
        "connected": [
          {
            "socket": 10,
            "local_host": "172.17.0.2",
            "local_port": 38411,
            "remote_host": "10.100.1.102",
            "remote_port": 32201
          }
        ],
        "version": "iperf 3.12",
        "system_info": "Linux f8ba49545cc0 6.8.0-47-generic #47~22.04.1-Ubuntu SMP PREEMPT_DYNAMIC Wed Oct  2 16:16:55 UTC 2 x86_64",
        "timestamp": {
          "time": "Fri, 27 Dec 2024 05:00:42 GMT",
          "timesecs": 1735275642
        },
        "connecting_to": {
          "host": "api-int.edge.open5g.info",
          "port": 32201
        },
        "cookie": "d4h3ctvornmlthdzeqlbjer6wvack5jsapnh",
        "target_bitrate": 10000000,
        "sock_bufsize": 0,
        "sndbuf_actual": 212992,
        "rcvbuf_actual": 212992,
        "test_start": {
          "protocol": "UDP",
          "num_streams": 1,
          "blksize": 1398,
          "omit": 0,
          "duration": 10,
          "bytes": 0,
          "blocks": 0,
          "reverse": 1,
          "tos": 0,
          "target_bitrate": 10000000
        }
      },
      "intervals": [
        {
          "streams": [
            {
              "socket": 10,
              "start": 0,
              "end": 1.000211,
              "seconds": 1.0002110004425049,
              "bytes": 1251210,
              "bits_per_second": 10007568.398639489,
              "jitter_ms": 0.17234864459379984,
              "lost_packets": 0,
              "packets": 895,
              "lost_percent": 0,
              "omitted": false,
              "sender": false
            }
          ],
          "sum": {
            "start": 0,
            "end": 1.000211,
            "seconds": 1.0002110004425049,
            "bytes": 1251210,
            "bits_per_second": 10007568.398639489,
            "jitter_ms": 0.17234864459379984,
            "lost_packets": 0,
            "packets": 895,
            "lost_percent": 0,
            "omitted": false,
            "sender": false
          }
        },
        {
          "streams": [
            {
              "socket": 10,
              "start": 1.000211,
              "end": 2.000217,
              "seconds": 1.0000059604644775,
              "bytes": 1213464,
              "bits_per_second": 9707654.13787235,
              "jitter_ms": 0.1942248369123323,
              "lost_packets": 0,
              "packets": 868,
              "lost_percent": 0,
              "omitted": false,
              "sender": false
            }
          ],
          "sum": {
            "start": 1.000211,
            "end": 2.000217,
            "seconds": 1.0000059604644775,
            "bytes": 1213464,
            "bits_per_second": 9707654.13787235,
            "jitter_ms": 0.1942248369123323,
            "lost_packets": 0,
            "packets": 868,
            "lost_percent": 0,
            "omitted": false,
            "sender": false
          }
        },
        {
          "streams": [
            {
              "socket": 10,
              "start": 2.000217,
              "end": 3.000091,
              "seconds": 0.9998739957809448,
              "bytes": 1286160,
              "bits_per_second": 10290576.656075176,
              "jitter_ms": 0.21560282142216686,
              "lost_packets": 0,
              "packets": 920,
              "lost_percent": 0,
              "omitted": false,
              "sender": false
            }
          ],
          "sum": {
            "start": 2.000217,
            "end": 3.000091,
            "seconds": 0.9998739957809448,
            "bytes": 1286160,
            "bits_per_second": 10290576.656075176,
            "jitter_ms": 0.21560282142216686,
            "lost_packets": 0,
            "packets": 920,
            "lost_percent": 0,
            "omitted": false,
            "sender": false
          }
        },
        {
          "streams": [
            {
              "socket": 10,
              "start": 3.000091,
              "end": 4.000086,
              "seconds": 0.999994993209839,
              "bytes": 1251210,
              "bits_per_second": 10009730.116618263,
              "jitter_ms": 0.20074296018980364,
              "lost_packets": 0,
              "packets": 895,
              "lost_percent": 0,
              "omitted": false,
              "sender": false
            }
          ],
          "sum": {
            "start": 3.000091,
            "end": 4.000086,
            "seconds": 0.999994993209839,
            "bytes": 1251210,
            "bits_per_second": 10009730.116618263,
            "jitter_ms": 0.20074296018980364,
            "lost_packets": 0,
            "packets": 895,
            "lost_percent": 0,
            "omitted": false,
            "sender": false
          }
        },
        {
          "streams": [
            {
              "socket": 10,
              "start": 4.000086,
              "end": 5.000084,
              "seconds": 0.9999979734420776,
              "bytes": 1249812,
              "bits_per_second": 9998516.262572344,
              "jitter_ms": 0.20616985283627123,
              "lost_packets": 0,
              "packets": 894,
              "lost_percent": 0,
              "omitted": false,
              "sender": false
            }
          ],
          "sum": {
            "start": 4.000086,
            "end": 5.000084,
            "seconds": 0.9999979734420776,
            "bytes": 1249812,
            "bits_per_second": 9998516.262572344,
            "jitter_ms": 0.20616985283627123,
            "lost_packets": 0,
            "packets": 894,
            "lost_percent": 0,
            "omitted": false,
            "sender": false
          }
        },
        {
          "streams": [
            {
              "socket": 10,
              "start": 5.000084,
              "end": 6.000217,
              "seconds": 1.0001330375671387,
              "bytes": 1249812,
              "bits_per_second": 9997166.0013569,
              "jitter_ms": 0.2655386183522308,
              "lost_packets": 0,
              "packets": 894,
              "lost_percent": 0,
              "omitted": false,
              "sender": false
            }
          ],
          "sum": {
            "start": 5.000084,
            "end": 6.000217,
            "seconds": 1.0001330375671387,
            "bytes": 1249812,
            "bits_per_second": 9997166.0013569,
            "jitter_ms": 0.2655386183522308,
            "lost_packets": 0,
            "packets": 894,
            "lost_percent": 0,
            "omitted": false,
            "sender": false
          }
        },
        {
          "streams": [
            {
              "socket": 10,
              "start": 6.000217,
              "end": 7.00019,
              "seconds": 0.9999729990959167,
              "bytes": 1249812,
              "bits_per_second": 9998765.97572106,
              "jitter_ms": 0.2744337253111805,
              "lost_packets": 0,
              "packets": 894,
              "lost_percent": 0,
              "omitted": false,
              "sender": false
            }
          ],
          "sum": {
            "start": 6.000217,
            "end": 7.00019,
            "seconds": 0.9999729990959167,
            "bytes": 1249812,
            "bits_per_second": 9998765.97572106,
            "jitter_ms": 0.2744337253111805,
            "lost_packets": 0,
            "packets": 894,
            "lost_percent": 0,
            "omitted": false,
            "sender": false
          }
        },
        {
          "streams": [
            {
              "socket": 10,
              "start": 7.00019,
              "end": 8.000217,
              "seconds": 1.0000269412994385,
              "bytes": 1249812,
              "bits_per_second": 9998226.63478238,
              "jitter_ms": 0.26749796085658134,
              "lost_packets": 0,
              "packets": 894,
              "lost_percent": 0,