{
  "udp": {
    "20": {
      "start": {
        "connected": [
          {
            "socket": 9,
            "local_host": "172.17.0.2",
            "local_port": 34358,
            "remote_host": "10.100.1.101",
            "remote_port": 32201
          }
        ],
        "version": "iperf 3.12",
        "system_info": "Linux 19d17311cb8b 6.5.0-15-generic #15~22.04.1-Ubuntu SMP PREEMPT_DYNAMIC Fri Jan 12 18:54:30 UTC 2 x86_64",
        "timestamp": {
          "time": "Thu, 15 Feb 2024 04:01:05 GMT",
          "timesecs": 1707969665
        },
        "connecting_to": {
          "host": "api-int.edge.open5g.info",
          "port": 32201
        },
        "cookie": "4dhxpklto6w3ifsq7vogly4jzem5countzax",
        "target_bitrate": 20000000,
        "sock_bufsize": 0,
        "sndbuf_actual": 212992,
        "rcvbuf_actual": 212992,
        "test_start": {
          "protocol": "UDP",
          "num_streams": 1,
          "blksize": 1398,
          "omit": 0,
          "duration": 10,
          "bytes": 0,
          "blocks": 0,
          "reverse": 1,
          "tos": 0,
          "target_bitrate": 20000000
        }
      },
      "intervals": [
        {
          "streams": [
            {
              "socket": 9,
              "start": 0,
              "end": 1.000197,
              "seconds": 1.0001970529556274,
              "bytes": 2502420,
              "bits_per_second": 20015415.903138176,
              "jitter_ms": 0.03512168607149423,
              "lost_packets": 0,
              "packets": 1790,
              "lost_percent": 0,
              "omitted": false,
              "sender": false
            }
          ],
          "sum": {
            "start": 0,
            "end": 1.000197,
            "seconds": 1.0001970529556274,
            "bytes": 2502420,
            "bits_per_second": 20015415.903138176,
            "jitter_ms": 0.03512168607149423,
            "lost_packets": 0,
            "packets": 1790,
            "lost_percent": 0,
            "omitted": false,
            "sender": false
          }
        },
        {
          "streams": [
            {
              "socket": 9,
              "start": 1.000197,
              "end": 2.000288,
              "seconds": 1.0000909566879272,
              "bytes": 2501022,
              "bits_per_second": 20006356.288094543,
              "jitter_ms": 0.010682212472855676,
              "lost_packets": 0,
              "packets": 1789,
              "lost_percent": 0,
              "omitted": false,
              "sender": false
            }
          ],
          "sum": {
            "start": 1.000197,
            "end": 2.000288,
            "seconds": 1.0000909566879272,
            "bytes": 2501022,
            "bits_per_second": 20006356.288094543,
            "jitter_ms": 0.010682212472855676,
            "lost_packets": 0,
            "packets": 1789,
            "lost_percent": 0,
            "omitted": false,
            "sender": false
          }
        },
        {
          "streams": [
            {
              "socket": 9,
              "start": 2.000288,
              "end": 3.000265,
              "seconds": 0.9999769926071167,
              "bytes": 2463276,
              "bits_per_second": 19706661.398901224,
              "jitter_ms": 0.33388706013198016,
              "lost_packets": 0,
              "packets": 1762,
              "lost_percent": 0,
              "omitted": false,
              "sender": false
            }
          ],
          "sum": {
            "start": 2.000288,
            "end": 3.000265,
            "seconds": 0.9999769926071167,
            "bytes": 2463276,
            "bits_per_second": 19706661.398901224,
            "jitter_ms": 0.33388706013198016,
            "lost_packets": 0,
            "packets": 1762,
            "lost_percent": 0,
            "omitted": false,
            "sender": false
          }
        },
        {
          "streams": [
            {
              "socket": 9,
              "start": 3.000265,
              "end": 4.000197,
              "seconds": 0.9999319911003113,
              "bytes": 2537370,
              "bits_per_second": 20300340.60382777,
              "jitter_ms": 0.17393400531588105,
              "lost_packets": 0,
              "packets": 1815,
              "lost_percent": 0,
              "omitted": false,
              "sender": false
            }
          ],
          "sum": {
            "start": 3.000265,
            "end": 4.000197,
            "seconds": 0.9999319911003113,
            "bytes": 2537370,
            "bits_per_second": 20300340.60382777,
            "jitter_ms": 0.17393400531588105,
            "lost_packets": 0,
            "packets": 1815,
            "lost_percent": 0,
            "omitted": false,
            "sender": false
          }
        },
        {
          "streams": [
            {
              "socket": 9,
              "start": 4.000197,
              "end": 5.000018,
              "seconds": 0.9998210072517395,
              "bytes": 2485644,
              "bits_per_second": 19888711.935208645,
              "jitter_ms": 0.14531016152917886,
              "lost_packets": 0,
              "packets": 1778,
              "lost_percent": 0,
              "omitted": false,
              "sender": false
            }
          ],
          "sum": {
            "start": 4.000197,
            "end": 5.000018,
            "seconds": 0.9998210072517395,
            "bytes": 2485644,
            "bits_per_second": 19888711.935208645,
            "jitter_ms": 0.14531016152917886,
            "lost_packets": 0,
            "packets": 1778,
            "lost_percent": 0,
            "omitted": false,
            "sender": false
          }
        },
        {
          "streams": [
            {
              "socket": 9,
              "start": 5.000018,
              "end": 6.000199,
              "seconds": 1.000180959701538,
              "bytes": 2496828,
              "bits_per_second": 19971010.05198158,
              "jitter_ms": 0.01283880600315827,
              "lost_packets": 12,
              "packets": 1798,
              "lost_percent": 0.6674082313681868,
              "omitted": false,
              "sender": false
            }
          ],
          "sum": {
            "start": 5.000018,
            "end": 6.000199,
            "seconds": 1.000180959701538,
            "bytes": 2496828,
            "bits_per_second": 19971010.05198158,
            "jitter_ms": 0.01283880600315827,
            "lost_packets": 12,
            "packets": 1798,
            "lost_percent": 0.6674082313681868,
            "omitted": false,
            "sender": false
          }
        },
        {
          "streams": [
            {
              "socket": 9,
              "start": 6.000199,
              "end": 7.000283,
              "seconds": 1.0000840425491333,
              "bytes": 2499624,
              "bits_per_second": 19995311.54304721,
              "jitter_ms": 0.11678393066884903,
              "lost_packets": 0,
              "packets": 1788,
              "lost_percent": 0,
              "omitted": false,
              "sender": false
            }
          ],
          "sum": {
            "start": 6.000199,
            "end": 7.000283,
            "seconds": 1.0000840425491333,
            "bytes": 2499624,
            "bits_per_second": 19995311.54304721,
            "jitter_ms": 0.11678393066884903,
            "lost_packets": 0,
            "packets": 1788,
            "lost_percent": 0,
            "omitted": false,
            "sender": false
          }
        },
        {
          "streams": [
            {
              "socket": 9,
              "start": 7.000283,
              "end": 8.000273,
              "seconds": 0.9999899864196777,
              "bytes": 2499624,
              "bits_per_second": 19997192.24349075,
              "jitter_ms": 0.15345394972594054,
              "lost_packets": 1,