{
  "udp": {
    "60": {
      "start": {
        "connected": [
          {
            "socket": 5,
            "local_host": "172.17.0.2",
            "local_port": 35684,
            "remote_host": "172.20.25.101",
            "remote_port": 32201
          }
        ],
        "version": "iperf 3.12",
        "system_info": "Linux a76363263130 6.8.0-87-generic #88~22.04.1-Ubuntu SMP PREEMPT_DYNAMIC Tue Oct 14 14:03:14 UTC 2 x86_64",
        "timestamp": {
          "time": "Thu, 27 Nov 2025 06:32:40 GMT",
          "timesecs": 1764225160
        },
        "connecting_to": {
          "host": "api-int.tenoran.automation.otic.open6g.net",
          "port": 32201
        },
        "cookie": "f3m5fcfjhur5kdcmxliw7rbxvr6xaj47hkdx",
        "target_bitrate": 60000000,
        "sock_bufsize": 0,
        "sndbuf_actual": 212992,
        "rcvbuf_actual": 212992,
        "test_start": {
          "protocol": "UDP",
          "num_streams": 1,
          "blksize": 1348,
          "omit": 0,
          "duration": 10,
          "bytes": 0,
          "blocks": 0,
          "reverse": 1,
          "tos": 0,
          "target_bitrate": 60000000
        }
      },
      "intervals": [
        {
          "streams": [
            {
              "socket": 5,
              "start": 0,
              "end": 1.000205,
              "seconds": 1.0002050399780273,
              "bytes": 7478704,
              "bits_per_second": 59817367.04837475,
              "jitter_ms": 0.16558446625775083,
              "lost_packets": 0,
              "packets": 5548,
              "lost_percent": 0,
              "omitted": false,
              "sender": false
            }
          ],
          "sum": {
            "start": 0,
            "end": 1.000205,
            "seconds": 1.0002050399780273,
            "bytes": 7478704,
            "bits_per_second": 59817367.04837475,
            "jitter_ms": 0.16558446625775083,
            "lost_packets": 0,
            "packets": 5548,
            "lost_percent": 0,
            "omitted": false,
            "sender": false
          }
        },
        {
          "streams": [
            {
              "socket": 5,
              "start": 1.000205,
              "end": 2.000203,
              "seconds": 0.9999979734420776,
              "bytes": 7500272,
              "bits_per_second": 60002297.59813156,
              "jitter_ms": 0.189600752264132,
              "lost_packets": 0,
              "packets": 5564,
              "lost_percent": 0,
              "omitted": false,
              "sender": false
            }
          ],
          "sum": {
            "start": 1.000205,
            "end": 2.000203,
            "seconds": 0.9999979734420776,
            "bytes": 7500272,
            "bits_per_second": 60002297.59813156,
            "jitter_ms": 0.189600752264132,
            "lost_packets": 0,
            "packets": 5564,
            "lost_percent": 0,
            "omitted": false,
            "sender": false
          }
        },
        {
          "streams": [
            {
              "socket": 5,
              "start": 2.000203,
              "end": 3.000203,
              "seconds": 1,
              "bytes": 7500272,
              "bits_per_second": 60002176,
              "jitter_ms": 0.16941818901277314,
              "lost_packets": 0,
              "packets": 5564,
              "lost_percent": 0,
              "omitted": false,
              "sender": false
            }
          ],
          "sum": {
            "start": 2.000203,
            "end": 3.000203,
            "seconds": 1,
            "bytes": 7500272,
            "bits_per_second": 60002176,
            "jitter_ms": 0.16941818901277314,
            "lost_packets": 0,
            "packets": 5564,
            "lost_percent": 0,
            "omitted": false,
            "sender": false
          }
        },
        {
          "streams": [
            {
              "socket": 5,
              "start": 3.000203,
              "end": 4.00022,
              "seconds": 1.0000170469284058,
              "bytes": 7498924,
              "bits_per_second": 59990369.34846868,
              "jitter_ms": 0.1981345818933416,
              "lost_packets": 0,
              "packets": 5563,
              "lost_percent": 0,
              "omitted": false,
              "sender": false
            }
          ],
          "sum": {
            "start": 3.000203,
            "end": 4.00022,
            "seconds": 1.0000170469284058,
            "bytes": 7498924,
            "bits_per_second": 59990369.34846868,
            "jitter_ms": 0.1981345818933416,
            "lost_packets": 0,
            "packets": 5563,
            "lost_percent": 0,
            "omitted": false,
            "sender": false
          }
        },
        {
          "streams": [
            {
              "socket": 5,
              "start": 4.00022,
              "end": 5.000209,
              "seconds": 0.9999889731407166,
              "bytes": 7470616,
              "bits_per_second": 59765587.02671814,
              "jitter_ms": 0.20683373940363342,
              "lost_packets": 0,
              "packets": 5542,
              "lost_percent": 0,
              "omitted": false,
              "sender": false
            }
          ],
          "sum": {
            "start": 4.00022,
            "end": 5.000209,
            "seconds": 0.9999889731407166,
            "bytes": 7470616,
            "bits_per_second": 59765587.02671814,
            "jitter_ms": 0.20683373940363342,
            "lost_packets": 0,
            "packets": 5542,
            "lost_percent": 0,
            "omitted": false,
            "sender": false
          }
        },
        {
          "streams": [
            {
              "socket": 5,
              "start": 5.000209,
              "end": 6.000205,
              "seconds": 0.9999960064888,
              "bytes": 7529928,
              "bits_per_second": 60239664.56777513,
              "jitter_ms": 0.18813403076520316,
              "lost_packets": 0,
              "packets": 5586,
              "lost_percent": 0,
              "omitted": false,
              "sender": false
            }
          ],
          "sum": {
            "start": 5.000209,
            "end": 6.000205,
            "seconds": 0.9999960064888,
            "bytes": 7529928,
            "bits_per_second": 60239664.56777513,
            "jitter_ms": 0.18813403076520316,
            "lost_packets": 0,
            "packets": 5586,
            "lost_percent": 0,
            "omitted": false,
            "sender": false
          }
        },
        {
          "streams": [
            {
              "socket": 5,
              "start": 6.000205,
              "end": 7.000207,
              "seconds": 1.0000020265579224,
              "bytes": 7500272,
              "bits_per_second": 60002054.4023613,
              "jitter_ms": 0.20050818647314023,
              "lost_packets": 0,
              "packets": 5564,
              "lost_percent": 0,
              "omitted": false,
              "sender": false
            }
          ],
          "sum": {
            "start": 6.000205,
            "end": 7.000207,
            "seconds": 1.0000020265579224,
            "bytes": 7500272,
            "bits_per_second": 60002054.4023613,
            "jitter_ms": 0.20050818647314023,
            "lost_packets": 0,
            "packets": 5564,
            "lost_percent": 0,
            "omitted": false,
            "sender": false
          }
        },
        {
          "streams": [
            {
              "socket": 5,
              "start": 7.000207,
              "end": 8.000162,
              "seconds": 0.9999549984931946,
              "bytes": 7442308,
              "bits_per_second": 59541143.44117177,
              "jitter_ms": 0.40278774104567727,
              "lost_packets": 1,
              "packets": 5522,
              "lost_percent": 0.018109380659181457,