{
  "udp": {
    "20": {
      "start": {
        "connected": [
          {
            "socket": 9,
            "local_host": "172.17.0.2",
            "local_port": 41357,
            "remote_host": "10.100.1.102",
            "remote_port": 32201
          }
        ],
        "version": "iperf 3.12",
        "system_info": "Linux c5ffd7292067 6.5.0-27-generic #28~22.04.1-Ubuntu SMP PREEMPT_DYNAMIC Fri Mar 15 10:51:06 UTC 2 x86_64",
        "timestamp": {
          "time": "Tue, 07 May 2024 16:01:10 GMT",
          "timesecs": 1715097670
        },
        "connecting_to": {
          "host": "api-int.edge.open5g.info",
          "port": 32201
        },
        "cookie": "w35ciwojyakzmcliwdzfjjsyrev67sda4u5m",
        "target_bitrate": 20000000,
        "sock_bufsize": 0,
        "sndbuf_actual": 212992,
        "rcvbuf_actual": 212992,
        "test_start": {
          "protocol": "UDP",
          "num_streams": 1,
          "blksize": 1398,
          "omit": 0,
          "duration": 10,
          "bytes": 0,
          "blocks": 0,
          "reverse": 1,
          "tos": 0,
          "target_bitrate": 20000000
        }
      },
      "intervals": [
        {
          "streams": [
            {
              "socket": 9,
              "start": 0,
              "end": 1.000296,
              "seconds": 1.0002959966659546,
              "bytes": 2502420,
              "bits_per_second": 20013436.08964317,
              "jitter_ms": 0.026564046887120815,
              "lost_packets": 0,
              "packets": 1790,
              "lost_percent": 0,
              "omitted": false,
              "sender": false
            }
          ],
          "sum": {
            "start": 0,
            "end": 1.000296,
            "seconds": 1.0002959966659546,
            "bytes": 2502420,
            "bits_per_second": 20013436.08964317,
            "jitter_ms": 0.026564046887120815,
            "lost_packets": 0,
            "packets": 1790,
            "lost_percent": 0,
            "omitted": false,
            "sender": false
          }
        },
        {
          "streams": [
            {
              "socket": 9,
              "start": 1.000296,
              "end": 2.000287,
              "seconds": 0.999990999698639,
              "bytes": 2489838,
              "bits_per_second": 19918883.27595226,
              "jitter_ms": 0.18961472134040877,
              "lost_packets": 4,
              "packets": 1785,
              "lost_percent": 0.22408963585434175,
              "omitted": false,
              "sender": false
            }
          ],
          "sum": {
            "start": 1.000296,
            "end": 2.000287,
            "seconds": 0.999990999698639,
            "bytes": 2489838,
            "bits_per_second": 19918883.27595226,
            "jitter_ms": 0.18961472134040877,
            "lost_packets": 4,
            "packets": 1785,
            "lost_percent": 0.22408963585434175,
            "omitted": false,
            "sender": false
          }
        },
        {
          "streams": [
            {
              "socket": 9,
              "start": 2.000287,
              "end": 3.000178,
              "seconds": 0.9998909831047058,
              "bytes": 2495430,
              "bits_per_second": 19965616.589533225,
              "jitter_ms": 0.009186330903945905,
              "lost_packets": 7,
              "packets": 1792,
              "lost_percent": 0.390625,
              "omitted": false,
              "sender": false
            }
          ],
          "sum": {
            "start": 2.000287,
            "end": 3.000178,
            "seconds": 0.9998909831047058,
            "bytes": 2495430,
            "bits_per_second": 19965616.589533225,
            "jitter_ms": 0.009186330903945905,
            "lost_packets": 7,
            "packets": 1792,
            "lost_percent": 0.390625,
            "omitted": false,
            "sender": false
          }
        },
        {
          "streams": [
            {
              "socket": 9,
              "start": 3.000178,
              "end": 4.000287,
              "seconds": 1.0001089572906494,
              "bytes": 2499624,
              "bits_per_second": 19994813.41930279,
              "jitter_ms": 0.06677476898202123,
              "lost_packets": 0,
              "packets": 1788,
              "lost_percent": 0,
              "omitted": false,
              "sender": false
            }
          ],
          "sum": {
            "start": 3.000178,
            "end": 4.000287,
            "seconds": 1.0001089572906494,
            "bytes": 2499624,
            "bits_per_second": 19994813.41930279,
            "jitter_ms": 0.06677476898202123,
            "lost_packets": 0,
            "packets": 1788,
            "lost_percent": 0,
            "omitted": false,
            "sender": false
          }
        },
        {
          "streams": [
            {
              "socket": 9,
              "start": 4.000287,
              "end": 5.000176,
              "seconds": 0.9998890161514282,
              "bytes": 2501022,
              "bits_per_second": 20010396.830851737,
              "jitter_ms": 0.11874170981602275,
              "lost_packets": 0,
              "packets": 1789,
              "lost_percent": 0,
              "omitted": false,
              "sender": false
            }
          ],
          "sum": {
            "start": 4.000287,
            "end": 5.000176,
            "seconds": 0.9998890161514282,
            "bytes": 2501022,
            "bits_per_second": 20010396.830851737,
            "jitter_ms": 0.11874170981602275,
            "lost_packets": 0,
            "packets": 1789,
            "lost_percent": 0,
            "omitted": false,
            "sender": false
          }
        },
        {
          "streams": [
            {
              "socket": 9,
              "start": 5.000176,
              "end": 6.000279,
              "seconds": 1.0001029968261719,
              "bytes": 2499624,
              "bits_per_second": 19994932.585404184,
              "jitter_ms": 0.0374117976303466,
              "lost_packets": 0,
              "packets": 1788,
              "lost_percent": 0,
              "omitted": false,
              "sender": false
            }
          ],
          "sum": {
            "start": 5.000176,
            "end": 6.000279,
            "seconds": 1.0001029968261719,
            "bytes": 2499624,
            "bits_per_second": 19994932.585404184,
            "jitter_ms": 0.0374117976303466,
            "lost_packets": 0,
            "packets": 1788,
            "lost_percent": 0,
            "omitted": false,
            "sender": false
          }
        },
        {
          "streams": [
            {
              "socket": 9,
              "start": 6.000279,
              "end": 7.000355,
              "seconds": 1.0000760555267334,
              "bytes": 2249382,
              "bits_per_second": 17993687.480620787,
              "jitter_ms": 0.052029668876333826,
              "lost_packets": 0,
              "packets": 1609,
              "lost_percent": 0,
              "omitted": false,
              "sender": false
            }
          ],
          "sum": {
            "start": 6.000279,
            "end": 7.000355,
            "seconds": 1.0000760555267334,
            "bytes": 2249382,
            "bits_per_second": 17993687.480620787,
            "jitter_ms": 0.052029668876333826,
            "lost_packets": 0,
            "packets": 1609,
            "lost_percent": 0,
            "omitted": false,
            "sender": false
          }
        },
        {
          "streams": [
            {
              "socket": 9,
              "start": 7.000355,
              "end": 8.000285,
              "seconds": 0.9999300241470337,
              "bytes": 2751264,
              "bits_per_second": 22011652.28414378,
              "jitter_ms": 0.10452500476616314,