{
  "udp": {
    "30": {
      "start": {
        "connected": [
          {
            "socket": 5,
            "local_host": "172.17.0.2",
            "local_port": 36258,
            "remote_host": "172.20.25.101",
            "remote_port": 32201
          }
        ],
        "version": "iperf 3.12",
        "system_info": "Linux 0ee0a6a8c3f9 6.8.0-87-generic #88~22.04.1-Ubuntu SMP PREEMPT_DYNAMIC Tue Oct 14 14:03:14 UTC 2 x86_64",
        "timestamp": {
          "time": "Sat, 08 Nov 2025 07:32:18 GMT",
          "timesecs": 1762587138
        },
        "connecting_to": {
          "host": "api-int.tenoran.automation.otic.open6g.net",
          "port": 32201
        },
        "cookie": "dksgksy5xovesfnqem7gnr4yxs22f4jdwhc5",
        "target_bitrate": 30000000,
        "sock_bufsize": 0,
        "sndbuf_actual": 212992,
        "rcvbuf_actual": 212992,
        "test_start": {
          "protocol": "UDP",
          "num_streams": 1,
          "blksize": 1348,
          "omit": 0,
          "duration": 10,
          "bytes": 0,
          "blocks": 0,
          "reverse": 1,
          "tos": 0,
          "target_bitrate": 30000000
        }
      },
      "intervals": [
        {
          "streams": [
            {
              "socket": 5,
              "start": 0,
              "end": 1.000104,
              "seconds": 1.0001039505004883,
              "bytes": 3728568,
              "bits_per_second": 29825443.630207356,
              "jitter_ms": 0.5149109792843122,
              "lost_packets": 0,
              "packets": 2766,
              "lost_percent": 0,
              "omitted": false,
              "sender": false
            }
          ],
          "sum": {
            "start": 0,
            "end": 1.000104,
            "seconds": 1.0001039505004883,
            "bytes": 3728568,
            "bits_per_second": 29825443.630207356,
            "jitter_ms": 0.5149109792843122,
            "lost_packets": 0,
            "packets": 2766,
            "lost_percent": 0,
            "omitted": false,
            "sender": false
          }
        },
        {
          "streams": [
            {
              "socket": 5,
              "start": 1.000104,
              "end": 2.000183,
              "seconds": 1.0000790357589722,
              "bytes": 3747440,
              "bits_per_second": 29977150.733139984,
              "jitter_ms": 0.5358112678864894,
              "lost_packets": 0,
              "packets": 2780,
              "lost_percent": 0,
              "omitted": false,
              "sender": false
            }
          ],
          "sum": {
            "start": 1.000104,
            "end": 2.000183,
            "seconds": 1.0000790357589722,
            "bytes": 3747440,
            "bits_per_second": 29977150.733139984,
            "jitter_ms": 0.5358112678864894,
            "lost_packets": 0,
            "packets": 2780,
            "lost_percent": 0,
            "omitted": false,
            "sender": false
          }
        },
        {
          "streams": [
            {
              "socket": 5,
              "start": 2.000183,
              "end": 3.000165,
              "seconds": 0.9999819993972778,
              "bytes": 3754180,
              "bits_per_second": 30033980.62975348,
              "jitter_ms": 0.5329133193537536,
              "lost_packets": 0,
              "packets": 2785,
              "lost_percent": 0,
              "omitted": false,
              "sender": false
            }
          ],
          "sum": {
            "start": 2.000183,
            "end": 3.000165,
            "seconds": 0.9999819993972778,
            "bytes": 3754180,
            "bits_per_second": 30033980.62975348,
            "jitter_ms": 0.5329133193537536,
            "lost_packets": 0,
            "packets": 2785,
            "lost_percent": 0,
            "omitted": false,
            "sender": false
          }
        },
        {
          "streams": [
            {
              "socket": 5,
              "start": 3.000165,
              "end": 4.000108,
              "seconds": 0.9999430179595947,
              "bytes": 3748788,
              "bits_per_second": 29992013.006096948,
              "jitter_ms": 0.510311641533045,
              "lost_packets": 0,
              "packets": 2781,
              "lost_percent": 0,
              "omitted": false,
              "sender": false
            }
          ],
          "sum": {
            "start": 3.000165,
            "end": 4.000108,
            "seconds": 0.9999430179595947,
            "bytes": 3748788,
            "bits_per_second": 29992013.006096948,
            "jitter_ms": 0.510311641533045,
            "lost_packets": 0,
            "packets": 2781,
            "lost_percent": 0,
            "omitted": false,
            "sender": false
          }
        },
        {
          "streams": [
            {
              "socket": 5,
              "start": 4.000108,
              "end": 5.000154,
              "seconds": 1.0000460147857666,
              "bytes": 3748788,
              "bits_per_second": 29988924.06608373,
              "jitter_ms": 0.520989782778711,
              "lost_packets": 0,
              "packets": 2781,
              "lost_percent": 0,
              "omitted": false,
              "sender": false
            }
          ],
          "sum": {
            "start": 4.000108,
            "end": 5.000154,
            "seconds": 1.0000460147857666,
            "bytes": 3748788,
            "bits_per_second": 29988924.06608373,
            "jitter_ms": 0.520989782778711,
            "lost_packets": 0,
            "packets": 2781,
            "lost_percent": 0,
            "omitted": false,
            "sender": false
          }
        },
        {
          "streams": [
            {
              "socket": 5,
              "start": 5.000154,
              "end": 6.000178,
              "seconds": 1.0000239610672,
              "bytes": 3740700,
              "bits_per_second": 29924882.967868265,
              "jitter_ms": 0.42156607206493335,
              "lost_packets": 0,
              "packets": 2775,
              "lost_percent": 0,
              "omitted": false,
              "sender": false
            }
          ],
          "sum": {
            "start": 5.000154,
            "end": 6.000178,
            "seconds": 1.0000239610672,
            "bytes": 3740700,
            "bits_per_second": 29924882.967868265,
            "jitter_ms": 0.42156607206493335,
            "lost_packets": 0,
            "packets": 2775,
            "lost_percent": 0,
            "omitted": false,
            "sender": false
          }
        },
        {
          "streams": [
            {
              "socket": 5,
              "start": 6.000178,
              "end": 7.000183,
              "seconds": 1.0000050067901611,
              "bytes": 3752832,
              "bits_per_second": 30022505.68361393,
              "jitter_ms": 0.426729410666132,
              "lost_packets": 0,
              "packets": 2784,
              "lost_percent": 0,
              "omitted": false,
              "sender": false
            }
          ],
          "sum": {
            "start": 6.000178,
            "end": 7.000183,
            "seconds": 1.0000050067901611,
            "bytes": 3752832,
            "bits_per_second": 30022505.68361393,
            "jitter_ms": 0.426729410666132,
            "lost_packets": 0,
            "packets": 2784,
            "lost_percent": 0,
            "omitted": false,
            "sender": false
          }
        },
        {
          "streams": [
            {
              "socket": 5,
              "start": 7.000183,
              "end": 8.000185,
              "seconds": 1.0000020265579224,
              "bytes": 3773052,
              "bits_per_second": 30184354.82965659,
              "jitter_ms": 0.4229663757082789,
              "lost_packets": 0,
              "packets": 2799,