{
  "udp": {
    "10": {
      "start": {
        "connected": [
          {
            "socket": 10,
            "local_host": "172.17.0.2",
            "local_port": 60942,
            "remote_host": "10.100.1.101",
            "remote_port": 32201
          }
        ],
        "version": "iperf 3.12",
        "system_info": "Linux 01d1d31bd8d7 6.8.0-47-generic #47~22.04.1-Ubuntu SMP PREEMPT_DYNAMIC Wed Oct  2 16:16:55 UTC 2 x86_64",
        "timestamp": {
          "time": "Sun, 10 Nov 2024 04:00:43 GMT",
          "timesecs": 1731211243
        },
        "connecting_to": {
          "host": "api-int.edge.open5g.info",
          "port": 32201
        },
        "cookie": "lsjrbeuimyek7xn634bjpntzlvxcvtitmpmo",
        "target_bitrate": 10000000,
        "sock_bufsize": 0,
        "sndbuf_actual": 212992,
        "rcvbuf_actual": 212992,
        "test_start": {
          "protocol": "UDP",
          "num_streams": 1,
          "blksize": 1398,
          "omit": 0,
          "duration": 10,
          "bytes": 0,
          "blocks": 0,
          "reverse": 1,
          "tos": 0,
          "target_bitrate": 10000000
        }
      },
      "intervals": [
        {
          "streams": [
            {
              "socket": 10,
              "start": 0,
              "end": 1.000293,
              "seconds": 1.0002930164337158,
              "bytes": 1251210,
              "bits_per_second": 10006747.85842943,
              "jitter_ms": 0.1098394363375356,
              "lost_packets": 0,
              "packets": 895,
              "lost_percent": 0,
              "omitted": false,
              "sender": false
            }
          ],
          "sum": {
            "start": 0,
            "end": 1.000293,
            "seconds": 1.0002930164337158,
            "bytes": 1251210,
            "bits_per_second": 10006747.85842943,
            "jitter_ms": 0.1098394363375356,
            "lost_packets": 0,
            "packets": 895,
            "lost_percent": 0,
            "omitted": false,
            "sender": false
          }
        },
        {
          "streams": [
            {
              "socket": 10,
              "start": 1.000293,
              "end": 2.000296,
              "seconds": 1.0000029802322388,
              "bytes": 1249812,
              "bits_per_second": 9998466.202248685,
              "jitter_ms": 0.010511521594161473,
              "lost_packets": 0,
              "packets": 894,
              "lost_percent": 0,
              "omitted": false,
              "sender": false
            }
          ],
          "sum": {
            "start": 1.000293,
            "end": 2.000296,
            "seconds": 1.0000029802322388,
            "bytes": 1249812,
            "bits_per_second": 9998466.202248685,
            "jitter_ms": 0.010511521594161473,
            "lost_packets": 0,
            "packets": 894,
            "lost_percent": 0,
            "omitted": false,
            "sender": false
          }
        },
        {
          "streams": [
            {
              "socket": 10,
              "start": 2.000296,
              "end": 3.000283,
              "seconds": 0.999987006187439,
              "bytes": 1249812,
              "bits_per_second": 9998625.920271076,
              "jitter_ms": 0.22501511377810607,
              "lost_packets": 0,
              "packets": 894,
              "lost_percent": 0,
              "omitted": false,
              "sender": false
            }
          ],
          "sum": {
            "start": 2.000296,
            "end": 3.000283,
            "seconds": 0.999987006187439,
            "bytes": 1249812,
            "bits_per_second": 9998625.920271076,
            "jitter_ms": 0.22501511377810607,
            "lost_packets": 0,
            "packets": 894,
            "lost_percent": 0,
            "omitted": false,
            "sender": false
          }
        },
        {
          "streams": [
            {
              "socket": 10,
              "start": 3.000283,
              "end": 4.000288,
              "seconds": 1.0000050067901611,
              "bytes": 1251210,
              "bits_per_second": 10009629.88388358,
              "jitter_ms": 0.18446107256855454,
              "lost_packets": 0,
              "packets": 895,
              "lost_percent": 0,
              "omitted": false,
              "sender": false
            }
          ],
          "sum": {
            "start": 3.000283,
            "end": 4.000288,
            "seconds": 1.0000050067901611,
            "bytes": 1251210,
            "bits_per_second": 10009629.88388358,
            "jitter_ms": 0.18446107256855454,
            "lost_packets": 0,
            "packets": 895,
            "lost_percent": 0,
            "omitted": false,
            "sender": false
          }
        },
        {
          "streams": [
            {
              "socket": 10,
              "start": 4.000288,
              "end": 5.000289,
              "seconds": 1.0000009536743164,
              "bytes": 1249812,
              "bits_per_second": 9998486.464700256,
              "jitter_ms": 0.17751113953458833,
              "lost_packets": 0,
              "packets": 894,
              "lost_percent": 0,
              "omitted": false,
              "sender": false
            }
          ],
          "sum": {
            "start": 4.000288,
            "end": 5.000289,
            "seconds": 1.0000009536743164,
            "bytes": 1249812,
            "bits_per_second": 9998486.464700256,
            "jitter_ms": 0.17751113953458833,
            "lost_packets": 0,
            "packets": 894,
            "lost_percent": 0,
            "omitted": false,
            "sender": false
          }
        },
        {
          "streams": [
            {
              "socket": 10,
              "start": 5.000289,
              "end": 6.000291,
              "seconds": 1.0000020265579224,
              "bytes": 1249812,
              "bits_per_second": 9998475.737509783,
              "jitter_ms": 0.2750563705249644,
              "lost_packets": 0,
              "packets": 894,
              "lost_percent": 0,
              "omitted": false,
              "sender": false
            }
          ],
          "sum": {
            "start": 5.000289,
            "end": 6.000291,
            "seconds": 1.0000020265579224,
            "bytes": 1249812,
            "bits_per_second": 9998475.737509783,
            "jitter_ms": 0.2750563705249644,
            "lost_packets": 0,
            "packets": 894,
            "lost_percent": 0,
            "omitted": false,
            "sender": false
          }
        },
        {
          "streams": [
            {
              "socket": 10,
              "start": 6.000291,
              "end": 7.000291,
              "seconds": 1,
              "bytes": 1249812,
              "bits_per_second": 9998496,
              "jitter_ms": 0.3333624903350405,
              "lost_packets": 0,
              "packets": 894,
              "lost_percent": 0,
              "omitted": false,
              "sender": false
            }
          ],
          "sum": {
            "start": 6.000291,
            "end": 7.000291,
            "seconds": 1,
            "bytes": 1249812,
            "bits_per_second": 9998496,
            "jitter_ms": 0.3333624903350405,
            "lost_packets": 0,
            "packets": 894,
            "lost_percent": 0,
            "omitted": false,
            "sender": false
          }
        },
        {
          "streams": [
            {
              "socket": 10,
              "start": 7.000291,
              "end": 8.000236,
              "seconds": 0.9999449849128723,
              "bytes": 1249812,
              "bits_per_second": 9999046.098392297,
              "jitter_ms": 0.1897462796447913,
              "lost_packets": 0,
              "packets": 894,
              "lost_percent": 0,
              "omitted": false,