{
  "udp": {
    "60": {
      "start": {
        "connected": [
          {
            "socket": 10,
            "local_host": "172.17.0.2",
            "local_port": 42732,
            "remote_host": "172.20.25.101",
            "remote_port": 32201
          }
        ],
        "version": "iperf 3.12",
        "system_info": "Linux a638d7f26825 6.8.0-59-generic #61~22.04.1-Ubuntu SMP PREEMPT_DYNAMIC Tue Apr 15 17:03:15 UTC 2 x86_64",
        "timestamp": {
          "time": "Fri, 30 May 2025 05:01:48 GMT",
          "timesecs": 1748581308
        },
        "connecting_to": {
          "host": "api-int.tenoran.automation.otic.open6g.net",
          "port": 32201
        },
        "cookie": "7y4d6qbzccdf3qbtsy6o6dma3wl6e7evcxkd",
        "target_bitrate": 60000000,
        "sock_bufsize": 0,
        "sndbuf_actual": 212992,
        "rcvbuf_actual": 212992,
        "test_start": {
          "protocol": "UDP",
          "num_streams": 1,
          "blksize": 1348,
          "omit": 0,
          "duration": 10,
          "bytes": 0,
          "blocks": 0,
          "reverse": 1,
          "tos": 0,
          "target_bitrate": 60000000
        }
      },
      "intervals": [
        {
          "streams": [
            {
              "socket": 10,
              "start": 0,
              "end": 1.000007,
              "seconds": 1.0000070333480835,
              "bytes": 6443440,
              "bits_per_second": 51547157.45089893,
              "jitter_ms": 0.14405911670206462,
              "lost_packets": 0,
              "packets": 4780,
              "lost_percent": 0,
              "omitted": false,
              "sender": false
            }
          ],
          "sum": {
            "start": 0,
            "end": 1.000007,
            "seconds": 1.0000070333480835,
            "bytes": 6443440,
            "bits_per_second": 51547157.45089893,
            "jitter_ms": 0.14405911670206462,
            "lost_packets": 0,
            "packets": 4780,
            "lost_percent": 0,
            "omitted": false,
            "sender": false
          }
        },
        {
          "streams": [
            {
              "socket": 10,
              "start": 1.000007,
              "end": 2.000012,
              "seconds": 1.0000050067901611,
              "bytes": 7701124,
              "bits_per_second": 61608683.53824942,
              "jitter_ms": 0.12445009628284039,
              "lost_packets": 0,
              "packets": 5713,
              "lost_percent": 0,
              "omitted": false,
              "sender": false
            }
          ],
          "sum": {
            "start": 1.000007,
            "end": 2.000012,
            "seconds": 1.0000050067901611,
            "bytes": 7701124,
            "bits_per_second": 61608683.53824942,
            "jitter_ms": 0.12445009628284039,
            "lost_packets": 0,
            "packets": 5713,
            "lost_percent": 0,
            "omitted": false,
            "sender": false
          }
        },
        {
          "streams": [
            {
              "socket": 10,
              "start": 2.000012,
              "end": 3.000121,
              "seconds": 1.0001089572906494,
              "bytes": 7767176,
              "bits_per_second": 62130638.4139721,
              "jitter_ms": 0.03679066324972509,
              "lost_packets": 0,
              "packets": 5762,
              "lost_percent": 0,
              "omitted": false,
              "sender": false
            }
          ],
          "sum": {
            "start": 2.000012,
            "end": 3.000121,
            "seconds": 1.0001089572906494,
            "bytes": 7767176,
            "bits_per_second": 62130638.4139721,
            "jitter_ms": 0.03679066324972509,
            "lost_packets": 0,
            "packets": 5762,
            "lost_percent": 0,
            "omitted": false,
            "sender": false
          }
        },
        {
          "streams": [
            {
              "socket": 10,
              "start": 3.000121,
              "end": 4.000122,
              "seconds": 1.0000009536743164,
              "bytes": 7547452,
              "bits_per_second": 60379558.4175659,
              "jitter_ms": 0.12216673173579934,
              "lost_packets": 35,
              "packets": 5634,
              "lost_percent": 0.6212282570110046,
              "omitted": false,
              "sender": false
            }
          ],
          "sum": {
            "start": 3.000121,
            "end": 4.000122,
            "seconds": 1.0000009536743164,
            "bytes": 7547452,
            "bits_per_second": 60379558.4175659,
            "jitter_ms": 0.12216673173579934,
            "lost_packets": 35,
            "packets": 5634,
            "lost_percent": 0.6212282570110046,
            "omitted": false,
            "sender": false
          }
        },
        {
          "streams": [
            {
              "socket": 10,
              "start": 4.000122,
              "end": 5.000121,
              "seconds": 0.9999989867210388,
              "bytes": 7322336,
              "bits_per_second": 58578747.356612265,
              "jitter_ms": 0.07807234892477674,
              "lost_packets": 36,
              "packets": 5468,
              "lost_percent": 0.6583760058522312,
              "omitted": false,
              "sender": false
            }
          ],
          "sum": {
            "start": 4.000122,
            "end": 5.000121,
            "seconds": 0.9999989867210388,
            "bytes": 7322336,
            "bits_per_second": 58578747.356612265,
            "jitter_ms": 0.07807234892477674,
            "lost_packets": 36,
            "packets": 5468,
            "lost_percent": 0.6583760058522312,
            "omitted": false,
            "sender": false
          }
        },
        {
          "streams": [
            {
              "socket": 10,
              "start": 5.000121,
              "end": 6.000122,
              "seconds": 1.0000009536743164,
              "bytes": 7679556,
              "bits_per_second": 61436389.40969333,
              "jitter_ms": 0.024579513878325968,
              "lost_packets": 16,
              "packets": 5713,
              "lost_percent": 0.28006301417819,
              "omitted": false,
              "sender": false
            }
          ],
          "sum": {
            "start": 5.000121,
            "end": 6.000122,
            "seconds": 1.0000009536743164,
            "bytes": 7679556,
            "bits_per_second": 61436389.40969333,
            "jitter_ms": 0.024579513878325968,
            "lost_packets": 16,
            "packets": 5713,
            "lost_percent": 0.28006301417819,
            "omitted": false,
            "sender": false
          }
        },
        {
          "streams": [
            {
              "socket": 10,
              "start": 6.000122,
              "end": 7.000123,
              "seconds": 1.0000009536743164,
              "bytes": 7454440,
              "bits_per_second": 59635463.12719047,
              "jitter_ms": 0.033698044200648924,
              "lost_packets": 3,
              "packets": 5533,
              "lost_percent": 0.054220133742996564,
              "omitted": false,
              "sender": false
            }
          ],
          "sum": {
            "start": 6.000122,
            "end": 7.000123,
            "seconds": 1.0000009536743164,
            "bytes": 7454440,
            "bits_per_second": 59635463.12719047,
            "jitter_ms": 0.033698044200648924,
            "lost_packets": 3,
            "packets": 5533,
            "lost_percent": 0.054220133742996564,
            "omitted": false,
            "sender": false
          }
        },
        {
          "streams": [
            {
              "socket": 10,
              "start": 7.000123,
              "end": 8.000118,
              "seconds": 0.999994993209839,
              "bytes": 7347948,