{
  "udp": {
    "10": {
      "start": {
        "connected": [
          {
            "socket": 10,
            "local_host": "172.17.0.2",
            "local_port": 56590,
            "remote_host": "10.100.1.103",
            "remote_port": 32201
          }
        ],
        "version": "iperf 3.12",
        "system_info": "Linux a0a4ca9981d6 6.8.0-47-generic #47~22.04.1-Ubuntu SMP PREEMPT_DYNAMIC Wed Oct  2 16:16:55 UTC 2 x86_64",
        "timestamp": {
          "time": "Sun, 01 Dec 2024 09:00:42 GMT",
          "timesecs": 1733043642
        },
        "connecting_to": {
          "host": "api-int.edge.open5g.info",
          "port": 32201
        },
        "cookie": "hclnecbzlienkdqjzm7ervtgehgclcc4nh2t",
        "target_bitrate": 10000000,
        "sock_bufsize": 0,
        "sndbuf_actual": 212992,
        "rcvbuf_actual": 212992,
        "test_start": {
          "protocol": "UDP",
          "num_streams": 1,
          "blksize": 1398,
          "omit": 0,
          "duration": 10,
          "bytes": 0,
          "blocks": 0,
          "reverse": 1,
          "tos": 0,
          "target_bitrate": 10000000
        }
      },
      "intervals": [
        {
          "streams": [
            {
              "socket": 10,
              "start": 0,
              "end": 1.000294,
              "seconds": 1.0002939701080322,
              "bytes": 1251210,
              "bits_per_second": 10006738.31805559,
              "jitter_ms": 0.020825990149550576,
              "lost_packets": 0,
              "packets": 895,
              "lost_percent": 0,
              "omitted": false,
              "sender": false
            }
          ],
          "sum": {
            "start": 0,
            "end": 1.000294,
            "seconds": 1.0002939701080322,
            "bytes": 1251210,
            "bits_per_second": 10006738.31805559,
            "jitter_ms": 0.020825990149550576,
            "lost_packets": 0,
            "packets": 895,
            "lost_percent": 0,
            "omitted": false,
            "sender": false
          }
        },
        {
          "streams": [
            {
              "socket": 10,
              "start": 1.000294,
              "end": 2.000287,
              "seconds": 0.9999930262565613,
              "bytes": 1249812,
              "bits_per_second": 9998565.72743214,
              "jitter_ms": 0.38213796295794555,
              "lost_packets": 0,
              "packets": 894,
              "lost_percent": 0,
              "omitted": false,
              "sender": false
            }
          ],
          "sum": {
            "start": 1.000294,
            "end": 2.000287,
            "seconds": 0.9999930262565613,
            "bytes": 1249812,
            "bits_per_second": 9998565.72743214,
            "jitter_ms": 0.38213796295794555,
            "lost_packets": 0,
            "packets": 894,
            "lost_percent": 0,
            "omitted": false,
            "sender": false
          }
        },
        {
          "streams": [
            {
              "socket": 10,
              "start": 2.000287,
              "end": 3.000262,
              "seconds": 0.999975025653839,
              "bytes": 1249812,
              "bits_per_second": 9998745.71213659,
              "jitter_ms": 0.22944676179331536,
              "lost_packets": 0,
              "packets": 894,
              "lost_percent": 0,
              "omitted": false,
              "sender": false
            }
          ],
          "sum": {
            "start": 2.000287,
            "end": 3.000262,
            "seconds": 0.999975025653839,
            "bytes": 1249812,
            "bits_per_second": 9998745.71213659,
            "jitter_ms": 0.22944676179331536,
            "lost_packets": 0,
            "packets": 894,
            "lost_percent": 0,
            "omitted": false,
            "sender": false
          }
        },
        {
          "streams": [
            {
              "socket": 10,
              "start": 3.000262,
              "end": 4.00029,
              "seconds": 1.0000280141830444,
              "bytes": 1251210,
              "bits_per_second": 10009399.594847584,
              "jitter_ms": 0.33514993307736957,
              "lost_packets": 0,
              "packets": 895,
              "lost_percent": 0,
              "omitted": false,
              "sender": false
            }
          ],
          "sum": {
            "start": 3.000262,
            "end": 4.00029,
            "seconds": 1.0000280141830444,
            "bytes": 1251210,
            "bits_per_second": 10009399.594847584,
            "jitter_ms": 0.33514993307736957,
            "lost_packets": 0,
            "packets": 895,
            "lost_percent": 0,
            "omitted": false,
            "sender": false
          }
        },
        {
          "streams": [
            {
              "socket": 10,
              "start": 4.00029,
              "end": 5.00012,
              "seconds": 0.9998300075531006,
              "bytes": 1249812,
              "bits_per_second": 10000195.957780337,
              "jitter_ms": 0.0984316641037823,
              "lost_packets": 0,
              "packets": 894,
              "lost_percent": 0,
              "omitted": false,
              "sender": false
            }
          ],
          "sum": {
            "start": 4.00029,
            "end": 5.00012,
            "seconds": 0.9998300075531006,
            "bytes": 1249812,
            "bits_per_second": 10000195.957780337,
            "jitter_ms": 0.0984316641037823,
            "lost_packets": 0,
            "packets": 894,
            "lost_percent": 0,
            "omitted": false,
            "sender": false
          }
        },
        {
          "streams": [
            {
              "socket": 10,
              "start": 5.00012,
              "end": 6.000283,
              "seconds": 1.000162959098816,
              "bytes": 1249812,
              "bits_per_second": 9996866.919575803,
              "jitter_ms": 0.3482344332299172,
              "lost_packets": 0,
              "packets": 894,
              "lost_percent": 0,
              "omitted": false,
              "sender": false
            }
          ],
          "sum": {
            "start": 5.00012,
            "end": 6.000283,
            "seconds": 1.000162959098816,
            "bytes": 1249812,
            "bits_per_second": 9996866.919575803,
            "jitter_ms": 0.3482344332299172,
            "lost_packets": 0,
            "packets": 894,
            "lost_percent": 0,
            "omitted": false,
            "sender": false
          }
        },
        {
          "streams": [
            {
              "socket": 10,
              "start": 6.000283,
              "end": 7.000277,
              "seconds": 0.9999939799308777,
              "bytes": 1249812,
              "bits_per_second": 9998556.1919994,
              "jitter_ms": 0.3367943523730854,
              "lost_packets": 0,
              "packets": 894,
              "lost_percent": 0,
              "omitted": false,
              "sender": false
            }
          ],
          "sum": {
            "start": 6.000283,
            "end": 7.000277,
            "seconds": 0.9999939799308777,
            "bytes": 1249812,
            "bits_per_second": 9998556.1919994,
            "jitter_ms": 0.3367943523730854,
            "lost_packets": 0,
            "packets": 894,
            "lost_percent": 0,
            "omitted": false,
            "sender": false
          }
        },
        {
          "streams": [
            {
              "socket": 10,
              "start": 7.000277,
              "end": 8.000245,
              "seconds": 0.9999679923057556,
              "bytes": 1249812,
              "bits_per_second": 9998816.039046584,
              "jitter_ms": 0.22742453204417376,
              "lost_packets": 0,
              "packets": 894,
              "lost_percent": 0,