{
  "udp": {
    "70": {
      "start": {
        "connected": [
          {
            "socket": 5,
            "local_host": "172.17.0.2",
            "local_port": 54752,
            "remote_host": "172.20.25.101",
            "remote_port": 32201
          }
        ],
        "version": "iperf 3.12",
        "system_info": "Linux caec2e3f9a9c 6.8.0-87-generic #88~22.04.1-Ubuntu SMP PREEMPT_DYNAMIC Tue Oct 14 14:03:14 UTC 2 x86_64",
        "timestamp": {
          "time": "Sat, 08 Nov 2025 06:03:14 GMT",
          "timesecs": 1762581794
        },
        "connecting_to": {
          "host": "api-int.tenoran.automation.otic.open6g.net",
          "port": 32201
        },
        "cookie": "7hvmgwgmlfa56tokg37adipnnafhddphce7k",
        "target_bitrate": 70000000,
        "sock_bufsize": 0,
        "sndbuf_actual": 212992,
        "rcvbuf_actual": 212992,
        "test_start": {
          "protocol": "UDP",
          "num_streams": 1,
          "blksize": 1348,
          "omit": 0,
          "duration": 10,
          "bytes": 0,
          "blocks": 0,
          "reverse": 1,
          "tos": 0,
          "target_bitrate": 70000000
        }
      },
      "intervals": [
        {
          "streams": [
            {
              "socket": 5,
              "start": 0,
              "end": 1.000029,
              "seconds": 1.0000289678573608,
              "bytes": 4250244,
              "bits_per_second": 34000967.064835936,
              "jitter_ms": 0.28292384539967086,
              "lost_packets": 0,
              "packets": 3153,
              "lost_percent": 0,
              "omitted": false,
              "sender": false
            }
          ],
          "sum": {
            "start": 0,
            "end": 1.000029,
            "seconds": 1.0000289678573608,
            "bytes": 4250244,
            "bits_per_second": 34000967.064835936,
            "jitter_ms": 0.28292384539967086,
            "lost_packets": 0,
            "packets": 3153,
            "lost_percent": 0,
            "omitted": false,
            "sender": false
          }
        },
        {
          "streams": [
            {
              "socket": 5,
              "start": 1.000029,
              "end": 2.000094,
              "seconds": 1.0000649690628052,
              "bytes": 7498924,
              "bits_per_second": 59987494.668691345,
              "jitter_ms": 0.20623127617148265,
              "lost_packets": 0,
              "packets": 5563,
              "lost_percent": 0,
              "omitted": false,
              "sender": false
            }
          ],
          "sum": {
            "start": 1.000029,
            "end": 2.000094,
            "seconds": 1.0000649690628052,
            "bytes": 7498924,
            "bits_per_second": 59987494.668691345,
            "jitter_ms": 0.20623127617148265,
            "lost_packets": 0,
            "packets": 5563,
            "lost_percent": 0,
            "omitted": false,
            "sender": false
          }
        },
        {
          "streams": [
            {
              "socket": 5,
              "start": 2.000094,
              "end": 3.000213,
              "seconds": 1.0001189708709717,
              "bytes": 7593284,
              "bits_per_second": 60739045.82281647,
              "jitter_ms": 0.2178097234723022,
              "lost_packets": 0,
              "packets": 5633,
              "lost_percent": 0,
              "omitted": false,
              "sender": false
            }
          ],
          "sum": {
            "start": 2.000094,
            "end": 3.000213,
            "seconds": 1.0001189708709717,
            "bytes": 7593284,
            "bits_per_second": 60739045.82281647,
            "jitter_ms": 0.2178097234723022,
            "lost_packets": 0,
            "packets": 5633,
            "lost_percent": 0,
            "omitted": false,
            "sender": false
          }
        },
        {
          "streams": [
            {
              "socket": 5,
              "start": 3.000213,
              "end": 4.000216,
              "seconds": 1.0000029802322388,
              "bytes": 7868276,
              "bits_per_second": 62946020.40624069,
              "jitter_ms": 0.6620023709050386,
              "lost_packets": 0,
              "packets": 5837,
              "lost_percent": 0,
              "omitted": false,
              "sender": false
            }
          ],
          "sum": {
            "start": 3.000213,
            "end": 4.000216,
            "seconds": 1.0000029802322388,
            "bytes": 7868276,
            "bits_per_second": 62946020.40624069,
            "jitter_ms": 0.6620023709050386,
            "lost_packets": 0,
            "packets": 5837,
            "lost_percent": 0,
            "omitted": false,
            "sender": false
          }
        },
        {
          "streams": [
            {
              "socket": 5,
              "start": 4.000216,
              "end": 5.000095,
              "seconds": 0.999879002571106,
              "bytes": 7934328,
              "bits_per_second": 63482305.195708945,
              "jitter_ms": 0.18998473524945222,
              "lost_packets": 0,
              "packets": 5886,
              "lost_percent": 0,
              "omitted": false,
              "sender": false
            }
          ],
          "sum": {
            "start": 4.000216,
            "end": 5.000095,
            "seconds": 0.999879002571106,
            "bytes": 7934328,
            "bits_per_second": 63482305.195708945,
            "jitter_ms": 0.18998473524945222,
            "lost_packets": 0,
            "packets": 5886,
            "lost_percent": 0,
            "omitted": false,
            "sender": false
          }
        },
        {
          "streams": [
            {
              "socket": 5,
              "start": 5.000095,
              "end": 6.000024,
              "seconds": 0.9999290108680725,
              "bytes": 7679556,
              "bits_per_second": 61440809.629740536,
              "jitter_ms": 0.16288610682144183,
              "lost_packets": 0,
              "packets": 5697,
              "lost_percent": 0,
              "omitted": false,
              "sender": false
            }
          ],
          "sum": {
            "start": 5.000095,
            "end": 6.000024,
            "seconds": 0.9999290108680725,
            "bytes": 7679556,
            "bits_per_second": 61440809.629740536,
            "jitter_ms": 0.16288610682144183,
            "lost_packets": 0,
            "packets": 5697,
            "lost_percent": 0,
            "omitted": false,
            "sender": false
          }
        },
        {
          "streams": [
            {
              "socket": 5,
              "start": 6.000024,
              "end": 7.000089,
              "seconds": 1.0000649690628052,
              "bytes": 7675512,
              "bits_per_second": 61400106.89259905,
              "jitter_ms": 0.22965990598857133,
              "lost_packets": 0,
              "packets": 5694,
              "lost_percent": 0,
              "omitted": false,
              "sender": false
            }
          ],
          "sum": {
            "start": 6.000024,
            "end": 7.000089,
            "seconds": 1.0000649690628052,
            "bytes": 7675512,
            "bits_per_second": 61400106.89259905,
            "jitter_ms": 0.22965990598857133,
            "lost_packets": 0,
            "packets": 5694,
            "lost_percent": 0,
            "omitted": false,
            "sender": false
          }
        },
        {
          "streams": [
            {
              "socket": 5,
              "start": 7.000089,
              "end": 8.000216,
              "seconds": 1.0001269578933716,
              "bytes": 7808964,
              "bits_per_second": 62463781.72985955,
              "jitter_ms": 0.18541791005178812,
              "lost_packets": 0,