{
  "udp": {
    "30": {
      "start": {
        "connected": [
          {
            "socket": 10,
            "local_host": "172.17.0.2",
            "local_port": 37798,
            "remote_host": "10.100.1.103",
            "remote_port": 32201
          }
        ],
        "version": "iperf 3.12",
        "system_info": "Linux 31410b5ae4b0 6.8.0-51-generic #52~22.04.1-Ubuntu SMP PREEMPT_DYNAMIC Mon Dec  9 15:00:52 UTC 2 x86_64",
        "timestamp": {
          "time": "Fri, 24 Jan 2025 09:02:38 GMT",
          "timesecs": 1737709358
        },
        "connecting_to": {
          "host": "api-int.edge.open5g.info",
          "port": 32201
        },
        "cookie": "qrc2oazyr7vo4kfibkyc22kgllkg4x5c2tby",
        "target_bitrate": 30000000,
        "sock_bufsize": 0,
        "sndbuf_actual": 212992,
        "rcvbuf_actual": 212992,
        "test_start": {
          "protocol": "UDP",
          "num_streams": 1,
          "blksize": 1398,
          "omit": 0,
          "duration": 10,
          "bytes": 0,
          "blocks": 0,
          "reverse": 1,
          "tos": 0,
          "target_bitrate": 30000000
        }
      },
      "intervals": [
        {
          "streams": [
            {
              "socket": 10,
              "start": 0,
              "end": 1.000044,
              "seconds": 1.0000439882278442,
              "bytes": 3471234,
              "bits_per_second": 27768650.5062746,
              "jitter_ms": 0.2037207158317855,
              "lost_packets": 0,
              "packets": 2483,
              "lost_percent": 0,
              "omitted": false,
              "sender": false
            }
          ],
          "sum": {
            "start": 0,
            "end": 1.000044,
            "seconds": 1.0000439882278442,
            "bytes": 3471234,
            "bits_per_second": 27768650.5062746,
            "jitter_ms": 0.2037207158317855,
            "lost_packets": 0,
            "packets": 2483,
            "lost_percent": 0,
            "omitted": false,
            "sender": false
          }
        },
        {
          "streams": [
            {
              "socket": 10,
              "start": 1.000044,
              "end": 2.000201,
              "seconds": 1.0001569986343384,
              "bytes": 3763416,
              "bits_per_second": 30102601.932606548,
              "jitter_ms": 0.178917620257929,
              "lost_packets": 0,
              "packets": 2692,
              "lost_percent": 0,
              "omitted": false,
              "sender": false
            }
          ],
          "sum": {
            "start": 1.000044,
            "end": 2.000201,
            "seconds": 1.0001569986343384,
            "bytes": 3763416,
            "bits_per_second": 30102601.932606548,
            "jitter_ms": 0.178917620257929,
            "lost_packets": 0,
            "packets": 2692,
            "lost_percent": 0,
            "omitted": false,
            "sender": false
          }
        },
        {
          "streams": [
            {
              "socket": 10,
              "start": 2.000201,
              "end": 3.000175,
              "seconds": 0.999974012374878,
              "bytes": 3745242,
              "bits_per_second": 29962714.65979622,
              "jitter_ms": 0.21303822148653423,
              "lost_packets": 0,
              "packets": 2679,
              "lost_percent": 0,
              "omitted": false,
              "sender": false
            }
          ],
          "sum": {
            "start": 2.000201,
            "end": 3.000175,
            "seconds": 0.999974012374878,
            "bytes": 3745242,
            "bits_per_second": 29962714.65979622,
            "jitter_ms": 0.21303822148653423,
            "lost_packets": 0,
            "packets": 2679,
            "lost_percent": 0,
            "omitted": false,
            "sender": false
          }
        },
        {
          "streams": [
            {
              "socket": 10,
              "start": 3.000175,
              "end": 4.000202,
              "seconds": 1.0000269412994385,
              "bytes": 3739650,
              "bits_per_second": 29916394.013470765,
              "jitter_ms": 0.2769942752710042,
              "lost_packets": 0,
              "packets": 2675,
              "lost_percent": 0,
              "omitted": false,
              "sender": false
            }
          ],
          "sum": {
            "start": 3.000175,
            "end": 4.000202,
            "seconds": 1.0000269412994385,
            "bytes": 3739650,
            "bits_per_second": 29916394.013470765,
            "jitter_ms": 0.2769942752710042,
            "lost_packets": 0,
            "packets": 2675,
            "lost_percent": 0,
            "omitted": false,
            "sender": false
          }
        },
        {
          "streams": [
            {
              "socket": 10,
              "start": 4.000202,
              "end": 5.000181,
              "seconds": 0.999979019165039,
              "bytes": 3725670,
              "bits_per_second": 29805985.35445957,
              "jitter_ms": 0.909394639484152,
              "lost_packets": 0,
              "packets": 2665,
              "lost_percent": 0,
              "omitted": false,
              "sender": false
            }
          ],
          "sum": {
            "start": 4.000202,
            "end": 5.000181,
            "seconds": 0.999979019165039,
            "bytes": 3725670,
            "bits_per_second": 29805985.35445957,
            "jitter_ms": 0.909394639484152,
            "lost_packets": 0,
            "packets": 2665,
            "lost_percent": 0,
            "omitted": false,
            "sender": false
          }
        },
        {
          "streams": [
            {
              "socket": 10,
              "start": 5.000181,
              "end": 6.000075,
              "seconds": 0.9998940229415894,
              "bytes": 3789978,
              "bits_per_second": 30323037.546321236,
              "jitter_ms": 0.23206590452301268,
              "lost_packets": 0,
              "packets": 2711,
              "lost_percent": 0,
              "omitted": false,
              "sender": false
            }
          ],
          "sum": {
            "start": 5.000181,
            "end": 6.000075,
            "seconds": 0.9998940229415894,
            "bytes": 3789978,
            "bits_per_second": 30323037.546321236,
            "jitter_ms": 0.23206590452301268,
            "lost_packets": 0,
            "packets": 2711,
            "lost_percent": 0,
            "omitted": false,
            "sender": false
          }
        },
        {
          "streams": [
            {
              "socket": 10,
              "start": 6.000075,
              "end": 7.000196,
              "seconds": 1.000120997428894,
              "bytes": 3738252,
              "bits_per_second": 29902397.88673794,
              "jitter_ms": 0.2665453770731281,
              "lost_packets": 0,
              "packets": 2674,
              "lost_percent": 0,
              "omitted": false,
              "sender": false
            }
          ],
          "sum": {
            "start": 6.000075,
            "end": 7.000196,
            "seconds": 1.000120997428894,
            "bytes": 3738252,
            "bits_per_second": 29902397.88673794,
            "jitter_ms": 0.2665453770731281,
            "lost_packets": 0,
            "packets": 2674,
            "lost_percent": 0,
            "omitted": false,
            "sender": false
          }
        },
        {
          "streams": [
            {
              "socket": 10,
              "start": 7.000196,
              "end": 8.000039,
              "seconds": 0.9998430013656616,
              "bytes": 3743844,
              "bits_per_second": 29955454.965520572,
              "jitter_ms": 0.34103636606745963,
              "lost_packets": 0,
              "packets": 2678,