{
  "udp": {
    "70": {
      "start": {
        "connected": [
          {
            "socket": 10,
            "local_host": "172.17.0.2",
            "local_port": 40800,
            "remote_host": "172.20.25.101",
            "remote_port": 32201
          }
        ],
        "version": "iperf 3.12",
        "system_info": "Linux 3c079c1452e0 6.8.0-52-generic #53~22.04.1-Ubuntu SMP PREEMPT_DYNAMIC Wed Jan 15 19:18:46 UTC 2 x86_64",
        "timestamp": {
          "time": "Wed, 16 Apr 2025 05:05:26 GMT",
          "timesecs": 1744779926
        },
        "connecting_to": {
          "host": "api-int.tenoran.automation.otic.open6g.net",
          "port": 32201
        },
        "cookie": "kp3ey3vnkorl2fi2wkcufet4xx4krhqktyxb",
        "target_bitrate": 70000000,
        "sock_bufsize": 0,
        "sndbuf_actual": 212992,
        "rcvbuf_actual": 212992,
        "test_start": {
          "protocol": "UDP",
          "num_streams": 1,
          "blksize": 1348,
          "omit": 0,
          "duration": 10,
          "bytes": 0,
          "blocks": 0,
          "reverse": 1,
          "tos": 0,
          "target_bitrate": 70000000
        }
      },
      "intervals": [
        {
          "streams": [
            {
              "socket": 10,
              "start": 0,
              "end": 1.000068,
              "seconds": 1.000067949295044,
              "bytes": 8446568,
              "bits_per_second": 67567952.8052393,
              "jitter_ms": 0.02895733973132088,
              "lost_packets": 0,
              "packets": 6266,
              "lost_percent": 0,
              "omitted": false,
              "sender": false
            }
          ],
          "sum": {
            "start": 0,
            "end": 1.000068,
            "seconds": 1.000067949295044,
            "bytes": 8446568,
            "bits_per_second": 67567952.8052393,
            "jitter_ms": 0.02895733973132088,
            "lost_packets": 0,
            "packets": 6266,
            "lost_percent": 0,
            "omitted": false,
            "sender": false
          }
        },
        {
          "streams": [
            {
              "socket": 10,
              "start": 1.000068,
              "end": 2.000095,
              "seconds": 1.0000269412994385,
              "bytes": 8631244,
              "bits_per_second": 69048091.7546844,
              "jitter_ms": 0.037131354410164984,
              "lost_packets": 47,
              "packets": 6450,
              "lost_percent": 0.7286821705426356,
              "omitted": false,
              "sender": false
            }
          ],
          "sum": {
            "start": 1.000068,
            "end": 2.000095,
            "seconds": 1.0000269412994385,
            "bytes": 8631244,
            "bits_per_second": 69048091.7546844,
            "jitter_ms": 0.037131354410164984,
            "lost_packets": 47,
            "packets": 6450,
            "lost_percent": 0.7286821705426356,
            "omitted": false,
            "sender": false
          }
        },
        {
          "streams": [
            {
              "socket": 10,
              "start": 2.000095,
              "end": 3.000096,
              "seconds": 1.0000009536743164,
              "bytes": 8744476,
              "bits_per_second": 69955741.28500625,
              "jitter_ms": 0.019245032822784832,
              "lost_packets": 39,
              "packets": 6526,
              "lost_percent": 0.597609561752988,
              "omitted": false,
              "sender": false
            }
          ],
          "sum": {
            "start": 2.000095,
            "end": 3.000096,
            "seconds": 1.0000009536743164,
            "bytes": 8744476,
            "bits_per_second": 69955741.28500625,
            "jitter_ms": 0.019245032822784832,
            "lost_packets": 39,
            "packets": 6526,
            "lost_percent": 0.597609561752988,
            "omitted": false,
            "sender": false
          }
        },
        {
          "streams": [
            {
              "socket": 10,
              "start": 3.000096,
              "end": 4.000095,
              "seconds": 0.9999989867210388,
              "bytes": 8609676,
              "bits_per_second": 68877477.79209915,
              "jitter_ms": 0.016187251978787016,
              "lost_packets": 87,
              "packets": 6474,
              "lost_percent": 1.3438368860055607,
              "omitted": false,
              "sender": false
            }
          ],
          "sum": {
            "start": 3.000096,
            "end": 4.000095,
            "seconds": 0.9999989867210388,
            "bytes": 8609676,
            "bits_per_second": 68877477.79209915,
            "jitter_ms": 0.016187251978787016,
            "lost_packets": 87,
            "packets": 6474,
            "lost_percent": 1.3438368860055607,
            "omitted": false,
            "sender": false
          }
        },
        {
          "streams": [
            {
              "socket": 10,
              "start": 4.000095,
              "end": 5.000096,
              "seconds": 1.0000009536743164,
              "bytes": 8709428,
              "bits_per_second": 69675357.552401,
              "jitter_ms": 0.016421876954597514,
              "lost_packets": 49,
              "packets": 6510,
              "lost_percent": 0.7526881720430108,
              "omitted": false,
              "sender": false
            }
          ],
          "sum": {
            "start": 4.000095,
            "end": 5.000096,
            "seconds": 1.0000009536743164,
            "bytes": 8709428,
            "bits_per_second": 69675357.552401,
            "jitter_ms": 0.016421876954597514,
            "lost_packets": 49,
            "packets": 6510,
            "lost_percent": 0.7526881720430108,
            "omitted": false,
            "sender": false
          }
        },
        {
          "streams": [
            {
              "socket": 10,
              "start": 5.000096,
              "end": 6.000131,
              "seconds": 1.000035047531128,
              "bytes": 8725604,
              "bits_per_second": 69802385.59871793,
              "jitter_ms": 0.016314372624029627,
              "lost_packets": 0,
              "packets": 6473,
              "lost_percent": 0,
              "omitted": false,
              "sender": false
            }
          ],
          "sum": {
            "start": 5.000096,
            "end": 6.000131,
            "seconds": 1.000035047531128,
            "bytes": 8725604,
            "bits_per_second": 69802385.59871793,
            "jitter_ms": 0.016314372624029627,
            "lost_packets": 0,
            "packets": 6473,
            "lost_percent": 0,
            "omitted": false,
            "sender": false
          }
        },
        {
          "streams": [
            {
              "socket": 10,
              "start": 6.000131,
              "end": 7.000142,
              "seconds": 1.0000109672546387,
              "bytes": 8735040,
              "bits_per_second": 69879553.6131415,
              "jitter_ms": 0.013141998414208341,
              "lost_packets": 48,
              "packets": 6528,
              "lost_percent": 0.735294117647059,
              "omitted": false,
              "sender": false
            }
          ],
          "sum": {
            "start": 6.000131,
            "end": 7.000142,
            "seconds": 1.0000109672546387,
            "bytes": 8735040,
            "bits_per_second": 69879553.6131415,
            "jitter_ms": 0.013141998414208341,
            "lost_packets": 48,
            "packets": 6528,
            "lost_percent": 0.735294117647059,
            "omitted": false,
            "sender": false
          }
        },
        {
          "streams": [
            {
              "socket": 10,
              "start": 7.000142,
              "end": 8.000066,
              "seconds": 0.9999240040779114,