{
  "udp": {
    "60": {
      "start": {
        "connected": [
          {
            "socket": 10,
            "local_host": "172.17.0.2",
            "local_port": 60663,
            "remote_host": "172.20.25.101",
            "remote_port": 32201
          }
        ],
        "version": "iperf 3.12",
        "system_info": "Linux b3128bd59c1a 6.8.0-59-generic #61~22.04.1-Ubuntu SMP PREEMPT_DYNAMIC Tue Apr 15 17:03:15 UTC 2 x86_64",
        "timestamp": {
          "time": "Fri, 30 May 2025 04:01:47 GMT",
          "timesecs": 1748577707
        },
        "connecting_to": {
          "host": "api-int.tenoran.automation.otic.open6g.net",
          "port": 32201
        },
        "cookie": "3ortypyq6rzim46npudquefhyfzscweo4tsw",
        "target_bitrate": 60000000,
        "sock_bufsize": 0,
        "sndbuf_actual": 212992,
        "rcvbuf_actual": 212992,
        "test_start": {
          "protocol": "UDP",
          "num_streams": 1,
          "blksize": 1348,
          "omit": 0,
          "duration": 10,
          "bytes": 0,
          "blocks": 0,
          "reverse": 1,
          "tos": 0,
          "target_bitrate": 60000000
        }
      },
      "intervals": [
        {
          "streams": [
            {
              "socket": 10,
              "start": 0,
              "end": 1.000191,
              "seconds": 1.0001909732818604,
              "bytes": 7039256,
              "bits_per_second": 56303295.574864514,
              "jitter_ms": 0.028388476127225587,
              "lost_packets": 0,
              "packets": 5222,
              "lost_percent": 0,
              "omitted": false,
              "sender": false
            }
          ],
          "sum": {
            "start": 0,
            "end": 1.000191,
            "seconds": 1.0001909732818604,
            "bytes": 7039256,
            "bits_per_second": 56303295.574864514,
            "jitter_ms": 0.028388476127225587,
            "lost_packets": 0,
            "packets": 5222,
            "lost_percent": 0,
            "omitted": false,
            "sender": false
          }
        },
        {
          "streams": [
            {
              "socket": 10,
              "start": 1.000191,
              "end": 2.000172,
              "seconds": 0.9999809861183167,
              "bytes": 7543408,
              "bits_per_second": 60348411.457555234,
              "jitter_ms": 0.08643781582062093,
              "lost_packets": 0,
              "packets": 5596,
              "lost_percent": 0,
              "omitted": false,
              "sender": false
            }
          ],
          "sum": {
            "start": 1.000191,
            "end": 2.000172,
            "seconds": 0.9999809861183167,
            "bytes": 7543408,
            "bits_per_second": 60348411.457555234,
            "jitter_ms": 0.08643781582062093,
            "lost_packets": 0,
            "packets": 5596,
            "lost_percent": 0,
            "omitted": false,
            "sender": false
          }
        },
        {
          "streams": [
            {
              "socket": 10,
              "start": 2.000172,
              "end": 3.000167,
              "seconds": 0.999994993209839,
              "bytes": 7420740,
              "bits_per_second": 59366217.23419235,
              "jitter_ms": 0.0896457051170126,
              "lost_packets": 0,
              "packets": 5505,
              "lost_percent": 0,
              "omitted": false,
              "sender": false
            }
          ],
          "sum": {
            "start": 2.000172,
            "end": 3.000167,
            "seconds": 0.999994993209839,
            "bytes": 7420740,
            "bits_per_second": 59366217.23419235,
            "jitter_ms": 0.0896457051170126,
            "lost_packets": 0,
            "packets": 5505,
            "lost_percent": 0,
            "omitted": false,
            "sender": false
          }
        },
        {
          "streams": [
            {
              "socket": 10,
              "start": 3.000167,
              "end": 4.00018,
              "seconds": 1.000012993812561,
              "bytes": 7513752,
              "bits_per_second": 60109234.95186785,
              "jitter_ms": 0.6009211435907698,
              "lost_packets": 0,
              "packets": 5574,
              "lost_percent": 0,
              "omitted": false,
              "sender": false
            }
          ],
          "sum": {
            "start": 3.000167,
            "end": 4.00018,
            "seconds": 1.000012993812561,
            "bytes": 7513752,
            "bits_per_second": 60109234.95186785,
            "jitter_ms": 0.6009211435907698,
            "lost_packets": 0,
            "packets": 5574,
            "lost_percent": 0,
            "omitted": false,
            "sender": false
          }
        },
        {
          "streams": [
            {
              "socket": 10,
              "start": 4.00018,
              "end": 5.0002,
              "seconds": 1.0000200271606445,
              "bytes": 7447700,
              "bits_per_second": 59580406.77362228,
              "jitter_ms": 0.2645449130039529,
              "lost_packets": 68,
              "packets": 5593,
              "lost_percent": 1.21580547112462,
              "omitted": false,
              "sender": false
            }
          ],
          "sum": {
            "start": 4.00018,
            "end": 5.0002,
            "seconds": 1.0000200271606445,
            "bytes": 7447700,
            "bits_per_second": 59580406.77362228,
            "jitter_ms": 0.2645449130039529,
            "lost_packets": 68,
            "packets": 5593,
            "lost_percent": 1.21580547112462,
            "omitted": false,
            "sender": false
          }
        },
        {
          "streams": [
            {
              "socket": 10,
              "start": 5.0002,
              "end": 6.000176,
              "seconds": 0.9999759793281555,
              "bytes": 7428828,
              "bits_per_second": 59432051.59780847,
              "jitter_ms": 0.06500807060588697,
              "lost_packets": 64,
              "packets": 5575,
              "lost_percent": 1.147982062780269,
              "omitted": false,
              "sender": false
            }
          ],
          "sum": {
            "start": 5.0002,
            "end": 6.000176,
            "seconds": 0.9999759793281555,
            "bytes": 7428828,
            "bits_per_second": 59432051.59780847,
            "jitter_ms": 0.06500807060588697,
            "lost_packets": 64,
            "packets": 5575,
            "lost_percent": 1.147982062780269,
            "omitted": false,
            "sender": false
          }
        },
        {
          "streams": [
            {
              "socket": 10,
              "start": 6.000176,
              "end": 7.000176,
              "seconds": 1,
              "bytes": 7536668,
              "bits_per_second": 60293344,
              "jitter_ms": 0.06514703653953696,
              "lost_packets": 0,
              "packets": 5591,
              "lost_percent": 0,
              "omitted": false,
              "sender": false
            }
          ],
          "sum": {
            "start": 6.000176,
            "end": 7.000176,
            "seconds": 1,
            "bytes": 7536668,
            "bits_per_second": 60293344,
            "jitter_ms": 0.06514703653953696,
            "lost_packets": 0,
            "packets": 5591,
            "lost_percent": 0,
            "omitted": false,
            "sender": false
          }
        },
        {
          "streams": [
            {
              "socket": 10,
              "start": 7.000176,
              "end": 8.000174,
              "seconds": 0.9999979734420776,
              "bytes": 7500272,
              "bits_per_second": 60002297.59813156,
              "jitter_ms": 0.06489772578208035,
              "lost_packets": 0,