{
  "udp": {
    "20": {
      "start": {
        "connected": [
          {
            "socket": 10,
            "local_host": "172.17.0.2",
            "local_port": 55730,
            "remote_host": "10.100.1.103",
            "remote_port": 32201
          }
        ],
        "version": "iperf 3.12",
        "system_info": "Linux ec1fab531e47 6.8.0-52-generic #53~22.04.1-Ubuntu SMP PREEMPT_DYNAMIC Wed Jan 15 19:18:46 UTC 2 x86_64",
        "timestamp": {
          "time": "Tue, 18 Feb 2025 04:31:43 GMT",
          "timesecs": 1739853103
        },
        "connecting_to": {
          "host": "api-int.edge.open5g.info",
          "port": 32201
        },
        "cookie": "56rmtairbxdwshhq2mbmm4h3ekey36e7necs",
        "target_bitrate": 20000000,
        "sock_bufsize": 0,
        "sndbuf_actual": 212992,
        "rcvbuf_actual": 212992,
        "test_start": {
          "protocol": "UDP",
          "num_streams": 1,
          "blksize": 1398,
          "omit": 0,
          "duration": 10,
          "bytes": 0,
          "blocks": 0,
          "reverse": 1,
          "tos": 0,
          "target_bitrate": 20000000
        }
      },
      "intervals": [
        {
          "streams": [
            {
              "socket": 10,
              "start": 0,
              "end": 1.00001,
              "seconds": 1.0000100135803223,
              "bytes": 2470266,
              "bits_per_second": 19761930.1123255,
              "jitter_ms": 0.23489212012621988,
              "lost_packets": 0,
              "packets": 1767,
              "lost_percent": 0,
              "omitted": false,
              "sender": false
            }
          ],
          "sum": {
            "start": 0,
            "end": 1.00001,
            "seconds": 1.0000100135803223,
            "bytes": 2470266,
            "bits_per_second": 19761930.1123255,
            "jitter_ms": 0.23489212012621988,
            "lost_packets": 0,
            "packets": 1767,
            "lost_percent": 0,
            "omitted": false,
            "sender": false
          }
        },
        {
          "streams": [
            {
              "socket": 10,
              "start": 1.00001,
              "end": 2.000072,
              "seconds": 1.0000619888305664,
              "bytes": 2477256,
              "bits_per_second": 19816819.57852878,
              "jitter_ms": 0.3916249016449481,
              "lost_packets": 0,
              "packets": 1772,
              "lost_percent": 0,
              "omitted": false,
              "sender": false
            }
          ],
          "sum": {
            "start": 1.00001,
            "end": 2.000072,
            "seconds": 1.0000619888305664,
            "bytes": 2477256,
            "bits_per_second": 19816819.57852878,
            "jitter_ms": 0.3916249016449481,
            "lost_packets": 0,
            "packets": 1772,
            "lost_percent": 0,
            "omitted": false,
            "sender": false
          }
        },
        {
          "streams": [
            {
              "socket": 10,
              "start": 2.000072,
              "end": 3.000669,
              "seconds": 1.00059700012207,
              "bytes": 2394774,
              "bits_per_second": 19146761.381118223,
              "jitter_ms": 0.4188288930589637,
              "lost_packets": 35,
              "packets": 1748,
              "lost_percent": 2.002288329519451,
              "omitted": false,
              "sender": false
            }
          ],
          "sum": {
            "start": 2.000072,
            "end": 3.000669,
            "seconds": 1.00059700012207,
            "bytes": 2394774,
            "bits_per_second": 19146761.381118223,
            "jitter_ms": 0.4188288930589637,
            "lost_packets": 35,
            "packets": 1748,
            "lost_percent": 2.002288329519451,
            "omitted": false,
            "sender": false
          }
        },
        {
          "streams": [
            {
              "socket": 10,
              "start": 3.000669,
              "end": 4.000191,
              "seconds": 0.9995219707489014,
              "bytes": 2607270,
              "bits_per_second": 20868135.57922276,
              "jitter_ms": 0.1992189030081409,
              "lost_packets": 0,
              "packets": 1865,
              "lost_percent": 0,
              "omitted": false,
              "sender": false
            }
          ],
          "sum": {
            "start": 3.000669,
            "end": 4.000191,
            "seconds": 0.9995219707489014,
            "bytes": 2607270,
            "bits_per_second": 20868135.57922276,
            "jitter_ms": 0.1992189030081409,
            "lost_packets": 0,
            "packets": 1865,
            "lost_percent": 0,
            "omitted": false,
            "sender": false
          }
        },
        {
          "streams": [
            {
              "socket": 10,
              "start": 4.000191,
              "end": 5.000179,
              "seconds": 0.9999880194664,
              "bytes": 2393376,
              "bits_per_second": 19147237.394120943,
              "jitter_ms": 0.3989215759102263,
              "lost_packets": 0,
              "packets": 1712,
              "lost_percent": 0,
              "omitted": false,
              "sender": false
            }
          ],
          "sum": {
            "start": 4.000191,
            "end": 5.000179,
            "seconds": 0.9999880194664,
            "bytes": 2393376,
            "bits_per_second": 19147237.394120943,
            "jitter_ms": 0.3989215759102263,
            "lost_packets": 0,
            "packets": 1712,
            "lost_percent": 0,
            "omitted": false,
            "sender": false
          }
        },
        {
          "streams": [
            {
              "socket": 10,
              "start": 5.000179,
              "end": 6.000188,
              "seconds": 1.0000089406967163,
              "bytes": 2607270,
              "bits_per_second": 20857973.515184686,
              "jitter_ms": 0.19974839038049041,
              "lost_packets": 0,
              "packets": 1865,
              "lost_percent": 0,
              "omitted": false,
              "sender": false
            }
          ],
          "sum": {
            "start": 5.000179,
            "end": 6.000188,
            "seconds": 1.0000089406967163,
            "bytes": 2607270,
            "bits_per_second": 20857973.515184686,
            "jitter_ms": 0.19974839038049041,
            "lost_packets": 0,
            "packets": 1865,
            "lost_percent": 0,
            "omitted": false,
            "sender": false
          }
        },
        {
          "streams": [
            {
              "socket": 10,
              "start": 6.000188,
              "end": 7.000086,
              "seconds": 0.9998980164527893,
              "bytes": 2501022,
              "bits_per_second": 20010216.712880835,
              "jitter_ms": 0.1173141122027192,
              "lost_packets": 0,
              "packets": 1789,
              "lost_percent": 0,
              "omitted": false,
              "sender": false
            }
          ],
          "sum": {
            "start": 6.000188,
            "end": 7.000086,
            "seconds": 0.9998980164527893,
            "bytes": 2501022,
            "bits_per_second": 20010216.712880835,
            "jitter_ms": 0.1173141122027192,
            "lost_packets": 0,
            "packets": 1789,
            "lost_percent": 0,
            "omitted": false,
            "sender": false
          }
        },
        {
          "streams": [
            {
              "socket": 10,
              "start": 7.000086,
              "end": 8.000152,
              "seconds": 1.0000660419464111,
              "bytes": 2403162,
              "bits_per_second": 19224026.407878164,
              "jitter_ms": 0.3674279663701711,
              "lost_packets": 0,