{
  "udp": {
    "30": {
      "start": {
        "connected": [
          {
            "socket": 9,
            "local_host": "172.17.0.2",
            "local_port": 38101,
            "remote_host": "10.100.1.103",
            "remote_port": 32201
          }
        ],
        "version": "iperf 3.12",
        "system_info": "Linux 8e8a84f42ae6 6.5.0-27-generic #28~22.04.1-Ubuntu SMP PREEMPT_DYNAMIC Fri Mar 15 10:51:06 UTC 2 x86_64",
        "timestamp": {
          "time": "Thu, 09 May 2024 16:01:34 GMT",
          "timesecs": 1715270494
        },
        "connecting_to": {
          "host": "api-int.edge.open5g.info",
          "port": 32201
        },
        "cookie": "5a7whdeb4a6qqh2jklqffrzxvuurps2qpxtj",
        "target_bitrate": 30000000,
        "sock_bufsize": 0,
        "sndbuf_actual": 212992,
        "rcvbuf_actual": 212992,
        "test_start": {
          "protocol": "UDP",
          "num_streams": 1,
          "blksize": 1398,
          "omit": 0,
          "duration": 10,
          "bytes": 0,
          "blocks": 0,
          "reverse": 1,
          "tos": 0,
          "target_bitrate": 30000000
        }
      },
      "intervals": [
        {
          "streams": [
            {
              "socket": 9,
              "start": 0,
              "end": 1.00026,
              "seconds": 1.00025999546051,
              "bytes": 3522960,
              "bits_per_second": 28176354.275794566,
              "jitter_ms": 0.2311553788481403,
              "lost_packets": 166,
              "packets": 2686,
              "lost_percent": 6.180193596425912,
              "omitted": false,
              "sender": false
            }
          ],
          "sum": {
            "start": 0,
            "end": 1.00026,
            "seconds": 1.00025999546051,
            "bytes": 3522960,
            "bits_per_second": 28176354.275794566,
            "jitter_ms": 0.2311553788481403,
            "lost_packets": 166,
            "packets": 2686,
            "lost_percent": 6.180193596425912,
            "omitted": false,
            "sender": false
          }
        },
        {
          "streams": [
            {
              "socket": 9,
              "start": 1.00026,
              "end": 2.000279,
              "seconds": 1.0000189542770386,
              "bytes": 3752232,
              "bits_per_second": 30017287.04402542,
              "jitter_ms": 0.03523721517566021,
              "lost_packets": 0,
              "packets": 2684,
              "lost_percent": 0,
              "omitted": false,
              "sender": false
            }
          ],
          "sum": {
            "start": 1.00026,
            "end": 2.000279,
            "seconds": 1.0000189542770386,
            "bytes": 3752232,
            "bits_per_second": 30017287.04402542,
            "jitter_ms": 0.03523721517566021,
            "lost_packets": 0,
            "packets": 2684,
            "lost_percent": 0,
            "omitted": false,
            "sender": false
          }
        },
        {
          "streams": [
            {
              "socket": 9,
              "start": 2.000279,
              "end": 3.000284,
              "seconds": 1.0000050067901611,
              "bytes": 3748038,
              "bits_per_second": 29984153.875633385,
              "jitter_ms": 0.016374018345057428,
              "lost_packets": 0,
              "packets": 2681,
              "lost_percent": 0,
              "omitted": false,
              "sender": false
            }
          ],
          "sum": {
            "start": 2.000279,
            "end": 3.000284,
            "seconds": 1.0000050067901611,
            "bytes": 3748038,
            "bits_per_second": 29984153.875633385,
            "jitter_ms": 0.016374018345057428,
            "lost_packets": 0,
            "packets": 2681,
            "lost_percent": 0,
            "omitted": false,
            "sender": false
          }
        },
        {
          "streams": [
            {
              "socket": 9,
              "start": 3.000284,
              "end": 4.000121,
              "seconds": 0.9998369812965393,
              "bytes": 3743844,
              "bits_per_second": 29955635.32883265,
              "jitter_ms": 0.01994586443064604,
              "lost_packets": 5,
              "packets": 2683,
              "lost_percent": 0.18635855385762207,
              "omitted": false,
              "sender": false
            }
          ],
          "sum": {
            "start": 3.000284,
            "end": 4.000121,
            "seconds": 0.9998369812965393,
            "bytes": 3743844,
            "bits_per_second": 29955635.32883265,
            "jitter_ms": 0.01994586443064604,
            "lost_packets": 5,
            "packets": 2683,
            "lost_percent": 0.18635855385762207,
            "omitted": false,
            "sender": false
          }
        },
        {
          "streams": [
            {
              "socket": 9,
              "start": 4.000121,
              "end": 5.000262,
              "seconds": 1.0001410245895386,
              "bytes": 3750834,
              "bits_per_second": 30002440.91808437,
              "jitter_ms": 0.025182989439369727,
              "lost_packets": 0,
              "packets": 2683,
              "lost_percent": 0,
              "omitted": false,
              "sender": false
            }
          ],
          "sum": {
            "start": 4.000121,
            "end": 5.000262,
            "seconds": 1.0001410245895386,
            "bytes": 3750834,
            "bits_per_second": 30002440.91808437,
            "jitter_ms": 0.025182989439369727,
            "lost_packets": 0,
            "packets": 2683,
            "lost_percent": 0,
            "omitted": false,
            "sender": false
          }
        },
        {
          "streams": [
            {
              "socket": 9,
              "start": 5.000262,
              "end": 6.00028,
              "seconds": 1.0000180006027222,
              "bytes": 3748038,
              "bits_per_second": 29983764.274171185,
              "jitter_ms": 0.022992249452349827,
              "lost_packets": 0,
              "packets": 2681,
              "lost_percent": 0,
              "omitted": false,
              "sender": false
            }
          ],
          "sum": {
            "start": 5.000262,
            "end": 6.00028,
            "seconds": 1.0000180006027222,
            "bytes": 3748038,
            "bits_per_second": 29983764.274171185,
            "jitter_ms": 0.022992249452349827,
            "lost_packets": 0,
            "packets": 2681,
            "lost_percent": 0,
            "omitted": false,
            "sender": false
          }
        },
        {
          "streams": [
            {
              "socket": 9,
              "start": 6.00028,
              "end": 7.000174,
              "seconds": 0.9998940229415894,
              "bytes": 3623616,
              "bits_per_second": 28992000.486929044,
              "jitter_ms": 0.17275235065528063,
              "lost_packets": 0,
              "packets": 2592,
              "lost_percent": 0,
              "omitted": false,
              "sender": false
            }
          ],
          "sum": {
            "start": 6.00028,
            "end": 7.000174,
            "seconds": 0.9998940229415894,
            "bytes": 3623616,
            "bits_per_second": 28992000.486929044,
            "jitter_ms": 0.17275235065528063,
            "lost_packets": 0,
            "packets": 2592,
            "lost_percent": 0,
            "omitted": false,
            "sender": false
          }
        },
        {
          "streams": [
            {
              "socket": 9,
              "start": 7.000174,
              "end": 8.000287,
              "seconds": 1.0001130104064941,
              "bytes": 3876654,
              "bits_per_second": 31009727.578081127,
              "jitter_ms": 0.02949477541529378,