{
  "udp": {
    "60": {
      "start": {
        "connected": [
          {
            "socket": 10,
            "local_host": "172.17.0.2",
            "local_port": 40718,
            "remote_host": "172.20.25.101",
            "remote_port": 32201
          }
        ],
        "version": "iperf 3.12",
        "system_info": "Linux 16ca74877c1f 6.8.0-59-generic #61~22.04.1-Ubuntu SMP PREEMPT_DYNAMIC Tue Apr 15 17:03:15 UTC 2 x86_64",
        "timestamp": {
          "time": "Sat, 17 May 2025 04:01:45 GMT",
          "timesecs": 1747454505
        },
        "connecting_to": {
          "host": "api-int.tenoran.automation.otic.open6g.net",
          "port": 32201
        },
        "cookie": "eb3twyhyc23qjmrie3ntzuaay7urkqglpmhx",
        "target_bitrate": 60000000,
        "sock_bufsize": 0,
        "sndbuf_actual": 212992,
        "rcvbuf_actual": 212992,
        "test_start": {
          "protocol": "UDP",
          "num_streams": 1,
          "blksize": 1348,
          "omit": 0,
          "duration": 10,
          "bytes": 0,
          "blocks": 0,
          "reverse": 1,
          "tos": 0,
          "target_bitrate": 60000000
        }
      },
      "intervals": [
        {
          "streams": [
            {
              "socket": 10,
              "start": 0,
              "end": 1.000118,
              "seconds": 1.0001180171966553,
              "bytes": 7029820,
              "bits_per_second": 56231923.6660064,
              "jitter_ms": 0.013044534593860659,
              "lost_packets": 72,
              "packets": 5287,
              "lost_percent": 1.361830905995839,
              "omitted": false,
              "sender": false
            }
          ],
          "sum": {
            "start": 0,
            "end": 1.000118,
            "seconds": 1.0001180171966553,
            "bytes": 7029820,
            "bits_per_second": 56231923.6660064,
            "jitter_ms": 0.013044534593860659,
            "lost_packets": 72,
            "packets": 5287,
            "lost_percent": 1.361830905995839,
            "omitted": false,
            "sender": false
          }
        },
        {
          "streams": [
            {
              "socket": 10,
              "start": 1.000118,
              "end": 2.000148,
              "seconds": 1.0000300407409668,
              "bytes": 7447700,
              "bits_per_second": 59579810.17835558,
              "jitter_ms": 0.0596743943060291,
              "lost_packets": 0,
              "packets": 5525,
              "lost_percent": 0,
              "omitted": false,
              "sender": false
            }
          ],
          "sum": {
            "start": 1.000118,
            "end": 2.000148,
            "seconds": 1.0000300407409668,
            "bytes": 7447700,
            "bits_per_second": 59579810.17835558,
            "jitter_ms": 0.0596743943060291,
            "lost_packets": 0,
            "packets": 5525,
            "lost_percent": 0,
            "omitted": false,
            "sender": false
          }
        },
        {
          "streams": [
            {
              "socket": 10,
              "start": 2.000148,
              "end": 3.000139,
              "seconds": 0.999990999698639,
              "bytes": 7511056,
              "bits_per_second": 60088988.81900785,
              "jitter_ms": 0.03499407918676646,
              "lost_packets": 29,
              "packets": 5601,
              "lost_percent": 0.5177646848777004,
              "omitted": false,
              "sender": false
            }
          ],
          "sum": {
            "start": 2.000148,
            "end": 3.000139,
            "seconds": 0.999990999698639,
            "bytes": 7511056,
            "bits_per_second": 60088988.81900785,
            "jitter_ms": 0.03499407918676646,
            "lost_packets": 29,
            "packets": 5601,
            "lost_percent": 0.5177646848777004,
            "omitted": false,
            "sender": false
          }
        },
        {
          "streams": [
            {
              "socket": 10,
              "start": 3.000139,
              "end": 4.000085,
              "seconds": 0.9999459981918335,
              "bytes": 7498924,
              "bits_per_second": 59994631.81859849,
              "jitter_ms": 0.04035899775550683,
              "lost_packets": 2,
              "packets": 5565,
              "lost_percent": 0.03593890386343217,
              "omitted": false,
              "sender": false
            }
          ],
          "sum": {
            "start": 3.000139,
            "end": 4.000085,
            "seconds": 0.9999459981918335,
            "bytes": 7498924,
            "bits_per_second": 59994631.81859849,
            "jitter_ms": 0.04035899775550683,
            "lost_packets": 2,
            "packets": 5565,
            "lost_percent": 0.03593890386343217,
            "omitted": false,
            "sender": false
          }
        },
        {
          "streams": [
            {
              "socket": 10,
              "start": 4.000085,
              "end": 5.000078,
              "seconds": 0.9999930262565613,
              "bytes": 7488140,
              "bits_per_second": 59905537.76585094,
              "jitter_ms": 0.04333370931934852,
              "lost_packets": 23,
              "packets": 5578,
              "lost_percent": 0.4123341699533883,
              "omitted": false,
              "sender": false
            }
          ],
          "sum": {
            "start": 4.000085,
            "end": 5.000078,
            "seconds": 0.9999930262565613,
            "bytes": 7488140,
            "bits_per_second": 59905537.76585094,
            "jitter_ms": 0.04333370931934852,
            "lost_packets": 23,
            "packets": 5578,
            "lost_percent": 0.4123341699533883,
            "omitted": false,
            "sender": false
          }
        },
        {
          "streams": [
            {
              "socket": 10,
              "start": 5.000078,
              "end": 6.000078,
              "seconds": 1,
              "bytes": 7249544,
              "bits_per_second": 57996352,
              "jitter_ms": 0.052241085567391314,
              "lost_packets": 160,
              "packets": 5538,
              "lost_percent": 2.88912964969303,
              "omitted": false,
              "sender": false
            }
          ],
          "sum": {
            "start": 5.000078,
            "end": 6.000078,
            "seconds": 1,
            "bytes": 7249544,
            "bits_per_second": 57996352,
            "jitter_ms": 0.052241085567391314,
            "lost_packets": 160,
            "packets": 5538,
            "lost_percent": 2.88912964969303,
            "omitted": false,
            "sender": false
          }
        },
        {
          "streams": [
            {
              "socket": 10,
              "start": 6.000078,
              "end": 7.000085,
              "seconds": 1.0000070333480835,
              "bytes": 7508360,
              "bits_per_second": 60066457.53169604,
              "jitter_ms": 0.03717461553380187,
              "lost_packets": 10,
              "packets": 5580,
              "lost_percent": 0.17921146953405018,
              "omitted": false,
              "sender": false
            }
          ],
          "sum": {
            "start": 6.000078,
            "end": 7.000085,
            "seconds": 1.0000070333480835,
            "bytes": 7508360,
            "bits_per_second": 60066457.53169604,
            "jitter_ms": 0.03717461553380187,
            "lost_packets": 10,
            "packets": 5580,
            "lost_percent": 0.17921146953405018,
            "omitted": false,
            "sender": false
          }
        },
        {
          "streams": [
            {
              "socket": 10,
              "start": 7.000085,
              "end": 8.000013,
              "seconds": 0.9999279975891113,