{
  "udp": {
    "10": {
      "start": {
        "connected": [
          {
            "socket": 10,
            "local_host": "172.17.0.2",
            "local_port": 36746,
            "remote_host": "10.100.1.101",
            "remote_port": 32201
          }
        ],
        "version": "iperf 3.12",
        "system_info": "Linux 6a546c16a46b 6.8.0-51-generic #52~22.04.1-Ubuntu SMP PREEMPT_DYNAMIC Mon Dec  9 15:00:52 UTC 2 x86_64",
        "timestamp": {
          "time": "Fri, 24 Jan 2025 05:00:40 GMT",
          "timesecs": 1737694840
        },
        "connecting_to": {
          "host": "api-int.edge.open5g.info",
          "port": 32201
        },
        "cookie": "vt3eyb34yoh5yqhuy4os4tc57wshujyawgi5",
        "target_bitrate": 10000000,
        "sock_bufsize": 0,
        "sndbuf_actual": 212992,
        "rcvbuf_actual": 212992,
        "test_start": {
          "protocol": "UDP",
          "num_streams": 1,
          "blksize": 1398,
          "omit": 0,
          "duration": 10,
          "bytes": 0,
          "blocks": 0,
          "reverse": 1,
          "tos": 0,
          "target_bitrate": 10000000
        }
      },
      "intervals": [
        {
          "streams": [
            {
              "socket": 10,
              "start": 0,
              "end": 1.000019,
              "seconds": 1.0000189542770386,
              "bytes": 1249812,
              "bits_per_second": 9998306.489328885,
              "jitter_ms": 0.9319504606764876,
              "lost_packets": 0,
              "packets": 894,
              "lost_percent": 0,
              "omitted": false,
              "sender": false
            }
          ],
          "sum": {
            "start": 0,
            "end": 1.000019,
            "seconds": 1.0000189542770386,
            "bytes": 1249812,
            "bits_per_second": 9998306.489328885,
            "jitter_ms": 0.9319504606764876,
            "lost_packets": 0,
            "packets": 894,
            "lost_percent": 0,
            "omitted": false,
            "sender": false
          }
        },
        {
          "streams": [
            {
              "socket": 10,
              "start": 1.000019,
              "end": 2.000299,
              "seconds": 1.0002800226211548,
              "bytes": 1251210,
              "bits_per_second": 10006877.847835474,
              "jitter_ms": 0.1792429448637757,
              "lost_packets": 0,
              "packets": 895,
              "lost_percent": 0,
              "omitted": false,
              "sender": false
            }
          ],
          "sum": {
            "start": 1.000019,
            "end": 2.000299,
            "seconds": 1.0002800226211548,
            "bytes": 1251210,
            "bits_per_second": 10006877.847835474,
            "jitter_ms": 0.1792429448637757,
            "lost_packets": 0,
            "packets": 895,
            "lost_percent": 0,
            "omitted": false,
            "sender": false
          }
        },
        {
          "streams": [
            {
              "socket": 10,
              "start": 2.000299,
              "end": 3.000158,
              "seconds": 0.9998589754104614,
              "bytes": 1249812,
              "bits_per_second": 9999906.232671887,
              "jitter_ms": 0.3492181498162083,
              "lost_packets": 0,
              "packets": 894,
              "lost_percent": 0,
              "omitted": false,
              "sender": false
            }
          ],
          "sum": {
            "start": 2.000299,
            "end": 3.000158,
            "seconds": 0.9998589754104614,
            "bytes": 1249812,
            "bits_per_second": 9999906.232671887,
            "jitter_ms": 0.3492181498162083,
            "lost_packets": 0,
            "packets": 894,
            "lost_percent": 0,
            "omitted": false,
            "sender": false
          }
        },
        {
          "streams": [
            {
              "socket": 10,
              "start": 3.000158,
              "end": 4.000132,
              "seconds": 0.999974012374878,
              "bytes": 1251210,
              "bits_per_second": 10009940.134571712,
              "jitter_ms": 0.5980545346008206,
              "lost_packets": 0,
              "packets": 895,
              "lost_percent": 0,
              "omitted": false,
              "sender": false
            }
          ],
          "sum": {
            "start": 3.000158,
            "end": 4.000132,
            "seconds": 0.999974012374878,
            "bytes": 1251210,
            "bits_per_second": 10009940.134571712,
            "jitter_ms": 0.5980545346008206,
            "lost_packets": 0,
            "packets": 895,
            "lost_percent": 0,
            "omitted": false,
            "sender": false
          }
        },
        {
          "streams": [
            {
              "socket": 10,
              "start": 4.000132,
              "end": 5.000292,
              "seconds": 1.0001599788665771,
              "bytes": 1249812,
              "bits_per_second": 9996896.7077954,
              "jitter_ms": 0.19926739730790552,
              "lost_packets": 0,
              "packets": 894,
              "lost_percent": 0,
              "omitted": false,
              "sender": false
            }
          ],
          "sum": {
            "start": 4.000132,
            "end": 5.000292,
            "seconds": 1.0001599788665771,
            "bytes": 1249812,
            "bits_per_second": 9996896.7077954,
            "jitter_ms": 0.19926739730790552,
            "lost_packets": 0,
            "packets": 894,
            "lost_percent": 0,
            "omitted": false,
            "sender": false
          }
        },
        {
          "streams": [
            {
              "socket": 10,
              "start": 5.000292,
              "end": 6.000128,
              "seconds": 0.999836027622223,
              "bytes": 1251210,
              "bits_per_second": 10011321.5802042,
              "jitter_ms": 0.5639494601890067,
              "lost_packets": 0,
              "packets": 895,
              "lost_percent": 0,
              "omitted": false,
              "sender": false
            }
          ],
          "sum": {
            "start": 5.000292,
            "end": 6.000128,
            "seconds": 0.999836027622223,
            "bytes": 1251210,
            "bits_per_second": 10011321.5802042,
            "jitter_ms": 0.5639494601890067,
            "lost_packets": 0,
            "packets": 895,
            "lost_percent": 0,
            "omitted": false,
            "sender": false
          }
        },
        {
          "streams": [
            {
              "socket": 10,
              "start": 6.000128,
              "end": 7.000149,
              "seconds": 1.000020980834961,
              "bytes": 1248414,
              "bits_per_second": 9987102.4622515,
              "jitter_ms": 0.3456827591313751,
              "lost_packets": 0,
              "packets": 893,
              "lost_percent": 0,
              "omitted": false,
              "sender": false
            }
          ],
          "sum": {
            "start": 6.000128,
            "end": 7.000149,
            "seconds": 1.000020980834961,
            "bytes": 1248414,
            "bits_per_second": 9987102.4622515,
            "jitter_ms": 0.3456827591313751,
            "lost_packets": 0,
            "packets": 893,
            "lost_percent": 0,
            "omitted": false,
            "sender": false
          }
        },
        {
          "streams": [
            {
              "socket": 10,
              "start": 7.000149,
              "end": 8.000127,
              "seconds": 0.999978005886078,
              "bytes": 1249812,
              "bits_per_second": 9998715.91289686,
              "jitter_ms": 0.3454792457816535,
              "lost_packets": 0,
              "packets": 894,
              "lost_percent": 0,