{
  "udp": {
    "20": {
      "start": {
        "connected": [
          {
            "socket": 10,
            "local_host": "172.17.0.2",
            "local_port": 42239,
            "remote_host": "172.20.25.101",
            "remote_port": 32201
          }
        ],
        "version": "iperf 3.12",
        "system_info": "Linux a2e27fabc8d5 6.8.0-59-generic #61~22.04.1-Ubuntu SMP PREEMPT_DYNAMIC Tue Apr 15 17:03:15 UTC 2 x86_64",
        "timestamp": {
          "time": "Thu, 22 May 2025 05:30:57 GMT",
          "timesecs": 1747891857
        },
        "connecting_to": {
          "host": "api-int.tenoran.automation.otic.open6g.net",
          "port": 32201
        },
        "cookie": "jvligy3vu2qjjdrcrvbwnapswryai7fl7nrv",
        "target_bitrate": 20000000,
        "sock_bufsize": 0,
        "sndbuf_actual": 212992,
        "rcvbuf_actual": 212992,
        "test_start": {
          "protocol": "UDP",
          "num_streams": 1,
          "blksize": 1348,
          "omit": 0,
          "duration": 10,
          "bytes": 0,
          "blocks": 0,
          "reverse": 1,
          "tos": 0,
          "target_bitrate": 20000000
        }
      },
      "intervals": [
        {
          "streams": [
            {
              "socket": 10,
              "start": 0,
              "end": 1.000216,
              "seconds": 1.000216007232666,
              "bytes": 2503236,
              "bits_per_second": 20021563.197540052,
              "jitter_ms": 0.7197717842200235,
              "lost_packets": 0,
              "packets": 1857,
              "lost_percent": 0,
              "omitted": false,
              "sender": false
            }
          ],
          "sum": {
            "start": 0,
            "end": 1.000216,
            "seconds": 1.000216007232666,
            "bytes": 2503236,
            "bits_per_second": 20021563.197540052,
            "jitter_ms": 0.7197717842200235,
            "lost_packets": 0,
            "packets": 1857,
            "lost_percent": 0,
            "omitted": false,
            "sender": false
          }
        },
        {
          "streams": [
            {
              "socket": 10,
              "start": 1.000216,
              "end": 2.000284,
              "seconds": 1.000067949295044,
              "bytes": 2499192,
              "bits_per_second": 19992177.545629382,
              "jitter_ms": 0.16257319180932953,
              "lost_packets": 0,
              "packets": 1854,
              "lost_percent": 0,
              "omitted": false,
              "sender": false
            }
          ],
          "sum": {
            "start": 1.000216,
            "end": 2.000284,
            "seconds": 1.000067949295044,
            "bytes": 2499192,
            "bits_per_second": 19992177.545629382,
            "jitter_ms": 0.16257319180932953,
            "lost_packets": 0,
            "packets": 1854,
            "lost_percent": 0,
            "omitted": false,
            "sender": false
          }
        },
        {
          "streams": [
            {
              "socket": 10,
              "start": 2.000284,
              "end": 3.000213,
              "seconds": 0.9999290108680725,
              "bytes": 2500540,
              "bits_per_second": 20005740.190129664,
              "jitter_ms": 0.2957202654435616,
              "lost_packets": 0,
              "packets": 1855,
              "lost_percent": 0,
              "omitted": false,
              "sender": false
            }
          ],
          "sum": {
            "start": 2.000284,
            "end": 3.000213,
            "seconds": 0.9999290108680725,
            "bytes": 2500540,
            "bits_per_second": 20005740.190129664,
            "jitter_ms": 0.2957202654435616,
            "lost_packets": 0,
            "packets": 1855,
            "lost_percent": 0,
            "omitted": false,
            "sender": false
          }
        },
        {
          "streams": [
            {
              "socket": 10,
              "start": 3.000213,
              "end": 4.00028,
              "seconds": 1.0000669956207275,
              "bytes": 2500540,
              "bits_per_second": 20002979.887946006,
              "jitter_ms": 0.25905957102037724,
              "lost_packets": 0,
              "packets": 1855,
              "lost_percent": 0,
              "omitted": false,
              "sender": false
            }
          ],
          "sum": {
            "start": 3.000213,
            "end": 4.00028,
            "seconds": 1.0000669956207275,
            "bytes": 2500540,
            "bits_per_second": 20002979.887946006,
            "jitter_ms": 0.25905957102037724,
            "lost_packets": 0,
            "packets": 1855,
            "lost_percent": 0,
            "omitted": false,
            "sender": false
          }
        },
        {
          "streams": [
            {
              "socket": 10,
              "start": 4.00028,
              "end": 5.000277,
              "seconds": 0.9999970197677612,
              "bytes": 2499192,
              "bits_per_second": 19993595.58555813,
              "jitter_ms": 0.7472277933990168,
              "lost_packets": 0,
              "packets": 1854,
              "lost_percent": 0,
              "omitted": false,
              "sender": false
            }
          ],
          "sum": {
            "start": 4.00028,
            "end": 5.000277,
            "seconds": 0.9999970197677612,
            "bytes": 2499192,
            "bits_per_second": 19993595.58555813,
            "jitter_ms": 0.7472277933990168,
            "lost_packets": 0,
            "packets": 1854,
            "lost_percent": 0,
            "omitted": false,
            "sender": false
          }
        },
        {
          "streams": [
            {
              "socket": 10,
              "start": 5.000277,
              "end": 6.000281,
              "seconds": 1.0000040531158447,
              "bytes": 2500540,
              "bits_per_second": 20004238.920502268,
              "jitter_ms": 0.2022975223093597,
              "lost_packets": 0,
              "packets": 1855,
              "lost_percent": 0,
              "omitted": false,
              "sender": false
            }
          ],
          "sum": {
            "start": 5.000277,
            "end": 6.000281,
            "seconds": 1.0000040531158447,
            "bytes": 2500540,
            "bits_per_second": 20004238.920502268,
            "jitter_ms": 0.2022975223093597,
            "lost_packets": 0,
            "packets": 1855,
            "lost_percent": 0,
            "omitted": false,
            "sender": false
          }
        },
        {
          "streams": [
            {
              "socket": 10,
              "start": 6.000281,
              "end": 7.000279,
              "seconds": 0.9999979734420776,
              "bytes": 2499192,
              "bits_per_second": 19993576.51814089,
              "jitter_ms": 0.2623749393146677,
              "lost_packets": 0,
              "packets": 1854,
              "lost_percent": 0,
              "omitted": false,
              "sender": false
            }
          ],
          "sum": {
            "start": 6.000281,
            "end": 7.000279,
            "seconds": 0.9999979734420776,
            "bytes": 2499192,
            "bits_per_second": 19993576.51814089,
            "jitter_ms": 0.2623749393146677,
            "lost_packets": 0,
            "packets": 1854,
            "lost_percent": 0,
            "omitted": false,
            "sender": false
          }
        },
        {
          "streams": [
            {
              "socket": 10,
              "start": 7.000279,
              "end": 8.000281,
              "seconds": 1.0000020265579224,
              "bytes": 2500540,
              "bits_per_second": 20004279.46016898,
              "jitter_ms": 0.2742346423819909,
              "lost_packets": 0,