{
  "udp": {
    "20": {
      "start": {
        "connected": [
          {
            "socket": 10,
            "local_host": "172.17.0.2",
            "local_port": 44276,
            "remote_host": "10.100.1.103",
            "remote_port": 32201
          }
        ],
        "version": "iperf 3.12",
        "system_info": "Linux 72ad6bc69437 6.5.0-27-generic #28~22.04.1-Ubuntu SMP PREEMPT_DYNAMIC Fri Mar 15 10:51:06 UTC 2 x86_64",
        "timestamp": {
          "time": "Sun, 07 Jul 2024 16:01:12 GMT",
          "timesecs": 1720368072
        },
        "connecting_to": {
          "host": "api-int.edge.open5g.info",
          "port": 32201
        },
        "cookie": "bfjnvatcp7os5jmi4midtznxajgnrxxv2xxk",
        "target_bitrate": 20000000,
        "sock_bufsize": 0,
        "sndbuf_actual": 212992,
        "rcvbuf_actual": 212992,
        "test_start": {
          "protocol": "UDP",
          "num_streams": 1,
          "blksize": 1398,
          "omit": 0,
          "duration": 10,
          "bytes": 0,
          "blocks": 0,
          "reverse": 1,
          "tos": 0,
          "target_bitrate": 20000000
        }
      },
      "intervals": [
        {
          "streams": [
            {
              "socket": 10,
              "start": 0,
              "end": 1.000314,
              "seconds": 1.0003139972686768,
              "bytes": 2502420,
              "bits_per_second": 20013075.94881425,
              "jitter_ms": 0.03655582506718884,
              "lost_packets": 0,
              "packets": 1790,
              "lost_percent": 0,
              "omitted": false,
              "sender": false
            }
          ],
          "sum": {
            "start": 0,
            "end": 1.000314,
            "seconds": 1.0003139972686768,
            "bytes": 2502420,
            "bits_per_second": 20013075.94881425,
            "jitter_ms": 0.03655582506718884,
            "lost_packets": 0,
            "packets": 1790,
            "lost_percent": 0,
            "omitted": false,
            "sender": false
          }
        },
        {
          "streams": [
            {
              "socket": 10,
              "start": 1.000314,
              "end": 2.000132,
              "seconds": 0.9998180270195007,
              "bytes": 2501022,
              "bits_per_second": 20011817.610095717,
              "jitter_ms": 0.045424046302408636,
              "lost_packets": 0,
              "packets": 1789,
              "lost_percent": 0,
              "omitted": false,
              "sender": false
            }
          ],
          "sum": {
            "start": 1.000314,
            "end": 2.000132,
            "seconds": 0.9998180270195007,
            "bytes": 2501022,
            "bits_per_second": 20011817.610095717,
            "jitter_ms": 0.045424046302408636,
            "lost_packets": 0,
            "packets": 1789,
            "lost_percent": 0,
            "omitted": false,
            "sender": false
          }
        },
        {
          "streams": [
            {
              "socket": 10,
              "start": 2.000132,
              "end": 3.000297,
              "seconds": 1.0001649856567383,
              "bytes": 2499624,
              "bits_per_second": 19993693.32737576,
              "jitter_ms": 0.26854544162235355,
              "lost_packets": 0,
              "packets": 1788,
              "lost_percent": 0,
              "omitted": false,
              "sender": false
            }
          ],
          "sum": {
            "start": 2.000132,
            "end": 3.000297,
            "seconds": 1.0001649856567383,
            "bytes": 2499624,
            "bits_per_second": 19993693.32737576,
            "jitter_ms": 0.26854544162235355,
            "lost_packets": 0,
            "packets": 1788,
            "lost_percent": 0,
            "omitted": false,
            "sender": false
          }
        },
        {
          "streams": [
            {
              "socket": 10,
              "start": 3.000297,
              "end": 4.000169,
              "seconds": 0.9998720288276672,
              "bytes": 2475858,
              "bits_per_second": 19809399.032017335,
              "jitter_ms": 0.007408928694010377,
              "lost_packets": 17,
              "packets": 1788,
              "lost_percent": 0.9507829977628636,
              "omitted": false,
              "sender": false
            }
          ],
          "sum": {
            "start": 3.000297,
            "end": 4.000169,
            "seconds": 0.9998720288276672,
            "bytes": 2475858,
            "bits_per_second": 19809399.032017335,
            "jitter_ms": 0.007408928694010377,
            "lost_packets": 17,
            "packets": 1788,
            "lost_percent": 0.9507829977628636,
            "omitted": false,
            "sender": false
          }
        },
        {
          "streams": [
            {
              "socket": 10,
              "start": 4.000169,
              "end": 5.000075,
              "seconds": 0.9999060034751892,
              "bytes": 2499624,
              "bits_per_second": 19998871.824451637,
              "jitter_ms": 0.12071245698734881,
              "lost_packets": 0,
              "packets": 1788,
              "lost_percent": 0,
              "omitted": false,
              "sender": false
            }
          ],
          "sum": {
            "start": 4.000169,
            "end": 5.000075,
            "seconds": 0.9999060034751892,
            "bytes": 2499624,
            "bits_per_second": 19998871.824451637,
            "jitter_ms": 0.12071245698734881,
            "lost_packets": 0,
            "packets": 1788,
            "lost_percent": 0,
            "omitted": false,
            "sender": false
          }
        },
        {
          "streams": [
            {
              "socket": 10,
              "start": 5.000075,
              "end": 6.000293,
              "seconds": 1.0002180337905884,
              "bytes": 2501022,
              "bits_per_second": 20003814.492499974,
              "jitter_ms": 0.05323426670688783,
              "lost_packets": 0,
              "packets": 1789,
              "lost_percent": 0,
              "omitted": false,
              "sender": false
            }
          ],
          "sum": {
            "start": 5.000075,
            "end": 6.000293,
            "seconds": 1.0002180337905884,
            "bytes": 2501022,
            "bits_per_second": 20003814.492499974,
            "jitter_ms": 0.05323426670688783,
            "lost_packets": 0,
            "packets": 1789,
            "lost_percent": 0,
            "omitted": false,
            "sender": false
          }
        },
        {
          "streams": [
            {
              "socket": 10,
              "start": 6.000293,
              "end": 7.000232,
              "seconds": 0.9999390244483948,
              "bytes": 2501022,
              "bits_per_second": 20009396.083963506,
              "jitter_ms": 0.09897114085359426,
              "lost_packets": 0,
              "packets": 1789,
              "lost_percent": 0,
              "omitted": false,
              "sender": false
            }
          ],
          "sum": {
            "start": 6.000293,
            "end": 7.000232,
            "seconds": 0.9999390244483948,
            "bytes": 2501022,
            "bits_per_second": 20009396.083963506,
            "jitter_ms": 0.09897114085359426,
            "lost_packets": 0,
            "packets": 1789,
            "lost_percent": 0,
            "omitted": false,
            "sender": false
          }
        },
        {
          "streams": [
            {
              "socket": 10,
              "start": 7.000232,
              "end": 8.000266,
              "seconds": 1.000033974647522,
              "bytes": 2499624,
              "bits_per_second": 19996312.632326577,
              "jitter_ms": 0.2550365782126,