{
  "udp": {
    "50": {
      "start": {
        "connected": [
          {
            "socket": 10,
            "local_host": "172.17.0.2",
            "local_port": 51195,
            "remote_host": "172.20.25.101",
            "remote_port": 32201
          }
        ],
        "version": "iperf 3.12",
        "system_info": "Linux bf280d82c4bd 6.8.0-79-generic #79~22.04.1-Ubuntu SMP PREEMPT_DYNAMIC Fri Aug 15 16:54:53 UTC 2 x86_64",
        "timestamp": {
          "time": "Tue, 23 Sep 2025 05:32:04 GMT",
          "timesecs": 1758605524
        },
        "connecting_to": {
          "host": "api-int.tenoran.automation.otic.open6g.net",
          "port": 32201
        },
        "cookie": "qz7pif5prqpa6lz23d2j6m42efvzfjtp3jsj",
        "target_bitrate": 50000000,
        "sock_bufsize": 0,
        "sndbuf_actual": 212992,
        "rcvbuf_actual": 212992,
        "test_start": {
          "protocol": "UDP",
          "num_streams": 1,
          "blksize": 1348,
          "omit": 0,
          "duration": 10,
          "bytes": 0,
          "blocks": 0,
          "reverse": 1,
          "tos": 0,
          "target_bitrate": 50000000
        }
      },
      "intervals": [
        {
          "streams": [
            {
              "socket": 10,
              "start": 0,
              "end": 1.000186,
              "seconds": 1.0001859664916992,
              "bytes": 6229108,
              "bits_per_second": 49823598.48018681,
              "jitter_ms": 0.43904810839238473,
              "lost_packets": 0,
              "packets": 4621,
              "lost_percent": 0,
              "omitted": false,
              "sender": false
            }
          ],
          "sum": {
            "start": 0,
            "end": 1.000186,
            "seconds": 1.0001859664916992,
            "bytes": 6229108,
            "bits_per_second": 49823598.48018681,
            "jitter_ms": 0.43904810839238473,
            "lost_packets": 0,
            "packets": 4621,
            "lost_percent": 0,
            "omitted": false,
            "sender": false
          }
        },
        {
          "streams": [
            {
              "socket": 10,
              "start": 1.000186,
              "end": 2.000129,
              "seconds": 0.9999430179595947,
              "bytes": 6235848,
              "bits_per_second": 49889626.81273085,
              "jitter_ms": 0.49736825455279354,
              "lost_packets": 0,
              "packets": 4626,
              "lost_percent": 0,
              "omitted": false,
              "sender": false
            }
          ],
          "sum": {
            "start": 1.000186,
            "end": 2.000129,
            "seconds": 0.9999430179595947,
            "bytes": 6235848,
            "bits_per_second": 49889626.81273085,
            "jitter_ms": 0.49736825455279354,
            "lost_packets": 0,
            "packets": 4626,
            "lost_percent": 0,
            "omitted": false,
            "sender": false
          }
        },
        {
          "streams": [
            {
              "socket": 10,
              "start": 2.000129,
              "end": 3.000074,
              "seconds": 0.9999449849128723,
              "bytes": 6252024,
              "bits_per_second": 50018943.796551,
              "jitter_ms": 0.697606195029244,
              "lost_packets": 0,
              "packets": 4638,
              "lost_percent": 0,
              "omitted": false,
              "sender": false
            }
          ],
          "sum": {
            "start": 2.000129,
            "end": 3.000074,
            "seconds": 0.9999449849128723,
            "bytes": 6252024,
            "bits_per_second": 50018943.796551,
            "jitter_ms": 0.697606195029244,
            "lost_packets": 0,
            "packets": 4638,
            "lost_percent": 0,
            "omitted": false,
            "sender": false
          }
        },
        {
          "streams": [
            {
              "socket": 10,
              "start": 3.000074,
              "end": 4.000129,
              "seconds": 1.000054955482483,
              "bytes": 6245284,
              "bits_per_second": 49959526.45011932,
              "jitter_ms": 0.7088866055193244,
              "lost_packets": 0,
              "packets": 4633,
              "lost_percent": 0,
              "omitted": false,
              "sender": false
            }
          ],
          "sum": {
            "start": 3.000074,
            "end": 4.000129,
            "seconds": 1.000054955482483,
            "bytes": 6245284,
            "bits_per_second": 49959526.45011932,
            "jitter_ms": 0.7088866055193244,
            "lost_packets": 0,
            "packets": 4633,
            "lost_percent": 0,
            "omitted": false,
            "sender": false
          }
        },
        {
          "streams": [
            {
              "socket": 10,
              "start": 4.000129,
              "end": 5.000119,
              "seconds": 0.9999899864196777,
              "bytes": 6264156,
              "bits_per_second": 50113749.81805905,
              "jitter_ms": 0.4068768607022296,
              "lost_packets": 0,
              "packets": 4647,
              "lost_percent": 0,
              "omitted": false,
              "sender": false
            }
          ],
          "sum": {
            "start": 4.000129,
            "end": 5.000119,
            "seconds": 0.9999899864196777,
            "bytes": 6264156,
            "bits_per_second": 50113749.81805905,
            "jitter_ms": 0.4068768607022296,
            "lost_packets": 0,
            "packets": 4647,
            "lost_percent": 0,
            "omitted": false,
            "sender": false
          }
        },
        {
          "streams": [
            {
              "socket": 10,
              "start": 5.000119,
              "end": 6.000121,
              "seconds": 1.0000020265579224,
              "bytes": 6238544,
              "bits_per_second": 49908250.858038835,
              "jitter_ms": 0.30148803110774386,
              "lost_packets": 0,
              "packets": 4628,
              "lost_percent": 0,
              "omitted": false,
              "sender": false
            }
          ],
          "sum": {
            "start": 5.000119,
            "end": 6.000121,
            "seconds": 1.0000020265579224,
            "bytes": 6238544,
            "bits_per_second": 49908250.858038835,
            "jitter_ms": 0.30148803110774386,
            "lost_packets": 0,
            "packets": 4628,
            "lost_percent": 0,
            "omitted": false,
            "sender": false
          }
        },
        {
          "streams": [
            {
              "socket": 10,
              "start": 6.000121,
              "end": 7.000128,
              "seconds": 1.0000070333480835,
              "bytes": 6249328,
              "bits_per_second": 49994272.37288022,
              "jitter_ms": 0.5463318536344375,
              "lost_packets": 0,
              "packets": 4636,
              "lost_percent": 0,
              "omitted": false,
              "sender": false
            }
          ],
          "sum": {
            "start": 6.000121,
            "end": 7.000128,
            "seconds": 1.0000070333480835,
            "bytes": 6249328,
            "bits_per_second": 49994272.37288022,
            "jitter_ms": 0.5463318536344375,
            "lost_packets": 0,
            "packets": 4636,
            "lost_percent": 0,
            "omitted": false,
            "sender": false
          }
        },
        {
          "streams": [
            {
              "socket": 10,
              "start": 7.000128,
              "end": 8.000129,
              "seconds": 1.0000009536743164,
              "bytes": 6252024,
              "bits_per_second": 50016144.30088777,
              "jitter_ms": 0.7106610960000177,
              "lost_packets": 0,
              "packets": 4638,