{
  "udp": {
    "70": {
      "start": {
        "connected": [
          {
            "socket": 5,
            "local_host": "172.17.0.2",
            "local_port": 59531,
            "remote_host": "172.20.25.101",
            "remote_port": 32201
          }
        ],
        "version": "iperf 3.12",
        "system_info": "Linux 320fbc350380 6.8.0-87-generic #88~22.04.1-Ubuntu SMP PREEMPT_DYNAMIC Tue Oct 14 14:03:14 UTC 2 x86_64",
        "timestamp": {
          "time": "Mon, 01 Dec 2025 07:04:48 GMT",
          "timesecs": 1764572688
        },
        "connecting_to": {
          "host": "api-int.tenoran.automation.otic.open6g.net",
          "port": 32201
        },
        "cookie": "dl255uechedycbk5lpgworzmctev7fasqwxo",
        "target_bitrate": 70000000,
        "sock_bufsize": 0,
        "sndbuf_actual": 212992,
        "rcvbuf_actual": 212992,
        "test_start": {
          "protocol": "UDP",
          "num_streams": 1,
          "blksize": 1348,
          "omit": 0,
          "duration": 10,
          "bytes": 0,
          "blocks": 0,
          "reverse": 1,
          "tos": 0,
          "target_bitrate": 70000000
        }
      },
      "intervals": [
        {
          "streams": [
            {
              "socket": 5,
              "start": 0,
              "end": 1.00012,
              "seconds": 1.0001200437545776,
              "bytes": 8600240,
              "bits_per_second": 68793661.75055233,
              "jitter_ms": 0.17004294293724795,
              "lost_packets": 0,
              "packets": 6380,
              "lost_percent": 0,
              "omitted": false,
              "sender": false
            }
          ],
          "sum": {
            "start": 0,
            "end": 1.00012,
            "seconds": 1.0001200437545776,
            "bytes": 8600240,
            "bits_per_second": 68793661.75055233,
            "jitter_ms": 0.17004294293724795,
            "lost_packets": 0,
            "packets": 6380,
            "lost_percent": 0,
            "omitted": false,
            "sender": false
          }
        },
        {
          "streams": [
            {
              "socket": 5,
              "start": 1.00012,
              "end": 2.000122,
              "seconds": 1.0000020265579224,
              "bytes": 8644724,
              "bits_per_second": 69157651.84801276,
              "jitter_ms": 1.2227032462584544,
              "lost_packets": 0,
              "packets": 6413,
              "lost_percent": 0,
              "omitted": false,
              "sender": false
            }
          ],
          "sum": {
            "start": 1.00012,
            "end": 2.000122,
            "seconds": 1.0000020265579224,
            "bytes": 8644724,
            "bits_per_second": 69157651.84801276,
            "jitter_ms": 1.2227032462584544,
            "lost_packets": 0,
            "packets": 6413,
            "lost_percent": 0,
            "omitted": false,
            "sender": false
          }
        },
        {
          "streams": [
            {
              "socket": 5,
              "start": 2.000122,
              "end": 3.000122,
              "seconds": 1,
              "bytes": 8980376,
              "bits_per_second": 71843008,
              "jitter_ms": 0.17033415132962762,
              "lost_packets": 0,
              "packets": 6662,
              "lost_percent": 0,
              "omitted": false,
              "sender": false
            }
          ],
          "sum": {
            "start": 2.000122,
            "end": 3.000122,
            "seconds": 1,
            "bytes": 8980376,
            "bits_per_second": 71843008,
            "jitter_ms": 0.17033415132962762,
            "lost_packets": 0,
            "packets": 6662,
            "lost_percent": 0,
            "omitted": false,
            "sender": false
          }
        },
        {
          "streams": [
            {
              "socket": 5,
              "start": 3.000122,
              "end": 4.000122,
              "seconds": 1,
              "bytes": 8740432,
              "bits_per_second": 69923456,
              "jitter_ms": 0.16268813059696366,
              "lost_packets": 0,
              "packets": 6484,
              "lost_percent": 0,
              "omitted": false,
              "sender": false
            }
          ],
          "sum": {
            "start": 3.000122,
            "end": 4.000122,
            "seconds": 1,
            "bytes": 8740432,
            "bits_per_second": 69923456,
            "jitter_ms": 0.16268813059696366,
            "lost_packets": 0,
            "packets": 6484,
            "lost_percent": 0,
            "omitted": false,
            "sender": false
          }
        },
        {
          "streams": [
            {
              "socket": 5,
              "start": 4.000122,
              "end": 5.000124,
              "seconds": 1.0000020265579224,
              "bytes": 8704036,
              "bits_per_second": 69632146.88642107,
              "jitter_ms": 0.19664315346378639,
              "lost_packets": 0,
              "packets": 6457,
              "lost_percent": 0,
              "omitted": false,
              "sender": false
            }
          ],
          "sum": {
            "start": 4.000122,
            "end": 5.000124,
            "seconds": 1.0000020265579224,
            "bytes": 8704036,
            "bits_per_second": 69632146.88642107,
            "jitter_ms": 0.19664315346378639,
            "lost_packets": 0,
            "packets": 6457,
            "lost_percent": 0,
            "omitted": false,
            "sender": false
          }
        },
        {
          "streams": [
            {
              "socket": 5,
              "start": 5.000124,
              "end": 6.000123,
              "seconds": 0.9999989867210388,
              "bytes": 8733692,
              "bits_per_second": 69869606.7974026,
              "jitter_ms": 0.16768193238634285,
              "lost_packets": 0,
              "packets": 6479,
              "lost_percent": 0,
              "omitted": false,
              "sender": false
            }
          ],
          "sum": {
            "start": 5.000124,
            "end": 6.000123,
            "seconds": 0.9999989867210388,
            "bytes": 8733692,
            "bits_per_second": 69869606.7974026,
            "jitter_ms": 0.16768193238634285,
            "lost_packets": 0,
            "packets": 6479,
            "lost_percent": 0,
            "omitted": false,
            "sender": false
          }
        },
        {
          "streams": [
            {
              "socket": 5,
              "start": 6.000123,
              "end": 7.000152,
              "seconds": 1.0000289678573608,
              "bytes": 8447916,
              "bits_per_second": 67581370.31250453,
              "jitter_ms": 0.1822507135004101,
              "lost_packets": 0,
              "packets": 6267,
              "lost_percent": 0,
              "omitted": false,
              "sender": false
            }
          ],
          "sum": {
            "start": 6.000123,
            "end": 7.000152,
            "seconds": 1.0000289678573608,
            "bytes": 8447916,
            "bits_per_second": 67581370.31250453,
            "jitter_ms": 0.1822507135004101,
            "lost_packets": 0,
            "packets": 6267,
            "lost_percent": 0,
            "omitted": false,
            "sender": false
          }
        },
        {
          "streams": [
            {
              "socket": 5,
              "start": 7.000152,
              "end": 8.000121,
              "seconds": 0.9999690055847168,
              "bytes": 9115176,
              "bits_per_second": 72923668.226457,
              "jitter_ms": 0.15757548695644827,
              "lost_packets": 0,
              "packets": 6762,
              "lost_percent": 0,
              "omitted": false,