{
  "udp": {
    "50": {
      "start": {
        "connected": [
          {
            "socket": 10,
            "local_host": "172.17.0.2",
            "local_port": 59542,
            "remote_host": "172.20.25.101",
            "remote_port": 32201
          }
        ],
        "version": "iperf 3.12",
        "system_info": "Linux 808df49d0661 6.8.0-60-generic #63~22.04.1-Ubuntu SMP PREEMPT_DYNAMIC Tue Apr 22 19:00:15 UTC 2 x86_64",
        "timestamp": {
          "time": "Tue, 01 Jul 2025 22:55:56 GMT",
          "timesecs": 1751410556
        },
        "connecting_to": {
          "host": "api-int.tenoran.automation.otic.open6g.net",
          "port": 32201
        },
        "cookie": "3zeipwraqtmv5oaoiua4smpomzblhrf6dqd5",
        "target_bitrate": 50000000,
        "sock_bufsize": 0,
        "sndbuf_actual": 212992,
        "rcvbuf_actual": 212992,
        "test_start": {
          "protocol": "UDP",
          "num_streams": 1,
          "blksize": 1348,
          "omit": 0,
          "duration": 10,
          "bytes": 0,
          "blocks": 0,
          "reverse": 1,
          "tos": 0,
          "target_bitrate": 50000000
        }
      },
      "intervals": [
        {
          "streams": [
            {
              "socket": 10,
              "start": 0,
              "end": 1.000205,
              "seconds": 1.0002050399780273,
              "bytes": 5906936,
              "bits_per_second": 47245800.722058065,
              "jitter_ms": 0.013820214786192239,
              "lost_packets": 0,
              "packets": 4382,
              "lost_percent": 0,
              "omitted": false,
              "sender": false
            }
          ],
          "sum": {
            "start": 0,
            "end": 1.000205,
            "seconds": 1.0002050399780273,
            "bytes": 5906936,
            "bits_per_second": 47245800.722058065,
            "jitter_ms": 0.013820214786192239,
            "lost_packets": 0,
            "packets": 4382,
            "lost_percent": 0,
            "omitted": false,
            "sender": false
          }
        },
        {
          "streams": [
            {
              "socket": 10,
              "start": 1.000205,
              "end": 2.000153,
              "seconds": 0.999948024749756,
              "bytes": 6254720,
              "bits_per_second": 50040360.86027802,
              "jitter_ms": 0.01354288883320023,
              "lost_packets": 0,
              "packets": 4640,
              "lost_percent": 0,
              "omitted": false,
              "sender": false
            }
          ],
          "sum": {
            "start": 1.000205,
            "end": 2.000153,
            "seconds": 0.999948024749756,
            "bytes": 6254720,
            "bits_per_second": 50040360.86027802,
            "jitter_ms": 0.01354288883320023,
            "lost_packets": 0,
            "packets": 4640,
            "lost_percent": 0,
            "omitted": false,
            "sender": false
          }
        },
        {
          "streams": [
            {
              "socket": 10,
              "start": 2.000153,
              "end": 3.000178,
              "seconds": 1.0000250339508057,
              "bytes": 6229108,
              "bits_per_second": 49831616.517763525,
              "jitter_ms": 0.041987535943893275,
              "lost_packets": 0,
              "packets": 4621,
              "lost_percent": 0,
              "omitted": false,
              "sender": false
            }
          ],
          "sum": {
            "start": 2.000153,
            "end": 3.000178,
            "seconds": 1.0000250339508057,
            "bytes": 6229108,
            "bits_per_second": 49831616.517763525,
            "jitter_ms": 0.041987535943893275,
            "lost_packets": 0,
            "packets": 4621,
            "lost_percent": 0,
            "omitted": false,
            "sender": false
          }
        },
        {
          "streams": [
            {
              "socket": 10,
              "start": 3.000178,
              "end": 4.000209,
              "seconds": 1.0000309944152832,
              "bytes": 6264156,
              "bits_per_second": 50111694.81732029,
              "jitter_ms": 0.013514343186050153,
              "lost_packets": 0,
              "packets": 4647,
              "lost_percent": 0,
              "omitted": false,
              "sender": false
            }
          ],
          "sum": {
            "start": 3.000178,
            "end": 4.000209,
            "seconds": 1.0000309944152832,
            "bytes": 6264156,
            "bits_per_second": 50111694.81732029,
            "jitter_ms": 0.013514343186050153,
            "lost_packets": 0,
            "packets": 4647,
            "lost_percent": 0,
            "omitted": false,
            "sender": false
          }
        },
        {
          "streams": [
            {
              "socket": 10,
              "start": 4.000209,
              "end": 5.000205,
              "seconds": 0.9999960064888,
              "bytes": 6264156,
              "bits_per_second": 50113448.12861637,
              "jitter_ms": 0.012533059167647057,
              "lost_packets": 0,
              "packets": 4647,
              "lost_percent": 0,
              "omitted": false,
              "sender": false
            }
          ],
          "sum": {
            "start": 4.000209,
            "end": 5.000205,
            "seconds": 0.9999960064888,
            "bytes": 6264156,
            "bits_per_second": 50113448.12861637,
            "jitter_ms": 0.012533059167647057,
            "lost_packets": 0,
            "packets": 4647,
            "lost_percent": 0,
            "omitted": false,
            "sender": false
          }
        },
        {
          "streams": [
            {
              "socket": 10,
              "start": 5.000205,
              "end": 6.000177,
              "seconds": 0.9999719858169556,
              "bytes": 6117224,
              "bits_per_second": 48939162.99067006,
              "jitter_ms": 0.8541199506090826,
              "lost_packets": 4,
              "packets": 4542,
              "lost_percent": 0.08806693086745927,
              "omitted": false,
              "sender": false
            }
          ],
          "sum": {
            "start": 5.000205,
            "end": 6.000177,
            "seconds": 0.9999719858169556,
            "bytes": 6117224,
            "bits_per_second": 48939162.99067006,
            "jitter_ms": 0.8541199506090826,
            "lost_packets": 4,
            "packets": 4542,
            "lost_percent": 0.08806693086745927,
            "omitted": false,
            "sender": false
          }
        },
        {
          "streams": [
            {
              "socket": 10,
              "start": 6.000177,
              "end": 7.000192,
              "seconds": 1.0000150203704834,
              "bytes": 6227760,
              "bits_per_second": 49821331.66514041,
              "jitter_ms": 0.379713640898797,
              "lost_packets": 21,
              "packets": 4641,
              "lost_percent": 0.45248868778280543,
              "omitted": false,
              "sender": false
            }
          ],
          "sum": {
            "start": 6.000177,
            "end": 7.000192,
            "seconds": 1.0000150203704834,
            "bytes": 6227760,
            "bits_per_second": 49821331.66514041,
            "jitter_ms": 0.379713640898797,
            "lost_packets": 21,
            "packets": 4641,
            "lost_percent": 0.45248868778280543,
            "omitted": false,
            "sender": false
          }
        },
        {
          "streams": [
            {
              "socket": 10,
              "start": 7.000192,
              "end": 8.000105,
              "seconds": 0.999912977218628,
              "bytes": 6354472,
              "bits_per_second": 50840200.25563176,