{
  "udp": {
    "20": {
      "start": {
        "connected": [
          {
            "socket": 9,
            "local_host": "172.17.0.2",
            "local_port": 47803,
            "remote_host": "10.100.1.101",
            "remote_port": 32201
          }
        ],
        "version": "iperf 3.12",
        "system_info": "Linux 4b28fea16bef 6.5.0-27-generic #28~22.04.1-Ubuntu SMP PREEMPT_DYNAMIC Fri Mar 15 10:51:06 UTC 2 x86_64",
        "timestamp": {
          "time": "Sun, 16 Jun 2024 16:01:14 GMT",
          "timesecs": 1718553674
        },
        "connecting_to": {
          "host": "api-int.edge.open5g.info",
          "port": 32201
        },
        "cookie": "kmdndrue3xm2txy6lnmia4fpmxr3emdry6xs",
        "target_bitrate": 20000000,
        "sock_bufsize": 0,
        "sndbuf_actual": 212992,
        "rcvbuf_actual": 212992,
        "test_start": {
          "protocol": "UDP",
          "num_streams": 1,
          "blksize": 1398,
          "omit": 0,
          "duration": 10,
          "bytes": 0,
          "blocks": 0,
          "reverse": 1,
          "tos": 0,
          "target_bitrate": 20000000
        }
      },
      "intervals": [
        {
          "streams": [
            {
              "socket": 9,
              "start": 0,
              "end": 1.00007,
              "seconds": 1.0000699758529663,
              "bytes": 2503818,
              "bits_per_second": 20029142.44367332,
              "jitter_ms": 0.03646885400080605,
              "lost_packets": 0,
              "packets": 1791,
              "lost_percent": 0,
              "omitted": false,
              "sender": false
            }
          ],
          "sum": {
            "start": 0,
            "end": 1.00007,
            "seconds": 1.0000699758529663,
            "bytes": 2503818,
            "bits_per_second": 20029142.44367332,
            "jitter_ms": 0.03646885400080605,
            "lost_packets": 0,
            "packets": 1791,
            "lost_percent": 0,
            "omitted": false,
            "sender": false
          }
        },
        {
          "streams": [
            {
              "socket": 9,
              "start": 1.00007,
              "end": 2.000162,
              "seconds": 1.0000920295715332,
              "bytes": 2492634,
              "bits_per_second": 19939237.00056214,
              "jitter_ms": 0.1946068245980374,
              "lost_packets": 5,
              "packets": 1788,
              "lost_percent": 0.2796420581655481,
              "omitted": false,
              "sender": false
            }
          ],
          "sum": {
            "start": 1.00007,
            "end": 2.000162,
            "seconds": 1.0000920295715332,
            "bytes": 2492634,
            "bits_per_second": 19939237.00056214,
            "jitter_ms": 0.1946068245980374,
            "lost_packets": 5,
            "packets": 1788,
            "lost_percent": 0.2796420581655481,
            "omitted": false,
            "sender": false
          }
        },
        {
          "streams": [
            {
              "socket": 9,
              "start": 2.000162,
              "end": 3.000122,
              "seconds": 0.9999600052833557,
              "bytes": 2499624,
              "bits_per_second": 19997791.80601679,
              "jitter_ms": 0.130729085789448,
              "lost_packets": 0,
              "packets": 1788,
              "lost_percent": 0,
              "omitted": false,
              "sender": false
            }
          ],
          "sum": {
            "start": 2.000162,
            "end": 3.000122,
            "seconds": 0.9999600052833557,
            "bytes": 2499624,
            "bits_per_second": 19997791.80601679,
            "jitter_ms": 0.130729085789448,
            "lost_packets": 0,
            "packets": 1788,
            "lost_percent": 0,
            "omitted": false,
            "sender": false
          }
        },
        {
          "streams": [
            {
              "socket": 9,
              "start": 3.000122,
              "end": 4.000268,
              "seconds": 1.0001460313797,
              "bytes": 2501022,
              "bits_per_second": 20005254.605068777,
              "jitter_ms": 0.137015891850353,
              "lost_packets": 0,
              "packets": 1789,
              "lost_percent": 0,
              "omitted": false,
              "sender": false
            }
          ],
          "sum": {
            "start": 3.000122,
            "end": 4.000268,
            "seconds": 1.0001460313797,
            "bytes": 2501022,
            "bits_per_second": 20005254.605068777,
            "jitter_ms": 0.137015891850353,
            "lost_packets": 0,
            "packets": 1789,
            "lost_percent": 0,
            "omitted": false,
            "sender": false
          }
        },
        {
          "streams": [
            {
              "socket": 9,
              "start": 4.000268,
              "end": 5.000152,
              "seconds": 0.999884009361267,
              "bytes": 2456286,
              "bits_per_second": 19652567.513858676,
              "jitter_ms": 0.1063032478075068,
              "lost_packets": 0,
              "packets": 1757,
              "lost_percent": 0,
              "omitted": false,
              "sender": false
            }
          ],
          "sum": {
            "start": 4.000268,
            "end": 5.000152,
            "seconds": 0.999884009361267,
            "bytes": 2456286,
            "bits_per_second": 19652567.513858676,
            "jitter_ms": 0.1063032478075068,
            "lost_packets": 0,
            "packets": 1757,
            "lost_percent": 0,
            "omitted": false,
            "sender": false
          }
        },
        {
          "streams": [
            {
              "socket": 9,
              "start": 5.000152,
              "end": 6.000079,
              "seconds": 0.99992698431015,
              "bytes": 2542962,
              "bits_per_second": 20345181.517463617,
              "jitter_ms": 0.10942570180671651,
              "lost_packets": 0,
              "packets": 1819,
              "lost_percent": 0,
              "omitted": false,
              "sender": false
            }
          ],
          "sum": {
            "start": 5.000152,
            "end": 6.000079,
            "seconds": 0.99992698431015,
            "bytes": 2542962,
            "bits_per_second": 20345181.517463617,
            "jitter_ms": 0.10942570180671651,
            "lost_packets": 0,
            "packets": 1819,
            "lost_percent": 0,
            "omitted": false,
            "sender": false
          }
        },
        {
          "streams": [
            {
              "socket": 9,
              "start": 6.000079,
              "end": 7.000263,
              "seconds": 1.0001840591430664,
              "bytes": 2499624,
              "bits_per_second": 19993312.048117366,
              "jitter_ms": 0.2315964612406563,
              "lost_packets": 0,
              "packets": 1788,
              "lost_percent": 0,
              "omitted": false,
              "sender": false
            }
          ],
          "sum": {
            "start": 6.000079,
            "end": 7.000263,
            "seconds": 1.0001840591430664,
            "bytes": 2499624,
            "bits_per_second": 19993312.048117366,
            "jitter_ms": 0.2315964612406563,
            "lost_packets": 0,
            "packets": 1788,
            "lost_percent": 0,
            "omitted": false,
            "sender": false
          }
        },
        {
          "streams": [
            {
              "socket": 9,
              "start": 7.000263,
              "end": 8.000267,
              "seconds": 1.0000040531158447,
              "bytes": 2501022,
              "bits_per_second": 20008094.904873516,
              "jitter_ms": 0.11820220936119087,
              "lost_packets": 0,
              "packets": 1789,