{
  "udp": {
    "10": {
      "start": {
        "connected": [
          {
            "socket": 10,
            "local_host": "172.17.0.2",
            "local_port": 52910,
            "remote_host": "172.20.25.101",
            "remote_port": 32201
          }
        ],
        "version": "iperf 3.12",
        "system_info": "Linux 74a3ff23a6f2 6.8.0-79-generic #79~22.04.1-Ubuntu SMP PREEMPT_DYNAMIC Fri Aug 15 16:54:53 UTC 2 x86_64",
        "timestamp": {
          "time": "Sun, 21 Sep 2025 04:01:13 GMT",
          "timesecs": 1758427273
        },
        "connecting_to": {
          "host": "api-int.tenoran.automation.otic.open6g.net",
          "port": 32201
        },
        "cookie": "7x53dg7tjdw3a4n7qw5chskalcehufhh5vw4",
        "target_bitrate": 10000000,
        "sock_bufsize": 0,
        "sndbuf_actual": 212992,
        "rcvbuf_actual": 212992,
        "test_start": {
          "protocol": "UDP",
          "num_streams": 1,
          "blksize": 1348,
          "omit": 0,
          "duration": 10,
          "bytes": 0,
          "blocks": 0,
          "reverse": 1,
          "tos": 0,
          "target_bitrate": 10000000
        }
      },
      "intervals": [
        {
          "streams": [
            {
              "socket": 10,
              "start": 0,
              "end": 1.000087,
              "seconds": 1.000087022781372,
              "bytes": 1256336,
              "bits_per_second": 10049813.437282417,
              "jitter_ms": 1.5553014199224255,
              "lost_packets": 0,
              "packets": 932,
              "lost_percent": 0,
              "omitted": false,
              "sender": false
            }
          ],
          "sum": {
            "start": 0,
            "end": 1.000087,
            "seconds": 1.000087022781372,
            "bytes": 1256336,
            "bits_per_second": 10049813.437282417,
            "jitter_ms": 1.5553014199224255,
            "lost_packets": 0,
            "packets": 932,
            "lost_percent": 0,
            "omitted": false,
            "sender": false
          }
        },
        {
          "streams": [
            {
              "socket": 10,
              "start": 1.000087,
              "end": 2.00009,
              "seconds": 1.0000029802322388,
              "bytes": 1242856,
              "bits_per_second": 9942818.368092155,
              "jitter_ms": 1.6101561597262457,
              "lost_packets": 0,
              "packets": 922,
              "lost_percent": 0,
              "omitted": false,
              "sender": false
            }
          ],
          "sum": {
            "start": 1.000087,
            "end": 2.00009,
            "seconds": 1.0000029802322388,
            "bytes": 1242856,
            "bits_per_second": 9942818.368092155,
            "jitter_ms": 1.6101561597262457,
            "lost_packets": 0,
            "packets": 922,
            "lost_percent": 0,
            "omitted": false,
            "sender": false
          }
        },
        {
          "streams": [
            {
              "socket": 10,
              "start": 2.00009,
              "end": 3.000119,
              "seconds": 1.0000289678573608,
              "bytes": 1244204,
              "bits_per_second": 9953343.67296022,
              "jitter_ms": 1.62483865836112,
              "lost_packets": 0,
              "packets": 923,
              "lost_percent": 0,
              "omitted": false,
              "sender": false
            }
          ],
          "sum": {
            "start": 2.00009,
            "end": 3.000119,
            "seconds": 1.0000289678573608,
            "bytes": 1244204,
            "bits_per_second": 9953343.67296022,
            "jitter_ms": 1.62483865836112,
            "lost_packets": 0,
            "packets": 923,
            "lost_percent": 0,
            "omitted": false,
            "sender": false
          }
        },
        {
          "streams": [
            {
              "socket": 10,
              "start": 3.000119,
              "end": 4.000122,
              "seconds": 1.0000029802322388,
              "bytes": 1250944,
              "bits_per_second": 10007522.175259784,
              "jitter_ms": 1.9361494152450236,
              "lost_packets": 0,
              "packets": 928,
              "lost_percent": 0,
              "omitted": false,
              "sender": false
            }
          ],
          "sum": {
            "start": 3.000119,
            "end": 4.000122,
            "seconds": 1.0000029802322388,
            "bytes": 1250944,
            "bits_per_second": 10007522.175259784,
            "jitter_ms": 1.9361494152450236,
            "lost_packets": 0,
            "packets": 928,
            "lost_percent": 0,
            "omitted": false,
            "sender": false
          }
        },
        {
          "streams": [
            {
              "socket": 10,
              "start": 4.000122,
              "end": 5.00012,
              "seconds": 0.9999979734420776,
              "bytes": 1256336,
              "bits_per_second": 10050708.36834267,
              "jitter_ms": 1.5395306105700155,
              "lost_packets": 0,
              "packets": 932,
              "lost_percent": 0,
              "omitted": false,
              "sender": false
            }
          ],
          "sum": {
            "start": 4.000122,
            "end": 5.00012,
            "seconds": 0.9999979734420776,
            "bytes": 1256336,
            "bits_per_second": 10050708.36834267,
            "jitter_ms": 1.5395306105700155,
            "lost_packets": 0,
            "packets": 932,
            "lost_percent": 0,
            "omitted": false,
            "sender": false
          }
        },
        {
          "streams": [
            {
              "socket": 10,
              "start": 5.00012,
              "end": 6.000088,
              "seconds": 0.9999679923057556,
              "bytes": 1254988,
              "bits_per_second": 10040225.36446361,
              "jitter_ms": 1.5103766310255837,
              "lost_packets": 0,
              "packets": 931,
              "lost_percent": 0,
              "omitted": false,
              "sender": false
            }
          ],
          "sum": {
            "start": 5.00012,
            "end": 6.000088,
            "seconds": 0.9999679923057556,
            "bytes": 1254988,
            "bits_per_second": 10040225.36446361,
            "jitter_ms": 1.5103766310255837,
            "lost_packets": 0,
            "packets": 931,
            "lost_percent": 0,
            "omitted": false,
            "sender": false
          }
        },
        {
          "streams": [
            {
              "socket": 10,
              "start": 6.000088,
              "end": 7.000125,
              "seconds": 1.0000369548797607,
              "bytes": 1237464,
              "bits_per_second": 9899346.170852546,
              "jitter_ms": 1.5961643952551312,
              "lost_packets": 0,
              "packets": 918,
              "lost_percent": 0,
              "omitted": false,
              "sender": false
            }
          ],
          "sum": {
            "start": 6.000088,
            "end": 7.000125,
            "seconds": 1.0000369548797607,
            "bytes": 1237464,
            "bits_per_second": 9899346.170852546,
            "jitter_ms": 1.5961643952551312,
            "lost_packets": 0,
            "packets": 918,
            "lost_percent": 0,
            "omitted": false,
            "sender": false
          }
        },
        {
          "streams": [
            {
              "socket": 10,
              "start": 7.000125,
              "end": 8.000074,
              "seconds": 0.9999489784240723,
              "bytes": 1263076,
              "bits_per_second": 10105123.579329962,
              "jitter_ms": 1.5478751516039788,
              "lost_packets": 0,
              "packets": 937,