{
  "udp": {
    "60": {
      "start": {
        "connected": [
          {
            "socket": 10,
            "local_host": "172.17.0.2",
            "local_port": 44360,
            "remote_host": "172.20.25.101",
            "remote_port": 32201
          }
        ],
        "version": "iperf 3.12",
        "system_info": "Linux 529740dd68ae 6.8.0-59-generic #61~22.04.1-Ubuntu SMP PREEMPT_DYNAMIC Tue Apr 15 17:03:15 UTC 2 x86_64",
        "timestamp": {
          "time": "Sun, 25 May 2025 06:01:44 GMT",
          "timesecs": 1748152904
        },
        "connecting_to": {
          "host": "api-int.tenoran.automation.otic.open6g.net",
          "port": 32201
        },
        "cookie": "cv4ycamxcisndpdrpnl3y4xx4ec3q2bnraji",
        "target_bitrate": 60000000,
        "sock_bufsize": 0,
        "sndbuf_actual": 212992,
        "rcvbuf_actual": 212992,
        "test_start": {
          "protocol": "UDP",
          "num_streams": 1,
          "blksize": 1348,
          "omit": 0,
          "duration": 10,
          "bytes": 0,
          "blocks": 0,
          "reverse": 1,
          "tos": 0,
          "target_bitrate": 60000000
        }
      },
      "intervals": [
        {
          "streams": [
            {
              "socket": 10,
              "start": 0,
              "end": 1.000086,
              "seconds": 1.0000859498977661,
              "bytes": 4554892,
              "bits_per_second": 36436004.3291529,
              "jitter_ms": 0.1531912918131334,
              "lost_packets": 191,
              "packets": 3570,
              "lost_percent": 5.350140056022409,
              "omitted": false,
              "sender": false
            }
          ],
          "sum": {
            "start": 0,
            "end": 1.000086,
            "seconds": 1.0000859498977661,
            "bytes": 4554892,
            "bits_per_second": 36436004.3291529,
            "jitter_ms": 0.1531912918131334,
            "lost_packets": 191,
            "packets": 3570,
            "lost_percent": 5.350140056022409,
            "omitted": false,
            "sender": false
          }
        },
        {
          "streams": [
            {
              "socket": 10,
              "start": 1.000086,
              "end": 2.000203,
              "seconds": 1.0001169443130493,
              "bytes": 7004208,
              "bits_per_second": 56027111.94788112,
              "jitter_ms": 0.6040947619606017,
              "lost_packets": 0,
              "packets": 5196,
              "lost_percent": 0,
              "omitted": false,
              "sender": false
            }
          ],
          "sum": {
            "start": 1.000086,
            "end": 2.000203,
            "seconds": 1.0001169443130493,
            "bytes": 7004208,
            "bits_per_second": 56027111.94788112,
            "jitter_ms": 0.6040947619606017,
            "lost_packets": 0,
            "packets": 5196,
            "lost_percent": 0,
            "omitted": false,
            "sender": false
          }
        },
        {
          "streams": [
            {
              "socket": 10,
              "start": 2.000203,
              "end": 3.000095,
              "seconds": 0.999891996383667,
              "bytes": 6865364,
              "bits_per_second": 54928844.5138485,
              "jitter_ms": 0.18101059896281352,
              "lost_packets": 0,
              "packets": 5093,
              "lost_percent": 0,
              "omitted": false,
              "sender": false
            }
          ],
          "sum": {
            "start": 2.000203,
            "end": 3.000095,
            "seconds": 0.999891996383667,
            "bytes": 6865364,
            "bits_per_second": 54928844.5138485,
            "jitter_ms": 0.18101059896281352,
            "lost_packets": 0,
            "packets": 5093,
            "lost_percent": 0,
            "omitted": false,
            "sender": false
          }
        },
        {
          "streams": [
            {
              "socket": 10,
              "start": 3.000095,
              "end": 4.000118,
              "seconds": 1.0000230073928833,
              "bytes": 6868060,
              "bits_per_second": 54943215.89984552,
              "jitter_ms": 1.5929660382789828,
              "lost_packets": 0,
              "packets": 5095,
              "lost_percent": 0,
              "omitted": false,
              "sender": false
            }
          ],
          "sum": {
            "start": 3.000095,
            "end": 4.000118,
            "seconds": 1.0000230073928833,
            "bytes": 6868060,
            "bits_per_second": 54943215.89984552,
            "jitter_ms": 1.5929660382789828,
            "lost_packets": 0,
            "packets": 5095,
            "lost_percent": 0,
            "omitted": false,
            "sender": false
          }
        },
        {
          "streams": [
            {
              "socket": 10,
              "start": 4.000118,
              "end": 5.000017,
              "seconds": 0.9998990297317505,
              "bytes": 7360080,
              "bits_per_second": 58886585.79436395,
              "jitter_ms": 0.580353276969119,
              "lost_packets": 0,
              "packets": 5460,
              "lost_percent": 0,
              "omitted": false,
              "sender": false
            }
          ],
          "sum": {
            "start": 4.000118,
            "end": 5.000017,
            "seconds": 0.9998990297317505,
            "bytes": 7360080,
            "bits_per_second": 58886585.79436395,
            "jitter_ms": 0.580353276969119,
            "lost_packets": 0,
            "packets": 5460,
            "lost_percent": 0,
            "omitted": false,
            "sender": false
          }
        },
        {
          "streams": [
            {
              "socket": 10,
              "start": 5.000017,
              "end": 6.000084,
              "seconds": 1.0000669956207275,
              "bytes": 7481400,
              "bits_per_second": 59847190.50032363,
              "jitter_ms": 0.5749102906255275,
              "lost_packets": 0,
              "packets": 5550,
              "lost_percent": 0,
              "omitted": false,
              "sender": false
            }
          ],
          "sum": {
            "start": 5.000017,
            "end": 6.000084,
            "seconds": 1.0000669956207275,
            "bytes": 7481400,
            "bits_per_second": 59847190.50032363,
            "jitter_ms": 0.5749102906255275,
            "lost_packets": 0,
            "packets": 5550,
            "lost_percent": 0,
            "omitted": false,
            "sender": false
          }
        },
        {
          "streams": [
            {
              "socket": 10,
              "start": 6.000084,
              "end": 7.000086,
              "seconds": 1.0000020265579224,
              "bytes": 7422088,
              "bits_per_second": 59376583.66991396,
              "jitter_ms": 0.14411626543662148,
              "lost_packets": 0,
              "packets": 5506,
              "lost_percent": 0,
              "omitted": false,
              "sender": false
            }
          ],
          "sum": {
            "start": 6.000084,
            "end": 7.000086,
            "seconds": 1.0000020265579224,
            "bytes": 7422088,
            "bits_per_second": 59376583.66991396,
            "jitter_ms": 0.14411626543662148,
            "lost_packets": 0,
            "packets": 5506,
            "lost_percent": 0,
            "omitted": false,
            "sender": false
          }
        },
        {
          "streams": [
            {
              "socket": 10,
              "start": 7.000086,
              "end": 8.000088,
              "seconds": 1.0000020265579224,
              "bytes": 7411304,
              "bits_per_second": 59290311.8447488,
              "jitter_ms": 0.14734293593406073,
              "lost_packets": 0,