{
  "udp": {
    "30": {
      "start": {
        "connected": [
          {
            "socket": 9,
            "local_host": "172.17.0.2",
            "local_port": 60200,
            "remote_host": "10.100.1.103",
            "remote_port": 32201
          }
        ],
        "version": "iperf 3.12",
        "system_info": "Linux c6de6a709153 6.2.0-37-generic #38~22.04.1-Ubuntu SMP PREEMPT_DYNAMIC Thu Nov  2 18:01:13 UTC 2 x86_64",
        "timestamp": {
          "time": "Tue, 16 Jan 2024 10:01:26 GMT",
          "timesecs": 1705399286
        },
        "connecting_to": {
          "host": "api-int.edge.open5g.info",
          "port": 32201
        },
        "cookie": "jfrbs7uson2dde66wu5zmeggvaodczkaa6gu",
        "target_bitrate": 30000000,
        "sock_bufsize": 0,
        "sndbuf_actual": 212992,
        "rcvbuf_actual": 212992,
        "test_start": {
          "protocol": "UDP",
          "num_streams": 1,
          "blksize": 1398,
          "omit": 0,
          "duration": 10,
          "bytes": 0,
          "blocks": 0,
          "reverse": 1,
          "tos": 0,
          "target_bitrate": 30000000
        }
      },
      "intervals": [
        {
          "streams": [
            {
              "socket": 9,
              "start": 0,
              "end": 1.000265,
              "seconds": 1.0002650022506714,
              "bytes": 3591462,
              "bits_per_second": 28724084.05307746,
              "jitter_ms": 0.011836102578466954,
              "lost_packets": 2,
              "packets": 2571,
              "lost_percent": 0.0777907429015947,
              "omitted": false,
              "sender": false
            }
          ],
          "sum": {
            "start": 0,
            "end": 1.000265,
            "seconds": 1.0002650022506714,
            "bytes": 3591462,
            "bits_per_second": 28724084.05307746,
            "jitter_ms": 0.011836102578466954,
            "lost_packets": 2,
            "packets": 2571,
            "lost_percent": 0.0777907429015947,
            "omitted": false,
            "sender": false
          }
        },
        {
          "streams": [
            {
              "socket": 9,
              "start": 1.000265,
              "end": 2.000264,
              "seconds": 0.9999989867210388,
              "bytes": 3728466,
              "bits_per_second": 29827758.223839868,
              "jitter_ms": 0.040970155461993014,
              "lost_packets": 0,
              "packets": 2667,
              "lost_percent": 0,
              "omitted": false,
              "sender": false
            }
          ],
          "sum": {
            "start": 1.000265,
            "end": 2.000264,
            "seconds": 0.9999989867210388,
            "bytes": 3728466,
            "bits_per_second": 29827758.223839868,
            "jitter_ms": 0.040970155461993014,
            "lost_packets": 0,
            "packets": 2667,
            "lost_percent": 0,
            "omitted": false,
            "sender": false
          }
        },
        {
          "streams": [
            {
              "socket": 9,
              "start": 2.000264,
              "end": 3.000265,
              "seconds": 1.0000009536743164,
              "bytes": 3680934,
              "bits_per_second": 29447443.91672905,
              "jitter_ms": 0.024556960487046083,
              "lost_packets": 0,
              "packets": 2633,
              "lost_percent": 0,
              "omitted": false,
              "sender": false
            }
          ],
          "sum": {
            "start": 2.000264,
            "end": 3.000265,
            "seconds": 1.0000009536743164,
            "bytes": 3680934,
            "bits_per_second": 29447443.91672905,
            "jitter_ms": 0.024556960487046083,
            "lost_packets": 0,
            "packets": 2633,
            "lost_percent": 0,
            "omitted": false,
            "sender": false
          }
        },
        {
          "streams": [
            {
              "socket": 9,
              "start": 3.000265,
              "end": 4.000262,
              "seconds": 0.9999970197677612,
              "bytes": 3794172,
              "bits_per_second": 30353466.4603793,
              "jitter_ms": 0.07213718854232053,
              "lost_packets": 2,
              "packets": 2716,
              "lost_percent": 0.0736377025036819,
              "omitted": false,
              "sender": false
            }
          ],
          "sum": {
            "start": 3.000265,
            "end": 4.000262,
            "seconds": 0.9999970197677612,
            "bytes": 3794172,
            "bits_per_second": 30353466.4603793,
            "jitter_ms": 0.07213718854232053,
            "lost_packets": 2,
            "packets": 2716,
            "lost_percent": 0.0736377025036819,
            "omitted": false,
            "sender": false
          }
        },
        {
          "streams": [
            {
              "socket": 9,
              "start": 4.000262,
              "end": 5.000261,
              "seconds": 0.9999989867210388,
              "bytes": 3714486,
              "bits_per_second": 29715918.110514633,
              "jitter_ms": 0.03182028852094154,
              "lost_packets": 57,
              "packets": 2714,
              "lost_percent": 2.1002210759027267,
              "omitted": false,
              "sender": false
            }
          ],
          "sum": {
            "start": 4.000262,
            "end": 5.000261,
            "seconds": 0.9999989867210388,
            "bytes": 3714486,
            "bits_per_second": 29715918.110514633,
            "jitter_ms": 0.03182028852094154,
            "lost_packets": 57,
            "packets": 2714,
            "lost_percent": 2.1002210759027267,
            "omitted": false,
            "sender": false
          }
        },
        {
          "streams": [
            {
              "socket": 9,
              "start": 5.000261,
              "end": 6.000011,
              "seconds": 0.999750018119812,
              "bytes": 3690720,
              "bits_per_second": 29533142.750552643,
              "jitter_ms": 0.028183976118626664,
              "lost_packets": 77,
              "packets": 2717,
              "lost_percent": 2.834008097165992,
              "omitted": false,
              "sender": false
            }
          ],
          "sum": {
            "start": 5.000261,
            "end": 6.000011,
            "seconds": 0.999750018119812,
            "bytes": 3690720,
            "bits_per_second": 29533142.750552643,
            "jitter_ms": 0.028183976118626664,
            "lost_packets": 77,
            "packets": 2717,
            "lost_percent": 2.834008097165992,
            "omitted": false,
            "sender": false
          }
        },
        {
          "streams": [
            {
              "socket": 9,
              "start": 6.000011,
              "end": 7.000266,
              "seconds": 1.0002549886703491,
              "bytes": 3725670,
              "bits_per_second": 29797761.90831162,
              "jitter_ms": 0.03216496231084824,
              "lost_packets": 6,
              "packets": 2671,
              "lost_percent": 0.22463496817671283,
              "omitted": false,
              "sender": false
            }
          ],
          "sum": {
            "start": 6.000011,
            "end": 7.000266,
            "seconds": 1.0002549886703491,
            "bytes": 3725670,
            "bits_per_second": 29797761.90831162,
            "jitter_ms": 0.03216496231084824,
            "lost_packets": 6,
            "packets": 2671,
            "lost_percent": 0.22463496817671283,
            "omitted": false,
            "sender": false
          }
        },
        {
          "streams": [
            {
              "socket": 9,
              "start": 7.000266,
              "end": 8.000261,
              "seconds": 0.999994993209839,