{
  "udp": {
    "60": {
      "start": {
        "connected": [
          {
            "socket": 10,
            "local_host": "172.17.0.2",
            "local_port": 36124,
            "remote_host": "172.20.25.101",
            "remote_port": 32201
          }
        ],
        "version": "iperf 3.12",
        "system_info": "Linux ac8df9912cb5 6.8.0-59-generic #61~22.04.1-Ubuntu SMP PREEMPT_DYNAMIC Tue Apr 15 17:03:15 UTC 2 x86_64",
        "timestamp": {
          "time": "Wed, 28 May 2025 04:31:44 GMT",
          "timesecs": 1748406704
        },
        "connecting_to": {
          "host": "api-int.tenoran.automation.otic.open6g.net",
          "port": 32201
        },
        "cookie": "ie6prtcghel4p4wnjfu4hmwvh4piuepm4x4x",
        "target_bitrate": 60000000,
        "sock_bufsize": 0,
        "sndbuf_actual": 212992,
        "rcvbuf_actual": 212992,
        "test_start": {
          "protocol": "UDP",
          "num_streams": 1,
          "blksize": 1348,
          "omit": 0,
          "duration": 10,
          "bytes": 0,
          "blocks": 0,
          "reverse": 1,
          "tos": 0,
          "target_bitrate": 60000000
        }
      },
      "intervals": [
        {
          "streams": [
            {
              "socket": 10,
              "start": 0,
              "end": 1.00009,
              "seconds": 1.0000900030136108,
              "bytes": 6508144,
              "bits_per_second": 52060466.4011339,
              "jitter_ms": 0.0869516166759823,
              "lost_packets": 0,
              "packets": 4828,
              "lost_percent": 0,
              "omitted": false,
              "sender": false
            }
          ],
          "sum": {
            "start": 0,
            "end": 1.00009,
            "seconds": 1.0000900030136108,
            "bytes": 6508144,
            "bits_per_second": 52060466.4011339,
            "jitter_ms": 0.0869516166759823,
            "lost_packets": 0,
            "packets": 4828,
            "lost_percent": 0,
            "omitted": false,
            "sender": false
          }
        },
        {
          "streams": [
            {
              "socket": 10,
              "start": 1.00009,
              "end": 2.000152,
              "seconds": 1.0000619888305664,
              "bytes": 6501404,
              "bits_per_second": 52008008.08439876,
              "jitter_ms": 0.12027979744094404,
              "lost_packets": 54,
              "packets": 4877,
              "lost_percent": 1.1072380561820792,
              "omitted": false,
              "sender": false
            }
          ],
          "sum": {
            "start": 1.00009,
            "end": 2.000152,
            "seconds": 1.0000619888305664,
            "bytes": 6501404,
            "bits_per_second": 52008008.08439876,
            "jitter_ms": 0.12027979744094404,
            "lost_packets": 54,
            "packets": 4877,
            "lost_percent": 1.1072380561820792,
            "omitted": false,
            "sender": false
          }
        },
        {
          "streams": [
            {
              "socket": 10,
              "start": 2.000152,
              "end": 3.00009,
              "seconds": 0.9999380111694336,
              "bytes": 7105308,
              "bits_per_second": 56845987.81630713,
              "jitter_ms": 0.044043832143309,
              "lost_packets": 11,
              "packets": 5282,
              "lost_percent": 0.2082544490723211,
              "omitted": false,
              "sender": false
            }
          ],
          "sum": {
            "start": 2.000152,
            "end": 3.00009,
            "seconds": 0.9999380111694336,
            "bytes": 7105308,
            "bits_per_second": 56845987.81630713,
            "jitter_ms": 0.044043832143309,
            "lost_packets": 11,
            "packets": 5282,
            "lost_percent": 0.2082544490723211,
            "omitted": false,
            "sender": false
          }
        },
        {
          "streams": [
            {
              "socket": 10,
              "start": 3.00009,
              "end": 4.000089,
              "seconds": 0.9999989867210388,
              "bytes": 7295376,
              "bits_per_second": 58363067.13806804,
              "jitter_ms": 0.05013824946681434,
              "lost_packets": 38,
              "packets": 5450,
              "lost_percent": 0.6972477064220184,
              "omitted": false,
              "sender": false
            }
          ],
          "sum": {
            "start": 3.00009,
            "end": 4.000089,
            "seconds": 0.9999989867210388,
            "bytes": 7295376,
            "bits_per_second": 58363067.13806804,
            "jitter_ms": 0.05013824946681434,
            "lost_packets": 38,
            "packets": 5450,
            "lost_percent": 0.6972477064220184,
            "omitted": false,
            "sender": false
          }
        },
        {
          "streams": [
            {
              "socket": 10,
              "start": 4.000089,
              "end": 5.000087,
              "seconds": 0.9999979734420776,
              "bytes": 8004424,
              "bits_per_second": 64035521.77169396,
              "jitter_ms": 0.0790798982474155,
              "lost_packets": 39,
              "packets": 5977,
              "lost_percent": 0.6525012548101055,
              "omitted": false,
              "sender": false
            }
          ],
          "sum": {
            "start": 4.000089,
            "end": 5.000087,
            "seconds": 0.9999979734420776,
            "bytes": 8004424,
            "bits_per_second": 64035521.77169396,
            "jitter_ms": 0.0790798982474155,
            "lost_packets": 39,
            "packets": 5977,
            "lost_percent": 0.6525012548101055,
            "omitted": false,
            "sender": false
          }
        },
        {
          "streams": [
            {
              "socket": 10,
              "start": 5.000087,
              "end": 6.000218,
              "seconds": 1.0001310110092163,
              "bytes": 7283244,
              "bits_per_second": 58258319.5187646,
              "jitter_ms": 0.44425293074563416,
              "lost_packets": 8,
              "packets": 5411,
              "lost_percent": 0.14784697837737942,
              "omitted": false,
              "sender": false
            }
          ],
          "sum": {
            "start": 5.000087,
            "end": 6.000218,
            "seconds": 1.0001310110092163,
            "bytes": 7283244,
            "bits_per_second": 58258319.5187646,
            "jitter_ms": 0.44425293074563416,
            "lost_packets": 8,
            "packets": 5411,
            "lost_percent": 0.14784697837737942,
            "omitted": false,
            "sender": false
          }
        },
        {
          "streams": [
            {
              "socket": 10,
              "start": 6.000218,
              "end": 7.000184,
              "seconds": 0.999966025352478,
              "bytes": 7826488,
              "bits_per_second": 62614031.289643,
              "jitter_ms": 0.0642957817049077,
              "lost_packets": 12,
              "packets": 5818,
              "lost_percent": 0.2062564455139223,
              "omitted": false,
              "sender": false
            }
          ],
          "sum": {
            "start": 6.000218,
            "end": 7.000184,
            "seconds": 0.999966025352478,
            "bytes": 7826488,
            "bits_per_second": 62614031.289643,
            "jitter_ms": 0.0642957817049077,
            "lost_packets": 12,
            "packets": 5818,
            "lost_percent": 0.2062564455139223,
            "omitted": false,
            "sender": false
          }
        },
        {
          "streams": [
            {
              "socket": 10,
              "start": 7.000184,
              "end": 8.000223,