{
  "udp": {
    "60": {
      "start": {
        "connected": [
          {
            "socket": 5,
            "local_host": "172.17.0.2",
            "local_port": 38337,
            "remote_host": "172.20.25.101",
            "remote_port": 32201
          }
        ],
        "version": "iperf 3.12",
        "system_info": "Linux 30132c43a4cb 6.8.0-87-generic #88~22.04.1-Ubuntu SMP PREEMPT_DYNAMIC Tue Oct 14 14:03:14 UTC 2 x86_64",
        "timestamp": {
          "time": "Thu, 11 Dec 2025 06:32:40 GMT",
          "timesecs": 1765434760
        },
        "connecting_to": {
          "host": "api-int.tenoran.automation.otic.open6g.net",
          "port": 32201
        },
        "cookie": "3gjzoulgvcivndoym3n6p3u5sndd37w5zcah",
        "target_bitrate": 60000000,
        "sock_bufsize": 0,
        "sndbuf_actual": 212992,
        "rcvbuf_actual": 212992,
        "test_start": {
          "protocol": "UDP",
          "num_streams": 1,
          "blksize": 1348,
          "omit": 0,
          "duration": 10,
          "bytes": 0,
          "blocks": 0,
          "reverse": 1,
          "tos": 0,
          "target_bitrate": 60000000
        }
      },
      "intervals": [
        {
          "streams": [
            {
              "socket": 5,
              "start": 0,
              "end": 1.000117,
              "seconds": 1.0001169443130493,
              "bytes": 7477356,
              "bits_per_second": 59811853.3438985,
              "jitter_ms": 0.2030476685331721,
              "lost_packets": 0,
              "packets": 5547,
              "lost_percent": 0,
              "omitted": false,
              "sender": false
            }
          ],
          "sum": {
            "start": 0,
            "end": 1.000117,
            "seconds": 1.0001169443130493,
            "bytes": 7477356,
            "bits_per_second": 59811853.3438985,
            "jitter_ms": 0.2030476685331721,
            "lost_packets": 0,
            "packets": 5547,
            "lost_percent": 0,
            "omitted": false,
            "sender": false
          }
        },
        {
          "streams": [
            {
              "socket": 5,
              "start": 1.000117,
              "end": 2.000154,
              "seconds": 1.0000369548797607,
              "bytes": 7500272,
              "bits_per_second": 59999958.70874027,
              "jitter_ms": 0.20504529810068348,
              "lost_packets": 0,
              "packets": 5564,
              "lost_percent": 0,
              "omitted": false,
              "sender": false
            }
          ],
          "sum": {
            "start": 1.000117,
            "end": 2.000154,
            "seconds": 1.0000369548797607,
            "bytes": 7500272,
            "bits_per_second": 59999958.70874027,
            "jitter_ms": 0.20504529810068348,
            "lost_packets": 0,
            "packets": 5564,
            "lost_percent": 0,
            "omitted": false,
            "sender": false
          }
        },
        {
          "streams": [
            {
              "socket": 5,
              "start": 2.000154,
              "end": 3.000129,
              "seconds": 0.999975025653839,
              "bytes": 7434220,
              "bits_per_second": 59475245.3553655,
              "jitter_ms": 0.8197648717009255,
              "lost_packets": 0,
              "packets": 5515,
              "lost_percent": 0,
              "omitted": false,
              "sender": false
            }
          ],
          "sum": {
            "start": 2.000154,
            "end": 3.000129,
            "seconds": 0.999975025653839,
            "bytes": 7434220,
            "bits_per_second": 59475245.3553655,
            "jitter_ms": 0.8197648717009255,
            "lost_packets": 0,
            "packets": 5515,
            "lost_percent": 0,
            "omitted": false,
            "sender": false
          }
        },
        {
          "streams": [
            {
              "socket": 5,
              "start": 3.000129,
              "end": 4.000131,
              "seconds": 1.0000020265579224,
              "bytes": 7536668,
              "bits_per_second": 60293221.81229367,
              "jitter_ms": 0.27566588178311746,
              "lost_packets": 0,
              "packets": 5591,
              "lost_percent": 0,
              "omitted": false,
              "sender": false
            }
          ],
          "sum": {
            "start": 3.000129,
            "end": 4.000131,
            "seconds": 1.0000020265579224,
            "bytes": 7536668,
            "bits_per_second": 60293221.81229367,
            "jitter_ms": 0.27566588178311746,
            "lost_packets": 0,
            "packets": 5591,
            "lost_percent": 0,
            "omitted": false,
            "sender": false
          }
        },
        {
          "streams": [
            {
              "socket": 5,
              "start": 4.000131,
              "end": 5.000117,
              "seconds": 0.9999859929084778,
              "bytes": 7478704,
              "bits_per_second": 59830470.05086982,
              "jitter_ms": 0.23368972851295805,
              "lost_packets": 0,
              "packets": 5548,
              "lost_percent": 0,
              "omitted": false,
              "sender": false
            }
          ],
          "sum": {
            "start": 4.000131,
            "end": 5.000117,
            "seconds": 0.9999859929084778,
            "bytes": 7478704,
            "bits_per_second": 59830470.05086982,
            "jitter_ms": 0.23368972851295805,
            "lost_packets": 0,
            "packets": 5548,
            "lost_percent": 0,
            "omitted": false,
            "sender": false
          }
        },
        {
          "streams": [
            {
              "socket": 5,
              "start": 5.000117,
              "end": 6.000119,
              "seconds": 1.0000020265579224,
              "bytes": 7551496,
              "bits_per_second": 60411845.57189575,
              "jitter_ms": 0.20023394000786612,
              "lost_packets": 0,
              "packets": 5602,
              "lost_percent": 0,
              "omitted": false,
              "sender": false
            }
          ],
          "sum": {
            "start": 5.000117,
            "end": 6.000119,
            "seconds": 1.0000020265579224,
            "bytes": 7551496,
            "bits_per_second": 60411845.57189575,
            "jitter_ms": 0.20023394000786612,
            "lost_packets": 0,
            "packets": 5602,
            "lost_percent": 0,
            "omitted": false,
            "sender": false
          }
        },
        {
          "streams": [
            {
              "socket": 5,
              "start": 6.000119,
              "end": 7.000137,
              "seconds": 1.0000180006027222,
              "bytes": 7515100,
              "bits_per_second": 60119717.808843955,
              "jitter_ms": 0.19278662373491473,
              "lost_packets": 0,
              "packets": 5575,
              "lost_percent": 0,
              "omitted": false,
              "sender": false
            }
          ],
          "sum": {
            "start": 6.000119,
            "end": 7.000137,
            "seconds": 1.0000180006027222,
            "bytes": 7515100,
            "bits_per_second": 60119717.808843955,
            "jitter_ms": 0.19278662373491473,
            "lost_packets": 0,
            "packets": 5575,
            "lost_percent": 0,
            "omitted": false,
            "sender": false
          }
        },
        {
          "streams": [
            {
              "socket": 5,
              "start": 7.000137,
              "end": 8.000118,
              "seconds": 0.9999809861183167,
              "bytes": 7481400,
              "bits_per_second": 59852338.02527368,
              "jitter_ms": 0.24492021012835322,
              "lost_packets": 0,
              "packets": 5550,