{
  "udp": {
    "30": {
      "start": {
        "connected": [
          {
            "socket": 10,
            "local_host": "172.17.0.2",
            "local_port": 36636,
            "remote_host": "172.20.25.101",
            "remote_port": 32201
          }
        ],
        "version": "iperf 3.12",
        "system_info": "Linux 04cd95b19544 6.8.0-59-generic #61~22.04.1-Ubuntu SMP PREEMPT_DYNAMIC Tue Apr 15 17:03:15 UTC 2 x86_64",
        "timestamp": {
          "time": "Thu, 22 May 2025 04:01:13 GMT",
          "timesecs": 1747886473
        },
        "connecting_to": {
          "host": "api-int.tenoran.automation.otic.open6g.net",
          "port": 32201
        },
        "cookie": "liuaf3xfp3wjb4fosaoa4r27ftslyasbs7y2",
        "target_bitrate": 30000000,
        "sock_bufsize": 0,
        "sndbuf_actual": 212992,
        "rcvbuf_actual": 212992,
        "test_start": {
          "protocol": "UDP",
          "num_streams": 1,
          "blksize": 1348,
          "omit": 0,
          "duration": 10,
          "bytes": 0,
          "blocks": 0,
          "reverse": 1,
          "tos": 0,
          "target_bitrate": 30000000
        }
      },
      "intervals": [
        {
          "streams": [
            {
              "socket": 10,
              "start": 0,
              "end": 1.000081,
              "seconds": 1.000080943107605,
              "bytes": 3554676,
              "bits_per_second": 28435106.374125,
              "jitter_ms": 0.4913595604815956,
              "lost_packets": 0,
              "packets": 2637,
              "lost_percent": 0,
              "omitted": false,
              "sender": false
            }
          ],
          "sum": {
            "start": 0,
            "end": 1.000081,
            "seconds": 1.000080943107605,
            "bytes": 3554676,
            "bits_per_second": 28435106.374125,
            "jitter_ms": 0.4913595604815956,
            "lost_packets": 0,
            "packets": 2637,
            "lost_percent": 0,
            "omitted": false,
            "sender": false
          }
        },
        {
          "streams": [
            {
              "socket": 10,
              "start": 1.000081,
              "end": 2.000082,
              "seconds": 1.0000009536743164,
              "bytes": 3744744,
              "bits_per_second": 29957923.429897852,
              "jitter_ms": 0.10382731755570375,
              "lost_packets": 0,
              "packets": 2778,
              "lost_percent": 0,
              "omitted": false,
              "sender": false
            }
          ],
          "sum": {
            "start": 1.000081,
            "end": 2.000082,
            "seconds": 1.0000009536743164,
            "bytes": 3744744,
            "bits_per_second": 29957923.429897852,
            "jitter_ms": 0.10382731755570375,
            "lost_packets": 0,
            "packets": 2778,
            "lost_percent": 0,
            "omitted": false,
            "sender": false
          }
        },
        {
          "streams": [
            {
              "socket": 10,
              "start": 2.000082,
              "end": 3.000081,
              "seconds": 0.9999989867210388,
              "bytes": 3725872,
              "bits_per_second": 29807006.20281228,
              "jitter_ms": 0.1401779555215291,
              "lost_packets": 0,
              "packets": 2764,
              "lost_percent": 0,
              "omitted": false,
              "sender": false
            }
          ],
          "sum": {
            "start": 2.000082,
            "end": 3.000081,
            "seconds": 0.9999989867210388,
            "bytes": 3725872,
            "bits_per_second": 29807006.20281228,
            "jitter_ms": 0.1401779555215291,
            "lost_packets": 0,
            "packets": 2764,
            "lost_percent": 0,
            "omitted": false,
            "sender": false
          }
        },
        {
          "streams": [
            {
              "socket": 10,
              "start": 3.000081,
              "end": 4.00012,
              "seconds": 1.000038981437683,
              "bytes": 3775748,
              "bits_per_second": 30204806.573214836,
              "jitter_ms": 0.09015771447196877,
              "lost_packets": 0,
              "packets": 2801,
              "lost_percent": 0,
              "omitted": false,
              "sender": false
            }
          ],
          "sum": {
            "start": 3.000081,
            "end": 4.00012,
            "seconds": 1.000038981437683,
            "bytes": 3775748,
            "bits_per_second": 30204806.573214836,
            "jitter_ms": 0.09015771447196877,
            "lost_packets": 0,
            "packets": 2801,
            "lost_percent": 0,
            "omitted": false,
            "sender": false
          }
        },
        {
          "streams": [
            {
              "socket": 10,
              "start": 4.00012,
              "end": 5.000116,
              "seconds": 0.9999960064888,
              "bytes": 3739352,
              "bits_per_second": 29914935.465629827,
              "jitter_ms": 0.12409696981008038,
              "lost_packets": 0,
              "packets": 2774,
              "lost_percent": 0,
              "omitted": false,
              "sender": false
            }
          ],
          "sum": {
            "start": 4.00012,
            "end": 5.000116,
            "seconds": 0.9999960064888,
            "bytes": 3739352,
            "bits_per_second": 29914935.465629827,
            "jitter_ms": 0.12409696981008038,
            "lost_packets": 0,
            "packets": 2774,
            "lost_percent": 0,
            "omitted": false,
            "sender": false
          }
        },
        {
          "streams": [
            {
              "socket": 10,
              "start": 5.000116,
              "end": 6.000087,
              "seconds": 0.9999709725379944,
              "bytes": 3758224,
              "bits_per_second": 30066664.758968927,
              "jitter_ms": 0.10428712011202897,
              "lost_packets": 0,
              "packets": 2788,
              "lost_percent": 0,
              "omitted": false,
              "sender": false
            }
          ],
          "sum": {
            "start": 5.000116,
            "end": 6.000087,
            "seconds": 0.9999709725379944,
            "bytes": 3758224,
            "bits_per_second": 30066664.758968927,
            "jitter_ms": 0.10428712011202897,
            "lost_packets": 0,
            "packets": 2788,
            "lost_percent": 0,
            "omitted": false,
            "sender": false
          }
        },
        {
          "streams": [
            {
              "socket": 10,
              "start": 6.000087,
              "end": 7.000115,
              "seconds": 1.0000280141830444,
              "bytes": 3742048,
              "bits_per_second": 29935545.380152185,
              "jitter_ms": 0.12639008664126541,
              "lost_packets": 0,
              "packets": 2776,
              "lost_percent": 0,
              "omitted": false,
              "sender": false
            }
          ],
          "sum": {
            "start": 6.000087,
            "end": 7.000115,
            "seconds": 1.0000280141830444,
            "bytes": 3742048,
            "bits_per_second": 29935545.380152185,
            "jitter_ms": 0.12639008664126541,
            "lost_packets": 0,
            "packets": 2776,
            "lost_percent": 0,
            "omitted": false,
            "sender": false
          }
        },
        {
          "streams": [
            {
              "socket": 10,
              "start": 7.000115,
              "end": 8.000118,
              "seconds": 1.0000029802322388,
              "bytes": 3764964,
              "bits_per_second": 30119622.236530792,
              "jitter_ms": 0.09814883538483615,
              "lost_packets": 0,