{
  "udp": {
    "10": {
      "start": {
        "connected": [
          {
            "socket": 9,
            "local_host": "172.17.0.2",
            "local_port": 48600,
            "remote_host": "10.100.1.102",
            "remote_port": 32201
          }
        ],
        "version": "iperf 3.12",
        "system_info": "Linux 75199d89cf29 6.5.0-26-generic #26~22.04.1-Ubuntu SMP PREEMPT_DYNAMIC Tue Mar 12 10:22:43 UTC 2 x86_64",
        "timestamp": {
          "time": "Mon, 15 Apr 2024 16:00:43 GMT",
          "timesecs": 1713196843
        },
        "connecting_to": {
          "host": "api-int.edge.open5g.info",
          "port": 32201
        },
        "cookie": "h35o4tjk7bdhocyuwsx5y7lhasnmahdojg4y",
        "target_bitrate": 10000000,
        "sock_bufsize": 0,
        "sndbuf_actual": 212992,
        "rcvbuf_actual": 212992,
        "test_start": {
          "protocol": "UDP",
          "num_streams": 1,
          "blksize": 1398,
          "omit": 0,
          "duration": 10,
          "bytes": 0,
          "blocks": 0,
          "reverse": 1,
          "tos": 0,
          "target_bitrate": 10000000
        }
      },
      "intervals": [
        {
          "streams": [
            {
              "socket": 9,
              "start": 0,
              "end": 1.000275,
              "seconds": 1.0002750158309937,
              "bytes": 1251210,
              "bits_per_second": 10006927.936397878,
              "jitter_ms": 0.15507565391449088,
              "lost_packets": 0,
              "packets": 895,
              "lost_percent": 0,
              "omitted": false,
              "sender": false
            }
          ],
          "sum": {
            "start": 0,
            "end": 1.000275,
            "seconds": 1.0002750158309937,
            "bytes": 1251210,
            "bits_per_second": 10006927.936397878,
            "jitter_ms": 0.15507565391449088,
            "lost_packets": 0,
            "packets": 895,
            "lost_percent": 0,
            "omitted": false,
            "sender": false
          }
        },
        {
          "streams": [
            {
              "socket": 9,
              "start": 1.000275,
              "end": 2.000312,
              "seconds": 1.0000369548797607,
              "bytes": 1240026,
              "bits_per_second": 9919841.41345332,
              "jitter_ms": 0.25993089049635154,
              "lost_packets": 7,
              "packets": 894,
              "lost_percent": 0.7829977628635347,
              "omitted": false,
              "sender": false
            }
          ],
          "sum": {
            "start": 1.000275,
            "end": 2.000312,
            "seconds": 1.0000369548797607,
            "bytes": 1240026,
            "bits_per_second": 9919841.41345332,
            "jitter_ms": 0.25993089049635154,
            "lost_packets": 7,
            "packets": 894,
            "lost_percent": 0.7829977628635347,
            "omitted": false,
            "sender": false
          }
        },
        {
          "streams": [
            {
              "socket": 9,
              "start": 2.000312,
              "end": 3.000312,
              "seconds": 1,
              "bytes": 1251210,
              "bits_per_second": 10009680,
              "jitter_ms": 0.011259910369621089,
              "lost_packets": 0,
              "packets": 895,
              "lost_percent": 0,
              "omitted": false,
              "sender": false
            }
          ],
          "sum": {
            "start": 2.000312,
            "end": 3.000312,
            "seconds": 1,
            "bytes": 1251210,
            "bits_per_second": 10009680,
            "jitter_ms": 0.011259910369621089,
            "lost_packets": 0,
            "packets": 895,
            "lost_percent": 0,
            "omitted": false,
            "sender": false
          }
        },
        {
          "streams": [
            {
              "socket": 9,
              "start": 3.000312,
              "end": 4.000312,
              "seconds": 1,
              "bytes": 1248414,
              "bits_per_second": 9987312,
              "jitter_ms": 0.1869543938506787,
              "lost_packets": 0,
              "packets": 893,
              "lost_percent": 0,
              "omitted": false,
              "sender": false
            }
          ],
          "sum": {
            "start": 3.000312,
            "end": 4.000312,
            "seconds": 1,
            "bytes": 1248414,
            "bits_per_second": 9987312,
            "jitter_ms": 0.1869543938506787,
            "lost_packets": 0,
            "packets": 893,
            "lost_percent": 0,
            "omitted": false,
            "sender": false
          }
        },
        {
          "streams": [
            {
              "socket": 9,
              "start": 4.000312,
              "end": 5.000213,
              "seconds": 0.999900996685028,
              "bytes": 1251210,
              "bits_per_second": 10010671.089622967,
              "jitter_ms": 0.32089968648170053,
              "lost_packets": 0,
              "packets": 895,
              "lost_percent": 0,
              "omitted": false,
              "sender": false
            }
          ],
          "sum": {
            "start": 4.000312,
            "end": 5.000213,
            "seconds": 0.999900996685028,
            "bytes": 1251210,
            "bits_per_second": 10010671.089622967,
            "jitter_ms": 0.32089968648170053,
            "lost_packets": 0,
            "packets": 895,
            "lost_percent": 0,
            "omitted": false,
            "sender": false
          }
        },
        {
          "streams": [
            {
              "socket": 9,
              "start": 5.000213,
              "end": 6.000307,
              "seconds": 1.0000940561294556,
              "bytes": 1249812,
              "bits_per_second": 9997555.668609794,
              "jitter_ms": 0.2622792483593699,
              "lost_packets": 0,
              "packets": 894,
              "lost_percent": 0,
              "omitted": false,
              "sender": false
            }
          ],
          "sum": {
            "start": 5.000213,
            "end": 6.000307,
            "seconds": 1.0000940561294556,
            "bytes": 1249812,
            "bits_per_second": 9997555.668609794,
            "jitter_ms": 0.2622792483593699,
            "lost_packets": 0,
            "packets": 894,
            "lost_percent": 0,
            "omitted": false,
            "sender": false
          }
        },
        {
          "streams": [
            {
              "socket": 9,
              "start": 6.000307,
              "end": 7.0003,
              "seconds": 0.9999930262565613,
              "bytes": 1249812,
              "bits_per_second": 9998565.72743214,
              "jitter_ms": 0.286414882922094,
              "lost_packets": 0,
              "packets": 894,
              "lost_percent": 0,
              "omitted": false,
              "sender": false
            }
          ],
          "sum": {
            "start": 6.000307,
            "end": 7.0003,
            "seconds": 0.9999930262565613,
            "bytes": 1249812,
            "bits_per_second": 9998565.72743214,
            "jitter_ms": 0.286414882922094,
            "lost_packets": 0,
            "packets": 894,
            "lost_percent": 0,
            "omitted": false,
            "sender": false
          }
        },
        {
          "streams": [
            {
              "socket": 9,
              "start": 7.0003,
              "end": 8.000282,
              "seconds": 0.9999819993972778,
              "bytes": 1249812,
              "bits_per_second": 9998675.982194103,
              "jitter_ms": 0.012443049594866227,
              "lost_packets": 0,
              "packets": 894,
              "lost_percent": 0,
              "omitted": false,