{
  "udp": {
    "50": {
      "start": {
        "connected": [
          {
            "socket": 10,
            "local_host": "172.17.0.2",
            "local_port": 48732,
            "remote_host": "172.20.25.101",
            "remote_port": 32201
          }
        ],
        "version": "iperf 3.12",
        "system_info": "Linux fd16e485ef56 6.8.0-59-generic #61~22.04.1-Ubuntu SMP PREEMPT_DYNAMIC Tue Apr 15 17:03:15 UTC 2 x86_64",
        "timestamp": {
          "time": "Sat, 31 May 2025 04:31:28 GMT",
          "timesecs": 1748665888
        },
        "connecting_to": {
          "host": "api-int.tenoran.automation.otic.open6g.net",
          "port": 32201
        },
        "cookie": "an4246rlfjpzif3zbmisx72tkwtcwspzhkzq",
        "target_bitrate": 50000000,
        "sock_bufsize": 0,
        "sndbuf_actual": 212992,
        "rcvbuf_actual": 212992,
        "test_start": {
          "protocol": "UDP",
          "num_streams": 1,
          "blksize": 1348,
          "omit": 0,
          "duration": 10,
          "bytes": 0,
          "blocks": 0,
          "reverse": 1,
          "tos": 0,
          "target_bitrate": 50000000
        }
      },
      "intervals": [
        {
          "streams": [
            {
              "socket": 10,
              "start": 0,
              "end": 1.000185,
              "seconds": 1.0001850128173828,
              "bytes": 5157448,
              "bits_per_second": 41251951.8601638,
              "jitter_ms": 0.0394407223119958,
              "lost_packets": 0,
              "packets": 3826,
              "lost_percent": 0,
              "omitted": false,
              "sender": false
            }
          ],
          "sum": {
            "start": 0,
            "end": 1.000185,
            "seconds": 1.0001850128173828,
            "bytes": 5157448,
            "bits_per_second": 41251951.8601638,
            "jitter_ms": 0.0394407223119958,
            "lost_packets": 0,
            "packets": 3826,
            "lost_percent": 0,
            "omitted": false,
            "sender": false
          }
        },
        {
          "streams": [
            {
              "socket": 10,
              "start": 1.000185,
              "end": 2.0001,
              "seconds": 0.9999150037765503,
              "bytes": 7032516,
              "bits_per_second": 56264910.30488865,
              "jitter_ms": 0.07163136340571753,
              "lost_packets": 0,
              "packets": 5217,
              "lost_percent": 0,
              "omitted": false,
              "sender": false
            }
          ],
          "sum": {
            "start": 1.000185,
            "end": 2.0001,
            "seconds": 0.9999150037765503,
            "bytes": 7032516,
            "bits_per_second": 56264910.30488865,
            "jitter_ms": 0.07163136340571753,
            "lost_packets": 0,
            "packets": 5217,
            "lost_percent": 0,
            "omitted": false,
            "sender": false
          }
        },
        {
          "streams": [
            {
              "socket": 10,
              "start": 2.0001,
              "end": 3.000122,
              "seconds": 1.000022053718567,
              "bytes": 6164404,
              "bits_per_second": 49314144.439737156,
              "jitter_ms": 0.02901476217201019,
              "lost_packets": 0,
              "packets": 4573,
              "lost_percent": 0,
              "omitted": false,
              "sender": false
            }
          ],
          "sum": {
            "start": 2.0001,
            "end": 3.000122,
            "seconds": 1.000022053718567,
            "bytes": 6164404,
            "bits_per_second": 49314144.439737156,
            "jitter_ms": 0.02901476217201019,
            "lost_packets": 0,
            "packets": 4573,
            "lost_percent": 0,
            "omitted": false,
            "sender": false
          }
        },
        {
          "streams": [
            {
              "socket": 10,
              "start": 3.000122,
              "end": 4.000172,
              "seconds": 1.0000499486923218,
              "bytes": 6327512,
              "bits_per_second": 50617567.71868394,
              "jitter_ms": 0.07156128910593787,
              "lost_packets": 0,
              "packets": 4694,
              "lost_percent": 0,
              "omitted": false,
              "sender": false
            }
          ],
          "sum": {
            "start": 3.000122,
            "end": 4.000172,
            "seconds": 1.0000499486923218,
            "bytes": 6327512,
            "bits_per_second": 50617567.71868394,
            "jitter_ms": 0.07156128910593787,
            "lost_packets": 0,
            "packets": 4694,
            "lost_percent": 0,
            "omitted": false,
            "sender": false
          }
        },
        {
          "streams": [
            {
              "socket": 10,
              "start": 4.000172,
              "end": 5.000179,
              "seconds": 1.0000070333480835,
              "bytes": 6249328,
              "bits_per_second": 49994272.37288022,
              "jitter_ms": 0.0715841535428199,
              "lost_packets": 0,
              "packets": 4636,
              "lost_percent": 0,
              "omitted": false,
              "sender": false
            }
          ],
          "sum": {
            "start": 4.000172,
            "end": 5.000179,
            "seconds": 1.0000070333480835,
            "bytes": 6249328,
            "bits_per_second": 49994272.37288022,
            "jitter_ms": 0.0715841535428199,
            "lost_packets": 0,
            "packets": 4636,
            "lost_percent": 0,
            "omitted": false,
            "sender": false
          }
        },
        {
          "streams": [
            {
              "socket": 10,
              "start": 5.000179,
              "end": 6.000122,
              "seconds": 0.9999430179595947,
              "bytes": 6233152,
              "bits_per_second": 49868057.583672166,
              "jitter_ms": 0.05036824846090217,
              "lost_packets": 0,
              "packets": 4624,
              "lost_percent": 0,
              "omitted": false,
              "sender": false
            }
          ],
          "sum": {
            "start": 5.000179,
            "end": 6.000122,
            "seconds": 0.9999430179595947,
            "bytes": 6233152,
            "bits_per_second": 49868057.583672166,
            "jitter_ms": 0.05036824846090217,
            "lost_packets": 0,
            "packets": 4624,
            "lost_percent": 0,
            "omitted": false,
            "sender": false
          }
        },
        {
          "streams": [
            {
              "socket": 10,
              "start": 6.000122,
              "end": 7.00016,
              "seconds": 1.0000380277633667,
              "bytes": 6266852,
              "bits_per_second": 50132909.55757846,
              "jitter_ms": 0.07123884382046845,
              "lost_packets": 0,
              "packets": 4649,
              "lost_percent": 0,
              "omitted": false,
              "sender": false
            }
          ],
          "sum": {
            "start": 6.000122,
            "end": 7.00016,
            "seconds": 1.0000380277633667,
            "bytes": 6266852,
            "bits_per_second": 50132909.55757846,
            "jitter_ms": 0.07123884382046845,
            "lost_packets": 0,
            "packets": 4649,
            "lost_percent": 0,
            "omitted": false,
            "sender": false
          }
        },
        {
          "streams": [
            {
              "socket": 10,
              "start": 7.00016,
              "end": 8.000154,
              "seconds": 0.9999939799308777,
              "bytes": 6284376,
              "bits_per_second": 50275310.660845324,
              "jitter_ms": 0.07181687705866224,
              "lost_packets": 0,
              "packets": 4662,