{
  "udp": {
    "70": {
      "start": {
        "connected": [
          {
            "socket": 10,
            "local_host": "172.17.0.2",
            "local_port": 38959,
            "remote_host": "172.20.25.101",
            "remote_port": 32201
          }
        ],
        "version": "iperf 3.12",
        "system_info": "Linux 2e509a0ff458 6.8.0-59-generic #61~22.04.1-Ubuntu SMP PREEMPT_DYNAMIC Tue Apr 15 17:03:15 UTC 2 x86_64",
        "timestamp": {
          "time": "Mon, 19 May 2025 06:02:00 GMT",
          "timesecs": 1747634520
        },
        "connecting_to": {
          "host": "api-int.tenoran.automation.otic.open6g.net",
          "port": 32201
        },
        "cookie": "ndftahrr5ie67bllgkn43hj45sjzxnki5lvh",
        "target_bitrate": 70000000,
        "sock_bufsize": 0,
        "sndbuf_actual": 212992,
        "rcvbuf_actual": 212992,
        "test_start": {
          "protocol": "UDP",
          "num_streams": 1,
          "blksize": 1348,
          "omit": 0,
          "duration": 10,
          "bytes": 0,
          "blocks": 0,
          "reverse": 1,
          "tos": 0,
          "target_bitrate": 70000000
        }
      },
      "intervals": [
        {
          "streams": [
            {
              "socket": 10,
              "start": 0,
              "end": 1.000191,
              "seconds": 1.0001909732818604,
              "bytes": 7981508,
              "bits_per_second": 63839872.29007522,
              "jitter_ms": 0.5149200494000348,
              "lost_packets": 107,
              "packets": 6028,
              "lost_percent": 1.7750497677504977,
              "omitted": false,
              "sender": false
            }
          ],
          "sum": {
            "start": 0,
            "end": 1.000191,
            "seconds": 1.0001909732818604,
            "bytes": 7981508,
            "bits_per_second": 63839872.29007522,
            "jitter_ms": 0.5149200494000348,
            "lost_packets": 107,
            "packets": 6028,
            "lost_percent": 1.7750497677504977,
            "omitted": false,
            "sender": false
          }
        },
        {
          "streams": [
            {
              "socket": 10,
              "start": 1.000191,
              "end": 2.000191,
              "seconds": 1,
              "bytes": 8771436,
              "bits_per_second": 70171488,
              "jitter_ms": 0.03421363585777613,
              "lost_packets": 31,
              "packets": 6538,
              "lost_percent": 0.4741511165494035,
              "omitted": false,
              "sender": false
            }
          ],
          "sum": {
            "start": 1.000191,
            "end": 2.000191,
            "seconds": 1,
            "bytes": 8771436,
            "bits_per_second": 70171488,
            "jitter_ms": 0.03421363585777613,
            "lost_packets": 31,
            "packets": 6538,
            "lost_percent": 0.4741511165494035,
            "omitted": false,
            "sender": false
          }
        },
        {
          "streams": [
            {
              "socket": 10,
              "start": 2.000191,
              "end": 3.000211,
              "seconds": 1.0000200271606445,
              "bytes": 8709428,
              "bits_per_second": 69674028.62703593,
              "jitter_ms": 0.014742345125052517,
              "lost_packets": 0,
              "packets": 6461,
              "lost_percent": 0,
              "omitted": false,
              "sender": false
            }
          ],
          "sum": {
            "start": 2.000191,
            "end": 3.000211,
            "seconds": 1.0000200271606445,
            "bytes": 8709428,
            "bits_per_second": 69674028.62703593,
            "jitter_ms": 0.014742345125052517,
            "lost_packets": 0,
            "packets": 6461,
            "lost_percent": 0,
            "omitted": false,
            "sender": false
          }
        },
        {
          "streams": [
            {
              "socket": 10,
              "start": 3.000211,
              "end": 4.000189,
              "seconds": 0.999978005886078,
              "bytes": 8799744,
              "bits_per_second": 70399500.3746313,
              "jitter_ms": 0.02673823829380428,
              "lost_packets": 3,
              "packets": 6531,
              "lost_percent": 0.045934772622875514,
              "omitted": false,
              "sender": false
            }
          ],
          "sum": {
            "start": 3.000211,
            "end": 4.000189,
            "seconds": 0.999978005886078,
            "bytes": 8799744,
            "bits_per_second": 70399500.3746313,
            "jitter_ms": 0.02673823829380428,
            "lost_packets": 3,
            "packets": 6531,
            "lost_percent": 0.045934772622875514,
            "omitted": false,
            "sender": false
          }
        },
        {
          "streams": [
            {
              "socket": 10,
              "start": 4.000189,
              "end": 5.00021,
              "seconds": 1.000020980834961,
              "bytes": 8655508,
              "bits_per_second": 69242611.23220147,
              "jitter_ms": 0.04833564240530667,
              "lost_packets": 0,
              "packets": 6421,
              "lost_percent": 0,
              "omitted": false,
              "sender": false
            }
          ],
          "sum": {
            "start": 4.000189,
            "end": 5.00021,
            "seconds": 1.000020980834961,
            "bytes": 8655508,
            "bits_per_second": 69242611.23220147,
            "jitter_ms": 0.04833564240530667,
            "lost_packets": 0,
            "packets": 6421,
            "lost_percent": 0,
            "omitted": false,
            "sender": false
          }
        },
        {
          "streams": [
            {
              "socket": 10,
              "start": 5.00021,
              "end": 6.00001,
              "seconds": 0.9998000264167786,
              "bytes": 8656856,
              "bits_per_second": 69268699.9101261,
              "jitter_ms": 0.10986376998240595,
              "lost_packets": 35,
              "packets": 6457,
              "lost_percent": 0.5420473904289917,
              "omitted": false,
              "sender": false
            }
          ],
          "sum": {
            "start": 5.00021,
            "end": 6.00001,
            "seconds": 0.9998000264167786,
            "bytes": 8656856,
            "bits_per_second": 69268699.9101261,
            "jitter_ms": 0.10986376998240595,
            "lost_packets": 35,
            "packets": 6457,
            "lost_percent": 0.5420473904289917,
            "omitted": false,
            "sender": false
          }
        },
        {
          "streams": [
            {
              "socket": 10,
              "start": 6.00001,
              "end": 7.00022,
              "seconds": 1.0002100467681885,
              "bytes": 8759304,
              "bits_per_second": 70059716.18303555,
              "jitter_ms": 0.0302107113003244,
              "lost_packets": 81,
              "packets": 6579,
              "lost_percent": 1.231190150478796,
              "omitted": false,
              "sender": false
            }
          ],
          "sum": {
            "start": 6.00001,
            "end": 7.00022,
            "seconds": 1.0002100467681885,
            "bytes": 8759304,
            "bits_per_second": 70059716.18303555,
            "jitter_ms": 0.0302107113003244,
            "lost_packets": 81,
            "packets": 6579,
            "lost_percent": 1.231190150478796,
            "omitted": false,
            "sender": false
          }
        },
        {
          "streams": [
            {
              "socket": 10,
              "start": 7.00022,
              "end": 8.00021,
              "seconds": 0.9999899864196777,
              "bytes": 8263240,