{
  "udp": {
    "70": {
      "start": {
        "connected": [
          {
            "socket": 5,
            "local_host": "172.17.0.2",
            "local_port": 41496,
            "remote_host": "172.20.25.101",
            "remote_port": 32201
          }
        ],
        "version": "iperf 3.12",
        "system_info": "Linux 06d25ea5ac08 6.8.0-87-generic #88~22.04.1-Ubuntu SMP PREEMPT_DYNAMIC Tue Oct 14 14:03:14 UTC 2 x86_64",
        "timestamp": {
          "time": "Tue, 11 Nov 2025 06:32:38 GMT",
          "timesecs": 1762842758
        },
        "connecting_to": {
          "host": "api-int.tenoran.automation.otic.open6g.net",
          "port": 32201
        },
        "cookie": "ztwbkajlfucogh2ta5vromzf3amhgplkdvaz",
        "target_bitrate": 70000000,
        "sock_bufsize": 0,
        "sndbuf_actual": 212992,
        "rcvbuf_actual": 212992,
        "test_start": {
          "protocol": "UDP",
          "num_streams": 1,
          "blksize": 1348,
          "omit": 0,
          "duration": 10,
          "bytes": 0,
          "blocks": 0,
          "reverse": 1,
          "tos": 0,
          "target_bitrate": 70000000
        }
      },
      "intervals": [
        {
          "streams": [
            {
              "socket": 5,
              "start": 0,
              "end": 1.000223,
              "seconds": 1.0002230405807495,
              "bytes": 8701340,
              "bits_per_second": 69595197.4467441,
              "jitter_ms": 0.20889049333822354,
              "lost_packets": 0,
              "packets": 6455,
              "lost_percent": 0,
              "omitted": false,
              "sender": false
            }
          ],
          "sum": {
            "start": 0,
            "end": 1.000223,
            "seconds": 1.0002230405807495,
            "bytes": 8701340,
            "bits_per_second": 69595197.4467441,
            "jitter_ms": 0.20889049333822354,
            "lost_packets": 0,
            "packets": 6455,
            "lost_percent": 0,
            "omitted": false,
            "sender": false
          }
        },
        {
          "streams": [
            {
              "socket": 5,
              "start": 1.000223,
              "end": 2.000222,
              "seconds": 0.9999989867210388,
              "bytes": 8749868,
              "bits_per_second": 69999014.92852913,
              "jitter_ms": 0.20853290490181317,
              "lost_packets": 0,
              "packets": 6491,
              "lost_percent": 0,
              "omitted": false,
              "sender": false
            }
          ],
          "sum": {
            "start": 1.000223,
            "end": 2.000222,
            "seconds": 0.9999989867210388,
            "bytes": 8749868,
            "bits_per_second": 69999014.92852913,
            "jitter_ms": 0.20853290490181317,
            "lost_packets": 0,
            "packets": 6491,
            "lost_percent": 0,
            "omitted": false,
            "sender": false
          }
        },
        {
          "streams": [
            {
              "socket": 5,
              "start": 2.000222,
              "end": 3.000207,
              "seconds": 0.9999849796295166,
              "bytes": 8749868,
              "bits_per_second": 69999995.42586513,
              "jitter_ms": 0.21248516351037122,
              "lost_packets": 0,
              "packets": 6491,
              "lost_percent": 0,
              "omitted": false,
              "sender": false
            }
          ],
          "sum": {
            "start": 2.000222,
            "end": 3.000207,
            "seconds": 0.9999849796295166,
            "bytes": 8749868,
            "bits_per_second": 69999995.42586513,
            "jitter_ms": 0.21248516351037122,
            "lost_packets": 0,
            "packets": 6491,
            "lost_percent": 0,
            "omitted": false,
            "sender": false
          }
        },
        {
          "streams": [
            {
              "socket": 5,
              "start": 3.000207,
              "end": 4.000224,
              "seconds": 1.0000170469284058,
              "bytes": 8741780,
              "bits_per_second": 69933047.85634,
              "jitter_ms": 0.18421817395099957,
              "lost_packets": 0,
              "packets": 6485,
              "lost_percent": 0,
              "omitted": false,
              "sender": false
            }
          ],
          "sum": {
            "start": 3.000207,
            "end": 4.000224,
            "seconds": 1.0000170469284058,
            "bytes": 8741780,
            "bits_per_second": 69933047.85634,
            "jitter_ms": 0.18421817395099957,
            "lost_packets": 0,
            "packets": 6485,
            "lost_percent": 0,
            "omitted": false,
            "sender": false
          }
        },
        {
          "streams": [
            {
              "socket": 5,
              "start": 4.000224,
              "end": 5.000215,
              "seconds": 0.999990999698639,
              "bytes": 8751216,
              "bits_per_second": 70010358.11432143,
              "jitter_ms": 0.21349699218400284,
              "lost_packets": 0,
              "packets": 6492,
              "lost_percent": 0,
              "omitted": false,
              "sender": false
            }
          ],
          "sum": {
            "start": 4.000224,
            "end": 5.000215,
            "seconds": 0.999990999698639,
            "bytes": 8751216,
            "bits_per_second": 70010358.11432143,
            "jitter_ms": 0.21349699218400284,
            "lost_packets": 0,
            "packets": 6492,
            "lost_percent": 0,
            "omitted": false,
            "sender": false
          }
        },
        {
          "streams": [
            {
              "socket": 5,
              "start": 5.000215,
              "end": 6.000226,
              "seconds": 1.0000109672546387,
              "bytes": 8757956,
              "bits_per_second": 70062879.6025587,
              "jitter_ms": 0.2083947586335608,
              "lost_packets": 0,
              "packets": 6497,
              "lost_percent": 0,
              "omitted": false,
              "sender": false
            }
          ],
          "sum": {
            "start": 5.000215,
            "end": 6.000226,
            "seconds": 1.0000109672546387,
            "bytes": 8757956,
            "bits_per_second": 70062879.6025587,
            "jitter_ms": 0.2083947586335608,
            "lost_packets": 0,
            "packets": 6497,
            "lost_percent": 0,
            "omitted": false,
            "sender": false
          }
        },
        {
          "streams": [
            {
              "socket": 5,
              "start": 6.000226,
              "end": 7.000226,
              "seconds": 1,
              "bytes": 8749868,
              "bits_per_second": 69998944,
              "jitter_ms": 0.20690041803964548,
              "lost_packets": 0,
              "packets": 6491,
              "lost_percent": 0,
              "omitted": false,
              "sender": false
            }
          ],
          "sum": {
            "start": 6.000226,
            "end": 7.000226,
            "seconds": 1,
            "bytes": 8749868,
            "bits_per_second": 69998944,
            "jitter_ms": 0.20690041803964548,
            "lost_packets": 0,
            "packets": 6491,
            "lost_percent": 0,
            "omitted": false,
            "sender": false
          }
        },
        {
          "streams": [
            {
              "socket": 5,
              "start": 7.000226,
              "end": 8.000223,
              "seconds": 0.9999970197677612,
              "bytes": 8673032,
              "bits_per_second": 69384462.78181285,
              "jitter_ms": 0.400139649896558,
              "lost_packets": 0,
              "packets": 6434,
              "lost_percent": 0,