{
  "udp": {
    "70": {
      "start": {
        "connected": [
          {
            "socket": 10,
            "local_host": "172.17.0.2",
            "local_port": 45130,
            "remote_host": "172.20.25.101",
            "remote_port": 32201
          }
        ],
        "version": "iperf 3.12",
        "system_info": "Linux a976bc2928be 6.8.0-60-generic #63~22.04.1-Ubuntu SMP PREEMPT_DYNAMIC Tue Apr 22 19:00:15 UTC 2 x86_64",
        "timestamp": {
          "time": "Sat, 12 Jul 2025 06:02:11 GMT",
          "timesecs": 1752300131
        },
        "connecting_to": {
          "host": "api-int.tenoran.automation.otic.open6g.net",
          "port": 32201
        },
        "cookie": "27ekvjvdfpbwbwr7gbiu74slw2q2fltpioct",
        "target_bitrate": 70000000,
        "sock_bufsize": 0,
        "sndbuf_actual": 212992,
        "rcvbuf_actual": 212992,
        "test_start": {
          "protocol": "UDP",
          "num_streams": 1,
          "blksize": 1348,
          "omit": 0,
          "duration": 10,
          "bytes": 0,
          "blocks": 0,
          "reverse": 1,
          "tos": 0,
          "target_bitrate": 70000000
        }
      },
      "intervals": [
        {
          "streams": [
            {
              "socket": 10,
              "start": 0,
              "end": 1.000181,
              "seconds": 1.000180959701538,
              "bytes": 6291116,
              "bits_per_second": 50319822.1400041,
              "jitter_ms": 0.06577818626976598,
              "lost_packets": 275,
              "packets": 4942,
              "lost_percent": 5.56454876568191,
              "omitted": false,
              "sender": false
            }
          ],
          "sum": {
            "start": 0,
            "end": 1.000181,
            "seconds": 1.000180959701538,
            "bytes": 6291116,
            "bits_per_second": 50319822.1400041,
            "jitter_ms": 0.06577818626976598,
            "lost_packets": 275,
            "packets": 4942,
            "lost_percent": 5.56454876568191,
            "omitted": false,
            "sender": false
          }
        },
        {
          "streams": [
            {
              "socket": 10,
              "start": 1.000181,
              "end": 2.00016,
              "seconds": 0.999979019165039,
              "bytes": 7268416,
              "bits_per_second": 58148548.0050889,
              "jitter_ms": 0.13312902208043037,
              "lost_packets": 378,
              "packets": 5770,
              "lost_percent": 6.55112651646447,
              "omitted": false,
              "sender": false
            }
          ],
          "sum": {
            "start": 1.000181,
            "end": 2.00016,
            "seconds": 0.999979019165039,
            "bytes": 7268416,
            "bits_per_second": 58148548.0050889,
            "jitter_ms": 0.13312902208043037,
            "lost_packets": 378,
            "packets": 5770,
            "lost_percent": 6.55112651646447,
            "omitted": false,
            "sender": false
          }
        },
        {
          "streams": [
            {
              "socket": 10,
              "start": 2.00016,
              "end": 3.000215,
              "seconds": 1.000054955482483,
              "bytes": 7198320,
              "bits_per_second": 57583395.476718575,
              "jitter_ms": 0.587203659140866,
              "lost_packets": 268,
              "packets": 5608,
              "lost_percent": 4.77888730385164,
              "omitted": false,
              "sender": false
            }
          ],
          "sum": {
            "start": 2.00016,
            "end": 3.000215,
            "seconds": 1.000054955482483,
            "bytes": 7198320,
            "bits_per_second": 57583395.476718575,
            "jitter_ms": 0.587203659140866,
            "lost_packets": 268,
            "packets": 5608,
            "lost_percent": 4.77888730385164,
            "omitted": false,
            "sender": false
          }
        },
        {
          "streams": [
            {
              "socket": 10,
              "start": 3.000215,
              "end": 4.00018,
              "seconds": 0.999965012073517,
              "bytes": 7298072,
              "bits_per_second": 58386618.8267271,
              "jitter_ms": 0.05795107610562922,
              "lost_packets": 0,
              "packets": 5414,
              "lost_percent": 0,
              "omitted": false,
              "sender": false
            }
          ],
          "sum": {
            "start": 3.000215,
            "end": 4.00018,
            "seconds": 0.999965012073517,
            "bytes": 7298072,
            "bits_per_second": 58386618.8267271,
            "jitter_ms": 0.05795107610562922,
            "lost_packets": 0,
            "packets": 5414,
            "lost_percent": 0,
            "omitted": false,
            "sender": false
          }
        },
        {
          "streams": [
            {
              "socket": 10,
              "start": 4.00018,
              "end": 5.000185,
              "seconds": 1.0000050067901611,
              "bytes": 7199668,
              "bits_per_second": 57597055.6236286,
              "jitter_ms": 0.0644386544434076,
              "lost_packets": 0,
              "packets": 5341,
              "lost_percent": 0,
              "omitted": false,
              "sender": false
            }
          ],
          "sum": {
            "start": 4.00018,
            "end": 5.000185,
            "seconds": 1.0000050067901611,
            "bytes": 7199668,
            "bits_per_second": 57597055.6236286,
            "jitter_ms": 0.0644386544434076,
            "lost_packets": 0,
            "packets": 5341,
            "lost_percent": 0,
            "omitted": false,
            "sender": false
          }
        },
        {
          "streams": [
            {
              "socket": 10,
              "start": 5.000185,
              "end": 6.000088,
              "seconds": 0.9999030232429504,
              "bytes": 7023080,
              "bits_per_second": 56190089.1326224,
              "jitter_ms": 0.38532193287370814,
              "lost_packets": 1,
              "packets": 5211,
              "lost_percent": 0.019190174630589137,
              "omitted": false,
              "sender": false
            }
          ],
          "sum": {
            "start": 5.000185,
            "end": 6.000088,
            "seconds": 0.9999030232429504,
            "bytes": 7023080,
            "bits_per_second": 56190089.1326224,
            "jitter_ms": 0.38532193287370814,
            "lost_packets": 1,
            "packets": 5211,
            "lost_percent": 0.019190174630589137,
            "omitted": false,
            "sender": false
          }
        },
        {
          "streams": [
            {
              "socket": 10,
              "start": 6.000088,
              "end": 7.000181,
              "seconds": 1.0000929832458496,
              "bytes": 7083740,
              "bits_per_second": 56664651.13681237,
              "jitter_ms": 0.12462253535496347,
              "lost_packets": 0,
              "packets": 5255,
              "lost_percent": 0,
              "omitted": false,
              "sender": false
            }
          ],
          "sum": {
            "start": 6.000088,
            "end": 7.000181,
            "seconds": 1.0000929832458496,
            "bytes": 7083740,
            "bits_per_second": 56664651.13681237,
            "jitter_ms": 0.12462253535496347,
            "lost_packets": 0,
            "packets": 5255,
            "lost_percent": 0,
            "omitted": false,
            "sender": false
          }
        },
        {
          "streams": [
            {
              "socket": 10,
              "start": 7.000181,
              "end": 8.000179,
              "seconds": 0.9999979734420776,
              "bytes": 7151140,