{
  "udp": {
    "10": {
      "start": {
        "connected": [
          {
            "socket": 10,
            "local_host": "172.17.0.2",
            "local_port": 35929,
            "remote_host": "172.20.25.101",
            "remote_port": 32201
          }
        ],
        "version": "iperf 3.12",
        "system_info": "Linux 39266dd3670b 6.8.0-59-generic #61~22.04.1-Ubuntu SMP PREEMPT_DYNAMIC Tue Apr 15 17:03:15 UTC 2 x86_64",
        "timestamp": {
          "time": "Tue, 20 May 2025 06:00:40 GMT",
          "timesecs": 1747720840
        },
        "connecting_to": {
          "host": "api-int.tenoran.automation.otic.open6g.net",
          "port": 32201
        },
        "cookie": "e5a7kgrcg5evamlo3sty3hmp3heuobb6hqum",
        "target_bitrate": 10000000,
        "sock_bufsize": 0,
        "sndbuf_actual": 212992,
        "rcvbuf_actual": 212992,
        "test_start": {
          "protocol": "UDP",
          "num_streams": 1,
          "blksize": 1348,
          "omit": 0,
          "duration": 10,
          "bytes": 0,
          "blocks": 0,
          "reverse": 1,
          "tos": 0,
          "target_bitrate": 10000000
        }
      },
      "intervals": [
        {
          "streams": [
            {
              "socket": 10,
              "start": 0,
              "end": 1.000106,
              "seconds": 1.0001059770584106,
              "bytes": 1250944,
              "bits_per_second": 10006491.541461425,
              "jitter_ms": 0.12789729999991914,
              "lost_packets": 0,
              "packets": 928,
              "lost_percent": 0,
              "omitted": false,
              "sender": false
            }
          ],
          "sum": {
            "start": 0,
            "end": 1.000106,
            "seconds": 1.0001059770584106,
            "bytes": 1250944,
            "bits_per_second": 10006491.541461425,
            "jitter_ms": 0.12789729999991914,
            "lost_packets": 0,
            "packets": 928,
            "lost_percent": 0,
            "omitted": false,
            "sender": false
          }
        },
        {
          "streams": [
            {
              "socket": 10,
              "start": 1.000106,
              "end": 2.00018,
              "seconds": 1.000074028968811,
              "bytes": 1250944,
              "bits_per_second": 10006811.206085326,
              "jitter_ms": 0.3839681301243098,
              "lost_packets": 0,
              "packets": 928,
              "lost_percent": 0,
              "omitted": false,
              "sender": false
            }
          ],
          "sum": {
            "start": 1.000106,
            "end": 2.00018,
            "seconds": 1.000074028968811,
            "bytes": 1250944,
            "bits_per_second": 10006811.206085326,
            "jitter_ms": 0.3839681301243098,
            "lost_packets": 0,
            "packets": 928,
            "lost_percent": 0,
            "omitted": false,
            "sender": false
          }
        },
        {
          "streams": [
            {
              "socket": 10,
              "start": 2.00018,
              "end": 3.000178,
              "seconds": 0.9999979734420776,
              "bytes": 1249596,
              "bits_per_second": 9996788.259070445,
              "jitter_ms": 0.12420602621054995,
              "lost_packets": 0,
              "packets": 927,
              "lost_percent": 0,
              "omitted": false,
              "sender": false
            }
          ],
          "sum": {
            "start": 2.00018,
            "end": 3.000178,
            "seconds": 0.9999979734420776,
            "bytes": 1249596,
            "bits_per_second": 9996788.259070445,
            "jitter_ms": 0.12420602621054995,
            "lost_packets": 0,
            "packets": 927,
            "lost_percent": 0,
            "omitted": false,
            "sender": false
          }
        },
        {
          "streams": [
            {
              "socket": 10,
              "start": 3.000178,
              "end": 4.00027,
              "seconds": 1.0000920295715332,
              "bytes": 1249596,
              "bits_per_second": 9995848.0863835,
              "jitter_ms": 0.10312885615835451,
              "lost_packets": 0,
              "packets": 927,
              "lost_percent": 0,
              "omitted": false,
              "sender": false
            }
          ],
          "sum": {
            "start": 3.000178,
            "end": 4.00027,
            "seconds": 1.0000920295715332,
            "bytes": 1249596,
            "bits_per_second": 9995848.0863835,
            "jitter_ms": 0.10312885615835451,
            "lost_packets": 0,
            "packets": 927,
            "lost_percent": 0,
            "omitted": false,
            "sender": false
          }
        },
        {
          "streams": [
            {
              "socket": 10,
              "start": 4.00027,
              "end": 5.000121,
              "seconds": 0.9998509883880615,
              "bytes": 1249596,
              "bits_per_second": 9998257.85651978,
              "jitter_ms": 0.24527529864655587,
              "lost_packets": 0,
              "packets": 927,
              "lost_percent": 0,
              "omitted": false,
              "sender": false
            }
          ],
          "sum": {
            "start": 4.00027,
            "end": 5.000121,
            "seconds": 0.9998509883880615,
            "bytes": 1249596,
            "bits_per_second": 9998257.85651978,
            "jitter_ms": 0.24527529864655587,
            "lost_packets": 0,
            "packets": 927,
            "lost_percent": 0,
            "omitted": false,
            "sender": false
          }
        },
        {
          "streams": [
            {
              "socket": 10,
              "start": 5.000121,
              "end": 6.000124,
              "seconds": 1.0000029802322388,
              "bytes": 1250944,
              "bits_per_second": 10007522.175259784,
              "jitter_ms": 0.11717541185181962,
              "lost_packets": 0,
              "packets": 928,
              "lost_percent": 0,
              "omitted": false,
              "sender": false
            }
          ],
          "sum": {
            "start": 5.000121,
            "end": 6.000124,
            "seconds": 1.0000029802322388,
            "bytes": 1250944,
            "bits_per_second": 10007522.175259784,
            "jitter_ms": 0.11717541185181962,
            "lost_packets": 0,
            "packets": 928,
            "lost_percent": 0,
            "omitted": false,
            "sender": false
          }
        },
        {
          "streams": [
            {
              "socket": 10,
              "start": 6.000124,
              "end": 7.000128,
              "seconds": 1.0000040531158447,
              "bytes": 1249596,
              "bits_per_second": 9996727.482105447,
              "jitter_ms": 0.2609903881628867,
              "lost_packets": 0,
              "packets": 927,
              "lost_percent": 0,
              "omitted": false,
              "sender": false
            }
          ],
          "sum": {
            "start": 6.000124,
            "end": 7.000128,
            "seconds": 1.0000040531158447,
            "bytes": 1249596,
            "bits_per_second": 9996727.482105447,
            "jitter_ms": 0.2609903881628867,
            "lost_packets": 0,
            "packets": 927,
            "lost_percent": 0,
            "omitted": false,
            "sender": false
          }
        },
        {
          "streams": [
            {
              "socket": 10,
              "start": 7.000128,
              "end": 8.000114,
              "seconds": 0.9999859929084778,
              "bytes": 1249596,
              "bits_per_second": 9996908.02760568,
              "jitter_ms": 0.43281850601221855,
              "lost_packets": 0,
              "packets": 927,