{
  "udp": {
    "20": {
      "start": {
        "connected": [
          {
            "socket": 10,
            "local_host": "172.17.0.2",
            "local_port": 60551,
            "remote_host": "10.100.1.103",
            "remote_port": 32201
          }
        ],
        "version": "iperf 3.12",
        "system_info": "Linux 19deb474afae 6.8.0-47-generic #47~22.04.1-Ubuntu SMP PREEMPT_DYNAMIC Wed Oct  2 16:16:55 UTC 2 x86_64",
        "timestamp": {
          "time": "Tue, 03 Dec 2024 06:01:05 GMT",
          "timesecs": 1733205665
        },
        "connecting_to": {
          "host": "api-int.edge.open5g.info",
          "port": 32201
        },
        "cookie": "m5a2drqpl5ftbw5kr35vt4g742mlgikewffs",
        "target_bitrate": 20000000,
        "sock_bufsize": 0,
        "sndbuf_actual": 212992,
        "rcvbuf_actual": 212992,
        "test_start": {
          "protocol": "UDP",
          "num_streams": 1,
          "blksize": 1398,
          "omit": 0,
          "duration": 10,
          "bytes": 0,
          "blocks": 0,
          "reverse": 1,
          "tos": 0,
          "target_bitrate": 20000000
        }
      },
      "intervals": [
        {
          "streams": [
            {
              "socket": 10,
              "start": 0,
              "end": 1.000068,
              "seconds": 1.000067949295044,
              "bytes": 2415744,
              "bits_per_second": 19324638.90440947,
              "jitter_ms": 0.16750899843370015,
              "lost_packets": 0,
              "packets": 1728,
              "lost_percent": 0,
              "omitted": false,
              "sender": false
            }
          ],
          "sum": {
            "start": 0,
            "end": 1.000068,
            "seconds": 1.000067949295044,
            "bytes": 2415744,
            "bits_per_second": 19324638.90440947,
            "jitter_ms": 0.16750899843370015,
            "lost_packets": 0,
            "packets": 1728,
            "lost_percent": 0,
            "omitted": false,
            "sender": false
          }
        },
        {
          "streams": [
            {
              "socket": 10,
              "start": 1.000068,
              "end": 2.00021,
              "seconds": 1.000141978263855,
              "bytes": 2515002,
              "bits_per_second": 20117159.80057782,
              "jitter_ms": 0.0709782702413178,
              "lost_packets": 0,
              "packets": 1799,
              "lost_percent": 0,
              "omitted": false,
              "sender": false
            }
          ],
          "sum": {
            "start": 1.000068,
            "end": 2.00021,
            "seconds": 1.000141978263855,
            "bytes": 2515002,
            "bits_per_second": 20117159.80057782,
            "jitter_ms": 0.0709782702413178,
            "lost_packets": 0,
            "packets": 1799,
            "lost_percent": 0,
            "omitted": false,
            "sender": false
          }
        },
        {
          "streams": [
            {
              "socket": 10,
              "start": 2.00021,
              "end": 3.000189,
              "seconds": 0.999979019165039,
              "bytes": 2489838,
              "bits_per_second": 19919121.919809565,
              "jitter_ms": 0.08512320354106576,
              "lost_packets": 0,
              "packets": 1781,
              "lost_percent": 0,
              "omitted": false,
              "sender": false
            }
          ],
          "sum": {
            "start": 2.00021,
            "end": 3.000189,
            "seconds": 0.999979019165039,
            "bytes": 2489838,
            "bits_per_second": 19919121.919809565,
            "jitter_ms": 0.08512320354106576,
            "lost_packets": 0,
            "packets": 1781,
            "lost_percent": 0,
            "omitted": false,
            "sender": false
          }
        },
        {
          "streams": [
            {
              "socket": 10,
              "start": 3.000189,
              "end": 4.000026,
              "seconds": 0.9998369812965393,
              "bytes": 2512206,
              "bits_per_second": 20100924.82670361,
              "jitter_ms": 0.13540274717236725,
              "lost_packets": 0,
              "packets": 1797,
              "lost_percent": 0,
              "omitted": false,
              "sender": false
            }
          ],
          "sum": {
            "start": 3.000189,
            "end": 4.000026,
            "seconds": 0.9998369812965393,
            "bytes": 2512206,
            "bits_per_second": 20100924.82670361,
            "jitter_ms": 0.13540274717236725,
            "lost_packets": 0,
            "packets": 1797,
            "lost_percent": 0,
            "omitted": false,
            "sender": false
          }
        },
        {
          "streams": [
            {
              "socket": 10,
              "start": 4.000026,
              "end": 5.000187,
              "seconds": 1.000161051750183,
              "bytes": 2533176,
              "bits_per_second": 20262144.74612617,
              "jitter_ms": 0.0113587780541353,
              "lost_packets": 0,
              "packets": 1812,
              "lost_percent": 0,
              "omitted": false,
              "sender": false
            }
          ],
          "sum": {
            "start": 4.000026,
            "end": 5.000187,
            "seconds": 1.000161051750183,
            "bytes": 2533176,
            "bits_per_second": 20262144.74612617,
            "jitter_ms": 0.0113587780541353,
            "lost_packets": 0,
            "packets": 1812,
            "lost_percent": 0,
            "omitted": false,
            "sender": false
          }
        },
        {
          "streams": [
            {
              "socket": 10,
              "start": 5.000187,
              "end": 6.000203,
              "seconds": 1.0000159740448,
              "bytes": 2503818,
              "bits_per_second": 20030224.036303893,
              "jitter_ms": 0.011573761806716203,
              "lost_packets": 0,
              "packets": 1791,
              "lost_percent": 0,
              "omitted": false,
              "sender": false
            }
          ],
          "sum": {
            "start": 5.000187,
            "end": 6.000203,
            "seconds": 1.0000159740448,
            "bytes": 2503818,
            "bits_per_second": 20030224.036303893,
            "jitter_ms": 0.011573761806716203,
            "lost_packets": 0,
            "packets": 1791,
            "lost_percent": 0,
            "omitted": false,
            "sender": false
          }
        },
        {
          "streams": [
            {
              "socket": 10,
              "start": 6.000203,
              "end": 7.00022,
              "seconds": 1.0000170469284058,
              "bytes": 2495430,
              "bits_per_second": 19963099.690468818,
              "jitter_ms": 0.011464844475173952,
              "lost_packets": 0,
              "packets": 1785,
              "lost_percent": 0,
              "omitted": false,
              "sender": false
            }
          ],
          "sum": {
            "start": 6.000203,
            "end": 7.00022,
            "seconds": 1.0000170469284058,
            "bytes": 2495430,
            "bits_per_second": 19963099.690468818,
            "jitter_ms": 0.011464844475173952,
            "lost_packets": 0,
            "packets": 1785,
            "lost_percent": 0,
            "omitted": false,
            "sender": false
          }
        },
        {
          "streams": [
            {
              "socket": 10,
              "start": 7.00022,
              "end": 8.000189,
              "seconds": 0.9999690055847168,
              "bytes": 2501022,
              "bits_per_second": 20008796.16093753,
              "jitter_ms": 0.011290345866072669,
              "lost_packets": 0,
              "packets": 1789,