{
  "udp": {
    "70": {
      "start": {
        "connected": [
          {
            "socket": 10,
            "local_host": "172.17.0.2",
            "local_port": 52955,
            "remote_host": "172.20.25.101",
            "remote_port": 32201
          }
        ],
        "version": "iperf 3.12",
        "system_info": "Linux 16ca74877c1f 6.8.0-59-generic #61~22.04.1-Ubuntu SMP PREEMPT_DYNAMIC Tue Apr 15 17:03:15 UTC 2 x86_64",
        "timestamp": {
          "time": "Sat, 17 May 2025 04:02:01 GMT",
          "timesecs": 1747454521
        },
        "connecting_to": {
          "host": "api-int.tenoran.automation.otic.open6g.net",
          "port": 32201
        },
        "cookie": "2tcpr66lnd3tcc3t7m3r4hcm3zvbilduc222",
        "target_bitrate": 70000000,
        "sock_bufsize": 0,
        "sndbuf_actual": 212992,
        "rcvbuf_actual": 212992,
        "test_start": {
          "protocol": "UDP",
          "num_streams": 1,
          "blksize": 1348,
          "omit": 0,
          "duration": 10,
          "bytes": 0,
          "blocks": 0,
          "reverse": 1,
          "tos": 0,
          "target_bitrate": 70000000
        }
      },
      "intervals": [
        {
          "streams": [
            {
              "socket": 10,
              "start": 0,
              "end": 1.000149,
              "seconds": 1.0001490116119385,
              "bytes": 7761784,
              "bits_per_second": 62085020.61100152,
              "jitter_ms": 0.03754055606576187,
              "lost_packets": 223,
              "packets": 5981,
              "lost_percent": 3.7284734994148137,
              "omitted": false,
              "sender": false
            }
          ],
          "sum": {
            "start": 0,
            "end": 1.000149,
            "seconds": 1.0001490116119385,
            "bytes": 7761784,
            "bits_per_second": 62085020.61100152,
            "jitter_ms": 0.03754055606576187,
            "lost_packets": 223,
            "packets": 5981,
            "lost_percent": 3.7284734994148137,
            "omitted": false,
            "sender": false
          }
        },
        {
          "streams": [
            {
              "socket": 10,
              "start": 1.000149,
              "end": 2.000194,
              "seconds": 1.0000449419021606,
              "bytes": 8743128,
              "bits_per_second": 69941880.6788416,
              "jitter_ms": 0.04767406029307565,
              "lost_packets": 55,
              "packets": 6541,
              "lost_percent": 0.8408500229322734,
              "omitted": false,
              "sender": false
            }
          ],
          "sum": {
            "start": 1.000149,
            "end": 2.000194,
            "seconds": 1.0000449419021606,
            "bytes": 8743128,
            "bits_per_second": 69941880.6788416,
            "jitter_ms": 0.04767406029307565,
            "lost_packets": 55,
            "packets": 6541,
            "lost_percent": 0.8408500229322734,
            "omitted": false,
            "sender": false
          }
        },
        {
          "streams": [
            {
              "socket": 10,
              "start": 2.000194,
              "end": 3.000124,
              "seconds": 0.9999300241470337,
              "bytes": 8590804,
              "bits_per_second": 68731241.5272513,
              "jitter_ms": 0.014466813514327213,
              "lost_packets": 82,
              "packets": 6455,
              "lost_percent": 1.270333075135554,
              "omitted": false,
              "sender": false
            }
          ],
          "sum": {
            "start": 2.000194,
            "end": 3.000124,
            "seconds": 0.9999300241470337,
            "bytes": 8590804,
            "bits_per_second": 68731241.5272513,
            "jitter_ms": 0.014466813514327213,
            "lost_packets": 82,
            "packets": 6455,
            "lost_percent": 1.270333075135554,
            "omitted": false,
            "sender": false
          }
        },
        {
          "streams": [
            {
              "socket": 10,
              "start": 3.000124,
              "end": 4.000122,
              "seconds": 0.9999979734420776,
              "bytes": 8826704,
              "bits_per_second": 70613775.10290536,
              "jitter_ms": 0.03632558108544477,
              "lost_packets": 0,
              "packets": 6548,
              "lost_percent": 0,
              "omitted": false,
              "sender": false
            }
          ],
          "sum": {
            "start": 3.000124,
            "end": 4.000122,
            "seconds": 0.9999979734420776,
            "bytes": 8826704,
            "bits_per_second": 70613775.10290536,
            "jitter_ms": 0.03632558108544477,
            "lost_packets": 0,
            "packets": 6548,
            "lost_percent": 0,
            "omitted": false,
            "sender": false
          }
        },
        {
          "streams": [
            {
              "socket": 10,
              "start": 4.000122,
              "end": 5.000192,
              "seconds": 1.0000699758529663,
              "bytes": 8749868,
              "bits_per_second": 69994046.1069211,
              "jitter_ms": 0.03725867174309438,
              "lost_packets": 0,
              "packets": 6491,
              "lost_percent": 0,
              "omitted": false,
              "sender": false
            }
          ],
          "sum": {
            "start": 4.000122,
            "end": 5.000192,
            "seconds": 1.0000699758529663,
            "bytes": 8749868,
            "bits_per_second": 69994046.1069211,
            "jitter_ms": 0.03725867174309438,
            "lost_packets": 0,
            "packets": 6491,
            "lost_percent": 0,
            "omitted": false,
            "sender": false
          }
        },
        {
          "streams": [
            {
              "socket": 10,
              "start": 5.000192,
              "end": 6.000149,
              "seconds": 0.999957025051117,
              "bytes": 8671684,
              "bits_per_second": 69376453.44954067,
              "jitter_ms": 0.06254155830948675,
              "lost_packets": 0,
              "packets": 6433,
              "lost_percent": 0,
              "omitted": false,
              "sender": false
            }
          ],
          "sum": {
            "start": 5.000192,
            "end": 6.000149,
            "seconds": 0.999957025051117,
            "bytes": 8671684,
            "bits_per_second": 69376453.44954067,
            "jitter_ms": 0.06254155830948675,
            "lost_packets": 0,
            "packets": 6433,
            "lost_percent": 0,
            "omitted": false,
            "sender": false
          }
        },
        {
          "streams": [
            {
              "socket": 10,
              "start": 6.000149,
              "end": 7.000128,
              "seconds": 0.999979019165039,
              "bytes": 8775480,
              "bits_per_second": 70205312.9660847,
              "jitter_ms": 0.03607512004945522,
              "lost_packets": 40,
              "packets": 6550,
              "lost_percent": 0.6106870229007634,
              "omitted": false,
              "sender": false
            }
          ],
          "sum": {
            "start": 6.000149,
            "end": 7.000128,
            "seconds": 0.999979019165039,
            "bytes": 8775480,
            "bits_per_second": 70205312.9660847,
            "jitter_ms": 0.03607512004945522,
            "lost_packets": 40,
            "packets": 6550,
            "lost_percent": 0.6106870229007634,
            "omitted": false,
            "sender": false
          }
        },
        {
          "streams": [
            {
              "socket": 10,
              "start": 7.000128,
              "end": 8.000213,
              "seconds": 1.00008499622345,
              "bytes": 8621808,