{
  "udp": {
    "10": {
      "start": {
        "connected": [
          {
            "socket": 5,
            "local_host": "172.17.0.2",
            "local_port": 44994,
            "remote_host": "172.20.25.101",
            "remote_port": 32201
          }
        ],
        "version": "iperf 3.12",
        "system_info": "Linux 2f64a7768c1a 6.8.0-79-generic #79~22.04.1-Ubuntu SMP PREEMPT_DYNAMIC Fri Aug 15 16:54:53 UTC 2 x86_64",
        "timestamp": {
          "time": "Thu, 09 Oct 2025 06:01:17 GMT",
          "timesecs": 1759989677
        },
        "connecting_to": {
          "host": "api-int.tenoran.automation.otic.open6g.net",
          "port": 32201
        },
        "cookie": "z66zdnwoztdrz2fgwq4bavuz7meueve34ocq",
        "target_bitrate": 10000000,
        "sock_bufsize": 0,
        "sndbuf_actual": 212992,
        "rcvbuf_actual": 212992,
        "test_start": {
          "protocol": "UDP",
          "num_streams": 1,
          "blksize": 1348,
          "omit": 0,
          "duration": 10,
          "bytes": 0,
          "blocks": 0,
          "reverse": 1,
          "tos": 0,
          "target_bitrate": 10000000
        }
      },
      "intervals": [
        {
          "streams": [
            {
              "socket": 5,
              "start": 0,
              "end": 1.000071,
              "seconds": 1.0000710487365723,
              "bytes": 1253640,
              "bits_per_second": 10028407.4943177,
              "jitter_ms": 1.5933063713533153,
              "lost_packets": 0,
              "packets": 930,
              "lost_percent": 0,
              "omitted": false,
              "sender": false
            }
          ],
          "sum": {
            "start": 0,
            "end": 1.000071,
            "seconds": 1.0000710487365723,
            "bytes": 1253640,
            "bits_per_second": 10028407.4943177,
            "jitter_ms": 1.5933063713533153,
            "lost_packets": 0,
            "packets": 930,
            "lost_percent": 0,
            "omitted": false,
            "sender": false
          }
        },
        {
          "streams": [
            {
              "socket": 5,
              "start": 1.000071,
              "end": 2.000201,
              "seconds": 1.0001300573349,
              "bytes": 1249596,
              "bits_per_second": 9995468.016068753,
              "jitter_ms": 1.5773294216232019,
              "lost_packets": 0,
              "packets": 927,
              "lost_percent": 0,
              "omitted": false,
              "sender": false
            }
          ],
          "sum": {
            "start": 1.000071,
            "end": 2.000201,
            "seconds": 1.0001300573349,
            "bytes": 1249596,
            "bits_per_second": 9995468.016068753,
            "jitter_ms": 1.5773294216232019,
            "lost_packets": 0,
            "packets": 927,
            "lost_percent": 0,
            "omitted": false,
            "sender": false
          }
        },
        {
          "streams": [
            {
              "socket": 5,
              "start": 2.000201,
              "end": 3.000211,
              "seconds": 1.0000100135803223,
              "bytes": 1249596,
              "bits_per_second": 9996667.897563053,
              "jitter_ms": 1.6754458318163374,
              "lost_packets": 0,
              "packets": 927,
              "lost_percent": 0,
              "omitted": false,
              "sender": false
            }
          ],
          "sum": {
            "start": 2.000201,
            "end": 3.000211,
            "seconds": 1.0000100135803223,
            "bytes": 1249596,
            "bits_per_second": 9996667.897563053,
            "jitter_ms": 1.6754458318163374,
            "lost_packets": 0,
            "packets": 927,
            "lost_percent": 0,
            "omitted": false,
            "sender": false
          }
        },
        {
          "streams": [
            {
              "socket": 5,
              "start": 3.000211,
              "end": 4.000188,
              "seconds": 0.9999769926071167,
              "bytes": 1250944,
              "bits_per_second": 10007782.252978185,
              "jitter_ms": 1.5492117569188306,
              "lost_packets": 0,
              "packets": 928,
              "lost_percent": 0,
              "omitted": false,
              "sender": false
            }
          ],
          "sum": {
            "start": 3.000211,
            "end": 4.000188,
            "seconds": 0.9999769926071167,
            "bytes": 1250944,
            "bits_per_second": 10007782.252978185,
            "jitter_ms": 1.5492117569188306,
            "lost_packets": 0,
            "packets": 928,
            "lost_percent": 0,
            "omitted": false,
            "sender": false
          }
        },
        {
          "streams": [
            {
              "socket": 5,
              "start": 4.000188,
              "end": 5.000203,
              "seconds": 1.0000150203704834,
              "bytes": 1249596,
              "bits_per_second": 9996617.847096356,
              "jitter_ms": 1.6440583815051781,
              "lost_packets": 0,
              "packets": 927,
              "lost_percent": 0,
              "omitted": false,
              "sender": false
            }
          ],
          "sum": {
            "start": 4.000188,
            "end": 5.000203,
            "seconds": 1.0000150203704834,
            "bytes": 1249596,
            "bits_per_second": 9996617.847096356,
            "jitter_ms": 1.6440583815051781,
            "lost_packets": 0,
            "packets": 927,
            "lost_percent": 0,
            "omitted": false,
            "sender": false
          }
        },
        {
          "streams": [
            {
              "socket": 5,
              "start": 5.000203,
              "end": 6.000203,
              "seconds": 1,
              "bytes": 1249596,
              "bits_per_second": 9996768,
              "jitter_ms": 1.638040271788356,
              "lost_packets": 0,
              "packets": 927,
              "lost_percent": 0,
              "omitted": false,
              "sender": false
            }
          ],
          "sum": {
            "start": 5.000203,
            "end": 6.000203,
            "seconds": 1,
            "bytes": 1249596,
            "bits_per_second": 9996768,
            "jitter_ms": 1.638040271788356,
            "lost_packets": 0,
            "packets": 927,
            "lost_percent": 0,
            "omitted": false,
            "sender": false
          }
        },
        {
          "streams": [
            {
              "socket": 5,
              "start": 6.000203,
              "end": 7.000212,
              "seconds": 1.0000089406967163,
              "bytes": 1250944,
              "bits_per_second": 10007462.526312653,
              "jitter_ms": 1.5981055563731479,
              "lost_packets": 0,
              "packets": 928,
              "lost_percent": 0,
              "omitted": false,
              "sender": false
            }
          ],
          "sum": {
            "start": 6.000203,
            "end": 7.000212,
            "seconds": 1.0000089406967163,
            "bytes": 1250944,
            "bits_per_second": 10007462.526312653,
            "jitter_ms": 1.5981055563731479,
            "lost_packets": 0,
            "packets": 928,
            "lost_percent": 0,
            "omitted": false,
            "sender": false
          }
        },
        {
          "streams": [
            {
              "socket": 5,
              "start": 7.000212,
              "end": 8.000274,
              "seconds": 1.0000619888305664,
              "bytes": 1232072,
              "bits_per_second": 9855965.04025305,
              "jitter_ms": 1.0304875278813808,
              "lost_packets": 0,
              "packets": 914,
              "lost_percent": 0,
              "omitted": false,