{
  "udp": {
    "30": {
      "start": {
        "connected": [
          {
            "socket": 5,
            "local_host": "172.17.0.2",
            "local_port": 42202,
            "remote_host": "172.20.25.101",
            "remote_port": 32201
          }
        ],
        "version": "iperf 3.12",
        "system_info": "Linux 8a8201716299 6.8.0-86-generic #87~22.04.1-Ubuntu SMP PREEMPT_DYNAMIC Mon Sep 29 09:48:07 UTC 2 x86_64",
        "timestamp": {
          "time": "Sat, 01 Nov 2025 06:02:08 GMT",
          "timesecs": 1761976928
        },
        "connecting_to": {
          "host": "api-int.tenoran.automation.otic.open6g.net",
          "port": 32201
        },
        "cookie": "wm7i3djmc25b5eu5mlcvamcijnffcrr45gdl",
        "target_bitrate": 30000000,
        "sock_bufsize": 0,
        "sndbuf_actual": 212992,
        "rcvbuf_actual": 212992,
        "test_start": {
          "protocol": "UDP",
          "num_streams": 1,
          "blksize": 1348,
          "omit": 0,
          "duration": 10,
          "bytes": 0,
          "blocks": 0,
          "reverse": 1,
          "tos": 0,
          "target_bitrate": 30000000
        }
      },
      "intervals": [
        {
          "streams": [
            {
              "socket": 5,
              "start": 0,
              "end": 1.000204,
              "seconds": 1.0002039670944214,
              "bytes": 3732612,
              "bits_per_second": 29854806.60184291,
              "jitter_ms": 0.5713304085931156,
              "lost_packets": 2,
              "packets": 2771,
              "lost_percent": 0.07217610970768676,
              "omitted": false,
              "sender": false
            }
          ],
          "sum": {
            "start": 0,
            "end": 1.000204,
            "seconds": 1.0002039670944214,
            "bytes": 3732612,
            "bits_per_second": 29854806.60184291,
            "jitter_ms": 0.5713304085931156,
            "lost_packets": 2,
            "packets": 2771,
            "lost_percent": 0.07217610970768676,
            "omitted": false,
            "sender": false
          }
        },
        {
          "streams": [
            {
              "socket": 5,
              "start": 1.000204,
              "end": 2.000214,
              "seconds": 1.0000100135803223,
              "bytes": 3739352,
              "bits_per_second": 29914516.44858674,
              "jitter_ms": 0.4906863664310328,
              "lost_packets": 0,
              "packets": 2774,
              "lost_percent": 0,
              "omitted": false,
              "sender": false
            }
          ],
          "sum": {
            "start": 1.000204,
            "end": 2.000214,
            "seconds": 1.0000100135803223,
            "bytes": 3739352,
            "bits_per_second": 29914516.44858674,
            "jitter_ms": 0.4906863664310328,
            "lost_packets": 0,
            "packets": 2774,
            "lost_percent": 0,
            "omitted": false,
            "sender": false
          }
        },
        {
          "streams": [
            {
              "socket": 5,
              "start": 2.000214,
              "end": 3.000209,
              "seconds": 0.999994993209839,
              "bytes": 3764964,
              "bits_per_second": 30119862.80383274,
              "jitter_ms": 0.526871895929928,
              "lost_packets": 3,
              "packets": 2796,
              "lost_percent": 0.1072961373390558,
              "omitted": false,
              "sender": false
            }
          ],
          "sum": {
            "start": 2.000214,
            "end": 3.000209,
            "seconds": 0.999994993209839,
            "bytes": 3764964,
            "bits_per_second": 30119862.80383274,
            "jitter_ms": 0.526871895929928,
            "lost_packets": 3,
            "packets": 2796,
            "lost_percent": 0.1072961373390558,
            "omitted": false,
            "sender": false
          }
        },
        {
          "streams": [
            {
              "socket": 5,
              "start": 3.000209,
              "end": 4.000208,
              "seconds": 0.9999989867210388,
              "bytes": 3752832,
              "bits_per_second": 30022686.42135651,
              "jitter_ms": 0.5261250645604784,
              "lost_packets": 0,
              "packets": 2784,
              "lost_percent": 0,
              "omitted": false,
              "sender": false
            }
          ],
          "sum": {
            "start": 3.000209,
            "end": 4.000208,
            "seconds": 0.9999989867210388,
            "bytes": 3752832,
            "bits_per_second": 30022686.42135651,
            "jitter_ms": 0.5261250645604784,
            "lost_packets": 0,
            "packets": 2784,
            "lost_percent": 0,
            "omitted": false,
            "sender": false
          }
        },
        {
          "streams": [
            {
              "socket": 5,
              "start": 4.000208,
              "end": 5.000205,
              "seconds": 0.9999970197677612,
              "bytes": 3740700,
              "bits_per_second": 29925689.185503677,
              "jitter_ms": 0.4706963631072412,
              "lost_packets": 5,
              "packets": 2780,
              "lost_percent": 0.17985611510791366,
              "omitted": false,
              "sender": false
            }
          ],
          "sum": {
            "start": 4.000208,
            "end": 5.000205,
            "seconds": 0.9999970197677612,
            "bytes": 3740700,
            "bits_per_second": 29925689.185503677,
            "jitter_ms": 0.4706963631072412,
            "lost_packets": 5,
            "packets": 2780,
            "lost_percent": 0.17985611510791366,
            "omitted": false,
            "sender": false
          }
        },
        {
          "streams": [
            {
              "socket": 5,
              "start": 5.000205,
              "end": 6.000187,
              "seconds": 0.9999819993972778,
              "bytes": 3738004,
              "bits_per_second": 29904570.300289553,
              "jitter_ms": 0.6162339229914946,
              "lost_packets": 0,
              "packets": 2773,
              "lost_percent": 0,
              "omitted": false,
              "sender": false
            }
          ],
          "sum": {
            "start": 5.000205,
            "end": 6.000187,
            "seconds": 0.9999819993972778,
            "bytes": 3738004,
            "bits_per_second": 29904570.300289553,
            "jitter_ms": 0.6162339229914946,
            "lost_packets": 0,
            "packets": 2773,
            "lost_percent": 0,
            "omitted": false,
            "sender": false
          }
        },
        {
          "streams": [
            {
              "socket": 5,
              "start": 6.000187,
              "end": 7.000146,
              "seconds": 0.9999589920043945,
              "bytes": 3748788,
              "bits_per_second": 29991533.892690074,
              "jitter_ms": 0.7273733979884535,
              "lost_packets": 1,
              "packets": 2782,
              "lost_percent": 0.035945363048166784,
              "omitted": false,
              "sender": false
            }
          ],
          "sum": {
            "start": 6.000187,
            "end": 7.000146,
            "seconds": 0.9999589920043945,
            "bytes": 3748788,
            "bits_per_second": 29991533.892690074,
            "jitter_ms": 0.7273733979884535,
            "lost_packets": 1,
            "packets": 2782,
            "lost_percent": 0.035945363048166784,
            "omitted": false,
            "sender": false
          }
        },
        {
          "streams": [
            {
              "socket": 5,
              "start": 7.000146,
              "end": 8.000164,
              "seconds": 1.0000180006027222,
              "bytes": 3752832,