{
  "udp": {
    "50": {
      "start": {
        "connected": [
          {
            "socket": 10,
            "local_host": "172.17.0.2",
            "local_port": 36414,
            "remote_host": "172.20.25.101",
            "remote_port": 32201
          }
        ],
        "version": "iperf 3.12",
        "system_info": "Linux 0f076761f20f 6.8.0-60-generic #63~22.04.1-Ubuntu SMP PREEMPT_DYNAMIC Tue Apr 22 19:00:15 UTC 2 x86_64",
        "timestamp": {
          "time": "Sun, 13 Jul 2025 05:01:48 GMT",
          "timesecs": 1752382908
        },
        "connecting_to": {
          "host": "api-int.tenoran.automation.otic.open6g.net",
          "port": 32201
        },
        "cookie": "qhomehyee2fych27qyg7d6bjwnsfdwukqz6g",
        "target_bitrate": 50000000,
        "sock_bufsize": 0,
        "sndbuf_actual": 212992,
        "rcvbuf_actual": 212992,
        "test_start": {
          "protocol": "UDP",
          "num_streams": 1,
          "blksize": 1348,
          "omit": 0,
          "duration": 10,
          "bytes": 0,
          "blocks": 0,
          "reverse": 1,
          "tos": 0,
          "target_bitrate": 50000000
        }
      },
      "intervals": [
        {
          "streams": [
            {
              "socket": 10,
              "start": 0,
              "end": 1.000113,
              "seconds": 1.0001130104064941,
              "bytes": 5207324,
              "bits_per_second": 41653884.67756053,
              "jitter_ms": 0.14612400033586426,
              "lost_packets": 2,
              "packets": 3865,
              "lost_percent": 0.0517464424320828,
              "omitted": false,
              "sender": false
            }
          ],
          "sum": {
            "start": 0,
            "end": 1.000113,
            "seconds": 1.0001130104064941,
            "bytes": 5207324,
            "bits_per_second": 41653884.67756053,
            "jitter_ms": 0.14612400033586426,
            "lost_packets": 2,
            "packets": 3865,
            "lost_percent": 0.0517464424320828,
            "omitted": false,
            "sender": false
          }
        },
        {
          "streams": [
            {
              "socket": 10,
              "start": 1.000113,
              "end": 2.000124,
              "seconds": 1.0000109672546387,
              "bytes": 1938424,
              "bits_per_second": 15507221.928348374,
              "jitter_ms": 2.2288058416439207,
              "lost_packets": 15,
              "packets": 1453,
              "lost_percent": 1.032346868547832,
              "omitted": false,
              "sender": false
            }
          ],
          "sum": {
            "start": 1.000113,
            "end": 2.000124,
            "seconds": 1.0000109672546387,
            "bytes": 1938424,
            "bits_per_second": 15507221.928348374,
            "jitter_ms": 2.2288058416439207,
            "lost_packets": 15,
            "packets": 1453,
            "lost_percent": 1.032346868547832,
            "omitted": false,
            "sender": false
          }
        },
        {
          "streams": [
            {
              "socket": 10,
              "start": 2.000124,
              "end": 3.000131,
              "seconds": 1.0000070333480835,
              "bytes": 607948,
              "bits_per_second": 4863549.792961385,
              "jitter_ms": 1.7410658363690195,
              "lost_packets": 0,
              "packets": 451,
              "lost_percent": 0,
              "omitted": false,
              "sender": false
            }
          ],
          "sum": {
            "start": 2.000124,
            "end": 3.000131,
            "seconds": 1.0000070333480835,
            "bytes": 607948,
            "bits_per_second": 4863549.792961385,
            "jitter_ms": 1.7410658363690195,
            "lost_packets": 0,
            "packets": 451,
            "lost_percent": 0,
            "omitted": false,
            "sender": false
          }
        },
        {
          "streams": [
            {
              "socket": 10,
              "start": 3.000131,
              "end": 4.000118,
              "seconds": 0.999987006187439,
              "bytes": 652432,
              "bits_per_second": 5219523.821514195,
              "jitter_ms": 1.7463924973268894,
              "lost_packets": 0,
              "packets": 484,
              "lost_percent": 0,
              "omitted": false,
              "sender": false
            }
          ],
          "sum": {
            "start": 3.000131,
            "end": 4.000118,
            "seconds": 0.999987006187439,
            "bytes": 652432,
            "bits_per_second": 5219523.821514195,
            "jitter_ms": 1.7463924973268894,
            "lost_packets": 0,
            "packets": 484,
            "lost_percent": 0,
            "omitted": false,
            "sender": false
          }
        },
        {
          "streams": [
            {
              "socket": 10,
              "start": 4.000118,
              "end": 5.000152,
              "seconds": 1.000033974647522,
              "bytes": 3073440,
              "bits_per_second": 24586684.6760544,
              "jitter_ms": 0.0767360681893966,
              "lost_packets": 20,
              "packets": 2300,
              "lost_percent": 0.8695652173913043,
              "omitted": false,
              "sender": false
            }
          ],
          "sum": {
            "start": 4.000118,
            "end": 5.000152,
            "seconds": 1.000033974647522,
            "bytes": 3073440,
            "bits_per_second": 24586684.6760544,
            "jitter_ms": 0.0767360681893966,
            "lost_packets": 20,
            "packets": 2300,
            "lost_percent": 0.8695652173913043,
            "omitted": false,
            "sender": false
          }
        },
        {
          "streams": [
            {
              "socket": 10,
              "start": 5.000152,
              "end": 6.000144,
              "seconds": 0.9999920129776,
              "bytes": 6885584,
              "bits_per_second": 55085111.96602318,
              "jitter_ms": 0.0957913567831991,
              "lost_packets": 9,
              "packets": 5117,
              "lost_percent": 0.17588430721125659,
              "omitted": false,
              "sender": false
            }
          ],
          "sum": {
            "start": 5.000152,
            "end": 6.000144,
            "seconds": 0.9999920129776,
            "bytes": 6885584,
            "bits_per_second": 55085111.96602318,
            "jitter_ms": 0.0957913567831991,
            "lost_packets": 9,
            "packets": 5117,
            "lost_percent": 0.17588430721125659,
            "omitted": false,
            "sender": false
          }
        },
        {
          "streams": [
            {
              "socket": 10,
              "start": 6.000144,
              "end": 7.000176,
              "seconds": 1.0000319480895996,
              "bytes": 7025776,
              "bits_per_second": 56204412.3763975,
              "jitter_ms": 0.6615870548008562,
              "lost_packets": 0,
              "packets": 5212,
              "lost_percent": 0,
              "omitted": false,
              "sender": false
            }
          ],
          "sum": {
            "start": 6.000144,
            "end": 7.000176,
            "seconds": 1.0000319480895996,
            "bytes": 7025776,
            "bits_per_second": 56204412.3763975,
            "jitter_ms": 0.6615870548008562,
            "lost_packets": 0,
            "packets": 5212,
            "lost_percent": 0,
            "omitted": false,
            "sender": false
          }
        },
        {
          "streams": [
            {
              "socket": 10,
              "start": 7.000176,
              "end": 8.000101,
              "seconds": 0.9999250173568726,
              "bytes": 7149792,