{
  "udp": {
    "20": {
      "start": {
        "connected": [
          {
            "socket": 9,
            "local_host": "172.17.0.2",
            "local_port": 47241,
            "remote_host": "10.100.1.101",
            "remote_port": 32201
          }
        ],
        "version": "iperf 3.12",
        "system_info": "Linux 3b62cea44d64 6.5.0-26-generic #26~22.04.1-Ubuntu SMP PREEMPT_DYNAMIC Tue Mar 12 10:22:43 UTC 2 x86_64",
        "timestamp": {
          "time": "Tue, 16 Apr 2024 14:30:00 GMT",
          "timesecs": 1713277800
        },
        "connecting_to": {
          "host": "api-int.edge.open5g.info",
          "port": 32201
        },
        "cookie": "okayzfmgaun3dyrdymeu6vjjqmhnuob373ue",
        "target_bitrate": 20000000,
        "sock_bufsize": 0,
        "sndbuf_actual": 212992,
        "rcvbuf_actual": 212992,
        "test_start": {
          "protocol": "UDP",
          "num_streams": 1,
          "blksize": 1398,
          "omit": 0,
          "duration": 10,
          "bytes": 0,
          "blocks": 0,
          "reverse": 1,
          "tos": 0,
          "target_bitrate": 20000000
        }
      },
      "intervals": [
        {
          "streams": [
            {
              "socket": 9,
              "start": 0,
              "end": 1.000281,
              "seconds": 1.0002809762954712,
              "bytes": 2491236,
              "bits_per_second": 19924289.74687703,
              "jitter_ms": 0.05004358059946553,
              "lost_packets": 8,
              "packets": 1790,
              "lost_percent": 0.446927374301676,
              "omitted": false,
              "sender": false
            }
          ],
          "sum": {
            "start": 0,
            "end": 1.000281,
            "seconds": 1.0002809762954712,
            "bytes": 2491236,
            "bits_per_second": 19924289.74687703,
            "jitter_ms": 0.05004358059946553,
            "lost_packets": 8,
            "packets": 1790,
            "lost_percent": 0.446927374301676,
            "omitted": false,
            "sender": false
          }
        },
        {
          "streams": [
            {
              "socket": 9,
              "start": 1.000281,
              "end": 2.000278,
              "seconds": 0.9999970197677612,
              "bytes": 2501022,
              "bits_per_second": 20008235.62918886,
              "jitter_ms": 0.013055408714738327,
              "lost_packets": 0,
              "packets": 1789,
              "lost_percent": 0,
              "omitted": false,
              "sender": false
            }
          ],
          "sum": {
            "start": 1.000281,
            "end": 2.000278,
            "seconds": 0.9999970197677612,
            "bytes": 2501022,
            "bits_per_second": 20008235.62918886,
            "jitter_ms": 0.013055408714738327,
            "lost_packets": 0,
            "packets": 1789,
            "lost_percent": 0,
            "omitted": false,
            "sender": false
          }
        },
        {
          "streams": [
            {
              "socket": 9,
              "start": 2.000278,
              "end": 3.000284,
              "seconds": 1.0000059604644775,
              "bytes": 2499624,
              "bits_per_second": 19996872.809349958,
              "jitter_ms": 0.2122306149852367,
              "lost_packets": 0,
              "packets": 1788,
              "lost_percent": 0,
              "omitted": false,
              "sender": false
            }
          ],
          "sum": {
            "start": 2.000278,
            "end": 3.000284,
            "seconds": 1.0000059604644775,
            "bytes": 2499624,
            "bits_per_second": 19996872.809349958,
            "jitter_ms": 0.2122306149852367,
            "lost_packets": 0,
            "packets": 1788,
            "lost_percent": 0,
            "omitted": false,
            "sender": false
          }
        },
        {
          "streams": [
            {
              "socket": 9,
              "start": 3.000284,
              "end": 4.000292,
              "seconds": 1.0000079870224,
              "bytes": 2460480,
              "bits_per_second": 19683682.785984676,
              "jitter_ms": 0.01844051862870432,
              "lost_packets": 2,
              "packets": 1762,
              "lost_percent": 0.11350737797956867,
              "omitted": false,
              "sender": false
            }
          ],
          "sum": {
            "start": 3.000284,
            "end": 4.000292,
            "seconds": 1.0000079870224,
            "bytes": 2460480,
            "bits_per_second": 19683682.785984676,
            "jitter_ms": 0.01844051862870432,
            "lost_packets": 2,
            "packets": 1762,
            "lost_percent": 0.11350737797956867,
            "omitted": false,
            "sender": false
          }
        },
        {
          "streams": [
            {
              "socket": 9,
              "start": 4.000292,
              "end": 5.000297,
              "seconds": 1.0000050067901611,
              "bytes": 2534574,
              "bits_per_second": 20276490.479866963,
              "jitter_ms": 0.02060072415893585,
              "lost_packets": 1,
              "packets": 1814,
              "lost_percent": 0.05512679162072767,
              "omitted": false,
              "sender": false
            }
          ],
          "sum": {
            "start": 4.000292,
            "end": 5.000297,
            "seconds": 1.0000050067901611,
            "bytes": 2534574,
            "bits_per_second": 20276490.479866963,
            "jitter_ms": 0.02060072415893585,
            "lost_packets": 1,
            "packets": 1814,
            "lost_percent": 0.05512679162072767,
            "omitted": false,
            "sender": false
          }
        },
        {
          "streams": [
            {
              "socket": 9,
              "start": 5.000297,
              "end": 6.000279,
              "seconds": 0.9999819993972778,
              "bytes": 2425530,
              "bits_per_second": 19404589.294302873,
              "jitter_ms": 0.009098154178324385,
              "lost_packets": 54,
              "packets": 1789,
              "lost_percent": 3.0184460592509783,
              "omitted": false,
              "sender": false
            }
          ],
          "sum": {
            "start": 5.000297,
            "end": 6.000279,
            "seconds": 0.9999819993972778,
            "bytes": 2425530,
            "bits_per_second": 19404589.294302873,
            "jitter_ms": 0.009098154178324385,
            "lost_packets": 54,
            "packets": 1789,
            "lost_percent": 3.0184460592509783,
            "omitted": false,
            "sender": false
          }
        },
        {
          "streams": [
            {
              "socket": 9,
              "start": 6.000279,
              "end": 7.000281,
              "seconds": 1.0000020265579224,
              "bytes": 2498226,
              "bits_per_second": 19985767.497684542,
              "jitter_ms": 0.00857937712403667,
              "lost_packets": 1,
              "packets": 1788,
              "lost_percent": 0.05592841163310962,
              "omitted": false,
              "sender": false
            }
          ],
          "sum": {
            "start": 6.000279,
            "end": 7.000281,
            "seconds": 1.0000020265579224,
            "bytes": 2498226,
            "bits_per_second": 19985767.497684542,
            "jitter_ms": 0.00857937712403667,
            "lost_packets": 1,
            "packets": 1788,
            "lost_percent": 0.05592841163310962,
            "omitted": false,
            "sender": false
          }
        },
        {
          "streams": [
            {
              "socket": 9,
              "start": 7.000281,
              "end": 8.000282,
              "seconds": 1.0000009536743164,