{
  "udp": {
    "30": {
      "start": {
        "connected": [
          {
            "socket": 9,
            "local_host": "172.17.0.2",
            "local_port": 59200,
            "remote_host": "10.100.1.103",
            "remote_port": 32201
          }
        ],
        "version": "iperf 3.12",
        "system_info": "Linux 21d76740a36f 6.5.0-27-generic #28~22.04.1-Ubuntu SMP PREEMPT_DYNAMIC Fri Mar 15 10:51:06 UTC 2 x86_64",
        "timestamp": {
          "time": "Fri, 17 May 2024 10:01:36 GMT",
          "timesecs": 1715940096
        },
        "connecting_to": {
          "host": "api-int.edge.open5g.info",
          "port": 32201
        },
        "cookie": "57ba2gqbkmoq3pryjdqzladqbr256yqrt62t",
        "target_bitrate": 30000000,
        "sock_bufsize": 0,
        "sndbuf_actual": 212992,
        "rcvbuf_actual": 212992,
        "test_start": {
          "protocol": "UDP",
          "num_streams": 1,
          "blksize": 1398,
          "omit": 0,
          "duration": 10,
          "bytes": 0,
          "blocks": 0,
          "reverse": 1,
          "tos": 0,
          "target_bitrate": 30000000
        }
      },
      "intervals": [
        {
          "streams": [
            {
              "socket": 9,
              "start": 0,
              "end": 1.000271,
              "seconds": 1.000270962715149,
              "bytes": 3676740,
              "bits_per_second": 29405952.083381947,
              "jitter_ms": 0.02058618239640389,
              "lost_packets": 25,
              "packets": 2655,
              "lost_percent": 0.9416195856873822,
              "omitted": false,
              "sender": false
            }
          ],
          "sum": {
            "start": 0,
            "end": 1.000271,
            "seconds": 1.000270962715149,
            "bytes": 3676740,
            "bits_per_second": 29405952.083381947,
            "jitter_ms": 0.02058618239640389,
            "lost_packets": 25,
            "packets": 2655,
            "lost_percent": 0.9416195856873822,
            "omitted": false,
            "sender": false
          }
        },
        {
          "streams": [
            {
              "socket": 9,
              "start": 1.000271,
              "end": 2.000086,
              "seconds": 0.9998149871826172,
              "bytes": 3778794,
              "bits_per_second": 30235946.037562646,
              "jitter_ms": 0.2381127303249769,
              "lost_packets": 11,
              "packets": 2714,
              "lost_percent": 0.4053058216654385,
              "omitted": false,
              "sender": false
            }
          ],
          "sum": {
            "start": 1.000271,
            "end": 2.000086,
            "seconds": 0.9998149871826172,
            "bytes": 3778794,
            "bits_per_second": 30235946.037562646,
            "jitter_ms": 0.2381127303249769,
            "lost_packets": 11,
            "packets": 2714,
            "lost_percent": 0.4053058216654385,
            "omitted": false,
            "sender": false
          }
        },
        {
          "streams": [
            {
              "socket": 9,
              "start": 2.000086,
              "end": 3.000262,
              "seconds": 1.000175952911377,
              "bytes": 3727068,
              "bits_per_second": 29811298.615216725,
              "jitter_ms": 0.021014317363349282,
              "lost_packets": 18,
              "packets": 2684,
              "lost_percent": 0.6706408345752608,
              "omitted": false,
              "sender": false
            }
          ],
          "sum": {
            "start": 2.000086,
            "end": 3.000262,
            "seconds": 1.000175952911377,
            "bytes": 3727068,
            "bits_per_second": 29811298.615216725,
            "jitter_ms": 0.021014317363349282,
            "lost_packets": 18,
            "packets": 2684,
            "lost_percent": 0.6706408345752608,
            "omitted": false,
            "sender": false
          }
        },
        {
          "streams": [
            {
              "socket": 9,
              "start": 3.000262,
              "end": 4.000178,
              "seconds": 0.9999160170555115,
              "bytes": 3475428,
              "bits_per_second": 27805759.209532157,
              "jitter_ms": 0.16519223585739623,
              "lost_packets": 194,
              "packets": 2680,
              "lost_percent": 7.2388059701492535,
              "omitted": false,
              "sender": false
            }
          ],
          "sum": {
            "start": 3.000262,
            "end": 4.000178,
            "seconds": 0.9999160170555115,
            "bytes": 3475428,
            "bits_per_second": 27805759.209532157,
            "jitter_ms": 0.16519223585739623,
            "lost_packets": 194,
            "packets": 2680,
            "lost_percent": 7.2388059701492535,
            "omitted": false,
            "sender": false
          }
        },
        {
          "streams": [
            {
              "socket": 9,
              "start": 4.000178,
              "end": 5.000196,
              "seconds": 1.0000180006027222,
              "bytes": 3697710,
              "bits_per_second": 29581147.5215154,
              "jitter_ms": 0.03620857439953236,
              "lost_packets": 38,
              "packets": 2683,
              "lost_percent": 1.4163250093179276,
              "omitted": false,
              "sender": false
            }
          ],
          "sum": {
            "start": 4.000178,
            "end": 5.000196,
            "seconds": 1.0000180006027222,
            "bytes": 3697710,
            "bits_per_second": 29581147.5215154,
            "jitter_ms": 0.03620857439953236,
            "lost_packets": 38,
            "packets": 2683,
            "lost_percent": 1.4163250093179276,
            "omitted": false,
            "sender": false
          }
        },
        {
          "streams": [
            {
              "socket": 9,
              "start": 5.000196,
              "end": 6.000263,
              "seconds": 1.0000669956207275,
              "bytes": 3567696,
              "bits_per_second": 28539655.96803307,
              "jitter_ms": 0.021317531966927553,
              "lost_packets": 2,
              "packets": 2554,
              "lost_percent": 0.0783085356303837,
              "omitted": false,
              "sender": false
            }
          ],
          "sum": {
            "start": 5.000196,
            "end": 6.000263,
            "seconds": 1.0000669956207275,
            "bytes": 3567696,
            "bits_per_second": 28539655.96803307,
            "jitter_ms": 0.021317531966927553,
            "lost_packets": 2,
            "packets": 2554,
            "lost_percent": 0.0783085356303837,
            "omitted": false,
            "sender": false
          }
        },
        {
          "streams": [
            {
              "socket": 9,
              "start": 6.000263,
              "end": 7.000262,
              "seconds": 0.9999989867210388,
              "bytes": 3890634,
              "bits_per_second": 31125103.53841258,
              "jitter_ms": 0.023512984879206486,
              "lost_packets": 28,
              "packets": 2811,
              "lost_percent": 0.9960868018498755,
              "omitted": false,
              "sender": false
            }
          ],
          "sum": {
            "start": 6.000263,
            "end": 7.000262,
            "seconds": 0.9999989867210388,
            "bytes": 3890634,
            "bits_per_second": 31125103.53841258,
            "jitter_ms": 0.023512984879206486,
            "lost_packets": 28,
            "packets": 2811,
            "lost_percent": 0.9960868018498755,
            "omitted": false,
            "sender": false
          }
        },
        {
          "streams": [
            {
              "socket": 9,
              "start": 7.000262,