{
  "udp": {
    "30": {
      "start": {
        "connected": [
          {
            "socket": 10,
            "local_host": "172.17.0.2",
            "local_port": 45627,
            "remote_host": "172.20.25.101",
            "remote_port": 32201
          }
        ],
        "version": "iperf 3.12",
        "system_info": "Linux fd257e4af196 6.8.0-60-generic #63~22.04.1-Ubuntu SMP PREEMPT_DYNAMIC Tue Apr 22 19:00:15 UTC 2 x86_64",
        "timestamp": {
          "time": "Tue, 24 Jun 2025 22:29:46 GMT",
          "timesecs": 1750804186
        },
        "connecting_to": {
          "host": "api-int.tenoran.automation.otic.open6g.net",
          "port": 32201
        },
        "cookie": "d7koomotqxum2q3afebvmuafuuzdidk4kyw6",
        "target_bitrate": 30000000,
        "sock_bufsize": 0,
        "sndbuf_actual": 212992,
        "rcvbuf_actual": 212992,
        "test_start": {
          "protocol": "UDP",
          "num_streams": 1,
          "blksize": 1348,
          "omit": 0,
          "duration": 10,
          "bytes": 0,
          "blocks": 0,
          "reverse": 1,
          "tos": 0,
          "target_bitrate": 30000000
        }
      },
      "intervals": [
        {
          "streams": [
            {
              "socket": 10,
              "start": 0,
              "end": 1.000131,
              "seconds": 1.0001310110092163,
              "bytes": 3620728,
              "bits_per_second": 28962029.655265912,
              "jitter_ms": 0.01592155900570782,
              "lost_packets": 0,
              "packets": 2686,
              "lost_percent": 0,
              "omitted": false,
              "sender": false
            }
          ],
          "sum": {
            "start": 0,
            "end": 1.000131,
            "seconds": 1.0001310110092163,
            "bytes": 3620728,
            "bits_per_second": 28962029.655265912,
            "jitter_ms": 0.01592155900570782,
            "lost_packets": 0,
            "packets": 2686,
            "lost_percent": 0,
            "omitted": false,
            "sender": false
          }
        },
        {
          "streams": [
            {
              "socket": 10,
              "start": 1.000131,
              "end": 2.000026,
              "seconds": 0.9998949766159058,
              "bytes": 3675996,
              "bits_per_second": 29411056.84872004,
              "jitter_ms": 0.24758800963755978,
              "lost_packets": 0,
              "packets": 2727,
              "lost_percent": 0,
              "omitted": false,
              "sender": false
            }
          ],
          "sum": {
            "start": 1.000131,
            "end": 2.000026,
            "seconds": 0.9998949766159058,
            "bytes": 3675996,
            "bits_per_second": 29411056.84872004,
            "jitter_ms": 0.24758800963755978,
            "lost_packets": 0,
            "packets": 2727,
            "lost_percent": 0,
            "omitted": false,
            "sender": false
          }
        },
        {
          "streams": [
            {
              "socket": 10,
              "start": 2.000026,
              "end": 3.000043,
              "seconds": 1.0000170469284058,
              "bytes": 2185108,
              "bits_per_second": 17480566.010042734,
              "jitter_ms": 0.9978716149753634,
              "lost_packets": 0,
              "packets": 1621,
              "lost_percent": 0,
              "omitted": false,
              "sender": false
            }
          ],
          "sum": {
            "start": 2.000026,
            "end": 3.000043,
            "seconds": 1.0000170469284058,
            "bytes": 2185108,
            "bits_per_second": 17480566.010042734,
            "jitter_ms": 0.9978716149753634,
            "lost_packets": 0,
            "packets": 1621,
            "lost_percent": 0,
            "omitted": false,
            "sender": false
          }
        },
        {
          "streams": [
            {
              "socket": 10,
              "start": 3.000043,
              "end": 4.00002,
              "seconds": 0.9999769926071167,
              "bytes": 3491320,
              "bits_per_second": 27931202.624152478,
              "jitter_ms": 0.1447053220017123,
              "lost_packets": 0,
              "packets": 2590,
              "lost_percent": 0,
              "omitted": false,
              "sender": false
            }
          ],
          "sum": {
            "start": 3.000043,
            "end": 4.00002,
            "seconds": 0.9999769926071167,
            "bytes": 3491320,
            "bits_per_second": 27931202.624152478,
            "jitter_ms": 0.1447053220017123,
            "lost_packets": 0,
            "packets": 2590,
            "lost_percent": 0,
            "omitted": false,
            "sender": false
          }
        },
        {
          "streams": [
            {
              "socket": 10,
              "start": 4.00002,
              "end": 5.000092,
              "seconds": 1.0000720024108887,
              "bytes": 5604984,
              "bits_per_second": 44836643.65356079,
              "jitter_ms": 0.15041684299415367,
              "lost_packets": 0,
              "packets": 4158,
              "lost_percent": 0,
              "omitted": false,
              "sender": false
            }
          ],
          "sum": {
            "start": 4.00002,
            "end": 5.000092,
            "seconds": 1.0000720024108887,
            "bytes": 5604984,
            "bits_per_second": 44836643.65356079,
            "jitter_ms": 0.15041684299415367,
            "lost_packets": 0,
            "packets": 4158,
            "lost_percent": 0,
            "omitted": false,
            "sender": false
          }
        },
        {
          "streams": [
            {
              "socket": 10,
              "start": 5.000092,
              "end": 6.000031,
              "seconds": 0.9999390244483948,
              "bytes": 3698912,
              "bits_per_second": 29593100.45562399,
              "jitter_ms": 0.1728202045877507,
              "lost_packets": 0,
              "packets": 2744,
              "lost_percent": 0,
              "omitted": false,
              "sender": false
            }
          ],
          "sum": {
            "start": 5.000092,
            "end": 6.000031,
            "seconds": 0.9999390244483948,
            "bytes": 3698912,
            "bits_per_second": 29593100.45562399,
            "jitter_ms": 0.1728202045877507,
            "lost_packets": 0,
            "packets": 2744,
            "lost_percent": 0,
            "omitted": false,
            "sender": false
          }
        },
        {
          "streams": [
            {
              "socket": 10,
              "start": 6.000031,
              "end": 7.000094,
              "seconds": 1.0000629425048828,
              "bytes": 3810796,
              "bits_per_second": 30484449.23240534,
              "jitter_ms": 0.19950955380654914,
              "lost_packets": 0,
              "packets": 2827,
              "lost_percent": 0,
              "omitted": false,
              "sender": false
            }
          ],
          "sum": {
            "start": 6.000031,
            "end": 7.000094,
            "seconds": 1.0000629425048828,
            "bytes": 3810796,
            "bits_per_second": 30484449.23240534,
            "jitter_ms": 0.19950955380654914,
            "lost_packets": 0,
            "packets": 2827,
            "lost_percent": 0,
            "omitted": false,
            "sender": false
          }
        },
        {
          "streams": [
            {
              "socket": 10,
              "start": 7.000094,
              "end": 8.000134,
              "seconds": 1.000040054321289,
              "bytes": 3728568,
              "bits_per_second": 29827349.2857685,
              "jitter_ms": 0.0576865107168413,
              "lost_packets": 0,