{
  "udp": {
    "70": {
      "start": {
        "connected": [
          {
            "socket": 10,
            "local_host": "172.17.0.2",
            "local_port": 48850,
            "remote_host": "172.20.25.101",
            "remote_port": 32201
          }
        ],
        "version": "iperf 3.12",
        "system_info": "Linux c02fad456c49 6.8.0-59-generic #61~22.04.1-Ubuntu SMP PREEMPT_DYNAMIC Tue Apr 15 17:03:15 UTC 2 x86_64",
        "timestamp": {
          "time": "Mon, 12 May 2025 05:31:59 GMT",
          "timesecs": 1747027919
        },
        "connecting_to": {
          "host": "api-int.tenoran.automation.otic.open6g.net",
          "port": 32201
        },
        "cookie": "slnwdd4ce7tnlefumuf5uah3hy2lqgowshun",
        "target_bitrate": 70000000,
        "sock_bufsize": 0,
        "sndbuf_actual": 212992,
        "rcvbuf_actual": 212992,
        "test_start": {
          "protocol": "UDP",
          "num_streams": 1,
          "blksize": 1348,
          "omit": 0,
          "duration": 10,
          "bytes": 0,
          "blocks": 0,
          "reverse": 1,
          "tos": 0,
          "target_bitrate": 70000000
        }
      },
      "intervals": [
        {
          "streams": [
            {
              "socket": 10,
              "start": 0,
              "end": 1.000152,
              "seconds": 1.0001519918441772,
              "bytes": 6490620,
              "bits_per_second": 51917069.02893402,
              "jitter_ms": 0.01979548442596602,
              "lost_packets": 194,
              "packets": 5009,
              "lost_percent": 3.8730285486124973,
              "omitted": false,
              "sender": false
            }
          ],
          "sum": {
            "start": 0,
            "end": 1.000152,
            "seconds": 1.0001519918441772,
            "bytes": 6490620,
            "bits_per_second": 51917069.02893402,
            "jitter_ms": 0.01979548442596602,
            "lost_packets": 194,
            "packets": 5009,
            "lost_percent": 3.8730285486124973,
            "omitted": false,
            "sender": false
          }
        },
        {
          "streams": [
            {
              "socket": 10,
              "start": 1.000152,
              "end": 2.000217,
              "seconds": 1.0000649690628052,
              "bytes": 8573280,
              "bits_per_second": 68581784.30574815,
              "jitter_ms": 0.04632249319366717,
              "lost_packets": 102,
              "packets": 6462,
              "lost_percent": 1.5784586815227484,
              "omitted": false,
              "sender": false
            }
          ],
          "sum": {
            "start": 1.000152,
            "end": 2.000217,
            "seconds": 1.0000649690628052,
            "bytes": 8573280,
            "bits_per_second": 68581784.30574815,
            "jitter_ms": 0.04632249319366717,
            "lost_packets": 102,
            "packets": 6462,
            "lost_percent": 1.5784586815227484,
            "omitted": false,
            "sender": false
          }
        },
        {
          "streams": [
            {
              "socket": 10,
              "start": 2.000217,
              "end": 3.000034,
              "seconds": 0.9998170137405396,
              "bytes": 8778176,
              "bits_per_second": 70238260.6365849,
              "jitter_ms": 0.03486264894787969,
              "lost_packets": 206,
              "packets": 6718,
              "lost_percent": 3.066388806192319,
              "omitted": false,
              "sender": false
            }
          ],
          "sum": {
            "start": 2.000217,
            "end": 3.000034,
            "seconds": 0.9998170137405396,
            "bytes": 8778176,
            "bits_per_second": 70238260.6365849,
            "jitter_ms": 0.03486264894787969,
            "lost_packets": 206,
            "packets": 6718,
            "lost_percent": 3.066388806192319,
            "omitted": false,
            "sender": false
          }
        },
        {
          "streams": [
            {
              "socket": 10,
              "start": 3.000034,
              "end": 4.000022,
              "seconds": 0.9999880194664,
              "bytes": 8795700,
              "bits_per_second": 70366443.027535,
              "jitter_ms": 0.03193490686550182,
              "lost_packets": 372,
              "packets": 6897,
              "lost_percent": 5.39364941278817,
              "omitted": false,
              "sender": false
            }
          ],
          "sum": {
            "start": 3.000034,
            "end": 4.000022,
            "seconds": 0.9999880194664,
            "bytes": 8795700,
            "bits_per_second": 70366443.027535,
            "jitter_ms": 0.03193490686550182,
            "lost_packets": 372,
            "packets": 6897,
            "lost_percent": 5.39364941278817,
            "omitted": false,
            "sender": false
          }
        },
        {
          "streams": [
            {
              "socket": 10,
              "start": 4.000022,
              "end": 5.000032,
              "seconds": 1.0000100135803223,
              "bytes": 8689208,
              "bits_per_second": 69512967.92631224,
              "jitter_ms": 0.0710339208805943,
              "lost_packets": 373,
              "packets": 6819,
              "lost_percent": 5.470010265434815,
              "omitted": false,
              "sender": false
            }
          ],
          "sum": {
            "start": 4.000022,
            "end": 5.000032,
            "seconds": 1.0000100135803223,
            "bytes": 8689208,
            "bits_per_second": 69512967.92631224,
            "jitter_ms": 0.0710339208805943,
            "lost_packets": 373,
            "packets": 6819,
            "lost_percent": 5.470010265434815,
            "omitted": false,
            "sender": false
          }
        },
        {
          "streams": [
            {
              "socket": 10,
              "start": 5.000032,
              "end": 6.000205,
              "seconds": 1.0001729726791382,
              "bytes": 8531492,
              "bits_per_second": 68240132.3214876,
              "jitter_ms": 0.013662270634250774,
              "lost_packets": 232,
              "packets": 6561,
              "lost_percent": 3.5360463344002437,
              "omitted": false,
              "sender": false
            }
          ],
          "sum": {
            "start": 5.000032,
            "end": 6.000205,
            "seconds": 1.0001729726791382,
            "bytes": 8531492,
            "bits_per_second": 68240132.3214876,
            "jitter_ms": 0.013662270634250774,
            "lost_packets": 232,
            "packets": 6561,
            "lost_percent": 3.5360463344002437,
            "omitted": false,
            "sender": false
          }
        },
        {
          "streams": [
            {
              "socket": 10,
              "start": 6.000205,
              "end": 7.000105,
              "seconds": 0.999899983406067,
              "bytes": 8534188,
              "bits_per_second": 68280333.16635592,
              "jitter_ms": 0.12075941631162665,
              "lost_packets": 132,
              "packets": 6463,
              "lost_percent": 2.0423951725205014,
              "omitted": false,
              "sender": false
            }
          ],
          "sum": {
            "start": 6.000205,
            "end": 7.000105,
            "seconds": 0.999899983406067,
            "bytes": 8534188,
            "bits_per_second": 68280333.16635592,
            "jitter_ms": 0.12075941631162665,
            "lost_packets": 132,
            "packets": 6463,
            "lost_percent": 2.0423951725205014,
            "omitted": false,
            "sender": false
          }
        },
        {
          "streams": [
            {
              "socket": 10,
              "start": 7.000105,