{
  "udp": {
    "20": {
      "start": {
        "connected": [
          {
            "socket": 10,
            "local_host": "172.17.0.2",
            "local_port": 36675,
            "remote_host": "10.100.1.102",
            "remote_port": 32201
          }
        ],
        "version": "iperf 3.12",
        "system_info": "Linux 726157f99e7a 6.5.0-27-generic #28~22.04.1-Ubuntu SMP PREEMPT_DYNAMIC Fri Mar 15 10:51:06 UTC 2 x86_64",
        "timestamp": {
          "time": "Tue, 06 Aug 2024 10:01:14 GMT",
          "timesecs": 1722938474
        },
        "connecting_to": {
          "host": "api-int.edge.open5g.info",
          "port": 32201
        },
        "cookie": "j7gjwzccl7cj3utq3gyvpswhliodm57qukon",
        "target_bitrate": 20000000,
        "sock_bufsize": 0,
        "sndbuf_actual": 212992,
        "rcvbuf_actual": 212992,
        "test_start": {
          "protocol": "UDP",
          "num_streams": 1,
          "blksize": 1398,
          "omit": 0,
          "duration": 10,
          "bytes": 0,
          "blocks": 0,
          "reverse": 1,
          "tos": 0,
          "target_bitrate": 20000000
        }
      },
      "intervals": [
        {
          "streams": [
            {
              "socket": 10,
              "start": 0,
              "end": 1.000195,
              "seconds": 1.000195026397705,
              "bytes": 2502420,
              "bits_per_second": 20015456.457628645,
              "jitter_ms": 0.02320787047830214,
              "lost_packets": 0,
              "packets": 1790,
              "lost_percent": 0,
              "omitted": false,
              "sender": false
            }
          ],
          "sum": {
            "start": 0,
            "end": 1.000195,
            "seconds": 1.000195026397705,
            "bytes": 2502420,
            "bits_per_second": 20015456.457628645,
            "jitter_ms": 0.02320787047830214,
            "lost_packets": 0,
            "packets": 1790,
            "lost_percent": 0,
            "omitted": false,
            "sender": false
          }
        },
        {
          "streams": [
            {
              "socket": 10,
              "start": 1.000195,
              "end": 2.000253,
              "seconds": 1.0000580549240112,
              "bytes": 2471664,
              "bits_per_second": 19772164.12851398,
              "jitter_ms": 0.1746885927479647,
              "lost_packets": 21,
              "packets": 1789,
              "lost_percent": 1.1738401341531581,
              "omitted": false,
              "sender": false
            }
          ],
          "sum": {
            "start": 1.000195,
            "end": 2.000253,
            "seconds": 1.0000580549240112,
            "bytes": 2471664,
            "bits_per_second": 19772164.12851398,
            "jitter_ms": 0.1746885927479647,
            "lost_packets": 21,
            "packets": 1789,
            "lost_percent": 1.1738401341531581,
            "omitted": false,
            "sender": false
          }
        },
        {
          "streams": [
            {
              "socket": 10,
              "start": 2.000253,
              "end": 3.00028,
              "seconds": 1.0000269412994385,
              "bytes": 2499624,
              "bits_per_second": 19996453.26956476,
              "jitter_ms": 0.12888659816580852,
              "lost_packets": 0,
              "packets": 1788,
              "lost_percent": 0,
              "omitted": false,
              "sender": false
            }
          ],
          "sum": {
            "start": 2.000253,
            "end": 3.00028,
            "seconds": 1.0000269412994385,
            "bytes": 2499624,
            "bits_per_second": 19996453.26956476,
            "jitter_ms": 0.12888659816580852,
            "lost_packets": 0,
            "packets": 1788,
            "lost_percent": 0,
            "omitted": false,
            "sender": false
          }
        },
        {
          "streams": [
            {
              "socket": 10,
              "start": 3.00028,
              "end": 4.000284,
              "seconds": 1.0000040531158447,
              "bytes": 2499624,
              "bits_per_second": 19996910.95020338,
              "jitter_ms": 0.1589475948134948,
              "lost_packets": 0,
              "packets": 1788,
              "lost_percent": 0,
              "omitted": false,
              "sender": false
            }
          ],
          "sum": {
            "start": 3.00028,
            "end": 4.000284,
            "seconds": 1.0000040531158447,
            "bytes": 2499624,
            "bits_per_second": 19996910.95020338,
            "jitter_ms": 0.1589475948134948,
            "lost_packets": 0,
            "packets": 1788,
            "lost_percent": 0,
            "omitted": false,
            "sender": false
          }
        },
        {
          "streams": [
            {
              "socket": 10,
              "start": 4.000284,
              "end": 5.000134,
              "seconds": 0.9998499751091003,
              "bytes": 2501022,
              "bits_per_second": 20011178.17482245,
              "jitter_ms": 0.17656630490067016,
              "lost_packets": 0,
              "packets": 1789,
              "lost_percent": 0,
              "omitted": false,
              "sender": false
            }
          ],
          "sum": {
            "start": 4.000284,
            "end": 5.000134,
            "seconds": 0.9998499751091003,
            "bytes": 2501022,
            "bits_per_second": 20011178.17482245,
            "jitter_ms": 0.17656630490067016,
            "lost_packets": 0,
            "packets": 1789,
            "lost_percent": 0,
            "omitted": false,
            "sender": false
          }
        },
        {
          "streams": [
            {
              "socket": 10,
              "start": 5.000134,
              "end": 6.000249,
              "seconds": 1.0001150369644165,
              "bytes": 2477256,
              "bits_per_second": 19815768.454149455,
              "jitter_ms": 0.22474527058826577,
              "lost_packets": 16,
              "packets": 1788,
              "lost_percent": 0.894854586129754,
              "omitted": false,
              "sender": false
            }
          ],
          "sum": {
            "start": 5.000134,
            "end": 6.000249,
            "seconds": 1.0001150369644165,
            "bytes": 2477256,
            "bits_per_second": 19815768.454149455,
            "jitter_ms": 0.22474527058826577,
            "lost_packets": 16,
            "packets": 1788,
            "lost_percent": 0.894854586129754,
            "omitted": false,
            "sender": false
          }
        },
        {
          "streams": [
            {
              "socket": 10,
              "start": 6.000249,
              "end": 7.000292,
              "seconds": 1.0000430345535278,
              "bytes": 2499624,
              "bits_per_second": 19996131.47540967,
              "jitter_ms": 0.13018719867542494,
              "lost_packets": 0,
              "packets": 1788,
              "lost_percent": 0,
              "omitted": false,
              "sender": false
            }
          ],
          "sum": {
            "start": 6.000249,
            "end": 7.000292,
            "seconds": 1.0000430345535278,
            "bytes": 2499624,
            "bits_per_second": 19996131.47540967,
            "jitter_ms": 0.13018719867542494,
            "lost_packets": 0,
            "packets": 1788,
            "lost_percent": 0,
            "omitted": false,
            "sender": false
          }
        },
        {
          "streams": [
            {
              "socket": 10,
              "start": 7.000292,
              "end": 8.000191,
              "seconds": 0.9998990297317505,
              "bytes": 2499624,
              "bits_per_second": 19999011.305536244,
              "jitter_ms": 0.0354755486067099,