{
  "udp": {
    "30": {
      "start": {
        "connected": [
          {
            "socket": 10,
            "local_host": "172.17.0.2",
            "local_port": 42842,
            "remote_host": "10.100.1.102",
            "remote_port": 32201
          }
        ],
        "version": "iperf 3.12",
        "system_info": "Linux 708490097b42 6.8.0-47-generic #47~22.04.1-Ubuntu SMP PREEMPT_DYNAMIC Wed Oct  2 16:16:55 UTC 2 x86_64",
        "timestamp": {
          "time": "Sun, 22 Dec 2024 05:01:28 GMT",
          "timesecs": 1734843688
        },
        "connecting_to": {
          "host": "api-int.edge.open5g.info",
          "port": 32201
        },
        "cookie": "dmxp5llmiewwltsutc5usyign5pmmhrph7wq",
        "target_bitrate": 30000000,
        "sock_bufsize": 0,
        "sndbuf_actual": 212992,
        "rcvbuf_actual": 212992,
        "test_start": {
          "protocol": "UDP",
          "num_streams": 1,
          "blksize": 1398,
          "omit": 0,
          "duration": 10,
          "bytes": 0,
          "blocks": 0,
          "reverse": 1,
          "tos": 0,
          "target_bitrate": 30000000
        }
      },
      "intervals": [
        {
          "streams": [
            {
              "socket": 10,
              "start": 0,
              "end": 1.000201,
              "seconds": 1.0002009868621826,
              "bytes": 3578880,
              "bits_per_second": 28625286.693448406,
              "jitter_ms": 0.10718888316148159,
              "lost_packets": 0,
              "packets": 2560,
              "lost_percent": 0,
              "omitted": false,
              "sender": false
            }
          ],
          "sum": {
            "start": 0,
            "end": 1.000201,
            "seconds": 1.0002009868621826,
            "bytes": 3578880,
            "bits_per_second": 28625286.693448406,
            "jitter_ms": 0.10718888316148159,
            "lost_packets": 0,
            "packets": 2560,
            "lost_percent": 0,
            "omitted": false,
            "sender": false
          }
        },
        {
          "streams": [
            {
              "socket": 10,
              "start": 1.000201,
              "end": 2.000203,
              "seconds": 1.0000020265579224,
              "bytes": 3817938,
              "bits_per_second": 30543442.101945434,
              "jitter_ms": 0.05945832186179517,
              "lost_packets": 0,
              "packets": 2731,
              "lost_percent": 0,
              "omitted": false,
              "sender": false
            }
          ],
          "sum": {
            "start": 1.000201,
            "end": 2.000203,
            "seconds": 1.0000020265579224,
            "bytes": 3817938,
            "bits_per_second": 30543442.101945434,
            "jitter_ms": 0.05945832186179517,
            "lost_packets": 0,
            "packets": 2731,
            "lost_percent": 0,
            "omitted": false,
            "sender": false
          }
        },
        {
          "streams": [
            {
              "socket": 10,
              "start": 2.000203,
              "end": 3.000201,
              "seconds": 0.9999979734420776,
              "bytes": 3666954,
              "bits_per_second": 29335691.450477917,
              "jitter_ms": 0.1256333575962845,
              "lost_packets": 0,
              "packets": 2623,
              "lost_percent": 0,
              "omitted": false,
              "sender": false
            }
          ],
          "sum": {
            "start": 2.000203,
            "end": 3.000201,
            "seconds": 0.9999979734420776,
            "bytes": 3666954,
            "bits_per_second": 29335691.450477917,
            "jitter_ms": 0.1256333575962845,
            "lost_packets": 0,
            "packets": 2623,
            "lost_percent": 0,
            "omitted": false,
            "sender": false
          }
        },
        {
          "streams": [
            {
              "socket": 10,
              "start": 3.000201,
              "end": 4.000202,
              "seconds": 1.0000009536743164,
              "bytes": 3782988,
              "bits_per_second": 30263875.138119567,
              "jitter_ms": 0.18633739505784294,
              "lost_packets": 0,
              "packets": 2706,
              "lost_percent": 0,
              "omitted": false,
              "sender": false
            }
          ],
          "sum": {
            "start": 3.000201,
            "end": 4.000202,
            "seconds": 1.0000009536743164,
            "bytes": 3782988,
            "bits_per_second": 30263875.138119567,
            "jitter_ms": 0.18633739505784294,
            "lost_packets": 0,
            "packets": 2706,
            "lost_percent": 0,
            "omitted": false,
            "sender": false
          }
        },
        {
          "streams": [
            {
              "socket": 10,
              "start": 4.000202,
              "end": 5.000203,
              "seconds": 1.0000009536743164,
              "bytes": 3717282,
              "bits_per_second": 29738227.639416084,
              "jitter_ms": 0.1228903971887899,
              "lost_packets": 0,
              "packets": 2659,
              "lost_percent": 0,
              "omitted": false,
              "sender": false
            }
          ],
          "sum": {
            "start": 4.000202,
            "end": 5.000203,
            "seconds": 1.0000009536743164,
            "bytes": 3717282,
            "bits_per_second": 29738227.639416084,
            "jitter_ms": 0.1228903971887899,
            "lost_packets": 0,
            "packets": 2659,
            "lost_percent": 0,
            "omitted": false,
            "sender": false
          }
        },
        {
          "streams": [
            {
              "socket": 10,
              "start": 5.000203,
              "end": 6.0002,
              "seconds": 0.9999970197677612,
              "bytes": 3770406,
              "bits_per_second": 30163337.89375202,
              "jitter_ms": 0.10670649020903883,
              "lost_packets": 0,
              "packets": 2697,
              "lost_percent": 0,
              "omitted": false,
              "sender": false
            }
          ],
          "sum": {
            "start": 5.000203,
            "end": 6.0002,
            "seconds": 0.9999970197677612,
            "bytes": 3770406,
            "bits_per_second": 30163337.89375202,
            "jitter_ms": 0.10670649020903883,
            "lost_packets": 0,
            "packets": 2697,
            "lost_percent": 0,
            "omitted": false,
            "sender": false
          }
        },
        {
          "streams": [
            {
              "socket": 10,
              "start": 6.0002,
              "end": 7.000172,
              "seconds": 0.9999719858169556,
              "bytes": 3749436,
              "bits_per_second": 29996328.32263229,
              "jitter_ms": 0.11779084066371416,
              "lost_packets": 0,
              "packets": 2682,
              "lost_percent": 0,
              "omitted": false,
              "sender": false
            }
          ],
          "sum": {
            "start": 6.0002,
            "end": 7.000172,
            "seconds": 0.9999719858169556,
            "bytes": 3749436,
            "bits_per_second": 29996328.32263229,
            "jitter_ms": 0.11779084066371416,
            "lost_packets": 0,
            "packets": 2682,
            "lost_percent": 0,
            "omitted": false,
            "sender": false
          }
        },
        {
          "streams": [
            {
              "socket": 10,
              "start": 7.000172,
              "end": 8.0002,
              "seconds": 1.0000280141830444,
              "bytes": 3756426,
              "bits_per_second": 30050566.15793906,
              "jitter_ms": 0.10659688993234658,
              "lost_packets": 0,
              "packets": 2687,