{
  "udp": {
    "10": {
      "start": {
        "connected": [
          {
            "socket": 5,
            "local_host": "172.17.0.2",
            "local_port": 52645,
            "remote_host": "172.20.25.101",
            "remote_port": 32201
          }
        ],
        "version": "iperf 3.12",
        "system_info": "Linux 19a19a0c5350 6.8.0-87-generic #88~22.04.1-Ubuntu SMP PREEMPT_DYNAMIC Tue Oct 14 14:03:14 UTC 2 x86_64",
        "timestamp": {
          "time": "Thu, 04 Dec 2025 06:03:58 GMT",
          "timesecs": 1764828238
        },
        "connecting_to": {
          "host": "api-int.tenoran.automation.otic.open6g.net",
          "port": 32201
        },
        "cookie": "5v3v3ndhwvzmartzv6xpofmjkttjlcfi7txe",
        "target_bitrate": 10000000,
        "sock_bufsize": 0,
        "sndbuf_actual": 212992,
        "rcvbuf_actual": 212992,
        "test_start": {
          "protocol": "UDP",
          "num_streams": 1,
          "blksize": 1348,
          "omit": 0,
          "duration": 10,
          "bytes": 0,
          "blocks": 0,
          "reverse": 1,
          "tos": 0,
          "target_bitrate": 10000000
        }
      },
      "intervals": [
        {
          "streams": [
            {
              "socket": 5,
              "start": 0,
              "end": 1.000122,
              "seconds": 1.0001219511032104,
              "bytes": 1256336,
              "bits_per_second": 10049462.4569667,
              "jitter_ms": 1.641240635683069,
              "lost_packets": 0,
              "packets": 932,
              "lost_percent": 0,
              "omitted": false,
              "sender": false
            }
          ],
          "sum": {
            "start": 0,
            "end": 1.000122,
            "seconds": 1.0001219511032104,
            "bytes": 1256336,
            "bits_per_second": 10049462.4569667,
            "jitter_ms": 1.641240635683069,
            "lost_packets": 0,
            "packets": 932,
            "lost_percent": 0,
            "omitted": false,
            "sender": false
          }
        },
        {
          "streams": [
            {
              "socket": 5,
              "start": 1.000122,
              "end": 2.000126,
              "seconds": 1.0000040531158447,
              "bytes": 1250944,
              "bits_per_second": 10007511.438396823,
              "jitter_ms": 1.5901219897734866,
              "lost_packets": 0,
              "packets": 928,
              "lost_percent": 0,
              "omitted": false,
              "sender": false
            }
          ],
          "sum": {
            "start": 1.000122,
            "end": 2.000126,
            "seconds": 1.0000040531158447,
            "bytes": 1250944,
            "bits_per_second": 10007511.438396823,
            "jitter_ms": 1.5901219897734866,
            "lost_packets": 0,
            "packets": 928,
            "lost_percent": 0,
            "omitted": false,
            "sender": false
          }
        },
        {
          "streams": [
            {
              "socket": 5,
              "start": 2.000126,
              "end": 3.00013,
              "seconds": 1.0000040531158447,
              "bytes": 1249596,
              "bits_per_second": 9996727.482105447,
              "jitter_ms": 1.6506764806160306,
              "lost_packets": 0,
              "packets": 927,
              "lost_percent": 0,
              "omitted": false,
              "sender": false
            }
          ],
          "sum": {
            "start": 2.000126,
            "end": 3.00013,
            "seconds": 1.0000040531158447,
            "bytes": 1249596,
            "bits_per_second": 9996727.482105447,
            "jitter_ms": 1.6506764806160306,
            "lost_packets": 0,
            "packets": 927,
            "lost_percent": 0,
            "omitted": false,
            "sender": false
          }
        },
        {
          "streams": [
            {
              "socket": 5,
              "start": 3.00013,
              "end": 4.000129,
              "seconds": 0.9999989867210388,
              "bytes": 1249596,
              "bits_per_second": 9996778.12952496,
              "jitter_ms": 1.6712769021898333,
              "lost_packets": 0,
              "packets": 927,
              "lost_percent": 0,
              "omitted": false,
              "sender": false
            }
          ],
          "sum": {
            "start": 3.00013,
            "end": 4.000129,
            "seconds": 0.9999989867210388,
            "bytes": 1249596,
            "bits_per_second": 9996778.12952496,
            "jitter_ms": 1.6712769021898333,
            "lost_packets": 0,
            "packets": 927,
            "lost_percent": 0,
            "omitted": false,
            "sender": false
          }
        },
        {
          "streams": [
            {
              "socket": 5,
              "start": 4.000129,
              "end": 5.000122,
              "seconds": 0.9999930262565613,
              "bytes": 1250944,
              "bits_per_second": 10007621.7905868,
              "jitter_ms": 1.535713732270629,
              "lost_packets": 0,
              "packets": 928,
              "lost_percent": 0,
              "omitted": false,
              "sender": false
            }
          ],
          "sum": {
            "start": 4.000129,
            "end": 5.000122,
            "seconds": 0.9999930262565613,
            "bytes": 1250944,
            "bits_per_second": 10007621.7905868,
            "jitter_ms": 1.535713732270629,
            "lost_packets": 0,
            "packets": 928,
            "lost_percent": 0,
            "omitted": false,
            "sender": false
          }
        },
        {
          "streams": [
            {
              "socket": 5,
              "start": 5.000122,
              "end": 6.000196,
              "seconds": 1.000074028968811,
              "bytes": 1242856,
              "bits_per_second": 9942111.995701155,
              "jitter_ms": 1.7122206492948149,
              "lost_packets": 0,
              "packets": 922,
              "lost_percent": 0,
              "omitted": false,
              "sender": false
            }
          ],
          "sum": {
            "start": 5.000122,
            "end": 6.000196,
            "seconds": 1.000074028968811,
            "bytes": 1242856,
            "bits_per_second": 9942111.995701155,
            "jitter_ms": 1.7122206492948149,
            "lost_packets": 0,
            "packets": 922,
            "lost_percent": 0,
            "omitted": false,
            "sender": false
          }
        },
        {
          "streams": [
            {
              "socket": 5,
              "start": 6.000196,
              "end": 7.00013,
              "seconds": 0.9999340176582336,
              "bytes": 1256336,
              "bits_per_second": 10051351.211690864,
              "jitter_ms": 1.670202827830126,
              "lost_packets": 0,
              "packets": 932,
              "lost_percent": 0,
              "omitted": false,
              "sender": false
            }
          ],
          "sum": {
            "start": 6.000196,
            "end": 7.00013,
            "seconds": 0.9999340176582336,
            "bytes": 1256336,
            "bits_per_second": 10051351.211690864,
            "jitter_ms": 1.670202827830126,
            "lost_packets": 0,
            "packets": 932,
            "lost_percent": 0,
            "omitted": false,
            "sender": false
          }
        },
        {
          "streams": [
            {
              "socket": 5,
              "start": 7.00013,
              "end": 8.00013,
              "seconds": 1,
              "bytes": 1246900,
              "bits_per_second": 9975200,
              "jitter_ms": 1.6658925631080261,
              "lost_packets": 0,
              "packets": 925,
              "lost_percent": 0,
              "omitted": false,