{
  "udp": {
    "20": {
      "start": {
        "connected": [
          {
            "socket": 10,
            "local_host": "172.17.0.2",
            "local_port": 46645,
            "remote_host": "10.100.1.101",
            "remote_port": 32201
          }
        ],
        "version": "iperf 3.12",
        "system_info": "Linux 5a662ea7ec1f 6.8.0-47-generic #47~22.04.1-Ubuntu SMP PREEMPT_DYNAMIC Wed Oct  2 16:16:55 UTC 2 x86_64",
        "timestamp": {
          "time": "Tue, 24 Dec 2024 08:01:06 GMT",
          "timesecs": 1735027266
        },
        "connecting_to": {
          "host": "api-int.edge.open5g.info",
          "port": 32201
        },
        "cookie": "5nsqb3z6optud2i55xjxpftv2jt65pvnekri",
        "target_bitrate": 20000000,
        "sock_bufsize": 0,
        "sndbuf_actual": 212992,
        "rcvbuf_actual": 212992,
        "test_start": {
          "protocol": "UDP",
          "num_streams": 1,
          "blksize": 1398,
          "omit": 0,
          "duration": 10,
          "bytes": 0,
          "blocks": 0,
          "reverse": 1,
          "tos": 0,
          "target_bitrate": 20000000
        }
      },
      "intervals": [
        {
          "streams": [
            {
              "socket": 10,
              "start": 0,
              "end": 1.000062,
              "seconds": 1.0000619888305664,
              "bytes": 2379396,
              "bits_per_second": 19033988.105336335,
              "jitter_ms": 0.1726721046290852,
              "lost_packets": 0,
              "packets": 1702,
              "lost_percent": 0,
              "omitted": false,
              "sender": false
            }
          ],
          "sum": {
            "start": 0,
            "end": 1.000062,
            "seconds": 1.0000619888305664,
            "bytes": 2379396,
            "bits_per_second": 19033988.105336335,
            "jitter_ms": 0.1726721046290852,
            "lost_packets": 0,
            "packets": 1702,
            "lost_percent": 0,
            "omitted": false,
            "sender": false
          }
        },
        {
          "streams": [
            {
              "socket": 10,
              "start": 1.000062,
              "end": 2.000061,
              "seconds": 0.9999989867210388,
              "bytes": 2520594,
              "bits_per_second": 20164772.432539664,
              "jitter_ms": 0.09230402253559544,
              "lost_packets": 0,
              "packets": 1803,
              "lost_percent": 0,
              "omitted": false,
              "sender": false
            }
          ],
          "sum": {
            "start": 1.000062,
            "end": 2.000061,
            "seconds": 0.9999989867210388,
            "bytes": 2520594,
            "bits_per_second": 20164772.432539664,
            "jitter_ms": 0.09230402253559544,
            "lost_packets": 0,
            "packets": 1803,
            "lost_percent": 0,
            "omitted": false,
            "sender": false
          }
        },
        {
          "streams": [
            {
              "socket": 10,
              "start": 2.000061,
              "end": 3.00007,
              "seconds": 1.0000089406967163,
              "bytes": 2512206,
              "bits_per_second": 20097468.314631034,
              "jitter_ms": 0.09450899279347477,
              "lost_packets": 0,
              "packets": 1797,
              "lost_percent": 0,
              "omitted": false,
              "sender": false
            }
          ],
          "sum": {
            "start": 2.000061,
            "end": 3.00007,
            "seconds": 1.0000089406967163,
            "bytes": 2512206,
            "bits_per_second": 20097468.314631034,
            "jitter_ms": 0.09450899279347477,
            "lost_packets": 0,
            "packets": 1797,
            "lost_percent": 0,
            "omitted": false,
            "sender": false
          }
        },
        {
          "streams": [
            {
              "socket": 10,
              "start": 3.00007,
              "end": 4.000155,
              "seconds": 1.00008499622345,
              "bytes": 2509410,
              "bits_per_second": 20073573.822033986,
              "jitter_ms": 0.08223845604633195,
              "lost_packets": 0,
              "packets": 1795,
              "lost_percent": 0,
              "omitted": false,
              "sender": false
            }
          ],
          "sum": {
            "start": 3.00007,
            "end": 4.000155,
            "seconds": 1.00008499622345,
            "bytes": 2509410,
            "bits_per_second": 20073573.822033986,
            "jitter_ms": 0.08223845604633195,
            "lost_packets": 0,
            "packets": 1795,
            "lost_percent": 0,
            "omitted": false,
            "sender": false
          }
        },
        {
          "streams": [
            {
              "socket": 10,
              "start": 4.000155,
              "end": 5.000058,
              "seconds": 0.9999030232429504,
              "bytes": 2491236,
              "bits_per_second": 19931820.92335524,
              "jitter_ms": 0.12071590886318025,
              "lost_packets": 0,
              "packets": 1782,
              "lost_percent": 0,
              "omitted": false,
              "sender": false
            }
          ],
          "sum": {
            "start": 4.000155,
            "end": 5.000058,
            "seconds": 0.9999030232429504,
            "bytes": 2491236,
            "bits_per_second": 19931820.92335524,
            "jitter_ms": 0.12071590886318025,
            "lost_packets": 0,
            "packets": 1782,
            "lost_percent": 0,
            "omitted": false,
            "sender": false
          }
        },
        {
          "streams": [
            {
              "socket": 10,
              "start": 5.000058,
              "end": 6.000065,
              "seconds": 1.0000070333480835,
              "bytes": 2512206,
              "bits_per_second": 20097506.64724014,
              "jitter_ms": 0.08951848399713726,
              "lost_packets": 0,
              "packets": 1797,
              "lost_percent": 0,
              "omitted": false,
              "sender": false
            }
          ],
          "sum": {
            "start": 5.000058,
            "end": 6.000065,
            "seconds": 1.0000070333480835,
            "bytes": 2512206,
            "bits_per_second": 20097506.64724014,
            "jitter_ms": 0.08951848399713726,
            "lost_packets": 0,
            "packets": 1797,
            "lost_percent": 0,
            "omitted": false,
            "sender": false
          }
        },
        {
          "streams": [
            {
              "socket": 10,
              "start": 6.000065,
              "end": 7.000087,
              "seconds": 1.000022053718567,
              "bytes": 2443704,
              "bits_per_second": 19549200.867425863,
              "jitter_ms": 0.07850207542747553,
              "lost_packets": 0,
              "packets": 1748,
              "lost_percent": 0,
              "omitted": false,
              "sender": false
            }
          ],
          "sum": {
            "start": 6.000065,
            "end": 7.000087,
            "seconds": 1.000022053718567,
            "bytes": 2443704,
            "bits_per_second": 19549200.867425863,
            "jitter_ms": 0.07850207542747553,
            "lost_packets": 0,
            "packets": 1748,
            "lost_percent": 0,
            "omitted": false,
            "sender": false
          }
        },
        {
          "streams": [
            {
              "socket": 10,
              "start": 7.000087,
              "end": 8.000064,
              "seconds": 0.9999769926071167,
              "bytes": 2544360,
              "bits_per_second": 20355348.323496155,
              "jitter_ms": 0.0982067459470953,
              "lost_packets": 0,
              "packets": 1820,