{
  "udp": {
    "20": {
      "start": {
        "connected": [
          {
            "socket": 10,
            "local_host": "172.17.0.2",
            "local_port": 54192,
            "remote_host": "10.100.1.101",
            "remote_port": 32201
          }
        ],
        "version": "iperf 3.12",
        "system_info": "Linux 50706d35a1d5 6.8.0-40-generic #40~22.04.3-Ubuntu SMP PREEMPT_DYNAMIC Tue Jul 30 17:30:19 UTC 2 x86_64",
        "timestamp": {
          "time": "Thu, 17 Oct 2024 07:01:18 GMT",
          "timesecs": 1729148478
        },
        "connecting_to": {
          "host": "api-int.edge.open5g.info",
          "port": 32201
        },
        "cookie": "j5kksm3i4ioy7h4gyd2iopwhgio3r4e3pnhn",
        "target_bitrate": 20000000,
        "sock_bufsize": 0,
        "sndbuf_actual": 212992,
        "rcvbuf_actual": 212992,
        "test_start": {
          "protocol": "UDP",
          "num_streams": 1,
          "blksize": 1398,
          "omit": 0,
          "duration": 10,
          "bytes": 0,
          "blocks": 0,
          "reverse": 1,
          "tos": 0,
          "target_bitrate": 20000000
        }
      },
      "intervals": [
        {
          "streams": [
            {
              "socket": 10,
              "start": 0,
              "end": 1.000276,
              "seconds": 1.00027596950531,
              "bytes": 2502420,
              "bits_per_second": 20013836.791361332,
              "jitter_ms": 0.048103874410167835,
              "lost_packets": 0,
              "packets": 1790,
              "lost_percent": 0,
              "omitted": false,
              "sender": false
            }
          ],
          "sum": {
            "start": 0,
            "end": 1.000276,
            "seconds": 1.00027596950531,
            "bytes": 2502420,
            "bits_per_second": 20013836.791361332,
            "jitter_ms": 0.048103874410167835,
            "lost_packets": 0,
            "packets": 1790,
            "lost_percent": 0,
            "omitted": false,
            "sender": false
          }
        },
        {
          "streams": [
            {
              "socket": 10,
              "start": 1.000276,
              "end": 2.000285,
              "seconds": 1.0000089406967163,
              "bytes": 2431122,
              "bits_per_second": 19448802.1141588,
              "jitter_ms": 0.00877171188558958,
              "lost_packets": 50,
              "packets": 1789,
              "lost_percent": 2.7948574622694244,
              "omitted": false,
              "sender": false
            }
          ],
          "sum": {
            "start": 1.000276,
            "end": 2.000285,
            "seconds": 1.0000089406967163,
            "bytes": 2431122,
            "bits_per_second": 19448802.1141588,
            "jitter_ms": 0.00877171188558958,
            "lost_packets": 50,
            "packets": 1789,
            "lost_percent": 2.7948574622694244,
            "omitted": false,
            "sender": false
          }
        },
        {
          "streams": [
            {
              "socket": 10,
              "start": 2.000285,
              "end": 3.000277,
              "seconds": 0.9999920129776,
              "bytes": 2499624,
              "bits_per_second": 19997151.7176987,
              "jitter_ms": 0.00738199734684755,
              "lost_packets": 0,
              "packets": 1788,
              "lost_percent": 0,
              "omitted": false,
              "sender": false
            }
          ],
          "sum": {
            "start": 2.000285,
            "end": 3.000277,
            "seconds": 0.9999920129776,
            "bytes": 2499624,
            "bits_per_second": 19997151.7176987,
            "jitter_ms": 0.00738199734684755,
            "lost_packets": 0,
            "packets": 1788,
            "lost_percent": 0,
            "omitted": false,
            "sender": false
          }
        },
        {
          "streams": [
            {
              "socket": 10,
              "start": 3.000277,
              "end": 4.000282,
              "seconds": 1.0000050067901611,
              "bytes": 2499624,
              "bits_per_second": 19996891.879758485,
              "jitter_ms": 0.06501909743916066,
              "lost_packets": 0,
              "packets": 1788,
              "lost_percent": 0,
              "omitted": false,
              "sender": false
            }
          ],
          "sum": {
            "start": 3.000277,
            "end": 4.000282,
            "seconds": 1.0000050067901611,
            "bytes": 2499624,
            "bits_per_second": 19996891.879758485,
            "jitter_ms": 0.06501909743916066,
            "lost_packets": 0,
            "packets": 1788,
            "lost_percent": 0,
            "omitted": false,
            "sender": false
          }
        },
        {
          "streams": [
            {
              "socket": 10,
              "start": 4.000282,
              "end": 5.000294,
              "seconds": 1.0000120401382446,
              "bytes": 2501022,
              "bits_per_second": 20007935.101695385,
              "jitter_ms": 0.007663292115680827,
              "lost_packets": 0,
              "packets": 1789,
              "lost_percent": 0,
              "omitted": false,
              "sender": false
            }
          ],
          "sum": {
            "start": 4.000282,
            "end": 5.000294,
            "seconds": 1.0000120401382446,
            "bytes": 2501022,
            "bits_per_second": 20007935.101695385,
            "jitter_ms": 0.007663292115680827,
            "lost_packets": 0,
            "packets": 1789,
            "lost_percent": 0,
            "omitted": false,
            "sender": false
          }
        },
        {
          "streams": [
            {
              "socket": 10,
              "start": 5.000294,
              "end": 6.000227,
              "seconds": 0.9999330043792725,
              "bytes": 2499624,
              "bits_per_second": 19998331.8006525,
              "jitter_ms": 0.064790538158925,
              "lost_packets": 0,
              "packets": 1788,
              "lost_percent": 0,
              "omitted": false,
              "sender": false
            }
          ],
          "sum": {
            "start": 5.000294,
            "end": 6.000227,
            "seconds": 0.9999330043792725,
            "bytes": 2499624,
            "bits_per_second": 19998331.8006525,
            "jitter_ms": 0.064790538158925,
            "lost_packets": 0,
            "packets": 1788,
            "lost_percent": 0,
            "omitted": false,
            "sender": false
          }
        },
        {
          "streams": [
            {
              "socket": 10,
              "start": 6.000227,
              "end": 7.000132,
              "seconds": 0.999904990196228,
              "bytes": 2496828,
              "bits_per_second": 19976521.96543198,
              "jitter_ms": 0.760248880346819,
              "lost_packets": 0,
              "packets": 1786,
              "lost_percent": 0,
              "omitted": false,
              "sender": false
            }
          ],
          "sum": {
            "start": 6.000227,
            "end": 7.000132,
            "seconds": 0.999904990196228,
            "bytes": 2496828,
            "bits_per_second": 19976521.96543198,
            "jitter_ms": 0.760248880346819,
            "lost_packets": 0,
            "packets": 1786,
            "lost_percent": 0,
            "omitted": false,
            "sender": false
          }
        },
        {
          "streams": [
            {
              "socket": 10,
              "start": 7.000132,
              "end": 8.00022,
              "seconds": 1.0000879764556885,
              "bytes": 2503818,
              "bits_per_second": 20028781.93875327,
              "jitter_ms": 0.14160771805783617,
              "lost_packets": 0,