{
  "udp": {
    "70": {
      "start": {
        "connected": [
          {
            "socket": 10,
            "local_host": "172.17.0.2",
            "local_port": 40556,
            "remote_host": "172.20.25.101",
            "remote_port": 32201
          }
        ],
        "version": "iperf 3.12",
        "system_info": "Linux 096cf3860a65 6.8.0-60-generic #63~22.04.1-Ubuntu SMP PREEMPT_DYNAMIC Tue Apr 22 19:00:15 UTC 2 x86_64",
        "timestamp": {
          "time": "Thu, 19 Jun 2025 06:32:07 GMT",
          "timesecs": 1750314727
        },
        "connecting_to": {
          "host": "api-int.tenoran.automation.otic.open6g.net",
          "port": 32201
        },
        "cookie": "ur4iffr6udbu3kkmdvoex2f5wtegjibqcxnx",
        "target_bitrate": 70000000,
        "sock_bufsize": 0,
        "sndbuf_actual": 212992,
        "rcvbuf_actual": 212992,
        "test_start": {
          "protocol": "UDP",
          "num_streams": 1,
          "blksize": 1348,
          "omit": 0,
          "duration": 10,
          "bytes": 0,
          "blocks": 0,
          "reverse": 1,
          "tos": 0,
          "target_bitrate": 70000000
        }
      },
      "intervals": [
        {
          "streams": [
            {
              "socket": 10,
              "start": 0,
              "end": 1.000118,
              "seconds": 1.0001180171966553,
              "bytes": 6966464,
              "bits_per_second": 55725135.475727916,
              "jitter_ms": 0.059168076537571064,
              "lost_packets": 317,
              "packets": 5485,
              "lost_percent": 5.77939835916135,
              "omitted": false,
              "sender": false
            }
          ],
          "sum": {
            "start": 0,
            "end": 1.000118,
            "seconds": 1.0001180171966553,
            "bytes": 6966464,
            "bits_per_second": 55725135.475727916,
            "jitter_ms": 0.059168076537571064,
            "lost_packets": 317,
            "packets": 5485,
            "lost_percent": 5.77939835916135,
            "omitted": false,
            "sender": false
          }
        },
        {
          "streams": [
            {
              "socket": 10,
              "start": 1.000118,
              "end": 2.000122,
              "seconds": 1.0000040531158447,
              "bytes": 7358732,
              "bits_per_second": 58869617.39462096,
              "jitter_ms": 0.1913993288544147,
              "lost_packets": 113,
              "packets": 5572,
              "lost_percent": 2.027997128499641,
              "omitted": false,
              "sender": false
            }
          ],
          "sum": {
            "start": 1.000118,
            "end": 2.000122,
            "seconds": 1.0000040531158447,
            "bytes": 7358732,
            "bits_per_second": 58869617.39462096,
            "jitter_ms": 0.1913993288544147,
            "lost_packets": 113,
            "packets": 5572,
            "lost_percent": 2.027997128499641,
            "omitted": false,
            "sender": false
          }
        },
        {
          "streams": [
            {
              "socket": 10,
              "start": 2.000122,
              "end": 3.000125,
              "seconds": 1.0000029802322388,
              "bytes": 7302116,
              "bits_per_second": 58416753.90450673,
              "jitter_ms": 0.4995990117936499,
              "lost_packets": 44,
              "packets": 5461,
              "lost_percent": 0.8057132393334554,
              "omitted": false,
              "sender": false
            }
          ],
          "sum": {
            "start": 2.000122,
            "end": 3.000125,
            "seconds": 1.0000029802322388,
            "bytes": 7302116,
            "bits_per_second": 58416753.90450673,
            "jitter_ms": 0.4995990117936499,
            "lost_packets": 44,
            "packets": 5461,
            "lost_percent": 0.8057132393334554,
            "omitted": false,
            "sender": false
          }
        },
        {
          "streams": [
            {
              "socket": 10,
              "start": 3.000125,
              "end": 4.000122,
              "seconds": 0.9999970197677612,
              "bytes": 7048692,
              "bits_per_second": 56389704.05441396,
              "jitter_ms": 0.06948731582040303,
              "lost_packets": 0,
              "packets": 5229,
              "lost_percent": 0,
              "omitted": false,
              "sender": false
            }
          ],
          "sum": {
            "start": 3.000125,
            "end": 4.000122,
            "seconds": 0.9999970197677612,
            "bytes": 7048692,
            "bits_per_second": 56389704.05441396,
            "jitter_ms": 0.06948731582040303,
            "lost_packets": 0,
            "packets": 5229,
            "lost_percent": 0,
            "omitted": false,
            "sender": false
          }
        },
        {
          "streams": [
            {
              "socket": 10,
              "start": 4.000122,
              "end": 5.00018,
              "seconds": 1.0000580549240112,
              "bytes": 7353340,
              "bits_per_second": 58823305.01749712,
              "jitter_ms": 0.0727682550892523,
              "lost_packets": 17,
              "packets": 5472,
              "lost_percent": 0.310672514619883,
              "omitted": false,
              "sender": false
            }
          ],
          "sum": {
            "start": 4.000122,
            "end": 5.00018,
            "seconds": 1.0000580549240112,
            "bytes": 7353340,
            "bits_per_second": 58823305.01749712,
            "jitter_ms": 0.0727682550892523,
            "lost_packets": 17,
            "packets": 5472,
            "lost_percent": 0.310672514619883,
            "omitted": false,
            "sender": false
          }
        },
        {
          "streams": [
            {
              "socket": 10,
              "start": 5.00018,
              "end": 6.000124,
              "seconds": 0.999943971633911,
              "bytes": 7330424,
              "bits_per_second": 58646677.87753802,
              "jitter_ms": 0.24685779825143045,
              "lost_packets": 0,
              "packets": 5438,
              "lost_percent": 0,
              "omitted": false,
              "sender": false
            }
          ],
          "sum": {
            "start": 5.00018,
            "end": 6.000124,
            "seconds": 0.999943971633911,
            "bytes": 7330424,
            "bits_per_second": 58646677.87753802,
            "jitter_ms": 0.24685779825143045,
            "lost_packets": 0,
            "packets": 5438,
            "lost_percent": 0,
            "omitted": false,
            "sender": false
          }
        },
        {
          "streams": [
            {
              "socket": 10,
              "start": 6.000124,
              "end": 7.000018,
              "seconds": 0.9998940229415894,
              "bytes": 7405912,
              "bits_per_second": 59253575.51963388,
              "jitter_ms": 0.04320190507911014,
              "lost_packets": 18,
              "packets": 5512,
              "lost_percent": 0.3265602322206096,
              "omitted": false,
              "sender": false
            }
          ],
          "sum": {
            "start": 6.000124,
            "end": 7.000018,
            "seconds": 0.9998940229415894,
            "bytes": 7405912,
            "bits_per_second": 59253575.51963388,
            "jitter_ms": 0.04320190507911014,
            "lost_packets": 18,
            "packets": 5512,
            "lost_percent": 0.3265602322206096,
            "omitted": false,
            "sender": false
          }
        },
        {
          "streams": [
            {
              "socket": 10,
              "start": 7.000018,
              "end": 8.000157,
              "seconds": 1.0001389980316162,