{
  "udp": {
    "50": {
      "start": {
        "connected": [
          {
            "socket": 10,
            "local_host": "172.17.0.2",
            "local_port": 55472,
            "remote_host": "172.20.25.101",
            "remote_port": 32201
          }
        ],
        "version": "iperf 3.12",
        "system_info": "Linux 11c0ab55c992 6.8.0-59-generic #61~22.04.1-Ubuntu SMP PREEMPT_DYNAMIC Tue Apr 15 17:03:15 UTC 2 x86_64",
        "timestamp": {
          "time": "Tue, 13 May 2025 04:31:31 GMT",
          "timesecs": 1747110691
        },
        "connecting_to": {
          "host": "api-int.tenoran.automation.otic.open6g.net",
          "port": 32201
        },
        "cookie": "xsdertomu7ox3sregugtblqnu7dqrgffzm6x",
        "target_bitrate": 50000000,
        "sock_bufsize": 0,
        "sndbuf_actual": 212992,
        "rcvbuf_actual": 212992,
        "test_start": {
          "protocol": "UDP",
          "num_streams": 1,
          "blksize": 1348,
          "omit": 0,
          "duration": 10,
          "bytes": 0,
          "blocks": 0,
          "reverse": 1,
          "tos": 0,
          "target_bitrate": 50000000
        }
      },
      "intervals": [
        {
          "streams": [
            {
              "socket": 10,
              "start": 0,
              "end": 1.000019,
              "seconds": 1.0000189542770386,
              "bytes": 5855712,
              "bits_per_second": 46844808.090529636,
              "jitter_ms": 0.1287936812434622,
              "lost_packets": 0,
              "packets": 4344,
              "lost_percent": 0,
              "omitted": false,
              "sender": false
            }
          ],
          "sum": {
            "start": 0,
            "end": 1.000019,
            "seconds": 1.0000189542770386,
            "bytes": 5855712,
            "bits_per_second": 46844808.090529636,
            "jitter_ms": 0.1287936812434622,
            "lost_packets": 0,
            "packets": 4344,
            "lost_percent": 0,
            "omitted": false,
            "sender": false
          }
        },
        {
          "streams": [
            {
              "socket": 10,
              "start": 1.000019,
              "end": 2.000009,
              "seconds": 0.9999899864196777,
              "bytes": 6303248,
              "bits_per_second": 50426488.949697465,
              "jitter_ms": 0.09398086309224662,
              "lost_packets": 0,
              "packets": 4676,
              "lost_percent": 0,
              "omitted": false,
              "sender": false
            }
          ],
          "sum": {
            "start": 1.000019,
            "end": 2.000009,
            "seconds": 0.9999899864196777,
            "bytes": 6303248,
            "bits_per_second": 50426488.949697465,
            "jitter_ms": 0.09398086309224662,
            "lost_packets": 0,
            "packets": 4676,
            "lost_percent": 0,
            "omitted": false,
            "sender": false
          }
        },
        {
          "streams": [
            {
              "socket": 10,
              "start": 2.000009,
              "end": 3.000093,
              "seconds": 1.0000840425491333,
              "bytes": 6269548,
              "bits_per_second": 50152169.08386563,
              "jitter_ms": 0.010966878181668681,
              "lost_packets": 0,
              "packets": 4651,
              "lost_percent": 0,
              "omitted": false,
              "sender": false
            }
          ],
          "sum": {
            "start": 2.000009,
            "end": 3.000093,
            "seconds": 1.0000840425491333,
            "bytes": 6269548,
            "bits_per_second": 50152169.08386563,
            "jitter_ms": 0.010966878181668681,
            "lost_packets": 0,
            "packets": 4651,
            "lost_percent": 0,
            "omitted": false,
            "sender": false
          }
        },
        {
          "streams": [
            {
              "socket": 10,
              "start": 3.000093,
              "end": 4.000009,
              "seconds": 0.9999160170555115,
              "bytes": 6233152,
              "bits_per_second": 49869404.17940287,
              "jitter_ms": 0.1364017151086531,
              "lost_packets": 0,
              "packets": 4624,
              "lost_percent": 0,
              "omitted": false,
              "sender": false
            }
          ],
          "sum": {
            "start": 3.000093,
            "end": 4.000009,
            "seconds": 0.9999160170555115,
            "bytes": 6233152,
            "bits_per_second": 49869404.17940287,
            "jitter_ms": 0.1364017151086531,
            "lost_packets": 0,
            "packets": 4624,
            "lost_percent": 0,
            "omitted": false,
            "sender": false
          }
        },
        {
          "streams": [
            {
              "socket": 10,
              "start": 4.000009,
              "end": 5.000016,
              "seconds": 1.0000070333480835,
              "bytes": 6247980,
              "bits_per_second": 49983488.4487273,
              "jitter_ms": 0.15333715282443053,
              "lost_packets": 0,
              "packets": 4635,
              "lost_percent": 0,
              "omitted": false,
              "sender": false
            }
          ],
          "sum": {
            "start": 4.000009,
            "end": 5.000016,
            "seconds": 1.0000070333480835,
            "bytes": 6247980,
            "bits_per_second": 49983488.4487273,
            "jitter_ms": 0.15333715282443053,
            "lost_packets": 0,
            "packets": 4635,
            "lost_percent": 0,
            "omitted": false,
            "sender": false
          }
        },
        {
          "streams": [
            {
              "socket": 10,
              "start": 5.000016,
              "end": 6.000007,
              "seconds": 0.999990999698639,
              "bytes": 6171144,
              "bits_per_second": 49369596.341245145,
              "jitter_ms": 0.29069598289985377,
              "lost_packets": 0,
              "packets": 4578,
              "lost_percent": 0,
              "omitted": false,
              "sender": false
            }
          ],
          "sum": {
            "start": 5.000016,
            "end": 6.000007,
            "seconds": 0.999990999698639,
            "bytes": 6171144,
            "bits_per_second": 49369596.341245145,
            "jitter_ms": 0.29069598289985377,
            "lost_packets": 0,
            "packets": 4578,
            "lost_percent": 0,
            "omitted": false,
            "sender": false
          }
        },
        {
          "streams": [
            {
              "socket": 10,
              "start": 6.000007,
              "end": 7.000006,
              "seconds": 0.9999989867210388,
              "bytes": 6314032,
              "bits_per_second": 50512307.18305815,
              "jitter_ms": 0.16191484362126055,
              "lost_packets": 0,
              "packets": 4684,
              "lost_percent": 0,
              "omitted": false,
              "sender": false
            }
          ],
          "sum": {
            "start": 6.000007,
            "end": 7.000006,
            "seconds": 0.9999989867210388,
            "bytes": 6314032,
            "bits_per_second": 50512307.18305815,
            "jitter_ms": 0.16191484362126055,
            "lost_packets": 0,
            "packets": 4684,
            "lost_percent": 0,
            "omitted": false,
            "sender": false
          }
        },
        {
          "streams": [
            {
              "socket": 10,
              "start": 7.000006,
              "end": 8.000123,
              "seconds": 1.0001169443130493,
              "bytes": 6270896,
              "bits_per_second": 50161301.9210052,
              "jitter_ms": 0.012031140723449841,
              "lost_packets": 3,