{
  "udp": {
    "20": {
      "start": {
        "connected": [
          {
            "socket": 10,
            "local_host": "172.17.0.2",
            "local_port": 38259,
            "remote_host": "172.20.25.101",
            "remote_port": 32201
          }
        ],
        "version": "iperf 3.12",
        "system_info": "Linux 075cff40c504 6.8.0-52-generic #53~22.04.1-Ubuntu SMP PREEMPT_DYNAMIC Wed Jan 15 19:18:46 UTC 2 x86_64",
        "timestamp": {
          "time": "Thu, 17 Apr 2025 05:01:44 GMT",
          "timesecs": 1744866104
        },
        "connecting_to": {
          "host": "api-int.tenoran.automation.otic.open6g.net",
          "port": 32201
        },
        "cookie": "qsev7btijifphade77xqdz3ty2zjqfoiwaao",
        "target_bitrate": 20000000,
        "sock_bufsize": 0,
        "sndbuf_actual": 212992,
        "rcvbuf_actual": 212992,
        "test_start": {
          "protocol": "UDP",
          "num_streams": 1,
          "blksize": 1348,
          "omit": 0,
          "duration": 10,
          "bytes": 0,
          "blocks": 0,
          "reverse": 1,
          "tos": 0,
          "target_bitrate": 20000000
        }
      },
      "intervals": [
        {
          "streams": [
            {
              "socket": 10,
              "start": 0,
              "end": 1.000204,
              "seconds": 1.0002039670944214,
              "bytes": 2503236,
              "bits_per_second": 20021804.210770056,
              "jitter_ms": 0.056004020855930425,
              "lost_packets": 0,
              "packets": 1857,
              "lost_percent": 0,
              "omitted": false,
              "sender": false
            }
          ],
          "sum": {
            "start": 0,
            "end": 1.000204,
            "seconds": 1.0002039670944214,
            "bytes": 2503236,
            "bits_per_second": 20021804.210770056,
            "jitter_ms": 0.056004020855930425,
            "lost_packets": 0,
            "packets": 1857,
            "lost_percent": 0,
            "omitted": false,
            "sender": false
          }
        },
        {
          "streams": [
            {
              "socket": 10,
              "start": 1.000204,
              "end": 2.00029,
              "seconds": 1.0000859498977661,
              "bytes": 2497844,
              "bits_per_second": 19981034.63211611,
              "jitter_ms": 0.02007948867066861,
              "lost_packets": 2,
              "packets": 1855,
              "lost_percent": 0.1078167115902965,
              "omitted": false,
              "sender": false
            }
          ],
          "sum": {
            "start": 1.000204,
            "end": 2.00029,
            "seconds": 1.0000859498977661,
            "bytes": 2497844,
            "bits_per_second": 19981034.63211611,
            "jitter_ms": 0.02007948867066861,
            "lost_packets": 2,
            "packets": 1855,
            "lost_percent": 0.1078167115902965,
            "omitted": false,
            "sender": false
          }
        },
        {
          "streams": [
            {
              "socket": 10,
              "start": 2.00029,
              "end": 3.000279,
              "seconds": 0.9999889731407166,
              "bytes": 2497844,
              "bits_per_second": 19982972.34942416,
              "jitter_ms": 0.3254211720045646,
              "lost_packets": 1,
              "packets": 1854,
              "lost_percent": 0.05393743257820928,
              "omitted": false,
              "sender": false
            }
          ],
          "sum": {
            "start": 2.00029,
            "end": 3.000279,
            "seconds": 0.9999889731407166,
            "bytes": 2497844,
            "bits_per_second": 19982972.34942416,
            "jitter_ms": 0.3254211720045646,
            "lost_packets": 1,
            "packets": 1854,
            "lost_percent": 0.05393743257820928,
            "omitted": false,
            "sender": false
          }
        },
        {
          "streams": [
            {
              "socket": 10,
              "start": 3.000279,
              "end": 4.000279,
              "seconds": 1,
              "bytes": 2500540,
              "bits_per_second": 20004320,
              "jitter_ms": 0.2985815221270019,
              "lost_packets": 0,
              "packets": 1855,
              "lost_percent": 0,
              "omitted": false,
              "sender": false
            }
          ],
          "sum": {
            "start": 3.000279,
            "end": 4.000279,
            "seconds": 1,
            "bytes": 2500540,
            "bits_per_second": 20004320,
            "jitter_ms": 0.2985815221270019,
            "lost_packets": 0,
            "packets": 1855,
            "lost_percent": 0,
            "omitted": false,
            "sender": false
          }
        },
        {
          "streams": [
            {
              "socket": 10,
              "start": 4.000279,
              "end": 5.000166,
              "seconds": 0.999886989593506,
              "bytes": 2499192,
              "bits_per_second": 19995795.73300396,
              "jitter_ms": 0.3315126256748262,
              "lost_packets": 0,
              "packets": 1854,
              "lost_percent": 0,
              "omitted": false,
              "sender": false
            }
          ],
          "sum": {
            "start": 4.000279,
            "end": 5.000166,
            "seconds": 0.999886989593506,
            "bytes": 2499192,
            "bits_per_second": 19995795.73300396,
            "jitter_ms": 0.3315126256748262,
            "lost_packets": 0,
            "packets": 1854,
            "lost_percent": 0,
            "omitted": false,
            "sender": false
          }
        },
        {
          "streams": [
            {
              "socket": 10,
              "start": 5.000166,
              "end": 6.000256,
              "seconds": 1.0000900030136108,
              "bytes": 2500540,
              "bits_per_second": 20002519.712946024,
              "jitter_ms": 0.018637812137741034,
              "lost_packets": 0,
              "packets": 1855,
              "lost_percent": 0,
              "omitted": false,
              "sender": false
            }
          ],
          "sum": {
            "start": 5.000166,
            "end": 6.000256,
            "seconds": 1.0000900030136108,
            "bytes": 2500540,
            "bits_per_second": 20002519.712946024,
            "jitter_ms": 0.018637812137741034,
            "lost_packets": 0,
            "packets": 1855,
            "lost_percent": 0,
            "omitted": false,
            "sender": false
          }
        },
        {
          "streams": [
            {
              "socket": 10,
              "start": 6.000256,
              "end": 7.000204,
              "seconds": 0.999948024749756,
              "bytes": 2499192,
              "bits_per_second": 19994575.223050743,
              "jitter_ms": 0.10739989708034228,
              "lost_packets": 0,
              "packets": 1854,
              "lost_percent": 0,
              "omitted": false,
              "sender": false
            }
          ],
          "sum": {
            "start": 6.000256,
            "end": 7.000204,
            "seconds": 0.999948024749756,
            "bytes": 2499192,
            "bits_per_second": 19994575.223050743,
            "jitter_ms": 0.10739989708034228,
            "lost_packets": 0,
            "packets": 1854,
            "lost_percent": 0,
            "omitted": false,
            "sender": false
          }
        },
        {
          "streams": [
            {
              "socket": 10,
              "start": 7.000204,
              "end": 8.000296,
              "seconds": 1.0000920295715332,
              "bytes": 2500540,
              "bits_per_second": 20002479.180411424,
              "jitter_ms": 0.02130471063154114,
              "lost_packets": 0,