{
  "udp": {
    "20": {
      "start": {
        "connected": [
          {
            "socket": 10,
            "local_host": "172.17.0.2",
            "local_port": 48022,
            "remote_host": "172.20.25.101",
            "remote_port": 32201
          }
        ],
        "version": "iperf 3.12",
        "system_info": "Linux b8c2baa17744 6.8.0-79-generic #79~22.04.1-Ubuntu SMP PREEMPT_DYNAMIC Fri Aug 15 16:54:53 UTC 2 x86_64",
        "timestamp": {
          "time": "Fri, 19 Sep 2025 05:31:26 GMT",
          "timesecs": 1758259886
        },
        "connecting_to": {
          "host": "api-int.tenoran.automation.otic.open6g.net",
          "port": 32201
        },
        "cookie": "3gpsf7oo66bqovipy2ouyhgoi6dqghznrfh2",
        "target_bitrate": 20000000,
        "sock_bufsize": 0,
        "sndbuf_actual": 212992,
        "rcvbuf_actual": 212992,
        "test_start": {
          "protocol": "UDP",
          "num_streams": 1,
          "blksize": 1348,
          "omit": 0,
          "duration": 10,
          "bytes": 0,
          "blocks": 0,
          "reverse": 1,
          "tos": 0,
          "target_bitrate": 20000000
        }
      },
      "intervals": [
        {
          "streams": [
            {
              "socket": 10,
              "start": 0,
              "end": 1.000225,
              "seconds": 1.0002249479293823,
              "bytes": 2491104,
              "bits_per_second": 19924350.05871,
              "jitter_ms": 0.7693374286729755,
              "lost_packets": 0,
              "packets": 1848,
              "lost_percent": 0,
              "omitted": false,
              "sender": false
            }
          ],
          "sum": {
            "start": 0,
            "end": 1.000225,
            "seconds": 1.0002249479293823,
            "bytes": 2491104,
            "bits_per_second": 19924350.05871,
            "jitter_ms": 0.7693374286729755,
            "lost_packets": 0,
            "packets": 1848,
            "lost_percent": 0,
            "omitted": false,
            "sender": false
          }
        },
        {
          "streams": [
            {
              "socket": 10,
              "start": 1.000225,
              "end": 2.000211,
              "seconds": 0.9999859929084778,
              "bytes": 2495148,
              "bits_per_second": 19961463.602047592,
              "jitter_ms": 0.6991278468130543,
              "lost_packets": 0,
              "packets": 1851,
              "lost_percent": 0,
              "omitted": false,
              "sender": false
            }
          ],
          "sum": {
            "start": 1.000225,
            "end": 2.000211,
            "seconds": 0.9999859929084778,
            "bytes": 2495148,
            "bits_per_second": 19961463.602047592,
            "jitter_ms": 0.6991278468130543,
            "lost_packets": 0,
            "packets": 1851,
            "lost_percent": 0,
            "omitted": false,
            "sender": false
          }
        },
        {
          "streams": [
            {
              "socket": 10,
              "start": 2.000211,
              "end": 3.000221,
              "seconds": 1.0000100135803223,
              "bytes": 2504584,
              "bits_per_second": 20036471.36318463,
              "jitter_ms": 0.7573166568607596,
              "lost_packets": 0,
              "packets": 1858,
              "lost_percent": 0,
              "omitted": false,
              "sender": false
            }
          ],
          "sum": {
            "start": 2.000211,
            "end": 3.000221,
            "seconds": 1.0000100135803223,
            "bytes": 2504584,
            "bits_per_second": 20036471.36318463,
            "jitter_ms": 0.7573166568607596,
            "lost_packets": 0,
            "packets": 1858,
            "lost_percent": 0,
            "omitted": false,
            "sender": false
          }
        },
        {
          "streams": [
            {
              "socket": 10,
              "start": 3.000221,
              "end": 4.000208,
              "seconds": 0.999987006187439,
              "bytes": 2500540,
              "bits_per_second": 20004579.935762048,
              "jitter_ms": 0.7407893324353936,
              "lost_packets": 0,
              "packets": 1855,
              "lost_percent": 0,
              "omitted": false,
              "sender": false
            }
          ],
          "sum": {
            "start": 3.000221,
            "end": 4.000208,
            "seconds": 0.999987006187439,
            "bytes": 2500540,
            "bits_per_second": 20004579.935762048,
            "jitter_ms": 0.7407893324353936,
            "lost_packets": 0,
            "packets": 1855,
            "lost_percent": 0,
            "omitted": false,
            "sender": false
          }
        },
        {
          "streams": [
            {
              "socket": 10,
              "start": 4.000208,
              "end": 5.000155,
              "seconds": 0.9999470114707947,
              "bytes": 2499192,
              "bits_per_second": 19994595.484206762,
              "jitter_ms": 0.8197855228832484,
              "lost_packets": 0,
              "packets": 1854,
              "lost_percent": 0,
              "omitted": false,
              "sender": false
            }
          ],
          "sum": {
            "start": 4.000208,
            "end": 5.000155,
            "seconds": 0.9999470114707947,
            "bytes": 2499192,
            "bits_per_second": 19994595.484206762,
            "jitter_ms": 0.8197855228832484,
            "lost_packets": 0,
            "packets": 1854,
            "lost_percent": 0,
            "omitted": false,
            "sender": false
          }
        },
        {
          "streams": [
            {
              "socket": 10,
              "start": 5.000155,
              "end": 6.000232,
              "seconds": 1.00007700920105,
              "bytes": 2488408,
              "bits_per_second": 19905731.07555356,
              "jitter_ms": 0.81473090173378,
              "lost_packets": 0,
              "packets": 1846,
              "lost_percent": 0,
              "omitted": false,
              "sender": false
            }
          ],
          "sum": {
            "start": 5.000155,
            "end": 6.000232,
            "seconds": 1.00007700920105,
            "bytes": 2488408,
            "bits_per_second": 19905731.07555356,
            "jitter_ms": 0.81473090173378,
            "lost_packets": 0,
            "packets": 1846,
            "lost_percent": 0,
            "omitted": false,
            "sender": false
          }
        },
        {
          "streams": [
            {
              "socket": 10,
              "start": 6.000232,
              "end": 7.000194,
              "seconds": 0.9999619722366333,
              "bytes": 2519412,
              "bits_per_second": 20156062.489974774,
              "jitter_ms": 0.7501066298529553,
              "lost_packets": 0,
              "packets": 1869,
              "lost_percent": 0,
              "omitted": false,
              "sender": false
            }
          ],
          "sum": {
            "start": 6.000232,
            "end": 7.000194,
            "seconds": 0.9999619722366333,
            "bytes": 2519412,
            "bits_per_second": 20156062.489974774,
            "jitter_ms": 0.7501066298529553,
            "lost_packets": 0,
            "packets": 1869,
            "lost_percent": 0,
            "omitted": false,
            "sender": false
          }
        },
        {
          "streams": [
            {
              "socket": 10,
              "start": 7.000194,
              "end": 8.000195,
              "seconds": 1.0000009536743164,
              "bytes": 2484364,
              "bits_per_second": 19874893.04582496,
              "jitter_ms": 0.9495162409940835,
              "lost_packets": 0,
              "packets": 1843,