{
  "udp": {
    "60": {
      "start": {
        "connected": [
          {
            "socket": 5,
            "local_host": "172.17.0.2",
            "local_port": 41721,
            "remote_host": "172.20.25.101",
            "remote_port": 32201
          }
        ],
        "version": "iperf 3.12",
        "system_info": "Linux 86e80f09466f 6.8.0-87-generic #88~22.04.1-Ubuntu SMP PREEMPT_DYNAMIC Tue Oct 14 14:03:14 UTC 2 x86_64",
        "timestamp": {
          "time": "Wed, 26 Nov 2025 06:02:41 GMT",
          "timesecs": 1764136961
        },
        "connecting_to": {
          "host": "api-int.tenoran.automation.otic.open6g.net",
          "port": 32201
        },
        "cookie": "6duo2synf2yvy3hf7axyzp5v6zdfesznbms5",
        "target_bitrate": 60000000,
        "sock_bufsize": 0,
        "sndbuf_actual": 212992,
        "rcvbuf_actual": 212992,
        "test_start": {
          "protocol": "UDP",
          "num_streams": 1,
          "blksize": 1348,
          "omit": 0,
          "duration": 10,
          "bytes": 0,
          "blocks": 0,
          "reverse": 1,
          "tos": 0,
          "target_bitrate": 60000000
        }
      },
      "intervals": [
        {
          "streams": [
            {
              "socket": 5,
              "start": 0,
              "end": 1.000019,
              "seconds": 1.0000189542770386,
              "bytes": 7319640,
              "bits_per_second": 58556010.11316204,
              "jitter_ms": 0.31086845763129434,
              "lost_packets": 115,
              "packets": 5545,
              "lost_percent": 2.073940486925158,
              "omitted": false,
              "sender": false
            }
          ],
          "sum": {
            "start": 0,
            "end": 1.000019,
            "seconds": 1.0000189542770386,
            "bytes": 7319640,
            "bits_per_second": 58556010.11316204,
            "jitter_ms": 0.31086845763129434,
            "lost_packets": 115,
            "packets": 5545,
            "lost_percent": 2.073940486925158,
            "omitted": false,
            "sender": false
          }
        },
        {
          "streams": [
            {
              "socket": 5,
              "start": 1.000019,
              "end": 2.000161,
              "seconds": 1.000141978263855,
              "bytes": 7490836,
              "bits_per_second": 59918180.92069953,
              "jitter_ms": 0.4609596401997217,
              "lost_packets": 0,
              "packets": 5557,
              "lost_percent": 0,
              "omitted": false,
              "sender": false
            }
          ],
          "sum": {
            "start": 1.000019,
            "end": 2.000161,
            "seconds": 1.000141978263855,
            "bytes": 7490836,
            "bits_per_second": 59918180.92069953,
            "jitter_ms": 0.4609596401997217,
            "lost_packets": 0,
            "packets": 5557,
            "lost_percent": 0,
            "omitted": false,
            "sender": false
          }
        },
        {
          "streams": [
            {
              "socket": 5,
              "start": 2.000161,
              "end": 3.00008,
              "seconds": 0.9999189972877502,
              "bytes": 7498924,
              "bits_per_second": 59996251.8591254,
              "jitter_ms": 0.4621445693037985,
              "lost_packets": 0,
              "packets": 5563,
              "lost_percent": 0,
              "omitted": false,
              "sender": false
            }
          ],
          "sum": {
            "start": 2.000161,
            "end": 3.00008,
            "seconds": 0.9999189972877502,
            "bytes": 7498924,
            "bits_per_second": 59996251.8591254,
            "jitter_ms": 0.4621445693037985,
            "lost_packets": 0,
            "packets": 5563,
            "lost_percent": 0,
            "omitted": false,
            "sender": false
          }
        },
        {
          "streams": [
            {
              "socket": 5,
              "start": 3.00008,
              "end": 4.000183,
              "seconds": 1.0001029968261719,
              "bytes": 7201016,
              "bits_per_second": 57602195.15671833,
              "jitter_ms": 0.36897107289331776,
              "lost_packets": 132,
              "packets": 5474,
              "lost_percent": 2.411399342345634,
              "omitted": false,
              "sender": false
            }
          ],
          "sum": {
            "start": 3.00008,
            "end": 4.000183,
            "seconds": 1.0001029968261719,
            "bytes": 7201016,
            "bits_per_second": 57602195.15671833,
            "jitter_ms": 0.36897107289331776,
            "lost_packets": 132,
            "packets": 5474,
            "lost_percent": 2.411399342345634,
            "omitted": false,
            "sender": false
          }
        },
        {
          "streams": [
            {
              "socket": 5,
              "start": 4.000183,
              "end": 5.000115,
              "seconds": 0.9999319911003113,
              "bytes": 7621592,
              "bits_per_second": 60976882.97071729,
              "jitter_ms": 0.39661794240196474,
              "lost_packets": 0,
              "packets": 5654,
              "lost_percent": 0,
              "omitted": false,
              "sender": false
            }
          ],
          "sum": {
            "start": 4.000183,
            "end": 5.000115,
            "seconds": 0.9999319911003113,
            "bytes": 7621592,
            "bits_per_second": 60976882.97071729,
            "jitter_ms": 0.39661794240196474,
            "lost_packets": 0,
            "packets": 5654,
            "lost_percent": 0,
            "omitted": false,
            "sender": false
          }
        },
        {
          "streams": [
            {
              "socket": 5,
              "start": 5.000115,
              "end": 6.000191,
              "seconds": 1.0000760555267334,
              "bytes": 7422088,
              "bits_per_second": 59372188.416936636,
              "jitter_ms": 0.5707444822533995,
              "lost_packets": 0,
              "packets": 5506,
              "lost_percent": 0,
              "omitted": false,
              "sender": false
            }
          ],
          "sum": {
            "start": 5.000115,
            "end": 6.000191,
            "seconds": 1.0000760555267334,
            "bytes": 7422088,
            "bits_per_second": 59372188.416936636,
            "jitter_ms": 0.5707444822533995,
            "lost_packets": 0,
            "packets": 5506,
            "lost_percent": 0,
            "omitted": false,
            "sender": false
          }
        },
        {
          "streams": [
            {
              "socket": 5,
              "start": 6.000191,
              "end": 7.000102,
              "seconds": 0.9999110102653503,
              "bytes": 7574412,
              "bits_per_second": 60600688.8392194,
              "jitter_ms": 0.4539466112410752,
              "lost_packets": 3,
              "packets": 5622,
              "lost_percent": 0.05336179295624333,
              "omitted": false,
              "sender": false
            }
          ],
          "sum": {
            "start": 6.000191,
            "end": 7.000102,
            "seconds": 0.9999110102653503,
            "bytes": 7574412,
            "bits_per_second": 60600688.8392194,
            "jitter_ms": 0.4539466112410752,
            "lost_packets": 3,
            "packets": 5622,
            "lost_percent": 0.05336179295624333,
            "omitted": false,
            "sender": false
          }
        },
        {
          "streams": [
            {
              "socket": 5,
              "start": 7.000102,
              "end": 8.000108,
              "seconds": 1.0000059604644775,
              "bytes": 7400520,
              "bits_per_second": 59203807.11781074,