{
  "udp": {
    "50": {
      "start": {
        "connected": [
          {
            "socket": 5,
            "local_host": "172.17.0.2",
            "local_port": 54857,
            "remote_host": "172.20.25.101",
            "remote_port": 32201
          }
        ],
        "version": "iperf 3.12",
        "system_info": "Linux 704290e5cfe4 6.8.0-87-generic #88~22.04.1-Ubuntu SMP PREEMPT_DYNAMIC Tue Oct 14 14:03:14 UTC 2 x86_64",
        "timestamp": {
          "time": "Sun, 23 Nov 2025 07:02:30 GMT",
          "timesecs": 1763881350
        },
        "connecting_to": {
          "host": "api-int.tenoran.automation.otic.open6g.net",
          "port": 32201
        },
        "cookie": "iscn76b26xda3jukz2u7u6qdm6yyvhpdwev3",
        "target_bitrate": 50000000,
        "sock_bufsize": 0,
        "sndbuf_actual": 212992,
        "rcvbuf_actual": 212992,
        "test_start": {
          "protocol": "UDP",
          "num_streams": 1,
          "blksize": 1348,
          "omit": 0,
          "duration": 10,
          "bytes": 0,
          "blocks": 0,
          "reverse": 1,
          "tos": 0,
          "target_bitrate": 50000000
        }
      },
      "intervals": [
        {
          "streams": [
            {
              "socket": 5,
              "start": 0,
              "end": 1.000155,
              "seconds": 1.000154972076416,
              "bytes": 6175188,
              "bits_per_second": 49393849.33260675,
              "jitter_ms": 0.442165227212371,
              "lost_packets": 0,
              "packets": 4581,
              "lost_percent": 0,
              "omitted": false,
              "sender": false
            }
          ],
          "sum": {
            "start": 0,
            "end": 1.000155,
            "seconds": 1.000154972076416,
            "bytes": 6175188,
            "bits_per_second": 49393849.33260675,
            "jitter_ms": 0.442165227212371,
            "lost_packets": 0,
            "packets": 4581,
            "lost_percent": 0,
            "omitted": false,
            "sender": false
          }
        },
        {
          "streams": [
            {
              "socket": 5,
              "start": 1.000155,
              "end": 2.000151,
              "seconds": 0.9999960064888,
              "bytes": 6307292,
              "bits_per_second": 50458537.50673467,
              "jitter_ms": 0.2570080112894363,
              "lost_packets": 0,
              "packets": 4679,
              "lost_percent": 0,
              "omitted": false,
              "sender": false
            }
          ],
          "sum": {
            "start": 1.000155,
            "end": 2.000151,
            "seconds": 0.9999960064888,
            "bytes": 6307292,
            "bits_per_second": 50458537.50673467,
            "jitter_ms": 0.2570080112894363,
            "lost_packets": 0,
            "packets": 4679,
            "lost_percent": 0,
            "omitted": false,
            "sender": false
          }
        },
        {
          "streams": [
            {
              "socket": 5,
              "start": 2.000151,
              "end": 3.000139,
              "seconds": 0.9999880194664,
              "bytes": 6249328,
              "bits_per_second": 49995222.96944862,
              "jitter_ms": 0.2678941045033062,
              "lost_packets": 0,
              "packets": 4636,
              "lost_percent": 0,
              "omitted": false,
              "sender": false
            }
          ],
          "sum": {
            "start": 2.000151,
            "end": 3.000139,
            "seconds": 0.9999880194664,
            "bytes": 6249328,
            "bits_per_second": 49995222.96944862,
            "jitter_ms": 0.2678941045033062,
            "lost_packets": 0,
            "packets": 4636,
            "lost_percent": 0,
            "omitted": false,
            "sender": false
          }
        },
        {
          "streams": [
            {
              "socket": 5,
              "start": 3.000139,
              "end": 4.0001,
              "seconds": 0.999961018562317,
              "bytes": 6200800,
              "bits_per_second": 49608333.80417275,
              "jitter_ms": 0.3276508669595967,
              "lost_packets": 0,
              "packets": 4600,
              "lost_percent": 0,
              "omitted": false,
              "sender": false
            }
          ],
          "sum": {
            "start": 3.000139,
            "end": 4.0001,
            "seconds": 0.999961018562317,
            "bytes": 6200800,
            "bits_per_second": 49608333.80417275,
            "jitter_ms": 0.3276508669595967,
            "lost_packets": 0,
            "packets": 4600,
            "lost_percent": 0,
            "omitted": false,
            "sender": false
          }
        },
        {
          "streams": [
            {
              "socket": 5,
              "start": 4.0001,
              "end": 5.000123,
              "seconds": 1.0000230073928833,
              "bytes": 6299204,
              "bits_per_second": 50392472.600584514,
              "jitter_ms": 0.2150837957372054,
              "lost_packets": 0,
              "packets": 4673,
              "lost_percent": 0,
              "omitted": false,
              "sender": false
            }
          ],
          "sum": {
            "start": 4.0001,
            "end": 5.000123,
            "seconds": 1.0000230073928833,
            "bytes": 6299204,
            "bits_per_second": 50392472.600584514,
            "jitter_ms": 0.2150837957372054,
            "lost_packets": 0,
            "packets": 4673,
            "lost_percent": 0,
            "omitted": false,
            "sender": false
          }
        },
        {
          "streams": [
            {
              "socket": 5,
              "start": 5.000123,
              "end": 6.000125,
              "seconds": 1.0000020265579224,
              "bytes": 6231804,
              "bits_per_second": 49854330.967310615,
              "jitter_ms": 0.3736199806123862,
              "lost_packets": 0,
              "packets": 4623,
              "lost_percent": 0,
              "omitted": false,
              "sender": false
            }
          ],
          "sum": {
            "start": 5.000123,
            "end": 6.000125,
            "seconds": 1.0000020265579224,
            "bytes": 6231804,
            "bits_per_second": 49854330.967310615,
            "jitter_ms": 0.3736199806123862,
            "lost_packets": 0,
            "packets": 4623,
            "lost_percent": 0,
            "omitted": false,
            "sender": false
          }
        },
        {
          "streams": [
            {
              "socket": 5,
              "start": 6.000125,
              "end": 7.00014,
              "seconds": 1.0000150203704834,
              "bytes": 6268200,
              "bits_per_second": 50144846.80582314,
              "jitter_ms": 0.21654213897040378,
              "lost_packets": 0,
              "packets": 4650,
              "lost_percent": 0,
              "omitted": false,
              "sender": false
            }
          ],
          "sum": {
            "start": 6.000125,
            "end": 7.00014,
            "seconds": 1.0000150203704834,
            "bytes": 6268200,
            "bits_per_second": 50144846.80582314,
            "jitter_ms": 0.21654213897040378,
            "lost_packets": 0,
            "packets": 4650,
            "lost_percent": 0,
            "omitted": false,
            "sender": false
          }
        },
        {
          "streams": [
            {
              "socket": 5,
              "start": 7.00014,
              "end": 8.000123,
              "seconds": 0.999983012676239,
              "bytes": 6247980,
              "bits_per_second": 49984689.10609694,
              "jitter_ms": 0.33021929885873263,
              "lost_packets": 0,
              "packets": 4635,
              "lost_percent": 0,