{
  "udp": {
    "20": {
      "start": {
        "connected": [
          {
            "socket": 10,
            "local_host": "172.17.0.2",
            "local_port": 39033,
            "remote_host": "172.20.25.101",
            "remote_port": 32201
          }
        ],
        "version": "iperf 3.12",
        "system_info": "Linux f4ea2a03877d 6.8.0-60-generic #63~22.04.1-Ubuntu SMP PREEMPT_DYNAMIC Tue Apr 22 19:00:15 UTC 2 x86_64",
        "timestamp": {
          "time": "Fri, 27 Jun 2025 06:01:22 GMT",
          "timesecs": 1751004082
        },
        "connecting_to": {
          "host": "api-int.tenoran.automation.otic.open6g.net",
          "port": 32201
        },
        "cookie": "y2vv7chk2jzu6dm6ksbziaxtsellegnyzbks",
        "target_bitrate": 20000000,
        "sock_bufsize": 0,
        "sndbuf_actual": 212992,
        "rcvbuf_actual": 212992,
        "test_start": {
          "protocol": "UDP",
          "num_streams": 1,
          "blksize": 1348,
          "omit": 0,
          "duration": 10,
          "bytes": 0,
          "blocks": 0,
          "reverse": 1,
          "tos": 0,
          "target_bitrate": 20000000
        }
      },
      "intervals": [
        {
          "streams": [
            {
              "socket": 10,
              "start": 0,
              "end": 1.0002,
              "seconds": 1.0002000331878662,
              "bytes": 2481668,
              "bits_per_second": 19849373.46654834,
              "jitter_ms": 0.3345258032229414,
              "lost_packets": 0,
              "packets": 1841,
              "lost_percent": 0,
              "omitted": false,
              "sender": false
            }
          ],
          "sum": {
            "start": 0,
            "end": 1.0002,
            "seconds": 1.0002000331878662,
            "bytes": 2481668,
            "bits_per_second": 19849373.46654834,
            "jitter_ms": 0.3345258032229414,
            "lost_packets": 0,
            "packets": 1841,
            "lost_percent": 0,
            "omitted": false,
            "sender": false
          }
        },
        {
          "streams": [
            {
              "socket": 10,
              "start": 1.0002,
              "end": 2.000199,
              "seconds": 0.9999989867210388,
              "bytes": 2519412,
              "bits_per_second": 20155316.422958087,
              "jitter_ms": 0.04709577132785391,
              "lost_packets": 0,
              "packets": 1869,
              "lost_percent": 0,
              "omitted": false,
              "sender": false
            }
          ],
          "sum": {
            "start": 1.0002,
            "end": 2.000199,
            "seconds": 0.9999989867210388,
            "bytes": 2519412,
            "bits_per_second": 20155316.422958087,
            "jitter_ms": 0.04709577132785391,
            "lost_packets": 0,
            "packets": 1869,
            "lost_percent": 0,
            "omitted": false,
            "sender": false
          }
        },
        {
          "streams": [
            {
              "socket": 10,
              "start": 2.000199,
              "end": 3.000202,
              "seconds": 1.0000029802322388,
              "bytes": 2488408,
              "bits_per_second": 19907204.67190685,
              "jitter_ms": 0.3379110888056624,
              "lost_packets": 0,
              "packets": 1846,
              "lost_percent": 0,
              "omitted": false,
              "sender": false
            }
          ],
          "sum": {
            "start": 2.000199,
            "end": 3.000202,
            "seconds": 1.0000029802322388,
            "bytes": 2488408,
            "bits_per_second": 19907204.67190685,
            "jitter_ms": 0.3379110888056624,
            "lost_packets": 0,
            "packets": 1846,
            "lost_percent": 0,
            "omitted": false,
            "sender": false
          }
        },
        {
          "streams": [
            {
              "socket": 10,
              "start": 3.000202,
              "end": 4.000397,
              "seconds": 1.000195026397705,
              "bytes": 2466840,
              "bits_per_second": 19730871.959118232,
              "jitter_ms": 0.5136367867232784,
              "lost_packets": 0,
              "packets": 1830,
              "lost_percent": 0,
              "omitted": false,
              "sender": false
            }
          ],
          "sum": {
            "start": 3.000202,
            "end": 4.000397,
            "seconds": 1.000195026397705,
            "bytes": 2466840,
            "bits_per_second": 19730871.959118232,
            "jitter_ms": 0.5136367867232784,
            "lost_packets": 0,
            "packets": 1830,
            "lost_percent": 0,
            "omitted": false,
            "sender": false
          }
        },
        {
          "streams": [
            {
              "socket": 10,
              "start": 4.000397,
              "end": 5.0002,
              "seconds": 0.9998030066490173,
              "bytes": 2534240,
              "bits_per_second": 20277914.61435082,
              "jitter_ms": 0.14382403851412887,
              "lost_packets": 0,
              "packets": 1880,
              "lost_percent": 0,
              "omitted": false,
              "sender": false
            }
          ],
          "sum": {
            "start": 4.000397,
            "end": 5.0002,
            "seconds": 0.9998030066490173,
            "bytes": 2534240,
            "bits_per_second": 20277914.61435082,
            "jitter_ms": 0.14382403851412887,
            "lost_packets": 0,
            "packets": 1880,
            "lost_percent": 0,
            "omitted": false,
            "sender": false
          }
        },
        {
          "streams": [
            {
              "socket": 10,
              "start": 5.0002,
              "end": 6.0002,
              "seconds": 1,
              "bytes": 2500540,
              "bits_per_second": 20004320,
              "jitter_ms": 0.01856424748116361,
              "lost_packets": 0,
              "packets": 1855,
              "lost_percent": 0,
              "omitted": false,
              "sender": false
            }
          ],
          "sum": {
            "start": 5.0002,
            "end": 6.0002,
            "seconds": 1,
            "bytes": 2500540,
            "bits_per_second": 20004320,
            "jitter_ms": 0.01856424748116361,
            "lost_packets": 0,
            "packets": 1855,
            "lost_percent": 0,
            "omitted": false,
            "sender": false
          }
        },
        {
          "streams": [
            {
              "socket": 10,
              "start": 6.0002,
              "end": 7.000199,
              "seconds": 0.9999989867210388,
              "bytes": 2509976,
              "bits_per_second": 20079828.346467607,
              "jitter_ms": 0.025436329972823916,
              "lost_packets": 0,
              "packets": 1862,
              "lost_percent": 0,
              "omitted": false,
              "sender": false
            }
          ],
          "sum": {
            "start": 6.0002,
            "end": 7.000199,
            "seconds": 0.9999989867210388,
            "bytes": 2509976,
            "bits_per_second": 20079828.346467607,
            "jitter_ms": 0.025436329972823916,
            "lost_packets": 0,
            "packets": 1862,
            "lost_percent": 0,
            "omitted": false,
            "sender": false
          }
        },
        {
          "streams": [
            {
              "socket": 10,
              "start": 7.000199,
              "end": 8.000094,
              "seconds": 0.9998949766159058,
              "bytes": 2501888,
              "bits_per_second": 20017206.274743088,
              "jitter_ms": 0.13660761291996884,
              "lost_packets": 0,
              "packets": 1856,
              "lost_percent": 0,