{
  "udp": {
    "10": {
      "start": {
        "connected": [
          {
            "socket": 10,
            "local_host": "172.17.0.2",
            "local_port": 56638,
            "remote_host": "172.20.25.101",
            "remote_port": 32201
          }
        ],
        "version": "iperf 3.12",
        "system_info": "Linux b82266b036f4 6.8.0-60-generic #63~22.04.1-Ubuntu SMP PREEMPT_DYNAMIC Tue Apr 22 19:00:15 UTC 2 x86_64",
        "timestamp": {
          "time": "Wed, 30 Jul 2025 05:31:11 GMT",
          "timesecs": 1753853471
        },
        "connecting_to": {
          "host": "api-int.tenoran.automation.otic.open6g.net",
          "port": 32201
        },
        "cookie": "mh74jlx3vnodp5iubu56d2ipbj7o3dandsli",
        "target_bitrate": 10000000,
        "sock_bufsize": 0,
        "sndbuf_actual": 212992,
        "rcvbuf_actual": 212992,
        "test_start": {
          "protocol": "UDP",
          "num_streams": 1,
          "blksize": 1348,
          "omit": 0,
          "duration": 10,
          "bytes": 0,
          "blocks": 0,
          "reverse": 1,
          "tos": 0,
          "target_bitrate": 10000000
        }
      },
      "intervals": [
        {
          "streams": [
            {
              "socket": 10,
              "start": 0,
              "end": 1.000125,
              "seconds": 1.0001250505447388,
              "bytes": 1250944,
              "bits_per_second": 10006300.706645815,
              "jitter_ms": 0.41539428441604526,
              "lost_packets": 0,
              "packets": 928,
              "lost_percent": 0,
              "omitted": false,
              "sender": false
            }
          ],
          "sum": {
            "start": 0,
            "end": 1.000125,
            "seconds": 1.0001250505447388,
            "bytes": 1250944,
            "bits_per_second": 10006300.706645815,
            "jitter_ms": 0.41539428441604526,
            "lost_packets": 0,
            "packets": 928,
            "lost_percent": 0,
            "omitted": false,
            "sender": false
          }
        },
        {
          "streams": [
            {
              "socket": 10,
              "start": 1.000125,
              "end": 2.000286,
              "seconds": 1.000161051750183,
              "bytes": 1250944,
              "bits_per_second": 10005940.525766097,
              "jitter_ms": 0.02153185685533109,
              "lost_packets": 0,
              "packets": 928,
              "lost_percent": 0,
              "omitted": false,
              "sender": false
            }
          ],
          "sum": {
            "start": 1.000125,
            "end": 2.000286,
            "seconds": 1.000161051750183,
            "bytes": 1250944,
            "bits_per_second": 10005940.525766097,
            "jitter_ms": 0.02153185685533109,
            "lost_packets": 0,
            "packets": 928,
            "lost_percent": 0,
            "omitted": false,
            "sender": false
          }
        },
        {
          "streams": [
            {
              "socket": 10,
              "start": 2.000286,
              "end": 3.000296,
              "seconds": 1.0000100135803223,
              "bytes": 1249596,
              "bits_per_second": 9996667.897563053,
              "jitter_ms": 0.021304294504526346,
              "lost_packets": 0,
              "packets": 927,
              "lost_percent": 0,
              "omitted": false,
              "sender": false
            }
          ],
          "sum": {
            "start": 2.000286,
            "end": 3.000296,
            "seconds": 1.0000100135803223,
            "bytes": 1249596,
            "bits_per_second": 9996667.897563053,
            "jitter_ms": 0.021304294504526346,
            "lost_packets": 0,
            "packets": 927,
            "lost_percent": 0,
            "omitted": false,
            "sender": false
          }
        },
        {
          "streams": [
            {
              "socket": 10,
              "start": 3.000296,
              "end": 4.000289,
              "seconds": 0.9999930262565613,
              "bytes": 1249596,
              "bits_per_second": 9996837.715381425,
              "jitter_ms": 0.0569086962717241,
              "lost_packets": 0,
              "packets": 927,
              "lost_percent": 0,
              "omitted": false,
              "sender": false
            }
          ],
          "sum": {
            "start": 3.000296,
            "end": 4.000289,
            "seconds": 0.9999930262565613,
            "bytes": 1249596,
            "bits_per_second": 9996837.715381425,
            "jitter_ms": 0.0569086962717241,
            "lost_packets": 0,
            "packets": 927,
            "lost_percent": 0,
            "omitted": false,
            "sender": false
          }
        },
        {
          "streams": [
            {
              "socket": 10,
              "start": 4.000289,
              "end": 5.000276,
              "seconds": 0.999987006187439,
              "bytes": 1249596,
              "bits_per_second": 9996897.897817476,
              "jitter_ms": 0.0745767460252083,
              "lost_packets": 0,
              "packets": 927,
              "lost_percent": 0,
              "omitted": false,
              "sender": false
            }
          ],
          "sum": {
            "start": 4.000289,
            "end": 5.000276,
            "seconds": 0.999987006187439,
            "bytes": 1249596,
            "bits_per_second": 9996897.897817476,
            "jitter_ms": 0.0745767460252083,
            "lost_packets": 0,
            "packets": 927,
            "lost_percent": 0,
            "omitted": false,
            "sender": false
          }
        },
        {
          "streams": [
            {
              "socket": 10,
              "start": 5.000276,
              "end": 6.00029,
              "seconds": 1.0000139474868774,
              "bytes": 1250944,
              "bits_per_second": 10007412.42174657,
              "jitter_ms": 0.019761991173460815,
              "lost_packets": 0,
              "packets": 928,
              "lost_percent": 0,
              "omitted": false,
              "sender": false
            }
          ],
          "sum": {
            "start": 5.000276,
            "end": 6.00029,
            "seconds": 1.0000139474868774,
            "bytes": 1250944,
            "bits_per_second": 10007412.42174657,
            "jitter_ms": 0.019761991173460815,
            "lost_packets": 0,
            "packets": 928,
            "lost_percent": 0,
            "omitted": false,
            "sender": false
          }
        },
        {
          "streams": [
            {
              "socket": 10,
              "start": 6.00029,
              "end": 7.000278,
              "seconds": 0.9999880194664,
              "bytes": 1249596,
              "bits_per_second": 9996887.7680498,
              "jitter_ms": 0.029293931798088514,
              "lost_packets": 0,
              "packets": 927,
              "lost_percent": 0,
              "omitted": false,
              "sender": false
            }
          ],
          "sum": {
            "start": 6.00029,
            "end": 7.000278,
            "seconds": 0.9999880194664,
            "bytes": 1249596,
            "bits_per_second": 9996887.7680498,
            "jitter_ms": 0.029293931798088514,
            "lost_packets": 0,
            "packets": 927,
            "lost_percent": 0,
            "omitted": false,
            "sender": false
          }
        },
        {
          "streams": [
            {
              "socket": 10,
              "start": 7.000278,
              "end": 8.000287,
              "seconds": 1.0000089406967163,
              "bytes": 1249596,
              "bits_per_second": 9996678.622728264,
              "jitter_ms": 0.18308803649350314,
              "lost_packets": 0,
              "packets": 927,