{
  "udp": {
    "20": {
      "start": {
        "connected": [
          {
            "socket": 10,
            "local_host": "172.17.0.2",
            "local_port": 46408,
            "remote_host": "172.20.25.101",
            "remote_port": 32201
          }
        ],
        "version": "iperf 3.12",
        "system_info": "Linux c34b8d897026 6.8.0-52-generic #53~22.04.1-Ubuntu SMP PREEMPT_DYNAMIC Wed Jan 15 19:18:46 UTC 2 x86_64",
        "timestamp": {
          "time": "Sat, 05 Apr 2025 06:01:33 GMT",
          "timesecs": 1743832893
        },
        "connecting_to": {
          "host": "api-int.tenoran.automation.otic.open6g.net",
          "port": 32201
        },
        "cookie": "vczlug2hwzjiaavmfzevsofwcgi4v5tkxlhk",
        "target_bitrate": 20000000,
        "sock_bufsize": 0,
        "sndbuf_actual": 212992,
        "rcvbuf_actual": 212992,
        "test_start": {
          "protocol": "UDP",
          "num_streams": 1,
          "blksize": 1348,
          "omit": 0,
          "duration": 10,
          "bytes": 0,
          "blocks": 0,
          "reverse": 1,
          "tos": 0,
          "target_bitrate": 20000000
        }
      },
      "intervals": [
        {
          "streams": [
            {
              "socket": 10,
              "start": 0,
              "end": 1.000194,
              "seconds": 1.0001939535140991,
              "bytes": 2503236,
              "bits_per_second": 20022004.661836527,
              "jitter_ms": 0.42744899190073243,
              "lost_packets": 0,
              "packets": 1857,
              "lost_percent": 0,
              "omitted": false,
              "sender": false
            }
          ],
          "sum": {
            "start": 0,
            "end": 1.000194,
            "seconds": 1.0001939535140991,
            "bytes": 2503236,
            "bits_per_second": 20022004.661836527,
            "jitter_ms": 0.42744899190073243,
            "lost_packets": 0,
            "packets": 1857,
            "lost_percent": 0,
            "omitted": false,
            "sender": false
          }
        },
        {
          "streams": [
            {
              "socket": 10,
              "start": 1.000194,
              "end": 2.000279,
              "seconds": 1.00008499622345,
              "bytes": 2500540,
              "bits_per_second": 20002619.852853406,
              "jitter_ms": 0.01549072289998912,
              "lost_packets": 0,
              "packets": 1855,
              "lost_percent": 0,
              "omitted": false,
              "sender": false
            }
          ],
          "sum": {
            "start": 1.000194,
            "end": 2.000279,
            "seconds": 1.00008499622345,
            "bytes": 2500540,
            "bits_per_second": 20002619.852853406,
            "jitter_ms": 0.01549072289998912,
            "lost_packets": 0,
            "packets": 1855,
            "lost_percent": 0,
            "omitted": false,
            "sender": false
          }
        },
        {
          "streams": [
            {
              "socket": 10,
              "start": 2.000279,
              "end": 3.000275,
              "seconds": 0.9999960064888,
              "bytes": 2499192,
              "bits_per_second": 19993615.8447288,
              "jitter_ms": 0.15372560364554227,
              "lost_packets": 0,
              "packets": 1854,
              "lost_percent": 0,
              "omitted": false,
              "sender": false
            }
          ],
          "sum": {
            "start": 2.000279,
            "end": 3.000275,
            "seconds": 0.9999960064888,
            "bytes": 2499192,
            "bits_per_second": 19993615.8447288,
            "jitter_ms": 0.15372560364554227,
            "lost_packets": 0,
            "packets": 1854,
            "lost_percent": 0,
            "omitted": false,
            "sender": false
          }
        },
        {
          "streams": [
            {
              "socket": 10,
              "start": 3.000275,
              "end": 4.000288,
              "seconds": 1.000012993812561,
              "bytes": 2500540,
              "bits_per_second": 20004060.070992976,
              "jitter_ms": 0.01553409260882667,
              "lost_packets": 0,
              "packets": 1855,
              "lost_percent": 0,
              "omitted": false,
              "sender": false
            }
          ],
          "sum": {
            "start": 3.000275,
            "end": 4.000288,
            "seconds": 1.000012993812561,
            "bytes": 2500540,
            "bits_per_second": 20004060.070992976,
            "jitter_ms": 0.01553409260882667,
            "lost_packets": 0,
            "packets": 1855,
            "lost_percent": 0,
            "omitted": false,
            "sender": false
          }
        },
        {
          "streams": [
            {
              "socket": 10,
              "start": 4.000288,
              "end": 5.000161,
              "seconds": 0.9998729825019836,
              "bytes": 2499192,
              "bits_per_second": 19996075.851524808,
              "jitter_ms": 0.7705292806119405,
              "lost_packets": 0,
              "packets": 1854,
              "lost_percent": 0,
              "omitted": false,
              "sender": false
            }
          ],
          "sum": {
            "start": 4.000288,
            "end": 5.000161,
            "seconds": 0.9998729825019836,
            "bytes": 2499192,
            "bits_per_second": 19996075.851524808,
            "jitter_ms": 0.7705292806119405,
            "lost_packets": 0,
            "packets": 1854,
            "lost_percent": 0,
            "omitted": false,
            "sender": false
          }
        },
        {
          "streams": [
            {
              "socket": 10,
              "start": 5.000161,
              "end": 6.000291,
              "seconds": 1.0001300573349,
              "bytes": 2500540,
              "bits_per_second": 20001718.629781593,
              "jitter_ms": 0.015480189887758943,
              "lost_packets": 0,
              "packets": 1855,
              "lost_percent": 0,
              "omitted": false,
              "sender": false
            }
          ],
          "sum": {
            "start": 5.000161,
            "end": 6.000291,
            "seconds": 1.0001300573349,
            "bytes": 2500540,
            "bits_per_second": 20001718.629781593,
            "jitter_ms": 0.015480189887758943,
            "lost_packets": 0,
            "packets": 1855,
            "lost_percent": 0,
            "omitted": false,
            "sender": false
          }
        },
        {
          "streams": [
            {
              "socket": 10,
              "start": 6.000291,
              "end": 7.000291,
              "seconds": 1,
              "bytes": 2500540,
              "bits_per_second": 20004320,
              "jitter_ms": 0.015589993470155383,
              "lost_packets": 0,
              "packets": 1855,
              "lost_percent": 0,
              "omitted": false,
              "sender": false
            }
          ],
          "sum": {
            "start": 6.000291,
            "end": 7.000291,
            "seconds": 1,
            "bytes": 2500540,
            "bits_per_second": 20004320,
            "jitter_ms": 0.015589993470155383,
            "lost_packets": 0,
            "packets": 1855,
            "lost_percent": 0,
            "omitted": false,
            "sender": false
          }
        },
        {
          "streams": [
            {
              "socket": 10,
              "start": 7.000291,
              "end": 8.000283,
              "seconds": 0.9999920129776,
              "bytes": 2499192,
              "bits_per_second": 19993695.690095335,
              "jitter_ms": 0.08690297653855066,
              "lost_packets": 0,
              "packets": 1854,
              "lost_percent": 0,