{
  "udp": {
    "10": {
      "start": {
        "connected": [
          {
            "socket": 10,
            "local_host": "172.17.0.2",
            "local_port": 54679,
            "remote_host": "172.20.25.101",
            "remote_port": 32201
          }
        ],
        "version": "iperf 3.12",
        "system_info": "Linux dafb5333c9c0 6.8.0-60-generic #63~22.04.1-Ubuntu SMP PREEMPT_DYNAMIC Tue Apr 22 19:00:15 UTC 2 x86_64",
        "timestamp": {
          "time": "Thu, 12 Jun 2025 04:30:40 GMT",
          "timesecs": 1749702640
        },
        "connecting_to": {
          "host": "api-int.tenoran.automation.otic.open6g.net",
          "port": 32201
        },
        "cookie": "6az42vj3rn7nnxyqhk47vlikaq56z422pu63",
        "target_bitrate": 10000000,
        "sock_bufsize": 0,
        "sndbuf_actual": 212992,
        "rcvbuf_actual": 212992,
        "test_start": {
          "protocol": "UDP",
          "num_streams": 1,
          "blksize": 1348,
          "omit": 0,
          "duration": 10,
          "bytes": 0,
          "blocks": 0,
          "reverse": 1,
          "tos": 0,
          "target_bitrate": 10000000
        }
      },
      "intervals": [
        {
          "streams": [
            {
              "socket": 10,
              "start": 0,
              "end": 1.000238,
              "seconds": 1.0002379417419434,
              "bytes": 1250944,
              "bits_per_second": 10005171.352100039,
              "jitter_ms": 0.3747072483674059,
              "lost_packets": 0,
              "packets": 928,
              "lost_percent": 0,
              "omitted": false,
              "sender": false
            }
          ],
          "sum": {
            "start": 0,
            "end": 1.000238,
            "seconds": 1.0002379417419434,
            "bytes": 1250944,
            "bits_per_second": 10005171.352100039,
            "jitter_ms": 0.3747072483674059,
            "lost_packets": 0,
            "packets": 928,
            "lost_percent": 0,
            "omitted": false,
            "sender": false
          }
        },
        {
          "streams": [
            {
              "socket": 10,
              "start": 1.000238,
              "end": 2.000282,
              "seconds": 1.0000439882278442,
              "bytes": 1249596,
              "bits_per_second": 9996328.27923405,
              "jitter_ms": 0.3770913874384756,
              "lost_packets": 0,
              "packets": 927,
              "lost_percent": 0,
              "omitted": false,
              "sender": false
            }
          ],
          "sum": {
            "start": 1.000238,
            "end": 2.000282,
            "seconds": 1.0000439882278442,
            "bytes": 1249596,
            "bits_per_second": 9996328.27923405,
            "jitter_ms": 0.3770913874384756,
            "lost_packets": 0,
            "packets": 927,
            "lost_percent": 0,
            "omitted": false,
            "sender": false
          }
        },
        {
          "streams": [
            {
              "socket": 10,
              "start": 2.000282,
              "end": 3.000287,
              "seconds": 1.0000050067901611,
              "bytes": 1250944,
              "bits_per_second": 10007501.894537976,
              "jitter_ms": 0.2609638101471576,
              "lost_packets": 0,
              "packets": 928,
              "lost_percent": 0,
              "omitted": false,
              "sender": false
            }
          ],
          "sum": {
            "start": 2.000282,
            "end": 3.000287,
            "seconds": 1.0000050067901611,
            "bytes": 1250944,
            "bits_per_second": 10007501.894537976,
            "jitter_ms": 0.2609638101471576,
            "lost_packets": 0,
            "packets": 928,
            "lost_percent": 0,
            "omitted": false,
            "sender": false
          }
        },
        {
          "streams": [
            {
              "socket": 10,
              "start": 3.000287,
              "end": 4.000278,
              "seconds": 0.999990999698639,
              "bytes": 1249596,
              "bits_per_second": 9996857.974734437,
              "jitter_ms": 0.30306263233458386,
              "lost_packets": 0,
              "packets": 927,
              "lost_percent": 0,
              "omitted": false,
              "sender": false
            }
          ],
          "sum": {
            "start": 3.000287,
            "end": 4.000278,
            "seconds": 0.999990999698639,
            "bytes": 1249596,
            "bits_per_second": 9996857.974734437,
            "jitter_ms": 0.30306263233458386,
            "lost_packets": 0,
            "packets": 927,
            "lost_percent": 0,
            "omitted": false,
            "sender": false
          }
        },
        {
          "streams": [
            {
              "socket": 10,
              "start": 4.000278,
              "end": 5.000214,
              "seconds": 0.9999359846115112,
              "bytes": 1249596,
              "bits_per_second": 9997407.98795623,
              "jitter_ms": 0.3063426655838603,
              "lost_packets": 0,
              "packets": 927,
              "lost_percent": 0,
              "omitted": false,
              "sender": false
            }
          ],
          "sum": {
            "start": 4.000278,
            "end": 5.000214,
            "seconds": 0.9999359846115112,
            "bytes": 1249596,
            "bits_per_second": 9997407.98795623,
            "jitter_ms": 0.3063426655838603,
            "lost_packets": 0,
            "packets": 927,
            "lost_percent": 0,
            "omitted": false,
            "sender": false
          }
        },
        {
          "streams": [
            {
              "socket": 10,
              "start": 5.000214,
              "end": 6.000282,
              "seconds": 1.000067949295044,
              "bytes": 1250944,
              "bits_per_second": 10006872.04009928,
              "jitter_ms": 0.3459110000301609,
              "lost_packets": 0,
              "packets": 928,
              "lost_percent": 0,
              "omitted": false,
              "sender": false
            }
          ],
          "sum": {
            "start": 5.000214,
            "end": 6.000282,
            "seconds": 1.000067949295044,
            "bytes": 1250944,
            "bits_per_second": 10006872.04009928,
            "jitter_ms": 0.3459110000301609,
            "lost_packets": 0,
            "packets": 928,
            "lost_percent": 0,
            "omitted": false,
            "sender": false
          }
        },
        {
          "streams": [
            {
              "socket": 10,
              "start": 6.000282,
              "end": 7.000283,
              "seconds": 1.0000009536743164,
              "bytes": 1249596,
              "bits_per_second": 9996758.466348203,
              "jitter_ms": 0.34685848261465174,
              "lost_packets": 0,
              "packets": 927,
              "lost_percent": 0,
              "omitted": false,
              "sender": false
            }
          ],
          "sum": {
            "start": 6.000282,
            "end": 7.000283,
            "seconds": 1.0000009536743164,
            "bytes": 1249596,
            "bits_per_second": 9996758.466348203,
            "jitter_ms": 0.34685848261465174,
            "lost_packets": 0,
            "packets": 927,
            "lost_percent": 0,
            "omitted": false,
            "sender": false
          }
        },
        {
          "streams": [
            {
              "socket": 10,
              "start": 7.000283,
              "end": 8.000282,
              "seconds": 0.9999989867210388,
              "bytes": 1249596,
              "bits_per_second": 9996778.12952496,
              "jitter_ms": 0.3672287502410246,
              "lost_packets": 0,
              "packets": 927,