{
  "udp": {
    "50": {
      "start": {
        "connected": [
          {
            "socket": 10,
            "local_host": "172.17.0.2",
            "local_port": 53359,
            "remote_host": "172.20.25.101",
            "remote_port": 32201
          }
        ],
        "version": "iperf 3.12",
        "system_info": "Linux 06d1de8081d6 6.8.0-60-generic #63~22.04.1-Ubuntu SMP PREEMPT_DYNAMIC Tue Apr 22 19:00:15 UTC 2 x86_64",
        "timestamp": {
          "time": "Mon, 16 Jun 2025 21:54:48 GMT",
          "timesecs": 1750110888
        },
        "connecting_to": {
          "host": "api-int.tenoran.automation.otic.open6g.net",
          "port": 32201
        },
        "cookie": "w4w3hjnnpni7zekfsydth3eja4jg4cvqgsxk",
        "target_bitrate": 50000000,
        "sock_bufsize": 0,
        "sndbuf_actual": 212992,
        "rcvbuf_actual": 212992,
        "test_start": {
          "protocol": "UDP",
          "num_streams": 1,
          "blksize": 1348,
          "omit": 0,
          "duration": 10,
          "bytes": 0,
          "blocks": 0,
          "reverse": 1,
          "tos": 0,
          "target_bitrate": 50000000
        }
      },
      "intervals": [
        {
          "streams": [
            {
              "socket": 10,
              "start": 0,
              "end": 1.000212,
              "seconds": 1.0002119541168213,
              "bytes": 5459400,
              "bits_per_second": 43665944.82322983,
              "jitter_ms": 0.4147870185982468,
              "lost_packets": 0,
              "packets": 4050,
              "lost_percent": 0,
              "omitted": false,
              "sender": false
            }
          ],
          "sum": {
            "start": 0,
            "end": 1.000212,
            "seconds": 1.0002119541168213,
            "bytes": 5459400,
            "bits_per_second": 43665944.82322983,
            "jitter_ms": 0.4147870185982468,
            "lost_packets": 0,
            "packets": 4050,
            "lost_percent": 0,
            "omitted": false,
            "sender": false
          }
        },
        {
          "streams": [
            {
              "socket": 10,
              "start": 1.000212,
              "end": 2.000214,
              "seconds": 1.0000020265579224,
              "bytes": 6620028,
              "bits_per_second": 52960116.67325599,
              "jitter_ms": 0.12747171746547512,
              "lost_packets": 1,
              "packets": 4912,
              "lost_percent": 0.02035830618892508,
              "omitted": false,
              "sender": false
            }
          ],
          "sum": {
            "start": 1.000212,
            "end": 2.000214,
            "seconds": 1.0000020265579224,
            "bytes": 6620028,
            "bits_per_second": 52960116.67325599,
            "jitter_ms": 0.12747171746547512,
            "lost_packets": 1,
            "packets": 4912,
            "lost_percent": 0.02035830618892508,
            "omitted": false,
            "sender": false
          }
        },
        {
          "streams": [
            {
              "socket": 10,
              "start": 2.000214,
              "end": 3.000214,
              "seconds": 1,
              "bytes": 6165752,
              "bits_per_second": 49326016,
              "jitter_ms": 0.6836877189278724,
              "lost_packets": 14,
              "packets": 4588,
              "lost_percent": 0.3051438535309503,
              "omitted": false,
              "sender": false
            }
          ],
          "sum": {
            "start": 2.000214,
            "end": 3.000214,
            "seconds": 1,
            "bytes": 6165752,
            "bits_per_second": 49326016,
            "jitter_ms": 0.6836877189278724,
            "lost_packets": 14,
            "packets": 4588,
            "lost_percent": 0.3051438535309503,
            "omitted": false,
            "sender": false
          }
        },
        {
          "streams": [
            {
              "socket": 10,
              "start": 3.000214,
              "end": 4.000212,
              "seconds": 0.9999979734420776,
              "bytes": 6249328,
              "bits_per_second": 49994725.317206666,
              "jitter_ms": 0.1938162361488445,
              "lost_packets": 0,
              "packets": 4636,
              "lost_percent": 0,
              "omitted": false,
              "sender": false
            }
          ],
          "sum": {
            "start": 3.000214,
            "end": 4.000212,
            "seconds": 0.9999979734420776,
            "bytes": 6249328,
            "bits_per_second": 49994725.317206666,
            "jitter_ms": 0.1938162361488445,
            "lost_packets": 0,
            "packets": 4636,
            "lost_percent": 0,
            "omitted": false,
            "sender": false
          }
        },
        {
          "streams": [
            {
              "socket": 10,
              "start": 4.000212,
              "end": 5.000212,
              "seconds": 1,
              "bytes": 6268200,
              "bits_per_second": 50145600,
              "jitter_ms": 0.06390609958773102,
              "lost_packets": 29,
              "packets": 4679,
              "lost_percent": 0.6197905535370806,
              "omitted": false,
              "sender": false
            }
          ],
          "sum": {
            "start": 4.000212,
            "end": 5.000212,
            "seconds": 1,
            "bytes": 6268200,
            "bits_per_second": 50145600,
            "jitter_ms": 0.06390609958773102,
            "lost_packets": 29,
            "packets": 4679,
            "lost_percent": 0.6197905535370806,
            "omitted": false,
            "sender": false
          }
        },
        {
          "streams": [
            {
              "socket": 10,
              "start": 5.000212,
              "end": 6.000211,
              "seconds": 0.9999989867210388,
              "bytes": 6160360,
              "bits_per_second": 49282929.93735605,
              "jitter_ms": 0.0730054256386698,
              "lost_packets": 71,
              "packets": 4641,
              "lost_percent": 1.5298427063132944,
              "omitted": false,
              "sender": false
            }
          ],
          "sum": {
            "start": 5.000212,
            "end": 6.000211,
            "seconds": 0.9999989867210388,
            "bytes": 6160360,
            "bits_per_second": 49282929.93735605,
            "jitter_ms": 0.0730054256386698,
            "lost_packets": 71,
            "packets": 4641,
            "lost_percent": 1.5298427063132944,
            "omitted": false,
            "sender": false
          }
        },
        {
          "streams": [
            {
              "socket": 10,
              "start": 6.000211,
              "end": 7.00016,
              "seconds": 0.9999489784240723,
              "bytes": 6133400,
              "bits_per_second": 49069703.61360867,
              "jitter_ms": 0.711345398464075,
              "lost_packets": 39,
              "packets": 4589,
              "lost_percent": 0.84985835694051,
              "omitted": false,
              "sender": false
            }
          ],
          "sum": {
            "start": 6.000211,
            "end": 7.00016,
            "seconds": 0.9999489784240723,
            "bytes": 6133400,
            "bits_per_second": 49069703.61360867,
            "jitter_ms": 0.711345398464075,
            "lost_packets": 39,
            "packets": 4589,
            "lost_percent": 0.84985835694051,
            "omitted": false,
            "sender": false
          }
        },
        {
          "streams": [
            {
              "socket": 10,
              "start": 7.00016,
              "end": 8.000216,
              "seconds": 1.0000560283660889,
              "bytes": 6241240,
              "bits_per_second": 49927122.66489357,