{
  "udp": {
    "10": {
      "start": {
        "connected": [
          {
            "socket": 9,
            "local_host": "172.17.0.2",
            "local_port": 47717,
            "remote_host": "10.100.1.102",
            "remote_port": 32201
          }
        ],
        "version": "iperf 3.12",
        "system_info": "Linux e6a760373b15 6.5.0-15-generic #15~22.04.1-Ubuntu SMP PREEMPT_DYNAMIC Fri Jan 12 18:54:30 UTC 2 x86_64",
        "timestamp": {
          "time": "Wed, 03 Apr 2024 04:00:41 GMT",
          "timesecs": 1712116841
        },
        "connecting_to": {
          "host": "api-int.edge.open5g.info",
          "port": 32201
        },
        "cookie": "5ilq6qtwlszv5ljtxplvobvh6ijdjpy5d65i",
        "target_bitrate": 10000000,
        "sock_bufsize": 0,
        "sndbuf_actual": 212992,
        "rcvbuf_actual": 212992,
        "test_start": {
          "protocol": "UDP",
          "num_streams": 1,
          "blksize": 1398,
          "omit": 0,
          "duration": 10,
          "bytes": 0,
          "blocks": 0,
          "reverse": 1,
          "tos": 0,
          "target_bitrate": 10000000
        }
      },
      "intervals": [
        {
          "streams": [
            {
              "socket": 9,
              "start": 0,
              "end": 1.000268,
              "seconds": 1.00026798248291,
              "bytes": 1251210,
              "bits_per_second": 10006998.299749155,
              "jitter_ms": 0.12893815513944082,
              "lost_packets": 0,
              "packets": 895,
              "lost_percent": 0,
              "omitted": false,
              "sender": false
            }
          ],
          "sum": {
            "start": 0,
            "end": 1.000268,
            "seconds": 1.00026798248291,
            "bytes": 1251210,
            "bits_per_second": 10006998.299749155,
            "jitter_ms": 0.12893815513944082,
            "lost_packets": 0,
            "packets": 895,
            "lost_percent": 0,
            "omitted": false,
            "sender": false
          }
        },
        {
          "streams": [
            {
              "socket": 9,
              "start": 1.000268,
              "end": 2.000298,
              "seconds": 1.0000300407409668,
              "bytes": 1249812,
              "bits_per_second": 9998195.64679444,
              "jitter_ms": 0.29431894474663334,
              "lost_packets": 0,
              "packets": 894,
              "lost_percent": 0,
              "omitted": false,
              "sender": false
            }
          ],
          "sum": {
            "start": 1.000268,
            "end": 2.000298,
            "seconds": 1.0000300407409668,
            "bytes": 1249812,
            "bits_per_second": 9998195.64679444,
            "jitter_ms": 0.29431894474663334,
            "lost_packets": 0,
            "packets": 894,
            "lost_percent": 0,
            "omitted": false,
            "sender": false
          }
        },
        {
          "streams": [
            {
              "socket": 9,
              "start": 2.000298,
              "end": 3.000302,
              "seconds": 1.0000040531158447,
              "bytes": 1249812,
              "bits_per_second": 9998455.47510169,
              "jitter_ms": 0.2795930991511168,
              "lost_packets": 0,
              "packets": 894,
              "lost_percent": 0,
              "omitted": false,
              "sender": false
            }
          ],
          "sum": {
            "start": 2.000298,
            "end": 3.000302,
            "seconds": 1.0000040531158447,
            "bytes": 1249812,
            "bits_per_second": 9998455.47510169,
            "jitter_ms": 0.2795930991511168,
            "lost_packets": 0,
            "packets": 894,
            "lost_percent": 0,
            "omitted": false,
            "sender": false
          }
        },
        {
          "streams": [
            {
              "socket": 9,
              "start": 3.000302,
              "end": 4.000317,
              "seconds": 1.0000150203704834,
              "bytes": 1251210,
              "bits_per_second": 10009529.653156245,
              "jitter_ms": 0.1786283577598343,
              "lost_packets": 0,
              "packets": 895,
              "lost_percent": 0,
              "omitted": false,
              "sender": false
            }
          ],
          "sum": {
            "start": 3.000302,
            "end": 4.000317,
            "seconds": 1.0000150203704834,
            "bytes": 1251210,
            "bits_per_second": 10009529.653156245,
            "jitter_ms": 0.1786283577598343,
            "lost_packets": 0,
            "packets": 895,
            "lost_percent": 0,
            "omitted": false,
            "sender": false
          }
        },
        {
          "streams": [
            {
              "socket": 9,
              "start": 4.000317,
              "end": 5.000297,
              "seconds": 0.9999799728393555,
              "bytes": 1249812,
              "bits_per_second": 9998696.245495945,
              "jitter_ms": 0.009539237005965326,
              "lost_packets": 0,
              "packets": 894,
              "lost_percent": 0,
              "omitted": false,
              "sender": false
            }
          ],
          "sum": {
            "start": 4.000317,
            "end": 5.000297,
            "seconds": 0.9999799728393555,
            "bytes": 1249812,
            "bits_per_second": 9998696.245495945,
            "jitter_ms": 0.009539237005965326,
            "lost_packets": 0,
            "packets": 894,
            "lost_percent": 0,
            "omitted": false,
            "sender": false
          }
        },
        {
          "streams": [
            {
              "socket": 9,
              "start": 5.000297,
              "end": 6.000296,
              "seconds": 0.9999989867210388,
              "bytes": 1249812,
              "bits_per_second": 9998506.131275905,
              "jitter_ms": 0.013318099727608551,
              "lost_packets": 0,
              "packets": 894,
              "lost_percent": 0,
              "omitted": false,
              "sender": false
            }
          ],
          "sum": {
            "start": 5.000297,
            "end": 6.000296,
            "seconds": 0.9999989867210388,
            "bytes": 1249812,
            "bits_per_second": 9998506.131275905,
            "jitter_ms": 0.013318099727608551,
            "lost_packets": 0,
            "packets": 894,
            "lost_percent": 0,
            "omitted": false,
            "sender": false
          }
        },
        {
          "streams": [
            {
              "socket": 9,
              "start": 6.000296,
              "end": 7.000303,
              "seconds": 1.0000070333480835,
              "bytes": 1249812,
              "bits_per_second": 9998425.67759192,
              "jitter_ms": 0.00938868554380679,
              "lost_packets": 0,
              "packets": 894,
              "lost_percent": 0,
              "omitted": false,
              "sender": false
            }
          ],
          "sum": {
            "start": 6.000296,
            "end": 7.000303,
            "seconds": 1.0000070333480835,
            "bytes": 1249812,
            "bits_per_second": 9998425.67759192,
            "jitter_ms": 0.00938868554380679,
            "lost_packets": 0,
            "packets": 894,
            "lost_percent": 0,
            "omitted": false,
            "sender": false
          }
        },
        {
          "streams": [
            {
              "socket": 9,
              "start": 7.000303,
              "end": 8.000317,
              "seconds": 1.0000139474868774,
              "bytes": 1249812,
              "bits_per_second": 9998356.54805325,
              "jitter_ms": 0.5169561392318067,
              "lost_packets": 0,
              "packets": 894,
              "lost_percent": 0,