{
  "udp": {
    "30": {
      "start": {
        "connected": [
          {
            "socket": 10,
            "local_host": "172.17.0.2",
            "local_port": 43321,
            "remote_host": "10.100.1.103",
            "remote_port": 32201
          }
        ],
        "version": "iperf 3.12",
        "system_info": "Linux 94186ff94a31 6.8.0-47-generic #47~22.04.1-Ubuntu SMP PREEMPT_DYNAMIC Wed Oct  2 16:16:55 UTC 2 x86_64",
        "timestamp": {
          "time": "Sat, 21 Dec 2024 06:01:36 GMT",
          "timesecs": 1734760896
        },
        "connecting_to": {
          "host": "api-int.edge.open5g.info",
          "port": 32201
        },
        "cookie": "bh2cjfodjwmcuhwmvorqq4nfdw7mkkzmdtt3",
        "target_bitrate": 30000000,
        "sock_bufsize": 0,
        "sndbuf_actual": 212992,
        "rcvbuf_actual": 212992,
        "test_start": {
          "protocol": "UDP",
          "num_streams": 1,
          "blksize": 1398,
          "omit": 0,
          "duration": 10,
          "bytes": 0,
          "blocks": 0,
          "reverse": 1,
          "tos": 0,
          "target_bitrate": 30000000
        }
      },
      "intervals": [
        {
          "streams": [
            {
              "socket": 10,
              "start": 0,
              "end": 1.000127,
              "seconds": 1.0001269578933716,
              "bytes": 3448866,
              "bits_per_second": 27587425.55856754,
              "jitter_ms": 0.24981460167422384,
              "lost_packets": 15,
              "packets": 2482,
              "lost_percent": 0.604351329572925,
              "omitted": false,
              "sender": false
            }
          ],
          "sum": {
            "start": 0,
            "end": 1.000127,
            "seconds": 1.0001269578933716,
            "bytes": 3448866,
            "bits_per_second": 27587425.55856754,
            "jitter_ms": 0.24981460167422384,
            "lost_packets": 15,
            "packets": 2482,
            "lost_percent": 0.604351329572925,
            "omitted": false,
            "sender": false
          }
        },
        {
          "streams": [
            {
              "socket": 10,
              "start": 1.000127,
              "end": 2.000128,
              "seconds": 1.0000009536743164,
              "bytes": 3662760,
              "bits_per_second": 29302052.055385537,
              "jitter_ms": 0.284741252513712,
              "lost_packets": 59,
              "packets": 2679,
              "lost_percent": 2.202314296379246,
              "omitted": false,
              "sender": false
            }
          ],
          "sum": {
            "start": 1.000127,
            "end": 2.000128,
            "seconds": 1.0000009536743164,
            "bytes": 3662760,
            "bits_per_second": 29302052.055385537,
            "jitter_ms": 0.284741252513712,
            "lost_packets": 59,
            "packets": 2679,
            "lost_percent": 2.202314296379246,
            "omitted": false,
            "sender": false
          }
        },
        {
          "streams": [
            {
              "socket": 10,
              "start": 2.000128,
              "end": 3.00013,
              "seconds": 1.0000020265579224,
              "bytes": 3690720,
              "bits_per_second": 29525700.16445842,
              "jitter_ms": 0.7928346453022448,
              "lost_packets": 22,
              "packets": 2662,
              "lost_percent": 0.8264462809917356,
              "omitted": false,
              "sender": false
            }
          ],
          "sum": {
            "start": 2.000128,
            "end": 3.00013,
            "seconds": 1.0000020265579224,
            "bytes": 3690720,
            "bits_per_second": 29525700.16445842,
            "jitter_ms": 0.7928346453022448,
            "lost_packets": 22,
            "packets": 2662,
            "lost_percent": 0.8264462809917356,
            "omitted": false,
            "sender": false
          }
        },
        {
          "streams": [
            {
              "socket": 10,
              "start": 3.00013,
              "end": 4.000098,
              "seconds": 0.9999679923057556,
              "bytes": 3701904,
              "bits_per_second": 29616179.945632387,
              "jitter_ms": 0.13569486163218283,
              "lost_packets": 56,
              "packets": 2704,
              "lost_percent": 2.0710059171597632,
              "omitted": false,
              "sender": false
            }
          ],
          "sum": {
            "start": 3.00013,
            "end": 4.000098,
            "seconds": 0.9999679923057556,
            "bytes": 3701904,
            "bits_per_second": 29616179.945632387,
            "jitter_ms": 0.13569486163218283,
            "lost_packets": 56,
            "packets": 2704,
            "lost_percent": 2.0710059171597632,
            "omitted": false,
            "sender": false
          }
        },
        {
          "streams": [
            {
              "socket": 10,
              "start": 4.000098,
              "end": 5.000027,
              "seconds": 0.9999290108680725,
              "bytes": 3626412,
              "bits_per_second": 29013355.632930685,
              "jitter_ms": 1.1680022603288807,
              "lost_packets": 20,
              "packets": 2614,
              "lost_percent": 0.7651109410864575,
              "omitted": false,
              "sender": false
            }
          ],
          "sum": {
            "start": 4.000098,
            "end": 5.000027,
            "seconds": 0.9999290108680725,
            "bytes": 3626412,
            "bits_per_second": 29013355.632930685,
            "jitter_ms": 1.1680022603288807,
            "lost_packets": 20,
            "packets": 2614,
            "lost_percent": 0.7651109410864575,
            "omitted": false,
            "sender": false
          }
        },
        {
          "streams": [
            {
              "socket": 10,
              "start": 5.000027,
              "end": 6.000105,
              "seconds": 1.0000779628753662,
              "bytes": 3560706,
              "bits_per_second": 28483427.3501035,
              "jitter_ms": 0.23653180394871878,
              "lost_packets": 210,
              "packets": 2757,
              "lost_percent": 7.616974972796518,
              "omitted": false,
              "sender": false
            }
          ],
          "sum": {
            "start": 5.000027,
            "end": 6.000105,
            "seconds": 1.0000779628753662,
            "bytes": 3560706,
            "bits_per_second": 28483427.3501035,
            "jitter_ms": 0.23653180394871878,
            "lost_packets": 210,
            "packets": 2757,
            "lost_percent": 7.616974972796518,
            "omitted": false,
            "sender": false
          }
        },
        {
          "streams": [
            {
              "socket": 10,
              "start": 6.000105,
              "end": 7.000186,
              "seconds": 1.000080943107605,
              "bytes": 3590064,
              "bits_per_second": 28718187.460662153,
              "jitter_ms": 0.01643980438700291,
              "lost_packets": 29,
              "packets": 2597,
              "lost_percent": 1.1166730843280708,
              "omitted": false,
              "sender": false
            }
          ],
          "sum": {
            "start": 6.000105,
            "end": 7.000186,
            "seconds": 1.000080943107605,
            "bytes": 3590064,
            "bits_per_second": 28718187.460662153,
            "jitter_ms": 0.01643980438700291,
            "lost_packets": 29,
            "packets": 2597,
            "lost_percent": 1.1166730843280708,
            "omitted": false,
            "sender": false
          }
        },
        {
          "streams": [
            {
              "socket": 10,
              "start": 7.000186,
              "end": 8.000129,