{
  "udp": {
    "30": {
      "start": {
        "connected": [
          {
            "socket": 10,
            "local_host": "172.17.0.2",
            "local_port": 33229,
            "remote_host": "10.100.1.102",
            "remote_port": 32201
          }
        ],
        "version": "iperf 3.12",
        "system_info": "Linux df39e338a501 6.8.0-47-generic #47~22.04.1-Ubuntu SMP PREEMPT_DYNAMIC Wed Oct  2 16:16:55 UTC 2 x86_64",
        "timestamp": {
          "time": "Sat, 09 Nov 2024 04:02:01 GMT",
          "timesecs": 1731124921
        },
        "connecting_to": {
          "host": "api-int.edge.open5g.info",
          "port": 32201
        },
        "cookie": "3benz563rv6dcdfpoepzigkoyodcinpsba2v",
        "target_bitrate": 30000000,
        "sock_bufsize": 0,
        "sndbuf_actual": 212992,
        "rcvbuf_actual": 212992,
        "test_start": {
          "protocol": "UDP",
          "num_streams": 1,
          "blksize": 1398,
          "omit": 0,
          "duration": 10,
          "bytes": 0,
          "blocks": 0,
          "reverse": 1,
          "tos": 0,
          "target_bitrate": 30000000
        }
      },
      "intervals": [
        {
          "streams": [
            {
              "socket": 10,
              "start": 0,
              "end": 1.000274,
              "seconds": 1.0002739429473877,
              "bytes": 3756426,
              "bits_per_second": 30043177.883301757,
              "jitter_ms": 0.01169558967019423,
              "lost_packets": 0,
              "packets": 2687,
              "lost_percent": 0,
              "omitted": false,
              "sender": false
            }
          ],
          "sum": {
            "start": 0,
            "end": 1.000274,
            "seconds": 1.0002739429473877,
            "bytes": 3756426,
            "bits_per_second": 30043177.883301757,
            "jitter_ms": 0.01169558967019423,
            "lost_packets": 0,
            "packets": 2687,
            "lost_percent": 0,
            "omitted": false,
            "sender": false
          }
        },
        {
          "streams": [
            {
              "socket": 10,
              "start": 1.000274,
              "end": 2.000275,
              "seconds": 1.0000009536743164,
              "bytes": 3750834,
              "bits_per_second": 30006643.383434884,
              "jitter_ms": 0.30127081707457254,
              "lost_packets": 0,
              "packets": 2683,
              "lost_percent": 0,
              "omitted": false,
              "sender": false
            }
          ],
          "sum": {
            "start": 1.000274,
            "end": 2.000275,
            "seconds": 1.0000009536743164,
            "bytes": 3750834,
            "bits_per_second": 30006643.383434884,
            "jitter_ms": 0.30127081707457254,
            "lost_packets": 0,
            "packets": 2683,
            "lost_percent": 0,
            "omitted": false,
            "sender": false
          }
        },
        {
          "streams": [
            {
              "socket": 10,
              "start": 2.000275,
              "end": 3.000103,
              "seconds": 0.9998279809951782,
              "bytes": 3749436,
              "bits_per_second": 30000648.68173024,
              "jitter_ms": 0.32220387497424524,
              "lost_packets": 0,
              "packets": 2682,
              "lost_percent": 0,
              "omitted": false,
              "sender": false
            }
          ],
          "sum": {
            "start": 2.000275,
            "end": 3.000103,
            "seconds": 0.9998279809951782,
            "bytes": 3749436,
            "bits_per_second": 30000648.68173024,
            "jitter_ms": 0.32220387497424524,
            "lost_packets": 0,
            "packets": 2682,
            "lost_percent": 0,
            "omitted": false,
            "sender": false
          }
        },
        {
          "streams": [
            {
              "socket": 10,
              "start": 3.000103,
              "end": 4.000144,
              "seconds": 1.0000410079956055,
              "bytes": 3749436,
              "bits_per_second": 29994257.995599926,
              "jitter_ms": 0.07779313021100553,
              "lost_packets": 0,
              "packets": 2682,
              "lost_percent": 0,
              "omitted": false,
              "sender": false
            }
          ],
          "sum": {
            "start": 3.000103,
            "end": 4.000144,
            "seconds": 1.0000410079956055,
            "bytes": 3749436,
            "bits_per_second": 29994257.995599926,
            "jitter_ms": 0.07779313021100553,
            "lost_packets": 0,
            "packets": 2682,
            "lost_percent": 0,
            "omitted": false,
            "sender": false
          }
        },
        {
          "streams": [
            {
              "socket": 10,
              "start": 4.000144,
              "end": 5.0001,
              "seconds": 0.9999560117721558,
              "bytes": 3749436,
              "bits_per_second": 29996807.506403193,
              "jitter_ms": 0.00821829722804565,
              "lost_packets": 0,
              "packets": 2682,
              "lost_percent": 0,
              "omitted": false,
              "sender": false
            }
          ],
          "sum": {
            "start": 4.000144,
            "end": 5.0001,
            "seconds": 0.9999560117721558,
            "bytes": 3749436,
            "bits_per_second": 29996807.506403193,
            "jitter_ms": 0.00821829722804565,
            "lost_packets": 0,
            "packets": 2682,
            "lost_percent": 0,
            "omitted": false,
            "sender": false
          }
        },
        {
          "streams": [
            {
              "socket": 10,
              "start": 5.0001,
              "end": 6.0001,
              "seconds": 1,
              "bytes": 3750834,
              "bits_per_second": 30006672,
              "jitter_ms": 0.15002013540885478,
              "lost_packets": 0,
              "packets": 2683,
              "lost_percent": 0,
              "omitted": false,
              "sender": false
            }
          ],
          "sum": {
            "start": 5.0001,
            "end": 6.0001,
            "seconds": 1,
            "bytes": 3750834,
            "bits_per_second": 30006672,
            "jitter_ms": 0.15002013540885478,
            "lost_packets": 0,
            "packets": 2683,
            "lost_percent": 0,
            "omitted": false,
            "sender": false
          }
        },
        {
          "streams": [
            {
              "socket": 10,
              "start": 6.0001,
              "end": 7.000292,
              "seconds": 1.0001920461654663,
              "bytes": 3749436,
              "bits_per_second": 29989728.587621372,
              "jitter_ms": 0.112442689559111,
              "lost_packets": 0,
              "packets": 2682,
              "lost_percent": 0,
              "omitted": false,
              "sender": false
            }
          ],
          "sum": {
            "start": 6.0001,
            "end": 7.000292,
            "seconds": 1.0001920461654663,
            "bytes": 3749436,
            "bits_per_second": 29989728.587621372,
            "jitter_ms": 0.112442689559111,
            "lost_packets": 0,
            "packets": 2682,
            "lost_percent": 0,
            "omitted": false,
            "sender": false
          }
        },
        {
          "streams": [
            {
              "socket": 10,
              "start": 7.000292,
              "end": 8.000277,
              "seconds": 0.9999849796295166,
              "bytes": 3750834,
              "bits_per_second": 30007122.718100365,
              "jitter_ms": 0.0809285867853446,
              "lost_packets": 0,
              "packets": 2683,
              "lost_percent": 0,
              "omitted": false,