{
  "udp": {
    "30": {
      "start": {
        "connected": [
          {
            "socket": 10,
            "local_host": "172.17.0.2",
            "local_port": 49749,
            "remote_host": "172.20.25.101",
            "remote_port": 32201
          }
        ],
        "version": "iperf 3.12",
        "system_info": "Linux 447cd7822e7c 6.8.0-59-generic #61~22.04.1-Ubuntu SMP PREEMPT_DYNAMIC Tue Apr 15 17:03:15 UTC 2 x86_64",
        "timestamp": {
          "time": "Wed, 14 May 2025 05:31:13 GMT",
          "timesecs": 1747200673
        },
        "connecting_to": {
          "host": "api-int.tenoran.automation.otic.open6g.net",
          "port": 32201
        },
        "cookie": "bb6es24d5sm3xhfkx6giio26x4lybv3bzigb",
        "target_bitrate": 30000000,
        "sock_bufsize": 0,
        "sndbuf_actual": 212992,
        "rcvbuf_actual": 212992,
        "test_start": {
          "protocol": "UDP",
          "num_streams": 1,
          "blksize": 1348,
          "omit": 0,
          "duration": 10,
          "bytes": 0,
          "blocks": 0,
          "reverse": 1,
          "tos": 0,
          "target_bitrate": 30000000
        }
      },
      "intervals": [
        {
          "streams": [
            {
              "socket": 10,
              "start": 0,
              "end": 1.000214,
              "seconds": 1.0002139806747437,
              "bytes": 3503452,
              "bits_per_second": 28021619.914863206,
              "jitter_ms": 0.430453667783923,
              "lost_packets": 0,
              "packets": 2599,
              "lost_percent": 0,
              "omitted": false,
              "sender": false
            }
          ],
          "sum": {
            "start": 0,
            "end": 1.000214,
            "seconds": 1.0002139806747437,
            "bytes": 3503452,
            "bits_per_second": 28021619.914863206,
            "jitter_ms": 0.430453667783923,
            "lost_packets": 0,
            "packets": 2599,
            "lost_percent": 0,
            "omitted": false,
            "sender": false
          }
        },
        {
          "streams": [
            {
              "socket": 10,
              "start": 1.000214,
              "end": 2.000212,
              "seconds": 0.9999979734420776,
              "bytes": 3851236,
              "bits_per_second": 30809950.438149147,
              "jitter_ms": 0.04711699947954243,
              "lost_packets": 0,
              "packets": 2857,
              "lost_percent": 0,
              "omitted": false,
              "sender": false
            }
          ],
          "sum": {
            "start": 1.000214,
            "end": 2.000212,
            "seconds": 0.9999979734420776,
            "bytes": 3851236,
            "bits_per_second": 30809950.438149147,
            "jitter_ms": 0.04711699947954243,
            "lost_packets": 0,
            "packets": 2857,
            "lost_percent": 0,
            "omitted": false,
            "sender": false
          }
        },
        {
          "streams": [
            {
              "socket": 10,
              "start": 2.000212,
              "end": 3.000215,
              "seconds": 1.0000029802322388,
              "bytes": 3643644,
              "bits_per_second": 29149065.129016373,
              "jitter_ms": 0.47347879672180265,
              "lost_packets": 0,
              "packets": 2703,
              "lost_percent": 0,
              "omitted": false,
              "sender": false
            }
          ],
          "sum": {
            "start": 2.000212,
            "end": 3.000215,
            "seconds": 1.0000029802322388,
            "bytes": 3643644,
            "bits_per_second": 29149065.129016373,
            "jitter_ms": 0.47347879672180265,
            "lost_packets": 0,
            "packets": 2703,
            "lost_percent": 0,
            "omitted": false,
            "sender": false
          }
        },
        {
          "streams": [
            {
              "socket": 10,
              "start": 3.000215,
              "end": 4.000187,
              "seconds": 0.9999719858169556,
              "bytes": 3841800,
              "bits_per_second": 30735261.023228224,
              "jitter_ms": 0.0743582068071835,
              "lost_packets": 0,
              "packets": 2850,
              "lost_percent": 0,
              "omitted": false,
              "sender": false
            }
          ],
          "sum": {
            "start": 3.000215,
            "end": 4.000187,
            "seconds": 0.9999719858169556,
            "bytes": 3841800,
            "bits_per_second": 30735261.023228224,
            "jitter_ms": 0.0743582068071835,
            "lost_packets": 0,
            "packets": 2850,
            "lost_percent": 0,
            "omitted": false,
            "sender": false
          }
        },
        {
          "streams": [
            {
              "socket": 10,
              "start": 4.000187,
              "end": 5.000217,
              "seconds": 1.0000300407409668,
              "bytes": 3658472,
              "bits_per_second": 29266896.800734308,
              "jitter_ms": 0.46273213492756116,
              "lost_packets": 0,
              "packets": 2714,
              "lost_percent": 0,
              "omitted": false,
              "sender": false
            }
          ],
          "sum": {
            "start": 4.000187,
            "end": 5.000217,
            "seconds": 1.0000300407409668,
            "bytes": 3658472,
            "bits_per_second": 29266896.800734308,
            "jitter_ms": 0.46273213492756116,
            "lost_packets": 0,
            "packets": 2714,
            "lost_percent": 0,
            "omitted": false,
            "sender": false
          }
        },
        {
          "streams": [
            {
              "socket": 10,
              "start": 5.000217,
              "end": 6.000102,
              "seconds": 0.9998850226402283,
              "bytes": 3847192,
              "bits_per_second": 30781075.12674901,
              "jitter_ms": 0.06610562517935195,
              "lost_packets": 0,
              "packets": 2854,
              "lost_percent": 0,
              "omitted": false,
              "sender": false
            }
          ],
          "sum": {
            "start": 5.000217,
            "end": 6.000102,
            "seconds": 0.9998850226402283,
            "bytes": 3847192,
            "bits_per_second": 30781075.12674901,
            "jitter_ms": 0.06610562517935195,
            "lost_packets": 0,
            "packets": 2854,
            "lost_percent": 0,
            "omitted": false,
            "sender": false
          }
        },
        {
          "streams": [
            {
              "socket": 10,
              "start": 6.000102,
              "end": 7.000216,
              "seconds": 1.0001139640808105,
              "bytes": 3651732,
              "bits_per_second": 29210527.049134854,
              "jitter_ms": 0.4621663582516783,
              "lost_packets": 0,
              "packets": 2709,
              "lost_percent": 0,
              "omitted": false,
              "sender": false
            }
          ],
          "sum": {
            "start": 6.000102,
            "end": 7.000216,
            "seconds": 1.0001139640808105,
            "bytes": 3651732,
            "bits_per_second": 29210527.049134854,
            "jitter_ms": 0.4621663582516783,
            "lost_packets": 0,
            "packets": 2709,
            "lost_percent": 0,
            "omitted": false,
            "sender": false
          }
        },
        {
          "streams": [
            {
              "socket": 10,
              "start": 7.000216,
              "end": 8.000013,
              "seconds": 0.999796986579895,
              "bytes": 3802708,
              "bits_per_second": 30427841.26012063,
              "jitter_ms": 0.0771000473941814,
              "lost_packets": 0,