{
  "udp": {
    "10": {
      "start": {
        "connected": [
          {
            "socket": 10,
            "local_host": "172.17.0.2",
            "local_port": 53314,
            "remote_host": "10.100.1.102",
            "remote_port": 32201
          }
        ],
        "version": "iperf 3.12",
        "system_info": "Linux 3c5c26ee90e4 6.5.0-27-generic #28~22.04.1-Ubuntu SMP PREEMPT_DYNAMIC Fri Mar 15 10:51:06 UTC 2 x86_64",
        "timestamp": {
          "time": "Mon, 12 Aug 2024 04:00:43 GMT",
          "timesecs": 1723435243
        },
        "connecting_to": {
          "host": "api-int.edge.open5g.info",
          "port": 32201
        },
        "cookie": "msyairnxolxhz4mbiwnduuz5nhvxbp5g5uxe",
        "target_bitrate": 10000000,
        "sock_bufsize": 0,
        "sndbuf_actual": 212992,
        "rcvbuf_actual": 212992,
        "test_start": {
          "protocol": "UDP",
          "num_streams": 1,
          "blksize": 1398,
          "omit": 0,
          "duration": 10,
          "bytes": 0,
          "blocks": 0,
          "reverse": 1,
          "tos": 0,
          "target_bitrate": 10000000
        }
      },
      "intervals": [
        {
          "streams": [
            {
              "socket": 10,
              "start": 0,
              "end": 1.000285,
              "seconds": 1.000285029411316,
              "bytes": 1251210,
              "bits_per_second": 10006827.759774491,
              "jitter_ms": 0.11948878124554757,
              "lost_packets": 0,
              "packets": 895,
              "lost_percent": 0,
              "omitted": false,
              "sender": false
            }
          ],
          "sum": {
            "start": 0,
            "end": 1.000285,
            "seconds": 1.000285029411316,
            "bytes": 1251210,
            "bits_per_second": 10006827.759774491,
            "jitter_ms": 0.11948878124554757,
            "lost_packets": 0,
            "packets": 895,
            "lost_percent": 0,
            "omitted": false,
            "sender": false
          }
        },
        {
          "streams": [
            {
              "socket": 10,
              "start": 1.000285,
              "end": 2.000292,
              "seconds": 1.0000070333480835,
              "bytes": 1249812,
              "bits_per_second": 9998425.67759192,
              "jitter_ms": 0.042413599863016245,
              "lost_packets": 0,
              "packets": 894,
              "lost_percent": 0,
              "omitted": false,
              "sender": false
            }
          ],
          "sum": {
            "start": 1.000285,
            "end": 2.000292,
            "seconds": 1.0000070333480835,
            "bytes": 1249812,
            "bits_per_second": 9998425.67759192,
            "jitter_ms": 0.042413599863016245,
            "lost_packets": 0,
            "packets": 894,
            "lost_percent": 0,
            "omitted": false,
            "sender": false
          }
        },
        {
          "streams": [
            {
              "socket": 10,
              "start": 2.000292,
              "end": 3.00025,
              "seconds": 0.9999579787254333,
              "bytes": 1249812,
              "bits_per_second": 9998916.16720163,
              "jitter_ms": 0.18866507170540378,
              "lost_packets": 0,
              "packets": 894,
              "lost_percent": 0,
              "omitted": false,
              "sender": false
            }
          ],
          "sum": {
            "start": 2.000292,
            "end": 3.00025,
            "seconds": 0.9999579787254333,
            "bytes": 1249812,
            "bits_per_second": 9998916.16720163,
            "jitter_ms": 0.18866507170540378,
            "lost_packets": 0,
            "packets": 894,
            "lost_percent": 0,
            "omitted": false,
            "sender": false
          }
        },
        {
          "streams": [
            {
              "socket": 10,
              "start": 3.00025,
              "end": 4.000275,
              "seconds": 1.0000250339508057,
              "bytes": 1251210,
              "bits_per_second": 10009429.424436197,
              "jitter_ms": 0.17284461399626677,
              "lost_packets": 0,
              "packets": 895,
              "lost_percent": 0,
              "omitted": false,
              "sender": false
            }
          ],
          "sum": {
            "start": 3.00025,
            "end": 4.000275,
            "seconds": 1.0000250339508057,
            "bytes": 1251210,
            "bits_per_second": 10009429.424436197,
            "jitter_ms": 0.17284461399626677,
            "lost_packets": 0,
            "packets": 895,
            "lost_percent": 0,
            "omitted": false,
            "sender": false
          }
        },
        {
          "streams": [
            {
              "socket": 10,
              "start": 4.000275,
              "end": 5.000201,
              "seconds": 0.999925971031189,
              "bytes": 1249812,
              "bits_per_second": 9999236.23314724,
              "jitter_ms": 0.2810233430172062,
              "lost_packets": 0,
              "packets": 894,
              "lost_percent": 0,
              "omitted": false,
              "sender": false
            }
          ],
          "sum": {
            "start": 4.000275,
            "end": 5.000201,
            "seconds": 0.999925971031189,
            "bytes": 1249812,
            "bits_per_second": 9999236.23314724,
            "jitter_ms": 0.2810233430172062,
            "lost_packets": 0,
            "packets": 894,
            "lost_percent": 0,
            "omitted": false,
            "sender": false
          }
        },
        {
          "streams": [
            {
              "socket": 10,
              "start": 5.000201,
              "end": 6.000238,
              "seconds": 1.0000369548797607,
              "bytes": 1249812,
              "bits_per_second": 9998126.520436605,
              "jitter_ms": 0.376888637782936,
              "lost_packets": 0,
              "packets": 894,
              "lost_percent": 0,
              "omitted": false,
              "sender": false
            }
          ],
          "sum": {
            "start": 5.000201,
            "end": 6.000238,
            "seconds": 1.0000369548797607,
            "bytes": 1249812,
            "bits_per_second": 9998126.520436605,
            "jitter_ms": 0.376888637782936,
            "lost_packets": 0,
            "packets": 894,
            "lost_percent": 0,
            "omitted": false,
            "sender": false
          }
        },
        {
          "streams": [
            {
              "socket": 10,
              "start": 6.000238,
              "end": 7.000295,
              "seconds": 1.0000569820404053,
              "bytes": 1249812,
              "bits_per_second": 9997926.29775973,
              "jitter_ms": 0.011812251932765755,
              "lost_packets": 0,
              "packets": 894,
              "lost_percent": 0,
              "omitted": false,
              "sender": false
            }
          ],
          "sum": {
            "start": 6.000238,
            "end": 7.000295,
            "seconds": 1.0000569820404053,
            "bytes": 1249812,
            "bits_per_second": 9997926.29775973,
            "jitter_ms": 0.011812251932765755,
            "lost_packets": 0,
            "packets": 894,
            "lost_percent": 0,
            "omitted": false,
            "sender": false
          }
        },
        {
          "streams": [
            {
              "socket": 10,
              "start": 7.000295,
              "end": 8.000153,
              "seconds": 0.999858021736145,
              "bytes": 1249812,
              "bits_per_second": 9999915.770679817,
              "jitter_ms": 0.149685567007678,
              "lost_packets": 0,
              "packets": 894,
              "lost_percent": 0,