{
  "udp": {
    "20": {
      "start": {
        "connected": [
          {
            "socket": 5,
            "local_host": "172.17.0.2",
            "local_port": 47198,
            "remote_host": "172.20.25.101",
            "remote_port": 32201
          }
        ],
        "version": "iperf 3.12",
        "system_info": "Linux 403e3d081be7 6.8.0-87-generic #88~22.04.1-Ubuntu SMP PREEMPT_DYNAMIC Tue Oct 14 14:03:14 UTC 2 x86_64",
        "timestamp": {
          "time": "Mon, 17 Nov 2025 05:31:51 GMT",
          "timesecs": 1763357511
        },
        "connecting_to": {
          "host": "api-int.tenoran.automation.otic.open6g.net",
          "port": 32201
        },
        "cookie": "y57dworkuoep2ovx7og666xugouf5a2wu7o3",
        "target_bitrate": 20000000,
        "sock_bufsize": 0,
        "sndbuf_actual": 212992,
        "rcvbuf_actual": 212992,
        "test_start": {
          "protocol": "UDP",
          "num_streams": 1,
          "blksize": 1348,
          "omit": 0,
          "duration": 10,
          "bytes": 0,
          "blocks": 0,
          "reverse": 1,
          "tos": 0,
          "target_bitrate": 20000000
        }
      },
      "intervals": [
        {
          "streams": [
            {
              "socket": 5,
              "start": 0,
              "end": 1.000223,
              "seconds": 1.0002230405807495,
              "bytes": 2488408,
              "bits_per_second": 19902824.862384137,
              "jitter_ms": 1.0455202099848417,
              "lost_packets": 0,
              "packets": 1846,
              "lost_percent": 0,
              "omitted": false,
              "sender": false
            }
          ],
          "sum": {
            "start": 0,
            "end": 1.000223,
            "seconds": 1.0002230405807495,
            "bytes": 2488408,
            "bits_per_second": 19902824.862384137,
            "jitter_ms": 1.0455202099848417,
            "lost_packets": 0,
            "packets": 1846,
            "lost_percent": 0,
            "omitted": false,
            "sender": false
          }
        },
        {
          "streams": [
            {
              "socket": 5,
              "start": 1.000223,
              "end": 2.000189,
              "seconds": 0.999966025352478,
              "bytes": 2524804,
              "bits_per_second": 20199118.257923067,
              "jitter_ms": 0.7345810290367194,
              "lost_packets": 0,
              "packets": 1873,
              "lost_percent": 0,
              "omitted": false,
              "sender": false
            }
          ],
          "sum": {
            "start": 1.000223,
            "end": 2.000189,
            "seconds": 0.999966025352478,
            "bytes": 2524804,
            "bits_per_second": 20199118.257923067,
            "jitter_ms": 0.7345810290367194,
            "lost_packets": 0,
            "packets": 1873,
            "lost_percent": 0,
            "omitted": false,
            "sender": false
          }
        },
        {
          "streams": [
            {
              "socket": 5,
              "start": 2.000189,
              "end": 3.000157,
              "seconds": 0.9999679923057556,
              "bytes": 2500540,
              "bits_per_second": 20004960.312653057,
              "jitter_ms": 0.6878256103762324,
              "lost_packets": 0,
              "packets": 1855,
              "lost_percent": 0,
              "omitted": false,
              "sender": false
            }
          ],
          "sum": {
            "start": 2.000189,
            "end": 3.000157,
            "seconds": 0.9999679923057556,
            "bytes": 2500540,
            "bits_per_second": 20004960.312653057,
            "jitter_ms": 0.6878256103762324,
            "lost_packets": 0,
            "packets": 1855,
            "lost_percent": 0,
            "omitted": false,
            "sender": false
          }
        },
        {
          "streams": [
            {
              "socket": 5,
              "start": 3.000157,
              "end": 4.000212,
              "seconds": 1.000054955482483,
              "bytes": 2499192,
              "bits_per_second": 19992437.30596184,
              "jitter_ms": 0.733091774967769,
              "lost_packets": 0,
              "packets": 1854,
              "lost_percent": 0,
              "omitted": false,
              "sender": false
            }
          ],
          "sum": {
            "start": 3.000157,
            "end": 4.000212,
            "seconds": 1.000054955482483,
            "bytes": 2499192,
            "bits_per_second": 19992437.30596184,
            "jitter_ms": 0.733091774967769,
            "lost_packets": 0,
            "packets": 1854,
            "lost_percent": 0,
            "omitted": false,
            "sender": false
          }
        },
        {
          "streams": [
            {
              "socket": 5,
              "start": 4.000212,
              "end": 5.000213,
              "seconds": 1.0000009536743164,
              "bytes": 2485712,
              "bits_per_second": 19885677.035540547,
              "jitter_ms": 0.7717561979824383,
              "lost_packets": 0,
              "packets": 1844,
              "lost_percent": 0,
              "omitted": false,
              "sender": false
            }
          ],
          "sum": {
            "start": 4.000212,
            "end": 5.000213,
            "seconds": 1.0000009536743164,
            "bytes": 2485712,
            "bits_per_second": 19885677.035540547,
            "jitter_ms": 0.7717561979824383,
            "lost_packets": 0,
            "packets": 1844,
            "lost_percent": 0,
            "omitted": false,
            "sender": false
          }
        },
        {
          "streams": [
            {
              "socket": 5,
              "start": 5.000213,
              "end": 6.000195,
              "seconds": 0.9999819993972778,
              "bytes": 2499192,
              "bits_per_second": 19993895.902177,
              "jitter_ms": 0.8010339392754725,
              "lost_packets": 0,
              "packets": 1854,
              "lost_percent": 0,
              "omitted": false,
              "sender": false
            }
          ],
          "sum": {
            "start": 5.000213,
            "end": 6.000195,
            "seconds": 0.9999819993972778,
            "bytes": 2499192,
            "bits_per_second": 19993895.902177,
            "jitter_ms": 0.8010339392754725,
            "lost_packets": 0,
            "packets": 1854,
            "lost_percent": 0,
            "omitted": false,
            "sender": false
          }
        },
        {
          "streams": [
            {
              "socket": 5,
              "start": 6.000195,
              "end": 7.000199,
              "seconds": 1.0000040531158447,
              "bytes": 2512672,
              "bits_per_second": 20101294.52712465,
              "jitter_ms": 0.685711382272993,
              "lost_packets": 0,
              "packets": 1864,
              "lost_percent": 0,
              "omitted": false,
              "sender": false
            }
          ],
          "sum": {
            "start": 6.000195,
            "end": 7.000199,
            "seconds": 1.0000040531158447,
            "bytes": 2512672,
            "bits_per_second": 20101294.52712465,
            "jitter_ms": 0.685711382272993,
            "lost_packets": 0,
            "packets": 1864,
            "lost_percent": 0,
            "omitted": false,
            "sender": false
          }
        },
        {
          "streams": [
            {
              "socket": 5,
              "start": 7.000199,
              "end": 8.000225,
              "seconds": 1.000025987625122,
              "bytes": 2477624,
              "bits_per_second": 19820476.91287625,
              "jitter_ms": 1.0590047099567532,
              "lost_packets": 0,
              "packets": 1838,