{
  "udp": {
    "70": {
      "start": {
        "connected": [
          {
            "socket": 10,
            "local_host": "172.17.0.2",
            "local_port": 58892,
            "remote_host": "172.20.25.101",
            "remote_port": 32201
          }
        ],
        "version": "iperf 3.12",
        "system_info": "Linux 55e454b66d89 6.8.0-59-generic #61~22.04.1-Ubuntu SMP PREEMPT_DYNAMIC Tue Apr 15 17:03:15 UTC 2 x86_64",
        "timestamp": {
          "time": "Thu, 29 May 2025 06:32:03 GMT",
          "timesecs": 1748500323
        },
        "connecting_to": {
          "host": "api-int.tenoran.automation.otic.open6g.net",
          "port": 32201
        },
        "cookie": "ixawom3kdfoufisx5z5ec7fvsekt6lt7yhea",
        "target_bitrate": 70000000,
        "sock_bufsize": 0,
        "sndbuf_actual": 212992,
        "rcvbuf_actual": 212992,
        "test_start": {
          "protocol": "UDP",
          "num_streams": 1,
          "blksize": 1348,
          "omit": 0,
          "duration": 10,
          "bytes": 0,
          "blocks": 0,
          "reverse": 1,
          "tos": 0,
          "target_bitrate": 70000000
        }
      },
      "intervals": [
        {
          "streams": [
            {
              "socket": 10,
              "start": 0,
              "end": 1.000082,
              "seconds": 1.000082015991211,
              "bytes": 6092960,
              "bits_per_second": 48739682.566623,
              "jitter_ms": 0.069674607295664,
              "lost_packets": 195,
              "packets": 4715,
              "lost_percent": 4.13573700954401,
              "omitted": false,
              "sender": false
            }
          ],
          "sum": {
            "start": 0,
            "end": 1.000082,
            "seconds": 1.000082015991211,
            "bytes": 6092960,
            "bits_per_second": 48739682.566623,
            "jitter_ms": 0.069674607295664,
            "lost_packets": 195,
            "packets": 4715,
            "lost_percent": 4.13573700954401,
            "omitted": false,
            "sender": false
          }
        },
        {
          "streams": [
            {
              "socket": 10,
              "start": 1.000082,
              "end": 2.000069,
              "seconds": 0.999987006187439,
              "bytes": 7484096,
              "bits_per_second": 59873545.9856339,
              "jitter_ms": 0.08684876203998243,
              "lost_packets": 413,
              "packets": 5965,
              "lost_percent": 6.923721709974854,
              "omitted": false,
              "sender": false
            }
          ],
          "sum": {
            "start": 1.000082,
            "end": 2.000069,
            "seconds": 0.999987006187439,
            "bytes": 7484096,
            "bits_per_second": 59873545.9856339,
            "jitter_ms": 0.08684876203998243,
            "lost_packets": 413,
            "packets": 5965,
            "lost_percent": 6.923721709974854,
            "omitted": false,
            "sender": false
          }
        },
        {
          "streams": [
            {
              "socket": 10,
              "start": 2.000069,
              "end": 3.000202,
              "seconds": 1.0001330375671387,
              "bytes": 7625636,
              "bits_per_second": 60996973.111094475,
              "jitter_ms": 0.012827329064774264,
              "lost_packets": 416,
              "packets": 6073,
              "lost_percent": 6.84999176683682,
              "omitted": false,
              "sender": false
            }
          ],
          "sum": {
            "start": 2.000069,
            "end": 3.000202,
            "seconds": 1.0001330375671387,
            "bytes": 7625636,
            "bits_per_second": 60996973.111094475,
            "jitter_ms": 0.012827329064774264,
            "lost_packets": 416,
            "packets": 6073,
            "lost_percent": 6.84999176683682,
            "omitted": false,
            "sender": false
          }
        },
        {
          "streams": [
            {
              "socket": 10,
              "start": 3.000202,
              "end": 4.000088,
              "seconds": 0.9998859763145447,
              "bytes": 7360080,
              "bits_per_second": 58887354.55319287,
              "jitter_ms": 0.634125483151741,
              "lost_packets": 419,
              "packets": 5879,
              "lost_percent": 7.127062425582582,
              "omitted": false,
              "sender": false
            }
          ],
          "sum": {
            "start": 3.000202,
            "end": 4.000088,
            "seconds": 0.9998859763145447,
            "bytes": 7360080,
            "bits_per_second": 58887354.55319287,
            "jitter_ms": 0.634125483151741,
            "lost_packets": 419,
            "packets": 5879,
            "lost_percent": 7.127062425582582,
            "omitted": false,
            "sender": false
          }
        },
        {
          "streams": [
            {
              "socket": 10,
              "start": 4.000088,
              "end": 5.00002,
              "seconds": 0.9999319911003113,
              "bytes": 7883104,
              "bits_per_second": 63069121.26154133,
              "jitter_ms": 1.4552903521516654,
              "lost_packets": 124,
              "packets": 5972,
              "lost_percent": 2.0763563295378433,
              "omitted": false,
              "sender": false
            }
          ],
          "sum": {
            "start": 4.000088,
            "end": 5.00002,
            "seconds": 0.9999319911003113,
            "bytes": 7883104,
            "bits_per_second": 63069121.26154133,
            "jitter_ms": 1.4552903521516654,
            "lost_packets": 124,
            "packets": 5972,
            "lost_percent": 2.0763563295378433,
            "omitted": false,
            "sender": false
          }
        },
        {
          "streams": [
            {
              "socket": 10,
              "start": 5.00002,
              "end": 6.000206,
              "seconds": 1.0001859664916992,
              "bytes": 7759088,
              "bits_per_second": 62061162.7033013,
              "jitter_ms": 0.07576370355765293,
              "lost_packets": 0,
              "packets": 5756,
              "lost_percent": 0,
              "omitted": false,
              "sender": false
            }
          ],
          "sum": {
            "start": 5.00002,
            "end": 6.000206,
            "seconds": 1.0001859664916992,
            "bytes": 7759088,
            "bits_per_second": 62061162.7033013,
            "jitter_ms": 0.07576370355765293,
            "lost_packets": 0,
            "packets": 5756,
            "lost_percent": 0,
            "omitted": false,
            "sender": false
          }
        },
        {
          "streams": [
            {
              "socket": 10,
              "start": 6.000206,
              "end": 7.000207,
              "seconds": 1.0000009536743164,
              "bytes": 7454440,
              "bits_per_second": 59635463.12719047,
              "jitter_ms": 0.014279381299432764,
              "lost_packets": 0,
              "packets": 5530,
              "lost_percent": 0,
              "omitted": false,
              "sender": false
            }
          ],
          "sum": {
            "start": 6.000206,
            "end": 7.000207,
            "seconds": 1.0000009536743164,
            "bytes": 7454440,
            "bits_per_second": 59635463.12719047,
            "jitter_ms": 0.014279381299432764,
            "lost_packets": 0,
            "packets": 5530,
            "lost_percent": 0,
            "omitted": false,
            "sender": false
          }
        },
        {
          "streams": [
            {
              "socket": 10,
              "start": 7.000207,
              "end": 8.000026,
              "seconds": 0.999818980693817,