{
  "udp": {
    "10": {
      "start": {
        "connected": [
          {
            "socket": 5,
            "local_host": "172.17.0.2",
            "local_port": 48520,
            "remote_host": "172.20.25.101",
            "remote_port": 32201
          }
        ],
        "version": "iperf 3.12",
        "system_info": "Linux dfd710287dc3 6.8.0-87-generic #88~22.04.1-Ubuntu SMP PREEMPT_DYNAMIC Tue Oct 14 14:03:14 UTC 2 x86_64",
        "timestamp": {
          "time": "Sun, 09 Nov 2025 06:31:39 GMT",
          "timesecs": 1762669899
        },
        "connecting_to": {
          "host": "api-int.tenoran.automation.otic.open6g.net",
          "port": 32201
        },
        "cookie": "36zrpiyyg7ixzpvsdwyfwmx7lrf7y24pqhrs",
        "target_bitrate": 10000000,
        "sock_bufsize": 0,
        "sndbuf_actual": 212992,
        "rcvbuf_actual": 212992,
        "test_start": {
          "protocol": "UDP",
          "num_streams": 1,
          "blksize": 1348,
          "omit": 0,
          "duration": 10,
          "bytes": 0,
          "blocks": 0,
          "reverse": 1,
          "tos": 0,
          "target_bitrate": 10000000
        }
      },
      "intervals": [
        {
          "streams": [
            {
              "socket": 5,
              "start": 0,
              "end": 1.000209,
              "seconds": 1.0002089738845825,
              "bytes": 1250944,
              "bits_per_second": 10005461.119922731,
              "jitter_ms": 1.6378602135090705,
              "lost_packets": 0,
              "packets": 928,
              "lost_percent": 0,
              "omitted": false,
              "sender": false
            }
          ],
          "sum": {
            "start": 0,
            "end": 1.000209,
            "seconds": 1.0002089738845825,
            "bytes": 1250944,
            "bits_per_second": 10005461.119922731,
            "jitter_ms": 1.6378602135090705,
            "lost_packets": 0,
            "packets": 928,
            "lost_percent": 0,
            "omitted": false,
            "sender": false
          }
        },
        {
          "streams": [
            {
              "socket": 5,
              "start": 1.000209,
              "end": 2.000117,
              "seconds": 0.9999079704284668,
              "bytes": 1240160,
              "bits_per_second": 9922193.1351829,
              "jitter_ms": 1.604949083831038,
              "lost_packets": 0,
              "packets": 920,
              "lost_percent": 0,
              "omitted": false,
              "sender": false
            }
          ],
          "sum": {
            "start": 1.000209,
            "end": 2.000117,
            "seconds": 0.9999079704284668,
            "bytes": 1240160,
            "bits_per_second": 9922193.1351829,
            "jitter_ms": 1.604949083831038,
            "lost_packets": 0,
            "packets": 920,
            "lost_percent": 0,
            "omitted": false,
            "sender": false
          }
        },
        {
          "streams": [
            {
              "socket": 5,
              "start": 2.000117,
              "end": 3.000134,
              "seconds": 1.0000170469284058,
              "bytes": 1259032,
              "bits_per_second": 10072084.301900009,
              "jitter_ms": 1.6407807039608377,
              "lost_packets": 0,
              "packets": 934,
              "lost_percent": 0,
              "omitted": false,
              "sender": false
            }
          ],
          "sum": {
            "start": 2.000117,
            "end": 3.000134,
            "seconds": 1.0000170469284058,
            "bytes": 1259032,
            "bits_per_second": 10072084.301900009,
            "jitter_ms": 1.6407807039608377,
            "lost_packets": 0,
            "packets": 934,
            "lost_percent": 0,
            "omitted": false,
            "sender": false
          }
        },
        {
          "streams": [
            {
              "socket": 5,
              "start": 3.000134,
              "end": 4.000136,
              "seconds": 1.0000020265579224,
              "bytes": 1249596,
              "bits_per_second": 9996747.74101167,
              "jitter_ms": 1.3827518695533192,
              "lost_packets": 0,
              "packets": 927,
              "lost_percent": 0,
              "omitted": false,
              "sender": false
            }
          ],
          "sum": {
            "start": 3.000134,
            "end": 4.000136,
            "seconds": 1.0000020265579224,
            "bytes": 1249596,
            "bits_per_second": 9996747.74101167,
            "jitter_ms": 1.3827518695533192,
            "lost_packets": 0,
            "packets": 927,
            "lost_percent": 0,
            "omitted": false,
            "sender": false
          }
        },
        {
          "streams": [
            {
              "socket": 5,
              "start": 4.000136,
              "end": 5.000179,
              "seconds": 1.0000430345535278,
              "bytes": 1250944,
              "bits_per_second": 10007121.34800069,
              "jitter_ms": 1.571781341256313,
              "lost_packets": 0,
              "packets": 928,
              "lost_percent": 0,
              "omitted": false,
              "sender": false
            }
          ],
          "sum": {
            "start": 4.000136,
            "end": 5.000179,
            "seconds": 1.0000430345535278,
            "bytes": 1250944,
            "bits_per_second": 10007121.34800069,
            "jitter_ms": 1.571781341256313,
            "lost_packets": 0,
            "packets": 928,
            "lost_percent": 0,
            "omitted": false,
            "sender": false
          }
        },
        {
          "streams": [
            {
              "socket": 5,
              "start": 5.000179,
              "end": 6.000174,
              "seconds": 0.999994993209839,
              "bytes": 1241508,
              "bits_per_second": 9932113.728009293,
              "jitter_ms": 1.6569564819440226,
              "lost_packets": 0,
              "packets": 921,
              "lost_percent": 0,
              "omitted": false,
              "sender": false
            }
          ],
          "sum": {
            "start": 5.000179,
            "end": 6.000174,
            "seconds": 0.999994993209839,
            "bytes": 1241508,
            "bits_per_second": 9932113.728009293,
            "jitter_ms": 1.6569564819440226,
            "lost_packets": 0,
            "packets": 921,
            "lost_percent": 0,
            "omitted": false,
            "sender": false
          }
        },
        {
          "streams": [
            {
              "socket": 5,
              "start": 6.000174,
              "end": 7.000134,
              "seconds": 0.9999600052833557,
              "bytes": 1259032,
              "bits_per_second": 10072658.853136687,
              "jitter_ms": 1.5401669081071065,
              "lost_packets": 0,
              "packets": 934,
              "lost_percent": 0,
              "omitted": false,
              "sender": false
            }
          ],
          "sum": {
            "start": 6.000174,
            "end": 7.000134,
            "seconds": 0.9999600052833557,
            "bytes": 1259032,
            "bits_per_second": 10072658.853136687,
            "jitter_ms": 1.5401669081071065,
            "lost_packets": 0,
            "packets": 934,
            "lost_percent": 0,
            "omitted": false,
            "sender": false
          }
        },
        {
          "streams": [
            {
              "socket": 5,
              "start": 7.000134,
              "end": 8.000136,
              "seconds": 1.0000020265579224,
              "bytes": 1241508,
              "bits_per_second": 9932043.872137805,
              "jitter_ms": 1.7793559087896074,
              "lost_packets": 0,
              "packets": 921,