{
  "udp": {
    "10": {
      "start": {
        "connected": [
          {
            "socket": 10,
            "local_host": "172.17.0.2",
            "local_port": 60579,
            "remote_host": "10.100.1.103",
            "remote_port": 32201
          }
        ],
        "version": "iperf 3.12",
        "system_info": "Linux fd221a7d313a 6.8.0-51-generic #52~22.04.1-Ubuntu SMP PREEMPT_DYNAMIC Mon Dec  9 15:00:52 UTC 2 x86_64",
        "timestamp": {
          "time": "Thu, 23 Jan 2025 08:00:42 GMT",
          "timesecs": 1737619242
        },
        "connecting_to": {
          "host": "api-int.edge.open5g.info",
          "port": 32201
        },
        "cookie": "t3ppxkr7czadhvjz632rqoqsipsfbcndarm6",
        "target_bitrate": 10000000,
        "sock_bufsize": 0,
        "sndbuf_actual": 212992,
        "rcvbuf_actual": 212992,
        "test_start": {
          "protocol": "UDP",
          "num_streams": 1,
          "blksize": 1398,
          "omit": 0,
          "duration": 10,
          "bytes": 0,
          "blocks": 0,
          "reverse": 1,
          "tos": 0,
          "target_bitrate": 10000000
        }
      },
      "intervals": [
        {
          "streams": [
            {
              "socket": 10,
              "start": 0,
              "end": 1.000146,
              "seconds": 1.0001460313797,
              "bytes": 1151952,
              "bits_per_second": 9214270.427376565,
              "jitter_ms": 1.4586070824659312,
              "lost_packets": 0,
              "packets": 824,
              "lost_percent": 0,
              "omitted": false,
              "sender": false
            }
          ],
          "sum": {
            "start": 0,
            "end": 1.000146,
            "seconds": 1.0001460313797,
            "bytes": 1151952,
            "bits_per_second": 9214270.427376565,
            "jitter_ms": 1.4586070824659312,
            "lost_packets": 0,
            "packets": 824,
            "lost_percent": 0,
            "omitted": false,
            "sender": false
          }
        },
        {
          "streams": [
            {
              "socket": 10,
              "start": 1.000146,
              "end": 2.000116,
              "seconds": 0.999970018863678,
              "bytes": 1281966,
              "bits_per_second": 10256035.487598076,
              "jitter_ms": 0.33475453430222213,
              "lost_packets": 0,
              "packets": 917,
              "lost_percent": 0,
              "omitted": false,
              "sender": false
            }
          ],
          "sum": {
            "start": 1.000146,
            "end": 2.000116,
            "seconds": 0.999970018863678,
            "bytes": 1281966,
            "bits_per_second": 10256035.487598076,
            "jitter_ms": 0.33475453430222213,
            "lost_packets": 0,
            "packets": 917,
            "lost_percent": 0,
            "omitted": false,
            "sender": false
          }
        },
        {
          "streams": [
            {
              "socket": 10,
              "start": 2.000116,
              "end": 3.000117,
              "seconds": 1.0000009536743164,
              "bytes": 1260996,
              "bits_per_second": 10087958.379373189,
              "jitter_ms": 0.296803442133253,
              "lost_packets": 0,
              "packets": 902,
              "lost_percent": 0,
              "omitted": false,
              "sender": false
            }
          ],
          "sum": {
            "start": 2.000116,
            "end": 3.000117,
            "seconds": 1.0000009536743164,
            "bytes": 1260996,
            "bits_per_second": 10087958.379373189,
            "jitter_ms": 0.296803442133253,
            "lost_packets": 0,
            "packets": 902,
            "lost_percent": 0,
            "omitted": false,
            "sender": false
          }
        },
        {
          "streams": [
            {
              "socket": 10,
              "start": 3.000117,
              "end": 4.000127,
              "seconds": 1.0000100135803223,
              "bytes": 1255404,
              "bits_per_second": 10043131.432296716,
              "jitter_ms": 0.26572073761417286,
              "lost_packets": 0,
              "packets": 898,
              "lost_percent": 0,
              "omitted": false,
              "sender": false
            }
          ],
          "sum": {
            "start": 3.000117,
            "end": 4.000127,
            "seconds": 1.0000100135803223,
            "bytes": 1255404,
            "bits_per_second": 10043131.432296716,
            "jitter_ms": 0.26572073761417286,
            "lost_packets": 0,
            "packets": 898,
            "lost_percent": 0,
            "omitted": false,
            "sender": false
          }
        },
        {
          "streams": [
            {
              "socket": 10,
              "start": 4.000127,
              "end": 5.000165,
              "seconds": 1.0000380277633667,
              "bytes": 1252608,
              "bits_per_second": 10020482.943445807,
              "jitter_ms": 0.23020167884542275,
              "lost_packets": 0,
              "packets": 896,
              "lost_percent": 0,
              "omitted": false,
              "sender": false
            }
          ],
          "sum": {
            "start": 4.000127,
            "end": 5.000165,
            "seconds": 1.0000380277633667,
            "bytes": 1252608,
            "bits_per_second": 10020482.943445807,
            "jitter_ms": 0.23020167884542275,
            "lost_packets": 0,
            "packets": 896,
            "lost_percent": 0,
            "omitted": false,
            "sender": false
          }
        },
        {
          "streams": [
            {
              "socket": 10,
              "start": 5.000165,
              "end": 6.000174,
              "seconds": 1.0000089406967163,
              "bytes": 1237230,
              "bits_per_second": 9897751.5072056,
              "jitter_ms": 0.44453659693106945,
              "lost_packets": 0,
              "packets": 885,
              "lost_percent": 0,
              "omitted": false,
              "sender": false
            }
          ],
          "sum": {
            "start": 5.000165,
            "end": 6.000174,
            "seconds": 1.0000089406967163,
            "bytes": 1237230,
            "bits_per_second": 9897751.5072056,
            "jitter_ms": 0.44453659693106945,
            "lost_packets": 0,
            "packets": 885,
            "lost_percent": 0,
            "omitted": false,
            "sender": false
          }
        },
        {
          "streams": [
            {
              "socket": 10,
              "start": 6.000174,
              "end": 7.000116,
              "seconds": 0.9999420046806335,
              "bytes": 1260996,
              "bits_per_second": 10088553.088858334,
              "jitter_ms": 0.21460637349790654,
              "lost_packets": 0,
              "packets": 902,
              "lost_percent": 0,
              "omitted": false,
              "sender": false
            }
          ],
          "sum": {
            "start": 6.000174,
            "end": 7.000116,
            "seconds": 0.9999420046806335,
            "bytes": 1260996,
            "bits_per_second": 10088553.088858334,
            "jitter_ms": 0.21460637349790654,
            "lost_packets": 0,
            "packets": 902,
            "lost_percent": 0,
            "omitted": false,
            "sender": false
          }
        },
        {
          "streams": [
            {
              "socket": 10,
              "start": 7.000116,
              "end": 8.00012,
              "seconds": 1.0000040531158447,
              "bytes": 1251210,
              "bits_per_second": 10009639.429771828,
              "jitter_ms": 0.268274256436651,
              "lost_packets": 0,
              "packets": 895,