{
  "udp": {
    "10": {
      "start": {
        "connected": [
          {
            "socket": 10,
            "local_host": "172.17.0.2",
            "local_port": 45475,
            "remote_host": "172.20.25.101",
            "remote_port": 32201
          }
        ],
        "version": "iperf 3.12",
        "system_info": "Linux 0f2a7f37f95c 6.8.0-52-generic #53~22.04.1-Ubuntu SMP PREEMPT_DYNAMIC Wed Jan 15 19:18:46 UTC 2 x86_64",
        "timestamp": {
          "time": "Tue, 15 Apr 2025 06:00:41 GMT",
          "timesecs": 1744696841
        },
        "connecting_to": {
          "host": "api-int.tenoran.automation.otic.open6g.net",
          "port": 32201
        },
        "cookie": "kmtgkiduz7g2xq3fwtn4nsj7cpiyjfs4yedo",
        "target_bitrate": 10000000,
        "sock_bufsize": 0,
        "sndbuf_actual": 212992,
        "rcvbuf_actual": 212992,
        "test_start": {
          "protocol": "UDP",
          "num_streams": 1,
          "blksize": 1348,
          "omit": 0,
          "duration": 10,
          "bytes": 0,
          "blocks": 0,
          "reverse": 1,
          "tos": 0,
          "target_bitrate": 10000000
        }
      },
      "intervals": [
        {
          "streams": [
            {
              "socket": 10,
              "start": 0,
              "end": 1.000286,
              "seconds": 1.0002859830856323,
              "bytes": 1250944,
              "bits_per_second": 10004690.827646311,
              "jitter_ms": 0.1798103169500892,
              "lost_packets": 0,
              "packets": 928,
              "lost_percent": 0,
              "omitted": false,
              "sender": false
            }
          ],
          "sum": {
            "start": 0,
            "end": 1.000286,
            "seconds": 1.0002859830856323,
            "bytes": 1250944,
            "bits_per_second": 10004690.827646311,
            "jitter_ms": 0.1798103169500892,
            "lost_packets": 0,
            "packets": 928,
            "lost_percent": 0,
            "omitted": false,
            "sender": false
          }
        },
        {
          "streams": [
            {
              "socket": 10,
              "start": 1.000286,
              "end": 2.000263,
              "seconds": 0.9999769926071167,
              "bytes": 1250944,
              "bits_per_second": 10007782.252978185,
              "jitter_ms": 0.0959162795688354,
              "lost_packets": 0,
              "packets": 928,
              "lost_percent": 0,
              "omitted": false,
              "sender": false
            }
          ],
          "sum": {
            "start": 1.000286,
            "end": 2.000263,
            "seconds": 0.9999769926071167,
            "bytes": 1250944,
            "bits_per_second": 10007782.252978185,
            "jitter_ms": 0.0959162795688354,
            "lost_packets": 0,
            "packets": 928,
            "lost_percent": 0,
            "omitted": false,
            "sender": false
          }
        },
        {
          "streams": [
            {
              "socket": 10,
              "start": 2.000263,
              "end": 3.000081,
              "seconds": 0.9998180270195007,
              "bytes": 1249596,
              "bits_per_second": 9998587.4727632,
              "jitter_ms": 0.08691298915025006,
              "lost_packets": 0,
              "packets": 927,
              "lost_percent": 0,
              "omitted": false,
              "sender": false
            }
          ],
          "sum": {
            "start": 2.000263,
            "end": 3.000081,
            "seconds": 0.9998180270195007,
            "bytes": 1249596,
            "bits_per_second": 9998587.4727632,
            "jitter_ms": 0.08691298915025006,
            "lost_packets": 0,
            "packets": 927,
            "lost_percent": 0,
            "omitted": false,
            "sender": false
          }
        },
        {
          "streams": [
            {
              "socket": 10,
              "start": 3.000081,
              "end": 4.000283,
              "seconds": 1.000201940536499,
              "bytes": 1249596,
              "bits_per_second": 9994749.65489252,
              "jitter_ms": 0.0992865867798789,
              "lost_packets": 0,
              "packets": 927,
              "lost_percent": 0,
              "omitted": false,
              "sender": false
            }
          ],
          "sum": {
            "start": 3.000081,
            "end": 4.000283,
            "seconds": 1.000201940536499,
            "bytes": 1249596,
            "bits_per_second": 9994749.65489252,
            "jitter_ms": 0.0992865867798789,
            "lost_packets": 0,
            "packets": 927,
            "lost_percent": 0,
            "omitted": false,
            "sender": false
          }
        },
        {
          "streams": [
            {
              "socket": 10,
              "start": 4.000283,
              "end": 5.000284,
              "seconds": 1.0000009536743164,
              "bytes": 1250944,
              "bits_per_second": 10007542.456063788,
              "jitter_ms": 0.18248922006403642,
              "lost_packets": 0,
              "packets": 928,
              "lost_percent": 0,
              "omitted": false,
              "sender": false
            }
          ],
          "sum": {
            "start": 4.000283,
            "end": 5.000284,
            "seconds": 1.0000009536743164,
            "bytes": 1250944,
            "bits_per_second": 10007542.456063788,
            "jitter_ms": 0.18248922006403642,
            "lost_packets": 0,
            "packets": 928,
            "lost_percent": 0,
            "omitted": false,
            "sender": false
          }
        },
        {
          "streams": [
            {
              "socket": 10,
              "start": 5.000284,
              "end": 6.00028,
              "seconds": 0.9999960064888,
              "bytes": 1249596,
              "bits_per_second": 9996807.9223644,
              "jitter_ms": 0.1921780484010781,
              "lost_packets": 0,
              "packets": 927,
              "lost_percent": 0,
              "omitted": false,
              "sender": false
            }
          ],
          "sum": {
            "start": 5.000284,
            "end": 6.00028,
            "seconds": 0.9999960064888,
            "bytes": 1249596,
            "bits_per_second": 9996807.9223644,
            "jitter_ms": 0.1921780484010781,
            "lost_packets": 0,
            "packets": 927,
            "lost_percent": 0,
            "omitted": false,
            "sender": false
          }
        },
        {
          "streams": [
            {
              "socket": 10,
              "start": 6.00028,
              "end": 7.000295,
              "seconds": 1.0000150203704834,
              "bytes": 1249596,
              "bits_per_second": 9996617.847096356,
              "jitter_ms": 0.18521420121987442,
              "lost_packets": 0,
              "packets": 927,
              "lost_percent": 0,
              "omitted": false,
              "sender": false
            }
          ],
          "sum": {
            "start": 6.00028,
            "end": 7.000295,
            "seconds": 1.0000150203704834,
            "bytes": 1249596,
            "bits_per_second": 9996617.847096356,
            "jitter_ms": 0.18521420121987442,
            "lost_packets": 0,
            "packets": 927,
            "lost_percent": 0,
            "omitted": false,
            "sender": false
          }
        },
        {
          "streams": [
            {
              "socket": 10,
              "start": 7.000295,
              "end": 8.000281,
              "seconds": 0.9999859929084778,
              "bytes": 1249596,
              "bits_per_second": 9996908.02760568,
              "jitter_ms": 0.09783486187324388,
              "lost_packets": 0,
              "packets": 927,