{
  "udp": {
    "10": {
      "start": {
        "connected": [
          {
            "socket": 5,
            "local_host": "172.17.0.2",
            "local_port": 59143,
            "remote_host": "172.20.25.101",
            "remote_port": 32201
          }
        ],
        "version": "iperf 3.12",
        "system_info": "Linux 95c14b012857 6.8.0-87-generic #88~22.04.1-Ubuntu SMP PREEMPT_DYNAMIC Tue Oct 14 14:03:14 UTC 2 x86_64",
        "timestamp": {
          "time": "Sat, 15 Nov 2025 05:01:44 GMT",
          "timesecs": 1763182904
        },
        "connecting_to": {
          "host": "api-int.tenoran.automation.otic.open6g.net",
          "port": 32201
        },
        "cookie": "yqwhnhezmyh6binkrpseoqo3mj22qxykpao3",
        "target_bitrate": 10000000,
        "sock_bufsize": 0,
        "sndbuf_actual": 212992,
        "rcvbuf_actual": 212992,
        "test_start": {
          "protocol": "UDP",
          "num_streams": 1,
          "blksize": 1348,
          "omit": 0,
          "duration": 10,
          "bytes": 0,
          "blocks": 0,
          "reverse": 1,
          "tos": 0,
          "target_bitrate": 10000000
        }
      },
      "intervals": [
        {
          "streams": [
            {
              "socket": 5,
              "start": 0,
              "end": 1.000217,
              "seconds": 1.0002169609069824,
              "bytes": 1259032,
              "bits_per_second": 10070071.188221626,
              "jitter_ms": 1.6743514665717651,
              "lost_packets": 0,
              "packets": 934,
              "lost_percent": 0,
              "omitted": false,
              "sender": false
            }
          ],
          "sum": {
            "start": 0,
            "end": 1.000217,
            "seconds": 1.0002169609069824,
            "bytes": 1259032,
            "bits_per_second": 10070071.188221626,
            "jitter_ms": 1.6743514665717651,
            "lost_packets": 0,
            "packets": 934,
            "lost_percent": 0,
            "omitted": false,
            "sender": false
          }
        },
        {
          "streams": [
            {
              "socket": 5,
              "start": 1.000217,
              "end": 2.000223,
              "seconds": 1.0000059604644775,
              "bytes": 1249596,
              "bits_per_second": 9996708.4149746,
              "jitter_ms": 1.5635808574128378,
              "lost_packets": 0,
              "packets": 927,
              "lost_percent": 0,
              "omitted": false,
              "sender": false
            }
          ],
          "sum": {
            "start": 1.000217,
            "end": 2.000223,
            "seconds": 1.0000059604644775,
            "bytes": 1249596,
            "bits_per_second": 9996708.4149746,
            "jitter_ms": 1.5635808574128378,
            "lost_packets": 0,
            "packets": 927,
            "lost_percent": 0,
            "omitted": false,
            "sender": false
          }
        },
        {
          "streams": [
            {
              "socket": 5,
              "start": 2.000223,
              "end": 3.0002,
              "seconds": 0.9999769926071167,
              "bytes": 1250944,
              "bits_per_second": 10007782.252978185,
              "jitter_ms": 1.5579924837431356,
              "lost_packets": 0,
              "packets": 928,
              "lost_percent": 0,
              "omitted": false,
              "sender": false
            }
          ],
          "sum": {
            "start": 2.000223,
            "end": 3.0002,
            "seconds": 0.9999769926071167,
            "bytes": 1250944,
            "bits_per_second": 10007782.252978185,
            "jitter_ms": 1.5579924837431356,
            "lost_packets": 0,
            "packets": 928,
            "lost_percent": 0,
            "omitted": false,
            "sender": false
          }
        },
        {
          "streams": [
            {
              "socket": 5,
              "start": 3.0002,
              "end": 4.000211,
              "seconds": 1.0000109672546387,
              "bytes": 1249596,
              "bits_per_second": 9996658.364102185,
              "jitter_ms": 1.6467356122656793,
              "lost_packets": 0,
              "packets": 927,
              "lost_percent": 0,
              "omitted": false,
              "sender": false
            }
          ],
          "sum": {
            "start": 3.0002,
            "end": 4.000211,
            "seconds": 1.0000109672546387,
            "bytes": 1249596,
            "bits_per_second": 9996658.364102185,
            "jitter_ms": 1.6467356122656793,
            "lost_packets": 0,
            "packets": 927,
            "lost_percent": 0,
            "omitted": false,
            "sender": false
          }
        },
        {
          "streams": [
            {
              "socket": 5,
              "start": 4.000211,
              "end": 5.000239,
              "seconds": 1.0000280141830444,
              "bytes": 1234768,
              "bits_per_second": 9877867.27961794,
              "jitter_ms": 1.7723714649356814,
              "lost_packets": 0,
              "packets": 916,
              "lost_percent": 0,
              "omitted": false,
              "sender": false
            }
          ],
          "sum": {
            "start": 4.000211,
            "end": 5.000239,
            "seconds": 1.0000280141830444,
            "bytes": 1234768,
            "bits_per_second": 9877867.27961794,
            "jitter_ms": 1.7723714649356814,
            "lost_packets": 0,
            "packets": 916,
            "lost_percent": 0,
            "omitted": false,
            "sender": false
          }
        },
        {
          "streams": [
            {
              "socket": 5,
              "start": 5.000239,
              "end": 6.00016,
              "seconds": 0.9999210238456726,
              "bytes": 1265772,
              "bits_per_second": 10126975.78960283,
              "jitter_ms": 1.5786852349714215,
              "lost_packets": 0,
              "packets": 939,
              "lost_percent": 0,
              "omitted": false,
              "sender": false
            }
          ],
          "sum": {
            "start": 5.000239,
            "end": 6.00016,
            "seconds": 0.9999210238456726,
            "bytes": 1265772,
            "bits_per_second": 10126975.78960283,
            "jitter_ms": 1.5786852349714215,
            "lost_packets": 0,
            "packets": 939,
            "lost_percent": 0,
            "omitted": false,
            "sender": false
          }
        },
        {
          "streams": [
            {
              "socket": 5,
              "start": 6.00016,
              "end": 7.000216,
              "seconds": 1.0000560283660889,
              "bytes": 1240160,
              "bits_per_second": 9920724.158035006,
              "jitter_ms": 1.6733173688795406,
              "lost_packets": 0,
              "packets": 920,
              "lost_percent": 0,
              "omitted": false,
              "sender": false
            }
          ],
          "sum": {
            "start": 6.00016,
            "end": 7.000216,
            "seconds": 1.0000560283660889,
            "bytes": 1240160,
            "bits_per_second": 9920724.158035006,
            "jitter_ms": 1.6733173688795406,
            "lost_packets": 0,
            "packets": 920,
            "lost_percent": 0,
            "omitted": false,
            "sender": false
          }
        },
        {
          "streams": [
            {
              "socket": 5,
              "start": 7.000216,
              "end": 8.00025,
              "seconds": 1.000033974647522,
              "bytes": 1249596,
              "bits_per_second": 9996428.374869484,
              "jitter_ms": 1.67127857549824,
              "lost_packets": 0,
              "packets": 927,
              "lost_percent": 0,