{
  "udp": {
    "20": {
      "start": {
        "connected": [
          {
            "socket": 9,
            "local_host": "172.17.0.2",
            "local_port": 55324,
            "remote_host": "10.100.1.101",
            "remote_port": 32201
          }
        ],
        "version": "iperf 3.12",
        "system_info": "Linux 852963b328bd 6.2.0-37-generic #38~22.04.1-Ubuntu SMP PREEMPT_DYNAMIC Thu Nov  2 18:01:13 UTC 2 x86_64",
        "timestamp": {
          "time": "Wed, 27 Dec 2023 22:01:04 GMT",
          "timesecs": 1703714464
        },
        "connecting_to": {
          "host": "api-int.edge.open5g.info",
          "port": 32201
        },
        "cookie": "abvku6wg6atccyu26vxfec3to2vazi7rr465",
        "target_bitrate": 20000000,
        "sock_bufsize": 0,
        "sndbuf_actual": 212992,
        "rcvbuf_actual": 212992,
        "test_start": {
          "protocol": "UDP",
          "num_streams": 1,
          "blksize": 1398,
          "omit": 0,
          "duration": 10,
          "bytes": 0,
          "blocks": 0,
          "reverse": 1,
          "tos": 0,
          "target_bitrate": 20000000
        }
      },
      "intervals": [
        {
          "streams": [
            {
              "socket": 9,
              "start": 0,
              "end": 1.000176,
              "seconds": 1.000175952911377,
              "bytes": 2491236,
              "bits_per_second": 19926381.89509235,
              "jitter_ms": 0.037824732748673685,
              "lost_packets": 0,
              "packets": 1782,
              "lost_percent": 0,
              "omitted": false,
              "sender": false
            }
          ],
          "sum": {
            "start": 0,
            "end": 1.000176,
            "seconds": 1.000175952911377,
            "bytes": 2491236,
            "bits_per_second": 19926381.89509235,
            "jitter_ms": 0.037824732748673685,
            "lost_packets": 0,
            "packets": 1782,
            "lost_percent": 0,
            "omitted": false,
            "sender": false
          }
        },
        {
          "streams": [
            {
              "socket": 9,
              "start": 1.000176,
              "end": 2.000282,
              "seconds": 1.0001059770584106,
              "bytes": 2498226,
              "bits_per_second": 19983690.18729776,
              "jitter_ms": 0.03919312589739105,
              "lost_packets": 0,
              "packets": 1787,
              "lost_percent": 0,
              "omitted": false,
              "sender": false
            }
          ],
          "sum": {
            "start": 1.000176,
            "end": 2.000282,
            "seconds": 1.0001059770584106,
            "bytes": 2498226,
            "bits_per_second": 19983690.18729776,
            "jitter_ms": 0.03919312589739105,
            "lost_packets": 0,
            "packets": 1787,
            "lost_percent": 0,
            "omitted": false,
            "sender": false
          }
        },
        {
          "streams": [
            {
              "socket": 9,
              "start": 2.000282,
              "end": 3.000106,
              "seconds": 0.9998239874839783,
              "bytes": 2440908,
              "bits_per_second": 19530701.647936724,
              "jitter_ms": 0.0670694542316775,
              "lost_packets": 0,
              "packets": 1746,
              "lost_percent": 0,
              "omitted": false,
              "sender": false
            }
          ],
          "sum": {
            "start": 2.000282,
            "end": 3.000106,
            "seconds": 0.9998239874839783,
            "bytes": 2440908,
            "bits_per_second": 19530701.647936724,
            "jitter_ms": 0.0670694542316775,
            "lost_packets": 0,
            "packets": 1746,
            "lost_percent": 0,
            "omitted": false,
            "sender": false
          }
        },
        {
          "streams": [
            {
              "socket": 9,
              "start": 3.000106,
              "end": 4.000184,
              "seconds": 1.0000779628753662,
              "bytes": 2572320,
              "bits_per_second": 20576955.76136256,
              "jitter_ms": 0.03590387146758785,
              "lost_packets": 0,
              "packets": 1840,
              "lost_percent": 0,
              "omitted": false,
              "sender": false
            }
          ],
          "sum": {
            "start": 3.000106,
            "end": 4.000184,
            "seconds": 1.0000779628753662,
            "bytes": 2572320,
            "bits_per_second": 20576955.76136256,
            "jitter_ms": 0.03590387146758785,
            "lost_packets": 0,
            "packets": 1840,
            "lost_percent": 0,
            "omitted": false,
            "sender": false
          }
        },
        {
          "streams": [
            {
              "socket": 9,
              "start": 4.000184,
              "end": 5.000271,
              "seconds": 1.000087022781372,
              "bytes": 2463276,
              "bits_per_second": 19704493.26019097,
              "jitter_ms": 0.04074853743105999,
              "lost_packets": 0,
              "packets": 1762,
              "lost_percent": 0,
              "omitted": false,
              "sender": false
            }
          ],
          "sum": {
            "start": 4.000184,
            "end": 5.000271,
            "seconds": 1.000087022781372,
            "bytes": 2463276,
            "bits_per_second": 19704493.26019097,
            "jitter_ms": 0.04074853743105999,
            "lost_packets": 0,
            "packets": 1762,
            "lost_percent": 0,
            "omitted": false,
            "sender": false
          }
        },
        {
          "streams": [
            {
              "socket": 9,
              "start": 5.000271,
              "end": 6.000082,
              "seconds": 0.9998109936714172,
              "bytes": 2488440,
              "bits_per_second": 19911283.358564973,
              "jitter_ms": 0.44480668254696276,
              "lost_packets": 0,
              "packets": 1780,
              "lost_percent": 0,
              "omitted": false,
              "sender": false
            }
          ],
          "sum": {
            "start": 5.000271,
            "end": 6.000082,
            "seconds": 0.9998109936714172,
            "bytes": 2488440,
            "bits_per_second": 19911283.358564973,
            "jitter_ms": 0.44480668254696276,
            "lost_packets": 0,
            "packets": 1780,
            "lost_percent": 0,
            "omitted": false,
            "sender": false
          }
        },
        {
          "streams": [
            {
              "socket": 9,
              "start": 6.000082,
              "end": 7.000283,
              "seconds": 1.0002009868621826,
              "bytes": 2501022,
              "bits_per_second": 20004155.42757,
              "jitter_ms": 0.041027363250481654,
              "lost_packets": 0,
              "packets": 1789,
              "lost_percent": 0,
              "omitted": false,
              "sender": false
            }
          ],
          "sum": {
            "start": 6.000082,
            "end": 7.000283,
            "seconds": 1.0002009868621826,
            "bytes": 2501022,
            "bits_per_second": 20004155.42757,
            "jitter_ms": 0.041027363250481654,
            "lost_packets": 0,
            "packets": 1789,
            "lost_percent": 0,
            "omitted": false,
            "sender": false
          }
        },
        {
          "streams": [
            {
              "socket": 9,
              "start": 7.000283,
              "end": 8.000149,
              "seconds": 0.999866008758545,
              "bytes": 2480052,
              "bits_per_second": 19843074.7982265,
              "jitter_ms": 0.4675313194987461,
              "lost_packets": 0,
              "packets": 1774,