{
  "udp": {
    "10": {
      "start": {
        "connected": [
          {
            "socket": 9,
            "local_host": "172.17.0.2",
            "local_port": 57858,
            "remote_host": "10.100.1.103",
            "remote_port": 32201
          }
        ],
        "version": "iperf 3.12",
        "system_info": "Linux 8273d079e4a6 6.5.0-15-generic #15~22.04.1-Ubuntu SMP PREEMPT_DYNAMIC Fri Jan 12 18:54:30 UTC 2 x86_64",
        "timestamp": {
          "time": "Wed, 21 Feb 2024 22:00:43 GMT",
          "timesecs": 1708552843
        },
        "connecting_to": {
          "host": "api-int.edge.open5g.info",
          "port": 32201
        },
        "cookie": "uxljmmcvnrw4isd2chc7wvbw73p6t4bmazjz",
        "target_bitrate": 10000000,
        "sock_bufsize": 0,
        "sndbuf_actual": 212992,
        "rcvbuf_actual": 212992,
        "test_start": {
          "protocol": "UDP",
          "num_streams": 1,
          "blksize": 1398,
          "omit": 0,
          "duration": 10,
          "bytes": 0,
          "blocks": 0,
          "reverse": 1,
          "tos": 0,
          "target_bitrate": 10000000
        }
      },
      "intervals": [
        {
          "streams": [
            {
              "socket": 9,
              "start": 0,
              "end": 1.00017,
              "seconds": 1.0001699924468994,
              "bytes": 1251210,
              "bits_per_second": 10007978.719209004,
              "jitter_ms": 0.1165377607573887,
              "lost_packets": 0,
              "packets": 895,
              "lost_percent": 0,
              "omitted": false,
              "sender": false
            }
          ],
          "sum": {
            "start": 0,
            "end": 1.00017,
            "seconds": 1.0001699924468994,
            "bytes": 1251210,
            "bits_per_second": 10007978.719209004,
            "jitter_ms": 0.1165377607573887,
            "lost_packets": 0,
            "packets": 895,
            "lost_percent": 0,
            "omitted": false,
            "sender": false
          }
        },
        {
          "streams": [
            {
              "socket": 9,
              "start": 1.00017,
              "end": 2.000199,
              "seconds": 1.0000289678573608,
              "bytes": 1251210,
              "bits_per_second": 10009390.049416779,
              "jitter_ms": 0.18109615967581114,
              "lost_packets": 0,
              "packets": 895,
              "lost_percent": 0,
              "omitted": false,
              "sender": false
            }
          ],
          "sum": {
            "start": 1.00017,
            "end": 2.000199,
            "seconds": 1.0000289678573608,
            "bytes": 1251210,
            "bits_per_second": 10009390.049416779,
            "jitter_ms": 0.18109615967581114,
            "lost_packets": 0,
            "packets": 895,
            "lost_percent": 0,
            "omitted": false,
            "sender": false
          }
        },
        {
          "streams": [
            {
              "socket": 9,
              "start": 2.000199,
              "end": 3.000234,
              "seconds": 1.000035047531128,
              "bytes": 1248414,
              "bits_per_second": 9986961.981639074,
              "jitter_ms": 0.21015258565754694,
              "lost_packets": 0,
              "packets": 893,
              "lost_percent": 0,
              "omitted": false,
              "sender": false
            }
          ],
          "sum": {
            "start": 2.000199,
            "end": 3.000234,
            "seconds": 1.000035047531128,
            "bytes": 1248414,
            "bits_per_second": 9986961.981639074,
            "jitter_ms": 0.21015258565754694,
            "lost_packets": 0,
            "packets": 893,
            "lost_percent": 0,
            "omitted": false,
            "sender": false
          }
        },
        {
          "streams": [
            {
              "socket": 9,
              "start": 3.000234,
              "end": 4.000224,
              "seconds": 0.9999899864196777,
              "bytes": 1251210,
              "bits_per_second": 10009780.23373838,
              "jitter_ms": 0.1678434402925,
              "lost_packets": 0,
              "packets": 895,
              "lost_percent": 0,
              "omitted": false,
              "sender": false
            }
          ],
          "sum": {
            "start": 3.000234,
            "end": 4.000224,
            "seconds": 0.9999899864196777,
            "bytes": 1251210,
            "bits_per_second": 10009780.23373838,
            "jitter_ms": 0.1678434402925,
            "lost_packets": 0,
            "packets": 895,
            "lost_percent": 0,
            "omitted": false,
            "sender": false
          }
        },
        {
          "streams": [
            {
              "socket": 9,
              "start": 4.000224,
              "end": 5.00012,
              "seconds": 0.999895989894867,
              "bytes": 1249812,
              "bits_per_second": 9999536.052796133,
              "jitter_ms": 0.222069960284462,
              "lost_packets": 0,
              "packets": 894,
              "lost_percent": 0,
              "omitted": false,
              "sender": false
            }
          ],
          "sum": {
            "start": 4.000224,
            "end": 5.00012,
            "seconds": 0.999895989894867,
            "bytes": 1249812,
            "bits_per_second": 9999536.052796133,
            "jitter_ms": 0.222069960284462,
            "lost_packets": 0,
            "packets": 894,
            "lost_percent": 0,
            "omitted": false,
            "sender": false
          }
        },
        {
          "streams": [
            {
              "socket": 9,
              "start": 5.00012,
              "end": 6.000195,
              "seconds": 1.0000749826431274,
              "bytes": 1249812,
              "bits_per_second": 9997746.34255392,
              "jitter_ms": 0.2692556521907939,
              "lost_packets": 0,
              "packets": 894,
              "lost_percent": 0,
              "omitted": false,
              "sender": false
            }
          ],
          "sum": {
            "start": 5.00012,
            "end": 6.000195,
            "seconds": 1.0000749826431274,
            "bytes": 1249812,
            "bits_per_second": 9997746.34255392,
            "jitter_ms": 0.2692556521907939,
            "lost_packets": 0,
            "packets": 894,
            "lost_percent": 0,
            "omitted": false,
            "sender": false
          }
        },
        {
          "streams": [
            {
              "socket": 9,
              "start": 6.000195,
              "end": 7.000173,
              "seconds": 0.999978005886078,
              "bytes": 1249812,
              "bits_per_second": 9998715.91289686,
              "jitter_ms": 0.24715707551129038,
              "lost_packets": 0,
              "packets": 894,
              "lost_percent": 0,
              "omitted": false,
              "sender": false
            }
          ],
          "sum": {
            "start": 6.000195,
            "end": 7.000173,
            "seconds": 0.999978005886078,
            "bytes": 1249812,
            "bits_per_second": 9998715.91289686,
            "jitter_ms": 0.24715707551129038,
            "lost_packets": 0,
            "packets": 894,
            "lost_percent": 0,
            "omitted": false,
            "sender": false
          }
        },
        {
          "streams": [
            {
              "socket": 9,
              "start": 7.000173,
              "end": 8.000183,
              "seconds": 1.0000100135803223,
              "bytes": 1249812,
              "bits_per_second": 9998395.88025976,
              "jitter_ms": 0.14236484584816514,
              "lost_packets": 0,
              "packets": 894,
              "lost_percent": 0,