{
  "udp": {
    "30": {
      "start": {
        "connected": [
          {
            "socket": 9,
            "local_host": "172.17.0.2",
            "local_port": 54397,
            "remote_host": "10.100.1.101",
            "remote_port": 32201
          }
        ],
        "version": "iperf 3.12",
        "system_info": "Linux 23f60790f78a 6.5.0-27-generic #28~22.04.1-Ubuntu SMP PREEMPT_DYNAMIC Fri Mar 15 10:51:06 UTC 2 x86_64",
        "timestamp": {
          "time": "Mon, 10 Jun 2024 22:01:43 GMT",
          "timesecs": 1718056903
        },
        "connecting_to": {
          "host": "api-int.edge.open5g.info",
          "port": 32201
        },
        "cookie": "5xllqijjdxdrikzee5tpdz7rwioj6a5cfxeb",
        "target_bitrate": 30000000,
        "sock_bufsize": 0,
        "sndbuf_actual": 212992,
        "rcvbuf_actual": 212992,
        "test_start": {
          "protocol": "UDP",
          "num_streams": 1,
          "blksize": 1398,
          "omit": 0,
          "duration": 10,
          "bytes": 0,
          "blocks": 0,
          "reverse": 1,
          "tos": 0,
          "target_bitrate": 30000000
        }
      },
      "intervals": [
        {
          "streams": [
            {
              "socket": 9,
              "start": 0,
              "end": 1.000191,
              "seconds": 1.0001909732818604,
              "bytes": 3746640,
              "bits_per_second": 29967397.027840782,
              "jitter_ms": 0.00986843611280608,
              "lost_packets": 0,
              "packets": 2680,
              "lost_percent": 0,
              "omitted": false,
              "sender": false
            }
          ],
          "sum": {
            "start": 0,
            "end": 1.000191,
            "seconds": 1.0001909732818604,
            "bytes": 3746640,
            "bits_per_second": 29967397.027840782,
            "jitter_ms": 0.00986843611280608,
            "lost_packets": 0,
            "packets": 2680,
            "lost_percent": 0,
            "omitted": false,
            "sender": false
          }
        },
        {
          "streams": [
            {
              "socket": 9,
              "start": 1.000191,
              "end": 2.000194,
              "seconds": 1.0000029802322388,
              "bytes": 3682332,
              "bits_per_second": 29458568.206625324,
              "jitter_ms": 0.00730826455949744,
              "lost_packets": 40,
              "packets": 2674,
              "lost_percent": 1.4958863126402393,
              "omitted": false,
              "sender": false
            }
          ],
          "sum": {
            "start": 1.000191,
            "end": 2.000194,
            "seconds": 1.0000029802322388,
            "bytes": 3682332,
            "bits_per_second": 29458568.206625324,
            "jitter_ms": 0.00730826455949744,
            "lost_packets": 40,
            "packets": 2674,
            "lost_percent": 1.4958863126402393,
            "omitted": false,
            "sender": false
          }
        },
        {
          "streams": [
            {
              "socket": 9,
              "start": 2.000194,
              "end": 3.000183,
              "seconds": 0.9999889731407166,
              "bytes": 3734058,
              "bits_per_second": 29872793.40308926,
              "jitter_ms": 0.011012815659701363,
              "lost_packets": 0,
              "packets": 2671,
              "lost_percent": 0,
              "omitted": false,
              "sender": false
            }
          ],
          "sum": {
            "start": 2.000194,
            "end": 3.000183,
            "seconds": 0.9999889731407166,
            "bytes": 3734058,
            "bits_per_second": 29872793.40308926,
            "jitter_ms": 0.011012815659701363,
            "lost_packets": 0,
            "packets": 2671,
            "lost_percent": 0,
            "omitted": false,
            "sender": false
          }
        },
        {
          "streams": [
            {
              "socket": 9,
              "start": 3.000183,
              "end": 4.000105,
              "seconds": 0.999921977519989,
              "bytes": 3787182,
              "bits_per_second": 30299820.06710552,
              "jitter_ms": 0.017729656654771327,
              "lost_packets": 0,
              "packets": 2709,
              "lost_percent": 0,
              "omitted": false,
              "sender": false
            }
          ],
          "sum": {
            "start": 3.000183,
            "end": 4.000105,
            "seconds": 0.999921977519989,
            "bytes": 3787182,
            "bits_per_second": 30299820.06710552,
            "jitter_ms": 0.017729656654771327,
            "lost_packets": 0,
            "packets": 2709,
            "lost_percent": 0,
            "omitted": false,
            "sender": false
          }
        },
        {
          "streams": [
            {
              "socket": 9,
              "start": 4.000105,
              "end": 5.000205,
              "seconds": 1.000100016593933,
              "bytes": 3746640,
              "bits_per_second": 29970122.49042875,
              "jitter_ms": 0.04897051534887289,
              "lost_packets": 2,
              "packets": 2682,
              "lost_percent": 0.07457121551081283,
              "omitted": false,
              "sender": false
            }
          ],
          "sum": {
            "start": 4.000105,
            "end": 5.000205,
            "seconds": 1.000100016593933,
            "bytes": 3746640,
            "bits_per_second": 29970122.49042875,
            "jitter_ms": 0.04897051534887289,
            "lost_packets": 2,
            "packets": 2682,
            "lost_percent": 0.07457121551081283,
            "omitted": false,
            "sender": false
          }
        },
        {
          "streams": [
            {
              "socket": 9,
              "start": 5.000205,
              "end": 6.00019,
              "seconds": 0.9999849796295166,
              "bytes": 3749436,
              "bits_per_second": 29995938.55011002,
              "jitter_ms": 0.03385441809736232,
              "lost_packets": 0,
              "packets": 2682,
              "lost_percent": 0,
              "omitted": false,
              "sender": false
            }
          ],
          "sum": {
            "start": 5.000205,
            "end": 6.00019,
            "seconds": 0.9999849796295166,
            "bytes": 3749436,
            "bits_per_second": 29995938.55011002,
            "jitter_ms": 0.03385441809736232,
            "lost_packets": 0,
            "packets": 2682,
            "lost_percent": 0,
            "omitted": false,
            "sender": false
          }
        },
        {
          "streams": [
            {
              "socket": 9,
              "start": 6.00019,
              "end": 7.00019,
              "seconds": 1,
              "bytes": 3750834,
              "bits_per_second": 30006672,
              "jitter_ms": 0.010183676659661791,
              "lost_packets": 0,
              "packets": 2683,
              "lost_percent": 0,
              "omitted": false,
              "sender": false
            }
          ],
          "sum": {
            "start": 6.00019,
            "end": 7.00019,
            "seconds": 1,
            "bytes": 3750834,
            "bits_per_second": 30006672,
            "jitter_ms": 0.010183676659661791,
            "lost_packets": 0,
            "packets": 2683,
            "lost_percent": 0,
            "omitted": false,
            "sender": false
          }
        },
        {
          "streams": [
            {
              "socket": 9,
              "start": 7.00019,
              "end": 8.000191,
              "seconds": 1.0000009536743164,
              "bytes": 3752232,
              "bits_per_second": 30017827.372769,
              "jitter_ms": 0.008497511831479095,
              "lost_packets": 0,