{
  "udp": {
    "20": {
      "start": {
        "connected": [
          {
            "socket": 10,
            "local_host": "172.17.0.2",
            "local_port": 46218,
            "remote_host": "172.20.25.101",
            "remote_port": 32201
          }
        ],
        "version": "iperf 3.12",
        "system_info": "Linux 0b7d764e96ec 6.8.0-52-generic #53~22.04.1-Ubuntu SMP PREEMPT_DYNAMIC Wed Jan 15 19:18:46 UTC 2 x86_64",
        "timestamp": {
          "time": "Wed, 26 Mar 2025 05:02:13 GMT",
          "timesecs": 1742965333
        },
        "connecting_to": {
          "host": "api-int.tenoran.automation.otic.open6g.net",
          "port": 32201
        },
        "cookie": "yre2mif4bdbcnnekwsf27i6dn4hfk7cso5hk",
        "target_bitrate": 20000000,
        "sock_bufsize": 0,
        "sndbuf_actual": 212992,
        "rcvbuf_actual": 212992,
        "test_start": {
          "protocol": "UDP",
          "num_streams": 1,
          "blksize": 1348,
          "omit": 0,
          "duration": 10,
          "bytes": 0,
          "blocks": 0,
          "reverse": 1,
          "tos": 0,
          "target_bitrate": 20000000
        }
      },
      "intervals": [
        {
          "streams": [
            {
              "socket": 10,
              "start": 0,
              "end": 1.000154,
              "seconds": 1.0001540184020996,
              "bytes": 2503236,
              "bits_per_second": 20022804.11970393,
              "jitter_ms": 0.4583902116862196,
              "lost_packets": 0,
              "packets": 1857,
              "lost_percent": 0,
              "omitted": false,
              "sender": false
            }
          ],
          "sum": {
            "start": 0,
            "end": 1.000154,
            "seconds": 1.0001540184020996,
            "bytes": 2503236,
            "bits_per_second": 20022804.11970393,
            "jitter_ms": 0.4583902116862196,
            "lost_packets": 0,
            "packets": 1857,
            "lost_percent": 0,
            "omitted": false,
            "sender": false
          }
        },
        {
          "streams": [
            {
              "socket": 10,
              "start": 1.000154,
              "end": 2.000279,
              "seconds": 1.0001250505447388,
              "bytes": 2499192,
              "bits_per_second": 19991036.110044546,
              "jitter_ms": 0.0295430155455183,
              "lost_packets": 0,
              "packets": 1854,
              "lost_percent": 0,
              "omitted": false,
              "sender": false
            }
          ],
          "sum": {
            "start": 1.000154,
            "end": 2.000279,
            "seconds": 1.0001250505447388,
            "bytes": 2499192,
            "bits_per_second": 19991036.110044546,
            "jitter_ms": 0.0295430155455183,
            "lost_packets": 0,
            "packets": 1854,
            "lost_percent": 0,
            "omitted": false,
            "sender": false
          }
        },
        {
          "streams": [
            {
              "socket": 10,
              "start": 2.000279,
              "end": 3.000274,
              "seconds": 0.999994993209839,
              "bytes": 2500540,
              "bits_per_second": 20004420.157934025,
              "jitter_ms": 0.06569074822241718,
              "lost_packets": 0,
              "packets": 1855,
              "lost_percent": 0,
              "omitted": false,
              "sender": false
            }
          ],
          "sum": {
            "start": 2.000279,
            "end": 3.000274,
            "seconds": 0.999994993209839,
            "bytes": 2500540,
            "bits_per_second": 20004420.157934025,
            "jitter_ms": 0.06569074822241718,
            "lost_packets": 0,
            "packets": 1855,
            "lost_percent": 0,
            "omitted": false,
            "sender": false
          }
        },
        {
          "streams": [
            {
              "socket": 10,
              "start": 3.000274,
              "end": 4.000286,
              "seconds": 1.0000120401382446,
              "bytes": 2499192,
              "bits_per_second": 19993295.27796089,
              "jitter_ms": 0.0516972530837358,
              "lost_packets": 0,
              "packets": 1854,
              "lost_percent": 0,
              "omitted": false,
              "sender": false
            }
          ],
          "sum": {
            "start": 3.000274,
            "end": 4.000286,
            "seconds": 1.0000120401382446,
            "bytes": 2499192,
            "bits_per_second": 19993295.27796089,
            "jitter_ms": 0.0516972530837358,
            "lost_packets": 0,
            "packets": 1854,
            "lost_percent": 0,
            "omitted": false,
            "sender": false
          }
        },
        {
          "streams": [
            {
              "socket": 10,
              "start": 4.000286,
              "end": 5.000266,
              "seconds": 0.9999799728393555,
              "bytes": 2500540,
              "bits_per_second": 20004720.637753863,
              "jitter_ms": 0.03355851056818452,
              "lost_packets": 0,
              "packets": 1855,
              "lost_percent": 0,
              "omitted": false,
              "sender": false
            }
          ],
          "sum": {
            "start": 4.000286,
            "end": 5.000266,
            "seconds": 0.9999799728393555,
            "bytes": 2500540,
            "bits_per_second": 20004720.637753863,
            "jitter_ms": 0.03355851056818452,
            "lost_packets": 0,
            "packets": 1855,
            "lost_percent": 0,
            "omitted": false,
            "sender": false
          }
        },
        {
          "streams": [
            {
              "socket": 10,
              "start": 5.000266,
              "end": 6.000282,
              "seconds": 1.0000159740448,
              "bytes": 2500540,
              "bits_per_second": 20004000.455200553,
              "jitter_ms": 0.075277000396818,
              "lost_packets": 0,
              "packets": 1855,
              "lost_percent": 0,
              "omitted": false,
              "sender": false
            }
          ],
          "sum": {
            "start": 5.000266,
            "end": 6.000282,
            "seconds": 1.0000159740448,
            "bytes": 2500540,
            "bits_per_second": 20004000.455200553,
            "jitter_ms": 0.075277000396818,
            "lost_packets": 0,
            "packets": 1855,
            "lost_percent": 0,
            "omitted": false,
            "sender": false
          }
        },
        {
          "streams": [
            {
              "socket": 10,
              "start": 6.000282,
              "end": 7.00028,
              "seconds": 0.9999979734420776,
              "bytes": 2499192,
              "bits_per_second": 19993576.51814089,
              "jitter_ms": 0.2905484659544362,
              "lost_packets": 0,
              "packets": 1854,
              "lost_percent": 0,
              "omitted": false,
              "sender": false
            }
          ],
          "sum": {
            "start": 6.000282,
            "end": 7.00028,
            "seconds": 0.9999979734420776,
            "bytes": 2499192,
            "bits_per_second": 19993576.51814089,
            "jitter_ms": 0.2905484659544362,
            "lost_packets": 0,
            "packets": 1854,
            "lost_percent": 0,
            "omitted": false,
            "sender": false
          }
        },
        {
          "streams": [
            {
              "socket": 10,
              "start": 7.00028,
              "end": 8.000201,
              "seconds": 0.9999210238456726,
              "bytes": 2500540,
              "bits_per_second": 20005899.989044994,
              "jitter_ms": 0.27788115995087626,
              "lost_packets": 0,
              "packets": 1855,