{
  "udp": {
    "30": {
      "start": {
        "connected": [
          {
            "socket": 10,
            "local_host": "172.17.0.2",
            "local_port": 33063,
            "remote_host": "10.100.1.102",
            "remote_port": 32201
          }
        ],
        "version": "iperf 3.12",
        "system_info": "Linux 71854fe9a597 6.5.0-27-generic #28~22.04.1-Ubuntu SMP PREEMPT_DYNAMIC Fri Mar 15 10:51:06 UTC 2 x86_64",
        "timestamp": {
          "time": "Sun, 30 Jun 2024 10:01:40 GMT",
          "timesecs": 1719741700
        },
        "connecting_to": {
          "host": "api-int.edge.open5g.info",
          "port": 32201
        },
        "cookie": "3x5tkzyrmdmxk4v3hm7sdwix6ppq7ewvimmi",
        "target_bitrate": 30000000,
        "sock_bufsize": 0,
        "sndbuf_actual": 212992,
        "rcvbuf_actual": 212992,
        "test_start": {
          "protocol": "UDP",
          "num_streams": 1,
          "blksize": 1398,
          "omit": 0,
          "duration": 10,
          "bytes": 0,
          "blocks": 0,
          "reverse": 1,
          "tos": 0,
          "target_bitrate": 30000000
        }
      },
      "intervals": [
        {
          "streams": [
            {
              "socket": 10,
              "start": 0,
              "end": 1.000119,
              "seconds": 1.0001189708709717,
              "bytes": 3755028,
              "bits_per_second": 30036650.513527334,
              "jitter_ms": 0.01502922237362965,
              "lost_packets": 0,
              "packets": 2686,
              "lost_percent": 0,
              "omitted": false,
              "sender": false
            }
          ],
          "sum": {
            "start": 0,
            "end": 1.000119,
            "seconds": 1.0001189708709717,
            "bytes": 3755028,
            "bits_per_second": 30036650.513527334,
            "jitter_ms": 0.01502922237362965,
            "lost_packets": 0,
            "packets": 2686,
            "lost_percent": 0,
            "omitted": false,
            "sender": false
          }
        },
        {
          "streams": [
            {
              "socket": 10,
              "start": 1.000119,
              "end": 2.000206,
              "seconds": 1.000087022781372,
              "bytes": 3750834,
              "bits_per_second": 30004060.96316253,
              "jitter_ms": 0.03566819494456322,
              "lost_packets": 0,
              "packets": 2683,
              "lost_percent": 0,
              "omitted": false,
              "sender": false
            }
          ],
          "sum": {
            "start": 1.000119,
            "end": 2.000206,
            "seconds": 1.000087022781372,
            "bytes": 3750834,
            "bits_per_second": 30004060.96316253,
            "jitter_ms": 0.03566819494456322,
            "lost_packets": 0,
            "packets": 2683,
            "lost_percent": 0,
            "omitted": false,
            "sender": false
          }
        },
        {
          "streams": [
            {
              "socket": 10,
              "start": 2.000206,
              "end": 3.0002,
              "seconds": 0.9999939799308777,
              "bytes": 3749436,
              "bits_per_second": 29995668.5759982,
              "jitter_ms": 0.11699986680734327,
              "lost_packets": 0,
              "packets": 2682,
              "lost_percent": 0,
              "omitted": false,
              "sender": false
            }
          ],
          "sum": {
            "start": 2.000206,
            "end": 3.0002,
            "seconds": 0.9999939799308777,
            "bytes": 3749436,
            "bits_per_second": 29995668.5759982,
            "jitter_ms": 0.11699986680734327,
            "lost_packets": 0,
            "packets": 2682,
            "lost_percent": 0,
            "omitted": false,
            "sender": false
          }
        },
        {
          "streams": [
            {
              "socket": 10,
              "start": 3.0002,
              "end": 4.000201,
              "seconds": 1.0000009536743164,
              "bytes": 3749436,
              "bits_per_second": 29995459.394100767,
              "jitter_ms": 0.056091535355618324,
              "lost_packets": 0,
              "packets": 2682,
              "lost_percent": 0,
              "omitted": false,
              "sender": false
            }
          ],
          "sum": {
            "start": 3.0002,
            "end": 4.000201,
            "seconds": 1.0000009536743164,
            "bytes": 3749436,
            "bits_per_second": 29995459.394100767,
            "jitter_ms": 0.056091535355618324,
            "lost_packets": 0,
            "packets": 2682,
            "lost_percent": 0,
            "omitted": false,
            "sender": false
          }
        },
        {
          "streams": [
            {
              "socket": 10,
              "start": 4.000201,
              "end": 5.000216,
              "seconds": 1.0000150203704834,
              "bytes": 3608238,
              "bits_per_second": 28865470.429939963,
              "jitter_ms": 0.021497494610908566,
              "lost_packets": 0,
              "packets": 2581,
              "lost_percent": 0,
              "omitted": false,
              "sender": false
            }
          ],
          "sum": {
            "start": 4.000201,
            "end": 5.000216,
            "seconds": 1.0000150203704834,
            "bytes": 3608238,
            "bits_per_second": 28865470.429939963,
            "jitter_ms": 0.021497494610908566,
            "lost_packets": 0,
            "packets": 2581,
            "lost_percent": 0,
            "omitted": false,
            "sender": false
          }
        },
        {
          "streams": [
            {
              "socket": 10,
              "start": 5.000216,
              "end": 6.00021,
              "seconds": 0.9999939799308777,
              "bytes": 3892032,
              "bits_per_second": 31136443.443541754,
              "jitter_ms": 0.0507594063526175,
              "lost_packets": 0,
              "packets": 2784,
              "lost_percent": 0,
              "omitted": false,
              "sender": false
            }
          ],
          "sum": {
            "start": 5.000216,
            "end": 6.00021,
            "seconds": 0.9999939799308777,
            "bytes": 3892032,
            "bits_per_second": 31136443.443541754,
            "jitter_ms": 0.0507594063526175,
            "lost_packets": 0,
            "packets": 2784,
            "lost_percent": 0,
            "omitted": false,
            "sender": false
          }
        },
        {
          "streams": [
            {
              "socket": 10,
              "start": 6.00021,
              "end": 7.000209,
              "seconds": 0.9999989867210388,
              "bytes": 3749436,
              "bits_per_second": 29995518.393827718,
              "jitter_ms": 0.024867906892204274,
              "lost_packets": 0,
              "packets": 2682,
              "lost_percent": 0,
              "omitted": false,
              "sender": false
            }
          ],
          "sum": {
            "start": 6.00021,
            "end": 7.000209,
            "seconds": 0.9999989867210388,
            "bytes": 3749436,
            "bits_per_second": 29995518.393827718,
            "jitter_ms": 0.024867906892204274,
            "lost_packets": 0,
            "packets": 2682,
            "lost_percent": 0,
            "omitted": false,
            "sender": false
          }
        },
        {
          "streams": [
            {
              "socket": 10,
              "start": 7.000209,
              "end": 8.000168,
              "seconds": 0.9999589920043945,
              "bytes": 3750834,
              "bits_per_second": 30007902.563936472,
              "jitter_ms": 0.0764337488302683,
              "lost_packets": 0,
              "packets": 2683,