{
  "udp": {
    "20": {
      "start": {
        "connected": [
          {
            "socket": 10,
            "local_host": "172.17.0.2",
            "local_port": 59989,
            "remote_host": "10.100.1.101",
            "remote_port": 32201
          }
        ],
        "version": "iperf 3.12",
        "system_info": "Linux 958182e0f625 6.5.0-27-generic #28~22.04.1-Ubuntu SMP PREEMPT_DYNAMIC Fri Mar 15 10:51:06 UTC 2 x86_64",
        "timestamp": {
          "time": "Wed, 24 Jul 2024 16:01:14 GMT",
          "timesecs": 1721836874
        },
        "connecting_to": {
          "host": "api-int.edge.open5g.info",
          "port": 32201
        },
        "cookie": "fbzkwnoofsx3h7ff7pcvvfzohpzcfxvqwez4",
        "target_bitrate": 20000000,
        "sock_bufsize": 0,
        "sndbuf_actual": 212992,
        "rcvbuf_actual": 212992,
        "test_start": {
          "protocol": "UDP",
          "num_streams": 1,
          "blksize": 1398,
          "omit": 0,
          "duration": 10,
          "bytes": 0,
          "blocks": 0,
          "reverse": 1,
          "tos": 0,
          "target_bitrate": 20000000
        }
      },
      "intervals": [
        {
          "streams": [
            {
              "socket": 10,
              "start": 0,
              "end": 1.000295,
              "seconds": 1.0002950429916382,
              "bytes": 2502420,
              "bits_per_second": 20013455.170313533,
              "jitter_ms": 0.03483790501617538,
              "lost_packets": 0,
              "packets": 1790,
              "lost_percent": 0,
              "omitted": false,
              "sender": false
            }
          ],
          "sum": {
            "start": 0,
            "end": 1.000295,
            "seconds": 1.0002950429916382,
            "bytes": 2502420,
            "bits_per_second": 20013455.170313533,
            "jitter_ms": 0.03483790501617538,
            "lost_packets": 0,
            "packets": 1790,
            "lost_percent": 0,
            "omitted": false,
            "sender": false
          }
        },
        {
          "streams": [
            {
              "socket": 10,
              "start": 1.000295,
              "end": 2.000274,
              "seconds": 0.999979019165039,
              "bytes": 2501022,
              "bits_per_second": 20008595.797046218,
              "jitter_ms": 0.219273287081751,
              "lost_packets": 0,
              "packets": 1789,
              "lost_percent": 0,
              "omitted": false,
              "sender": false
            }
          ],
          "sum": {
            "start": 1.000295,
            "end": 2.000274,
            "seconds": 0.999979019165039,
            "bytes": 2501022,
            "bits_per_second": 20008595.797046218,
            "jitter_ms": 0.219273287081751,
            "lost_packets": 0,
            "packets": 1789,
            "lost_percent": 0,
            "omitted": false,
            "sender": false
          }
        },
        {
          "streams": [
            {
              "socket": 10,
              "start": 2.000274,
              "end": 3.000292,
              "seconds": 1.0000180006027222,
              "bytes": 2499624,
              "bits_per_second": 19996632.04857071,
              "jitter_ms": 0.20754890276322688,
              "lost_packets": 0,
              "packets": 1788,
              "lost_percent": 0,
              "omitted": false,
              "sender": false
            }
          ],
          "sum": {
            "start": 2.000274,
            "end": 3.000292,
            "seconds": 1.0000180006027222,
            "bytes": 2499624,
            "bits_per_second": 19996632.04857071,
            "jitter_ms": 0.20754890276322688,
            "lost_packets": 0,
            "packets": 1788,
            "lost_percent": 0,
            "omitted": false,
            "sender": false
          }
        },
        {
          "streams": [
            {
              "socket": 10,
              "start": 3.000292,
              "end": 4.00027,
              "seconds": 0.999978005886078,
              "bytes": 2499624,
              "bits_per_second": 19997431.825793725,
              "jitter_ms": 0.10288461198537116,
              "lost_packets": 0,
              "packets": 1788,
              "lost_percent": 0,
              "omitted": false,
              "sender": false
            }
          ],
          "sum": {
            "start": 3.000292,
            "end": 4.00027,
            "seconds": 0.999978005886078,
            "bytes": 2499624,
            "bits_per_second": 19997431.825793725,
            "jitter_ms": 0.10288461198537116,
            "lost_packets": 0,
            "packets": 1788,
            "lost_percent": 0,
            "omitted": false,
            "sender": false
          }
        },
        {
          "streams": [
            {
              "socket": 10,
              "start": 4.00027,
              "end": 5.000266,
              "seconds": 0.9999960064888,
              "bytes": 2499624,
              "bits_per_second": 19997071.858530432,
              "jitter_ms": 0.012183939956804148,
              "lost_packets": 0,
              "packets": 1788,
              "lost_percent": 0,
              "omitted": false,
              "sender": false
            }
          ],
          "sum": {
            "start": 4.00027,
            "end": 5.000266,
            "seconds": 0.9999960064888,
            "bytes": 2499624,
            "bits_per_second": 19997071.858530432,
            "jitter_ms": 0.012183939956804148,
            "lost_packets": 0,
            "packets": 1788,
            "lost_percent": 0,
            "omitted": false,
            "sender": false
          }
        },
        {
          "streams": [
            {
              "socket": 10,
              "start": 5.000266,
              "end": 6.000183,
              "seconds": 0.999916970729828,
              "bytes": 2501022,
              "bits_per_second": 20009837.402195767,
              "jitter_ms": 0.11376218716062353,
              "lost_packets": 0,
              "packets": 1789,
              "lost_percent": 0,
              "omitted": false,
              "sender": false
            }
          ],
          "sum": {
            "start": 5.000266,
            "end": 6.000183,
            "seconds": 0.999916970729828,
            "bytes": 2501022,
            "bits_per_second": 20009837.402195767,
            "jitter_ms": 0.11376218716062353,
            "lost_packets": 0,
            "packets": 1789,
            "lost_percent": 0,
            "omitted": false,
            "sender": false
          }
        },
        {
          "streams": [
            {
              "socket": 10,
              "start": 6.000183,
              "end": 7.000242,
              "seconds": 1.0000590085983276,
              "bytes": 2499624,
              "bits_per_second": 19995812.075157024,
              "jitter_ms": 0.021625339328868055,
              "lost_packets": 0,
              "packets": 1788,
              "lost_percent": 0,
              "omitted": false,
              "sender": false
            }
          ],
          "sum": {
            "start": 6.000183,
            "end": 7.000242,
            "seconds": 1.0000590085983276,
            "bytes": 2499624,
            "bits_per_second": 19995812.075157024,
            "jitter_ms": 0.021625339328868055,
            "lost_packets": 0,
            "packets": 1788,
            "lost_percent": 0,
            "omitted": false,
            "sender": false
          }
        },
        {
          "streams": [
            {
              "socket": 10,
              "start": 7.000242,
              "end": 8.000184,
              "seconds": 0.9999420046806335,
              "bytes": 2501022,
              "bits_per_second": 20009336.4478576,
              "jitter_ms": 0.0494423065462506,
              "lost_packets": 0,
              "packets": 1789,