{
  "udp": {
    "30": {
      "start": {
        "connected": [
          {
            "socket": 9,
            "local_host": "172.17.0.2",
            "local_port": 59826,
            "remote_host": "10.100.1.101",
            "remote_port": 32201
          }
        ],
        "version": "iperf 3.12",
        "system_info": "Linux b771a4f2e309 6.2.0-37-generic #38~22.04.1-Ubuntu SMP PREEMPT_DYNAMIC Thu Nov  2 18:01:13 UTC 2 x86_64",
        "timestamp": {
          "time": "Thu, 30 Nov 2023 22:01:23 GMT",
          "timesecs": 1701381683
        },
        "connecting_to": {
          "host": "api-int.edge.open5g.info",
          "port": 32201
        },
        "cookie": "3pw2hvfygliezw65n572i3uuxmswjjsxmk2f",
        "target_bitrate": 30000000,
        "sock_bufsize": 0,
        "sndbuf_actual": 212992,
        "rcvbuf_actual": 212992,
        "test_start": {
          "protocol": "UDP",
          "num_streams": 1,
          "blksize": 1398,
          "omit": 0,
          "duration": 10,
          "bytes": 0,
          "blocks": 0,
          "reverse": 1,
          "tos": 0,
          "target_bitrate": 30000000
        }
      },
      "intervals": [
        {
          "streams": [
            {
              "socket": 9,
              "start": 0,
              "end": 1.000124,
              "seconds": 1.0001239776611328,
              "bytes": 3243360,
              "bits_per_second": 25943663.565269962,
              "jitter_ms": 0.20633311026061107,
              "lost_packets": 191,
              "packets": 2511,
              "lost_percent": 7.60653126244524,
              "omitted": false,
              "sender": false
            }
          ],
          "sum": {
            "start": 0,
            "end": 1.000124,
            "seconds": 1.0001239776611328,
            "bytes": 3243360,
            "bits_per_second": 25943663.565269962,
            "jitter_ms": 0.20633311026061107,
            "lost_packets": 191,
            "packets": 2511,
            "lost_percent": 7.60653126244524,
            "omitted": false,
            "sender": false
          }
        },
        {
          "streams": [
            {
              "socket": 9,
              "start": 1.000124,
              "end": 2.000114,
              "seconds": 0.9999899864196777,
              "bytes": 3713088,
              "bits_per_second": 29705001.453418028,
              "jitter_ms": 0.09199111659091817,
              "lost_packets": 41,
              "packets": 2697,
              "lost_percent": 1.5202076381164256,
              "omitted": false,
              "sender": false
            }
          ],
          "sum": {
            "start": 1.000124,
            "end": 2.000114,
            "seconds": 0.9999899864196777,
            "bytes": 3713088,
            "bits_per_second": 29705001.453418028,
            "jitter_ms": 0.09199111659091817,
            "lost_packets": 41,
            "packets": 2697,
            "lost_percent": 1.5202076381164256,
            "omitted": false,
            "sender": false
          }
        },
        {
          "streams": [
            {
              "socket": 9,
              "start": 2.000114,
              "end": 3.000115,
              "seconds": 1.0000009536743164,
              "bytes": 2720508,
              "bits_per_second": 21764043.244190935,
              "jitter_ms": 0.13993299052552355,
              "lost_packets": 721,
              "packets": 2667,
              "lost_percent": 27.034120734908136,
              "omitted": false,
              "sender": false
            }
          ],
          "sum": {
            "start": 2.000114,
            "end": 3.000115,
            "seconds": 1.0000009536743164,
            "bytes": 2720508,
            "bits_per_second": 21764043.244190935,
            "jitter_ms": 0.13993299052552355,
            "lost_packets": 721,
            "packets": 2667,
            "lost_percent": 27.034120734908136,
            "omitted": false,
            "sender": false
          }
        },
        {
          "streams": [
            {
              "socket": 9,
              "start": 3.000115,
              "end": 4.000119,
              "seconds": 1.0000040531158447,
              "bytes": 3689322,
              "bits_per_second": 29514456.37448922,
              "jitter_ms": 0.1407117067119264,
              "lost_packets": 45,
              "packets": 2684,
              "lost_percent": 1.6766020864381521,
              "omitted": false,
              "sender": false
            }
          ],
          "sum": {
            "start": 3.000115,
            "end": 4.000119,
            "seconds": 1.0000040531158447,
            "bytes": 3689322,
            "bits_per_second": 29514456.37448922,
            "jitter_ms": 0.1407117067119264,
            "lost_packets": 45,
            "packets": 2684,
            "lost_percent": 1.6766020864381521,
            "omitted": false,
            "sender": false
          }
        },
        {
          "streams": [
            {
              "socket": 9,
              "start": 4.000119,
              "end": 5.000138,
              "seconds": 1.0000189542770386,
              "bytes": 2899452,
              "bits_per_second": 23195176.35220146,
              "jitter_ms": 0.0800605142140344,
              "lost_packets": 684,
              "packets": 2758,
              "lost_percent": 24.80058013052937,
              "omitted": false,
              "sender": false
            }
          ],
          "sum": {
            "start": 4.000119,
            "end": 5.000138,
            "seconds": 1.0000189542770386,
            "bytes": 2899452,
            "bits_per_second": 23195176.35220146,
            "jitter_ms": 0.0800605142140344,
            "lost_packets": 684,
            "packets": 2758,
            "lost_percent": 24.80058013052937,
            "omitted": false,
            "sender": false
          }
        },
        {
          "streams": [
            {
              "socket": 9,
              "start": 5.000138,
              "end": 6.000092,
              "seconds": 0.9999539852142334,
              "bytes": 2846328,
              "bits_per_second": 22771671.83360097,
              "jitter_ms": 0.13830249670296157,
              "lost_packets": 570,
              "packets": 2606,
              "lost_percent": 21.872601688411358,
              "omitted": false,
              "sender": false
            }
          ],
          "sum": {
            "start": 5.000138,
            "end": 6.000092,
            "seconds": 0.9999539852142334,
            "bytes": 2846328,
            "bits_per_second": 22771671.83360097,
            "jitter_ms": 0.13830249670296157,
            "lost_packets": 570,
            "packets": 2606,
            "lost_percent": 21.872601688411358,
            "omitted": false,
            "sender": false
          }
        },
        {
          "streams": [
            {
              "socket": 9,
              "start": 6.000092,
              "end": 7.000117,
              "seconds": 1.0000250339508057,
              "bytes": 3458652,
              "bits_per_second": 27668523.34754765,
              "jitter_ms": 0.10363758252718441,
              "lost_packets": 223,
              "packets": 2697,
              "lost_percent": 8.268446421950316,
              "omitted": false,
              "sender": false
            }
          ],
          "sum": {
            "start": 6.000092,
            "end": 7.000117,
            "seconds": 1.0000250339508057,
            "bytes": 3458652,
            "bits_per_second": 27668523.34754765,
            "jitter_ms": 0.10363758252718441,
            "lost_packets": 223,
            "packets": 2697,
            "lost_percent": 8.268446421950316,
            "omitted": false,
            "sender": false
          }
        },
        {
          "streams": [
            {
              "socket": 9,
              "start": 7.000117,