{
  "udp": {
    "70": {
      "start": {
        "connected": [
          {
            "socket": 5,
            "local_host": "172.17.0.2",
            "local_port": 46783,
            "remote_host": "172.20.25.101",
            "remote_port": 32201
          }
        ],
        "version": "iperf 3.12",
        "system_info": "Linux 0511d359e178 6.8.0-87-generic #88~22.04.1-Ubuntu SMP PREEMPT_DYNAMIC Tue Oct 14 14:03:14 UTC 2 x86_64",
        "timestamp": {
          "time": "Mon, 24 Nov 2025 06:02:53 GMT",
          "timesecs": 1763964173
        },
        "connecting_to": {
          "host": "api-int.tenoran.automation.otic.open6g.net",
          "port": 32201
        },
        "cookie": "rvbusc42c6nqbuutpwentf4ol2brx3s43rkc",
        "target_bitrate": 70000000,
        "sock_bufsize": 0,
        "sndbuf_actual": 212992,
        "rcvbuf_actual": 212992,
        "test_start": {
          "protocol": "UDP",
          "num_streams": 1,
          "blksize": 1348,
          "omit": 0,
          "duration": 10,
          "bytes": 0,
          "blocks": 0,
          "reverse": 1,
          "tos": 0,
          "target_bitrate": 70000000
        }
      },
      "intervals": [
        {
          "streams": [
            {
              "socket": 5,
              "start": 0,
              "end": 1.00019,
              "seconds": 1.000190019607544,
              "bytes": 8698644,
              "bits_per_second": 69575931.2088572,
              "jitter_ms": 0.20598939702054778,
              "lost_packets": 0,
              "packets": 6453,
              "lost_percent": 0,
              "omitted": false,
              "sender": false
            }
          ],
          "sum": {
            "start": 0,
            "end": 1.00019,
            "seconds": 1.000190019607544,
            "bytes": 8698644,
            "bits_per_second": 69575931.2088572,
            "jitter_ms": 0.20598939702054778,
            "lost_packets": 0,
            "packets": 6453,
            "lost_percent": 0,
            "omitted": false,
            "sender": false
          }
        },
        {
          "streams": [
            {
              "socket": 5,
              "start": 1.00019,
              "end": 2.00011,
              "seconds": 0.9999200105667114,
              "bytes": 8752564,
              "bits_per_second": 70026113.3491222,
              "jitter_ms": 0.17778641704794496,
              "lost_packets": 0,
              "packets": 6493,
              "lost_percent": 0,
              "omitted": false,
              "sender": false
            }
          ],
          "sum": {
            "start": 1.00019,
            "end": 2.00011,
            "seconds": 0.9999200105667114,
            "bytes": 8752564,
            "bits_per_second": 70026113.3491222,
            "jitter_ms": 0.17778641704794496,
            "lost_packets": 0,
            "packets": 6493,
            "lost_percent": 0,
            "omitted": false,
            "sender": false
          }
        },
        {
          "streams": [
            {
              "socket": 5,
              "start": 2.00011,
              "end": 3.000204,
              "seconds": 1.0000940561294556,
              "bytes": 8774132,
              "bits_per_second": 70186454.53374635,
              "jitter_ms": 0.12980757535920392,
              "lost_packets": 0,
              "packets": 6509,
              "lost_percent": 0,
              "omitted": false,
              "sender": false
            }
          ],
          "sum": {
            "start": 2.00011,
            "end": 3.000204,
            "seconds": 1.0000940561294556,
            "bytes": 8774132,
            "bits_per_second": 70186454.53374635,
            "jitter_ms": 0.12980757535920392,
            "lost_packets": 0,
            "packets": 6509,
            "lost_percent": 0,
            "omitted": false,
            "sender": false
          }
        },
        {
          "streams": [
            {
              "socket": 5,
              "start": 3.000204,
              "end": 4.000124,
              "seconds": 0.9999200105667114,
              "bytes": 8728300,
              "bits_per_second": 69831985.82097124,
              "jitter_ms": 0.5319147110741362,
              "lost_packets": 0,
              "packets": 6475,
              "lost_percent": 0,
              "omitted": false,
              "sender": false
            }
          ],
          "sum": {
            "start": 3.000204,
            "end": 4.000124,
            "seconds": 0.9999200105667114,
            "bytes": 8728300,
            "bits_per_second": 69831985.82097124,
            "jitter_ms": 0.5319147110741362,
            "lost_packets": 0,
            "packets": 6475,
            "lost_percent": 0,
            "omitted": false,
            "sender": false
          }
        },
        {
          "streams": [
            {
              "socket": 5,
              "start": 4.000124,
              "end": 5.000194,
              "seconds": 1.0000699758529663,
              "bytes": 8793004,
              "bits_per_second": 70339109.9607836,
              "jitter_ms": 0.191659480214726,
              "lost_packets": 0,
              "packets": 6523,
              "lost_percent": 0,
              "omitted": false,
              "sender": false
            }
          ],
          "sum": {
            "start": 4.000124,
            "end": 5.000194,
            "seconds": 1.0000699758529663,
            "bytes": 8793004,
            "bits_per_second": 70339109.9607836,
            "jitter_ms": 0.191659480214726,
            "lost_packets": 0,
            "packets": 6523,
            "lost_percent": 0,
            "omitted": false,
            "sender": false
          }
        },
        {
          "streams": [
            {
              "socket": 5,
              "start": 5.000194,
              "end": 6.000175,
              "seconds": 0.9999809861183167,
              "bytes": 8705384,
              "bits_per_second": 69644396.21030945,
              "jitter_ms": 0.22271739259596843,
              "lost_packets": 0,
              "packets": 6458,
              "lost_percent": 0,
              "omitted": false,
              "sender": false
            }
          ],
          "sum": {
            "start": 5.000194,
            "end": 6.000175,
            "seconds": 0.9999809861183167,
            "bytes": 8705384,
            "bits_per_second": 69644396.21030945,
            "jitter_ms": 0.22271739259596843,
            "lost_packets": 0,
            "packets": 6458,
            "lost_percent": 0,
            "omitted": false,
            "sender": false
          }
        },
        {
          "streams": [
            {
              "socket": 5,
              "start": 6.000175,
              "end": 7.000171,
              "seconds": 0.9999960064888,
              "bytes": 8597544,
              "bits_per_second": 68780626.67620297,
              "jitter_ms": 0.16589591227260814,
              "lost_packets": 0,
              "packets": 6378,
              "lost_percent": 0,
              "omitted": false,
              "sender": false
            }
          ],
          "sum": {
            "start": 6.000175,
            "end": 7.000171,
            "seconds": 0.9999960064888,
            "bytes": 8597544,
            "bits_per_second": 68780626.67620297,
            "jitter_ms": 0.16589591227260814,
            "lost_packets": 0,
            "packets": 6378,
            "lost_percent": 0,
            "omitted": false,
            "sender": false
          }
        },
        {
          "streams": [
            {
              "socket": 5,
              "start": 7.000171,
              "end": 8.000203,
              "seconds": 1.0000319480895996,
              "bytes": 8899496,
              "bits_per_second": 71193693.4975012,
              "jitter_ms": 0.15038549532274506,
              "lost_packets": 0,
              "packets": 6602,