{
  "udp": {
    "70": {
      "start": {
        "connected": [
          {
            "socket": 10,
            "local_host": "172.17.0.2",
            "local_port": 35788,
            "remote_host": "172.20.25.101",
            "remote_port": 32201
          }
        ],
        "version": "iperf 3.12",
        "system_info": "Linux e31b4a733489 6.8.0-60-generic #63~22.04.1-Ubuntu SMP PREEMPT_DYNAMIC Tue Apr 22 19:00:15 UTC 2 x86_64",
        "timestamp": {
          "time": "Tue, 17 Jun 2025 06:32:03 GMT",
          "timesecs": 1750141923
        },
        "connecting_to": {
          "host": "api-int.tenoran.automation.otic.open6g.net",
          "port": 32201
        },
        "cookie": "dgm2i2mns26aw7u2rav33dsetdwt66p4ylc2",
        "target_bitrate": 70000000,
        "sock_bufsize": 0,
        "sndbuf_actual": 212992,
        "rcvbuf_actual": 212992,
        "test_start": {
          "protocol": "UDP",
          "num_streams": 1,
          "blksize": 1348,
          "omit": 0,
          "duration": 10,
          "bytes": 0,
          "blocks": 0,
          "reverse": 1,
          "tos": 0,
          "target_bitrate": 70000000
        }
      },
      "intervals": [
        {
          "streams": [
            {
              "socket": 10,
              "start": 0,
              "end": 1.000191,
              "seconds": 1.0001909732818604,
              "bytes": 4275856,
              "bits_per_second": 34200316.65328806,
              "jitter_ms": 0.6196089653428096,
              "lost_packets": 0,
              "packets": 3172,
              "lost_percent": 0,
              "omitted": false,
              "sender": false
            }
          ],
          "sum": {
            "start": 0,
            "end": 1.000191,
            "seconds": 1.0001909732818604,
            "bytes": 4275856,
            "bits_per_second": 34200316.65328806,
            "jitter_ms": 0.6196089653428096,
            "lost_packets": 0,
            "packets": 3172,
            "lost_percent": 0,
            "omitted": false,
            "sender": false
          }
        },
        {
          "streams": [
            {
              "socket": 10,
              "start": 1.000191,
              "end": 2.000036,
              "seconds": 0.999845027923584,
              "bytes": 6185972,
              "bits_per_second": 49495446.41210362,
              "jitter_ms": 0.4849656565803437,
              "lost_packets": 116,
              "packets": 4705,
              "lost_percent": 2.4654622741764083,
              "omitted": false,
              "sender": false
            }
          ],
          "sum": {
            "start": 1.000191,
            "end": 2.000036,
            "seconds": 0.999845027923584,
            "bytes": 6185972,
            "bits_per_second": 49495446.41210362,
            "jitter_ms": 0.4849656565803437,
            "lost_packets": 116,
            "packets": 4705,
            "lost_percent": 2.4654622741764083,
            "omitted": false,
            "sender": false
          }
        },
        {
          "streams": [
            {
              "socket": 10,
              "start": 2.000036,
              "end": 3.000037,
              "seconds": 1.0000009536743164,
              "bytes": 6361212,
              "bits_per_second": 50889647.46785024,
              "jitter_ms": 0.41747036114958264,
              "lost_packets": 0,
              "packets": 4719,
              "lost_percent": 0,
              "omitted": false,
              "sender": false
            }
          ],
          "sum": {
            "start": 2.000036,
            "end": 3.000037,
            "seconds": 1.0000009536743164,
            "bytes": 6361212,
            "bits_per_second": 50889647.46785024,
            "jitter_ms": 0.41747036114958264,
            "lost_packets": 0,
            "packets": 4719,
            "lost_percent": 0,
            "omitted": false,
            "sender": false
          }
        },
        {
          "streams": [
            {
              "socket": 10,
              "start": 3.000037,
              "end": 4.000182,
              "seconds": 1.0001449584960938,
              "bytes": 6385476,
              "bits_per_second": 51076404.0412843,
              "jitter_ms": 0.611020321783232,
              "lost_packets": 0,
              "packets": 4737,
              "lost_percent": 0,
              "omitted": false,
              "sender": false
            }
          ],
          "sum": {
            "start": 3.000037,
            "end": 4.000182,
            "seconds": 1.0001449584960938,
            "bytes": 6385476,
            "bits_per_second": 51076404.0412843,
            "jitter_ms": 0.611020321783232,
            "lost_packets": 0,
            "packets": 4737,
            "lost_percent": 0,
            "omitted": false,
            "sender": false
          }
        },
        {
          "streams": [
            {
              "socket": 10,
              "start": 4.000182,
              "end": 5.000182,
              "seconds": 1,
              "bytes": 6156316,
              "bits_per_second": 49250528,
              "jitter_ms": 0.6466434853288983,
              "lost_packets": 276,
              "packets": 4843,
              "lost_percent": 5.69894693371877,
              "omitted": false,
              "sender": false
            }
          ],
          "sum": {
            "start": 4.000182,
            "end": 5.000182,
            "seconds": 1,
            "bytes": 6156316,
            "bits_per_second": 49250528,
            "jitter_ms": 0.6466434853288983,
            "lost_packets": 276,
            "packets": 4843,
            "lost_percent": 5.69894693371877,
            "omitted": false,
            "sender": false
          }
        },
        {
          "streams": [
            {
              "socket": 10,
              "start": 5.000182,
              "end": 6.000149,
              "seconds": 0.9999669790267944,
              "bytes": 6316728,
              "bits_per_second": 50535492.7311514,
              "jitter_ms": 0.3723053910079963,
              "lost_packets": 283,
              "packets": 4969,
              "lost_percent": 5.695310927752063,
              "omitted": false,
              "sender": false
            }
          ],
          "sum": {
            "start": 5.000182,
            "end": 6.000149,
            "seconds": 0.9999669790267944,
            "bytes": 6316728,
            "bits_per_second": 50535492.7311514,
            "jitter_ms": 0.3723053910079963,
            "lost_packets": 283,
            "packets": 4969,
            "lost_percent": 5.695310927752063,
            "omitted": false,
            "sender": false
          }
        },
        {
          "streams": [
            {
              "socket": 10,
              "start": 6.000149,
              "end": 7.000185,
              "seconds": 1.0000360012054443,
              "bytes": 6386824,
              "bits_per_second": 51092752.599316955,
              "jitter_ms": 0.6259093073160232,
              "lost_packets": 225,
              "packets": 4963,
              "lost_percent": 4.53354825710256,
              "omitted": false,
              "sender": false
            }
          ],
          "sum": {
            "start": 6.000149,
            "end": 7.000185,
            "seconds": 1.0000360012054443,
            "bytes": 6386824,
            "bits_per_second": 51092752.599316955,
            "jitter_ms": 0.6259093073160232,
            "lost_packets": 225,
            "packets": 4963,
            "lost_percent": 4.53354825710256,
            "omitted": false,
            "sender": false
          }
        },
        {
          "streams": [
            {
              "socket": 10,
              "start": 7.000185,
              "end": 8.00011,
              "seconds": 0.9999250173568726,
              "bytes": 6428612,
              "bits_per_second": 51432752.563730545,