{
  "udp": {
    "10": {
      "start": {
        "connected": [
          {
            "socket": 5,
            "local_host": "172.17.0.2",
            "local_port": 39327,
            "remote_host": "172.20.25.101",
            "remote_port": 32201
          }
        ],
        "version": "iperf 3.12",
        "system_info": "Linux a18e41962221 6.8.0-79-generic #79~22.04.1-Ubuntu SMP PREEMPT_DYNAMIC Fri Aug 15 16:54:53 UTC 2 x86_64",
        "timestamp": {
          "time": "Wed, 01 Oct 2025 06:01:15 GMT",
          "timesecs": 1759298475
        },
        "connecting_to": {
          "host": "api-int.tenoran.automation.otic.open6g.net",
          "port": 32201
        },
        "cookie": "eex4i4mpxczti72v746hzlkq26azrq5jnfnd",
        "target_bitrate": 10000000,
        "sock_bufsize": 0,
        "sndbuf_actual": 212992,
        "rcvbuf_actual": 212992,
        "test_start": {
          "protocol": "UDP",
          "num_streams": 1,
          "blksize": 1348,
          "omit": 0,
          "duration": 10,
          "bytes": 0,
          "blocks": 0,
          "reverse": 1,
          "tos": 0,
          "target_bitrate": 10000000
        }
      },
      "intervals": [
        {
          "streams": [
            {
              "socket": 5,
              "start": 0,
              "end": 1.000218,
              "seconds": 1.0002180337905884,
              "bytes": 1256336,
              "bits_per_second": 10048497.088090168,
              "jitter_ms": 1.692291644017735,
              "lost_packets": 0,
              "packets": 932,
              "lost_percent": 0,
              "omitted": false,
              "sender": false
            }
          ],
          "sum": {
            "start": 0,
            "end": 1.000218,
            "seconds": 1.0002180337905884,
            "bytes": 1256336,
            "bits_per_second": 10048497.088090168,
            "jitter_ms": 1.692291644017735,
            "lost_packets": 0,
            "packets": 932,
            "lost_percent": 0,
            "omitted": false,
            "sender": false
          }
        },
        {
          "streams": [
            {
              "socket": 5,
              "start": 1.000218,
              "end": 2.00022,
              "seconds": 1.0000020265579224,
              "bytes": 1250944,
              "bits_per_second": 10007531.719157312,
              "jitter_ms": 1.653995742215783,
              "lost_packets": 0,
              "packets": 928,
              "lost_percent": 0,
              "omitted": false,
              "sender": false
            }
          ],
          "sum": {
            "start": 1.000218,
            "end": 2.00022,
            "seconds": 1.0000020265579224,
            "bytes": 1250944,
            "bits_per_second": 10007531.719157312,
            "jitter_ms": 1.653995742215783,
            "lost_packets": 0,
            "packets": 928,
            "lost_percent": 0,
            "omitted": false,
            "sender": false
          }
        },
        {
          "streams": [
            {
              "socket": 5,
              "start": 2.00022,
              "end": 3.000222,
              "seconds": 1.0000020265579224,
              "bytes": 1249596,
              "bits_per_second": 9996747.74101167,
              "jitter_ms": 1.5824261855856088,
              "lost_packets": 0,
              "packets": 927,
              "lost_percent": 0,
              "omitted": false,
              "sender": false
            }
          ],
          "sum": {
            "start": 2.00022,
            "end": 3.000222,
            "seconds": 1.0000020265579224,
            "bytes": 1249596,
            "bits_per_second": 9996747.74101167,
            "jitter_ms": 1.5824261855856088,
            "lost_packets": 0,
            "packets": 927,
            "lost_percent": 0,
            "omitted": false,
            "sender": false
          }
        },
        {
          "streams": [
            {
              "socket": 5,
              "start": 3.000222,
              "end": 4.000214,
              "seconds": 0.9999920129776,
              "bytes": 1249596,
              "bits_per_second": 9996847.84504767,
              "jitter_ms": 1.7376754219288264,
              "lost_packets": 0,
              "packets": 927,
              "lost_percent": 0,
              "omitted": false,
              "sender": false
            }
          ],
          "sum": {
            "start": 3.000222,
            "end": 4.000214,
            "seconds": 0.9999920129776,
            "bytes": 1249596,
            "bits_per_second": 9996847.84504767,
            "jitter_ms": 1.7376754219288264,
            "lost_packets": 0,
            "packets": 927,
            "lost_percent": 0,
            "omitted": false,
            "sender": false
          }
        },
        {
          "streams": [
            {
              "socket": 5,
              "start": 4.000214,
              "end": 5.000207,
              "seconds": 0.9999930262565613,
              "bytes": 1250944,
              "bits_per_second": 10007621.7905868,
              "jitter_ms": 1.6003495418783937,
              "lost_packets": 0,
              "packets": 928,
              "lost_percent": 0,
              "omitted": false,
              "sender": false
            }
          ],
          "sum": {
            "start": 4.000214,
            "end": 5.000207,
            "seconds": 0.9999930262565613,
            "bytes": 1250944,
            "bits_per_second": 10007621.7905868,
            "jitter_ms": 1.6003495418783937,
            "lost_packets": 0,
            "packets": 928,
            "lost_percent": 0,
            "omitted": false,
            "sender": false
          }
        },
        {
          "streams": [
            {
              "socket": 5,
              "start": 5.000207,
              "end": 6.000205,
              "seconds": 0.9999979734420776,
              "bytes": 1240160,
              "bits_per_second": 9921300.10608933,
              "jitter_ms": 1.6899440266063457,
              "lost_packets": 0,
              "packets": 920,
              "lost_percent": 0,
              "omitted": false,
              "sender": false
            }
          ],
          "sum": {
            "start": 5.000207,
            "end": 6.000205,
            "seconds": 0.9999979734420776,
            "bytes": 1240160,
            "bits_per_second": 9921300.10608933,
            "jitter_ms": 1.6899440266063457,
            "lost_packets": 0,
            "packets": 920,
            "lost_percent": 0,
            "omitted": false,
            "sender": false
          }
        },
        {
          "streams": [
            {
              "socket": 5,
              "start": 6.000205,
              "end": 7.000158,
              "seconds": 0.9999529719352722,
              "bytes": 1259032,
              "bits_per_second": 10072729.700984363,
              "jitter_ms": 1.6830436185114979,
              "lost_packets": 0,
              "packets": 934,
              "lost_percent": 0,
              "omitted": false,
              "sender": false
            }
          ],
          "sum": {
            "start": 6.000205,
            "end": 7.000158,
            "seconds": 0.9999529719352722,
            "bytes": 1259032,
            "bits_per_second": 10072729.700984363,
            "jitter_ms": 1.6830436185114979,
            "lost_packets": 0,
            "packets": 934,
            "lost_percent": 0,
            "omitted": false,
            "sender": false
          }
        },
        {
          "streams": [
            {
              "socket": 5,
              "start": 7.000158,
              "end": 8.000205,
              "seconds": 1.000046968460083,
              "bytes": 1240160,
              "bits_per_second": 9920814.03464202,
              "jitter_ms": 1.59387659479765,
              "lost_packets": 0,
              "packets": 920,
              "lost_percent": 0,