{
  "udp": {
    "70": {
      "start": {
        "connected": [
          {
            "socket": 10,
            "local_host": "172.17.0.2",
            "local_port": 49933,
            "remote_host": "172.20.25.101",
            "remote_port": 32201
          }
        ],
        "version": "iperf 3.12",
        "system_info": "Linux c73a81333e29 6.8.0-60-generic #63~22.04.1-Ubuntu SMP PREEMPT_DYNAMIC Tue Apr 22 19:00:15 UTC 2 x86_64",
        "timestamp": {
          "time": "Wed, 09 Jul 2025 05:32:11 GMT",
          "timesecs": 1752039131
        },
        "connecting_to": {
          "host": "api-int.tenoran.automation.otic.open6g.net",
          "port": 32201
        },
        "cookie": "dizepas3whz4n6eshhnisbgzwmll4l3htshj",
        "target_bitrate": 70000000,
        "sock_bufsize": 0,
        "sndbuf_actual": 212992,
        "rcvbuf_actual": 212992,
        "test_start": {
          "protocol": "UDP",
          "num_streams": 1,
          "blksize": 1348,
          "omit": 0,
          "duration": 10,
          "bytes": 0,
          "blocks": 0,
          "reverse": 1,
          "tos": 0,
          "target_bitrate": 70000000
        }
      },
      "intervals": [
        {
          "streams": [
            {
              "socket": 10,
              "start": 0,
              "end": 1.000116,
              "seconds": 1.000115990638733,
              "bytes": 5739784,
              "bits_per_second": 45912946.5280061,
              "jitter_ms": 0.07355638005316498,
              "lost_packets": 411,
              "packets": 4669,
              "lost_percent": 8.80274148639966,
              "omitted": false,
              "sender": false
            }
          ],
          "sum": {
            "start": 0,
            "end": 1.000116,
            "seconds": 1.000115990638733,
            "bytes": 5739784,
            "bits_per_second": 45912946.5280061,
            "jitter_ms": 0.07355638005316498,
            "lost_packets": 411,
            "packets": 4669,
            "lost_percent": 8.80274148639966,
            "omitted": false,
            "sender": false
          }
        },
        {
          "streams": [
            {
              "socket": 10,
              "start": 1.000116,
              "end": 2.000121,
              "seconds": 1.0000050067901611,
              "bytes": 2683868,
              "bits_per_second": 21470836.50002706,
              "jitter_ms": 0.6834508276360892,
              "lost_packets": 170,
              "packets": 2161,
              "lost_percent": 7.866728366496992,
              "omitted": false,
              "sender": false
            }
          ],
          "sum": {
            "start": 1.000116,
            "end": 2.000121,
            "seconds": 1.0000050067901611,
            "bytes": 2683868,
            "bits_per_second": 21470836.50002706,
            "jitter_ms": 0.6834508276360892,
            "lost_packets": 170,
            "packets": 2161,
            "lost_percent": 7.866728366496992,
            "omitted": false,
            "sender": false
          }
        },
        {
          "streams": [
            {
              "socket": 10,
              "start": 2.000121,
              "end": 3.000117,
              "seconds": 0.9999960064888,
              "bytes": 2910332,
              "bits_per_second": 23282748.979918815,
              "jitter_ms": 0.2132229225542636,
              "lost_packets": 214,
              "packets": 2373,
              "lost_percent": 9.0181205225453,
              "omitted": false,
              "sender": false
            }
          ],
          "sum": {
            "start": 2.000121,
            "end": 3.000117,
            "seconds": 0.9999960064888,
            "bytes": 2910332,
            "bits_per_second": 23282748.979918815,
            "jitter_ms": 0.2132229225542636,
            "lost_packets": 214,
            "packets": 2373,
            "lost_percent": 9.0181205225453,
            "omitted": false,
            "sender": false
          }
        },
        {
          "streams": [
            {
              "socket": 10,
              "start": 3.000117,
              "end": 4.00018,
              "seconds": 1.0000629425048828,
              "bytes": 6512188,
              "bits_per_second": 52094225.05898486,
              "jitter_ms": 0.110767844130427,
              "lost_packets": 125,
              "packets": 4956,
              "lost_percent": 2.522195318805488,
              "omitted": false,
              "sender": false
            }
          ],
          "sum": {
            "start": 3.000117,
            "end": 4.00018,
            "seconds": 1.0000629425048828,
            "bytes": 6512188,
            "bits_per_second": 52094225.05898486,
            "jitter_ms": 0.110767844130427,
            "lost_packets": 125,
            "packets": 4956,
            "lost_percent": 2.522195318805488,
            "omitted": false,
            "sender": false
          }
        },
        {
          "streams": [
            {
              "socket": 10,
              "start": 4.00018,
              "end": 5.000112,
              "seconds": 0.9999319911003113,
              "bytes": 6376040,
              "bits_per_second": 51011789.25565843,
              "jitter_ms": 0.3877150575394581,
              "lost_packets": 0,
              "packets": 4730,
              "lost_percent": 0,
              "omitted": false,
              "sender": false
            }
          ],
          "sum": {
            "start": 4.00018,
            "end": 5.000112,
            "seconds": 0.9999319911003113,
            "bytes": 6376040,
            "bits_per_second": 51011789.25565843,
            "jitter_ms": 0.3877150575394581,
            "lost_packets": 0,
            "packets": 4730,
            "lost_percent": 0,
            "omitted": false,
            "sender": false
          }
        },
        {
          "streams": [
            {
              "socket": 10,
              "start": 5.000112,
              "end": 6.000124,
              "seconds": 1.0000120401382446,
              "bytes": 5986468,
              "bits_per_second": 47891167.383724,
              "jitter_ms": 0.0564780658495792,
              "lost_packets": 0,
              "packets": 4441,
              "lost_percent": 0,
              "omitted": false,
              "sender": false
            }
          ],
          "sum": {
            "start": 5.000112,
            "end": 6.000124,
            "seconds": 1.0000120401382446,
            "bytes": 5986468,
            "bits_per_second": 47891167.383724,
            "jitter_ms": 0.0564780658495792,
            "lost_packets": 0,
            "packets": 4441,
            "lost_percent": 0,
            "omitted": false,
            "sender": false
          }
        },
        {
          "streams": [
            {
              "socket": 10,
              "start": 6.000124,
              "end": 7.00012,
              "seconds": 0.9999960064888,
              "bytes": 5977032,
              "bits_per_second": 47816446.95551646,
              "jitter_ms": 5.866272326302894,
              "lost_packets": 169,
              "packets": 4603,
              "lost_percent": 3.671518574842494,
              "omitted": false,
              "sender": false
            }
          ],
          "sum": {
            "start": 6.000124,
            "end": 7.00012,
            "seconds": 0.9999960064888,
            "bytes": 5977032,
            "bits_per_second": 47816446.95551646,
            "jitter_ms": 5.866272326302894,
            "lost_packets": 169,
            "packets": 4603,
            "lost_percent": 3.671518574842494,
            "omitted": false,
            "sender": false
          }
        },
        {
          "streams": [
            {
              "socket": 10,
              "start": 7.00012,
              "end": 8.000124,
              "seconds": 1.0000040531158447,
              "bytes": 5995904,