{
  "udp": {
    "50": {
      "start": {
        "connected": [
          {
            "socket": 10,
            "local_host": "172.17.0.2",
            "local_port": 48923,
            "remote_host": "172.20.25.101",
            "remote_port": 32201
          }
        ],
        "version": "iperf 3.12",
        "system_info": "Linux 45b74bb80549 6.8.0-59-generic #61~22.04.1-Ubuntu SMP PREEMPT_DYNAMIC Tue Apr 15 17:03:15 UTC 2 x86_64",
        "timestamp": {
          "time": "Wed, 14 May 2025 06:01:28 GMT",
          "timesecs": 1747202488
        },
        "connecting_to": {
          "host": "api-int.tenoran.automation.otic.open6g.net",
          "port": 32201
        },
        "cookie": "ifuxqlpsu4swrw7kgmsnmsg7ppetd3lzzi6v",
        "target_bitrate": 50000000,
        "sock_bufsize": 0,
        "sndbuf_actual": 212992,
        "rcvbuf_actual": 212992,
        "test_start": {
          "protocol": "UDP",
          "num_streams": 1,
          "blksize": 1348,
          "omit": 0,
          "duration": 10,
          "bytes": 0,
          "blocks": 0,
          "reverse": 1,
          "tos": 0,
          "target_bitrate": 50000000
        }
      },
      "intervals": [
        {
          "streams": [
            {
              "socket": 10,
              "start": 0,
              "end": 1.000175,
              "seconds": 1.0001749992370605,
              "bytes": 5869192,
              "bits_per_second": 46945320.604710616,
              "jitter_ms": 0.06860640240301556,
              "lost_packets": 0,
              "packets": 4354,
              "lost_percent": 0,
              "omitted": false,
              "sender": false
            }
          ],
          "sum": {
            "start": 0,
            "end": 1.000175,
            "seconds": 1.0001749992370605,
            "bytes": 5869192,
            "bits_per_second": 46945320.604710616,
            "jitter_ms": 0.06860640240301556,
            "lost_packets": 0,
            "packets": 4354,
            "lost_percent": 0,
            "omitted": false,
            "sender": false
          }
        },
        {
          "streams": [
            {
              "socket": 10,
              "start": 1.000175,
              "end": 2.00015,
              "seconds": 0.999975025653839,
              "bytes": 6242588,
              "bits_per_second": 49941951.2675789,
              "jitter_ms": 0.08825568246891603,
              "lost_packets": 0,
              "packets": 4631,
              "lost_percent": 0,
              "omitted": false,
              "sender": false
            }
          ],
          "sum": {
            "start": 1.000175,
            "end": 2.00015,
            "seconds": 0.999975025653839,
            "bytes": 6242588,
            "bits_per_second": 49941951.2675789,
            "jitter_ms": 0.08825568246891603,
            "lost_packets": 0,
            "packets": 4631,
            "lost_percent": 0,
            "omitted": false,
            "sender": false
          }
        },
        {
          "streams": [
            {
              "socket": 10,
              "start": 2.00015,
              "end": 3.000178,
              "seconds": 1.0000280141830444,
              "bytes": 6280332,
              "bits_per_second": 50241248.53246723,
              "jitter_ms": 0.0588171850486097,
              "lost_packets": 0,
              "packets": 4659,
              "lost_percent": 0,
              "omitted": false,
              "sender": false
            }
          ],
          "sum": {
            "start": 2.00015,
            "end": 3.000178,
            "seconds": 1.0000280141830444,
            "bytes": 6280332,
            "bits_per_second": 50241248.53246723,
            "jitter_ms": 0.0588171850486097,
            "lost_packets": 0,
            "packets": 4659,
            "lost_percent": 0,
            "omitted": false,
            "sender": false
          }
        },
        {
          "streams": [
            {
              "socket": 10,
              "start": 3.000178,
              "end": 4.000176,
              "seconds": 0.9999979734420776,
              "bytes": 6256068,
              "bits_per_second": 50048645.4264789,
              "jitter_ms": 0.06153945207142597,
              "lost_packets": 0,
              "packets": 4641,
              "lost_percent": 0,
              "omitted": false,
              "sender": false
            }
          ],
          "sum": {
            "start": 3.000178,
            "end": 4.000176,
            "seconds": 0.9999979734420776,
            "bytes": 6256068,
            "bits_per_second": 50048645.4264789,
            "jitter_ms": 0.06153945207142597,
            "lost_packets": 0,
            "packets": 4641,
            "lost_percent": 0,
            "omitted": false,
            "sender": false
          }
        },
        {
          "streams": [
            {
              "socket": 10,
              "start": 4.000176,
              "end": 5.000178,
              "seconds": 1.0000020265579224,
              "bytes": 6218324,
              "bits_per_second": 49746491.185854174,
              "jitter_ms": 0.06829212704512834,
              "lost_packets": 0,
              "packets": 4613,
              "lost_percent": 0,
              "omitted": false,
              "sender": false
            }
          ],
          "sum": {
            "start": 4.000176,
            "end": 5.000178,
            "seconds": 1.0000020265579224,
            "bytes": 6218324,
            "bits_per_second": 49746491.185854174,
            "jitter_ms": 0.06829212704512834,
            "lost_packets": 0,
            "packets": 4613,
            "lost_percent": 0,
            "omitted": false,
            "sender": false
          }
        },
        {
          "streams": [
            {
              "socket": 10,
              "start": 5.000178,
              "end": 6.000181,
              "seconds": 1.0000029802322388,
              "bytes": 6177884,
              "bits_per_second": 49422924.70820645,
              "jitter_ms": 0.4975498551178089,
              "lost_packets": 0,
              "packets": 4583,
              "lost_percent": 0,
              "omitted": false,
              "sender": false
            }
          ],
          "sum": {
            "start": 5.000178,
            "end": 6.000181,
            "seconds": 1.0000029802322388,
            "bytes": 6177884,
            "bits_per_second": 49422924.70820645,
            "jitter_ms": 0.4975498551178089,
            "lost_packets": 0,
            "packets": 4583,
            "lost_percent": 0,
            "omitted": false,
            "sender": false
          }
        },
        {
          "streams": [
            {
              "socket": 10,
              "start": 6.000181,
              "end": 7.00018,
              "seconds": 0.9999989867210388,
              "bytes": 6386824,
              "bits_per_second": 51094643.77312756,
              "jitter_ms": 0.073594826776719,
              "lost_packets": 0,
              "packets": 4738,
              "lost_percent": 0,
              "omitted": false,
              "sender": false
            }
          ],
          "sum": {
            "start": 6.000181,
            "end": 7.00018,
            "seconds": 0.9999989867210388,
            "bytes": 6386824,
            "bits_per_second": 51094643.77312756,
            "jitter_ms": 0.073594826776719,
            "lost_packets": 0,
            "packets": 4738,
            "lost_percent": 0,
            "omitted": false,
            "sender": false
          }
        },
        {
          "streams": [
            {
              "socket": 10,
              "start": 7.00018,
              "end": 8.000181,
              "seconds": 1.0000009536743164,
              "bytes": 6113180,
              "bits_per_second": 48905393.36018242,
              "jitter_ms": 0.13434581353463682,
              "lost_packets": 0,
              "packets": 4535,