{
  "udp": {
    "10": {
      "start": {
        "connected": [
          {
            "socket": 10,
            "local_host": "172.17.0.2",
            "local_port": 39698,
            "remote_host": "172.20.25.101",
            "remote_port": 32201
          }
        ],
        "version": "iperf 3.12",
        "system_info": "Linux b3128bd59c1a 6.8.0-59-generic #61~22.04.1-Ubuntu SMP PREEMPT_DYNAMIC Tue Apr 15 17:03:15 UTC 2 x86_64",
        "timestamp": {
          "time": "Fri, 30 May 2025 04:00:41 GMT",
          "timesecs": 1748577641
        },
        "connecting_to": {
          "host": "api-int.tenoran.automation.otic.open6g.net",
          "port": 32201
        },
        "cookie": "5swabkudo5gibee4cemf7ayagclkmo3z4c7x",
        "target_bitrate": 10000000,
        "sock_bufsize": 0,
        "sndbuf_actual": 212992,
        "rcvbuf_actual": 212992,
        "test_start": {
          "protocol": "UDP",
          "num_streams": 1,
          "blksize": 1348,
          "omit": 0,
          "duration": 10,
          "bytes": 0,
          "blocks": 0,
          "reverse": 1,
          "tos": 0,
          "target_bitrate": 10000000
        }
      },
      "intervals": [
        {
          "streams": [
            {
              "socket": 10,
              "start": 0,
              "end": 1.000246,
              "seconds": 1.0002460479736328,
              "bytes": 1250944,
              "bits_per_second": 10005090.267813591,
              "jitter_ms": 0.21987050495253554,
              "lost_packets": 0,
              "packets": 928,
              "lost_percent": 0,
              "omitted": false,
              "sender": false
            }
          ],
          "sum": {
            "start": 0,
            "end": 1.000246,
            "seconds": 1.0002460479736328,
            "bytes": 1250944,
            "bits_per_second": 10005090.267813591,
            "jitter_ms": 0.21987050495253554,
            "lost_packets": 0,
            "packets": 928,
            "lost_percent": 0,
            "omitted": false,
            "sender": false
          }
        },
        {
          "streams": [
            {
              "socket": 10,
              "start": 1.000246,
              "end": 2.000282,
              "seconds": 1.0000360012054443,
              "bytes": 1249596,
              "bits_per_second": 9996408.117257666,
              "jitter_ms": 0.2399234981677791,
              "lost_packets": 0,
              "packets": 927,
              "lost_percent": 0,
              "omitted": false,
              "sender": false
            }
          ],
          "sum": {
            "start": 1.000246,
            "end": 2.000282,
            "seconds": 1.0000360012054443,
            "bytes": 1249596,
            "bits_per_second": 9996408.117257666,
            "jitter_ms": 0.2399234981677791,
            "lost_packets": 0,
            "packets": 927,
            "lost_percent": 0,
            "omitted": false,
            "sender": false
          }
        },
        {
          "streams": [
            {
              "socket": 10,
              "start": 2.000282,
              "end": 3.000163,
              "seconds": 0.9998810291290283,
              "bytes": 1250944,
              "bits_per_second": 10008742.748842161,
              "jitter_ms": 0.15863335436911213,
              "lost_packets": 0,
              "packets": 928,
              "lost_percent": 0,
              "omitted": false,
              "sender": false
            }
          ],
          "sum": {
            "start": 2.000282,
            "end": 3.000163,
            "seconds": 0.9998810291290283,
            "bytes": 1250944,
            "bits_per_second": 10008742.748842161,
            "jitter_ms": 0.15863335436911213,
            "lost_packets": 0,
            "packets": 928,
            "lost_percent": 0,
            "omitted": false,
            "sender": false
          }
        },
        {
          "streams": [
            {
              "socket": 10,
              "start": 3.000163,
              "end": 4.000297,
              "seconds": 1.000133991241455,
              "bytes": 1249596,
              "bits_per_second": 9995428.7000996,
              "jitter_ms": 0.21173243427838648,
              "lost_packets": 0,
              "packets": 927,
              "lost_percent": 0,
              "omitted": false,
              "sender": false
            }
          ],
          "sum": {
            "start": 3.000163,
            "end": 4.000297,
            "seconds": 1.000133991241455,
            "bytes": 1249596,
            "bits_per_second": 9995428.7000996,
            "jitter_ms": 0.21173243427838648,
            "lost_packets": 0,
            "packets": 927,
            "lost_percent": 0,
            "omitted": false,
            "sender": false
          }
        },
        {
          "streams": [
            {
              "socket": 10,
              "start": 4.000297,
              "end": 5.000167,
              "seconds": 0.999870002269745,
              "bytes": 1249596,
              "bits_per_second": 9998067.72611133,
              "jitter_ms": 0.02999219152782519,
              "lost_packets": 0,
              "packets": 927,
              "lost_percent": 0,
              "omitted": false,
              "sender": false
            }
          ],
          "sum": {
            "start": 4.000297,
            "end": 5.000167,
            "seconds": 0.999870002269745,
            "bytes": 1249596,
            "bits_per_second": 9998067.72611133,
            "jitter_ms": 0.02999219152782519,
            "lost_packets": 0,
            "packets": 927,
            "lost_percent": 0,
            "omitted": false,
            "sender": false
          }
        },
        {
          "streams": [
            {
              "socket": 10,
              "start": 5.000167,
              "end": 6.000285,
              "seconds": 1.0001180171966553,
              "bytes": 1250944,
              "bits_per_second": 10006371.0761369,
              "jitter_ms": 0.0927882132297958,
              "lost_packets": 0,
              "packets": 928,
              "lost_percent": 0,
              "omitted": false,
              "sender": false
            }
          ],
          "sum": {
            "start": 5.000167,
            "end": 6.000285,
            "seconds": 1.0001180171966553,
            "bytes": 1250944,
            "bits_per_second": 10006371.0761369,
            "jitter_ms": 0.0927882132297958,
            "lost_packets": 0,
            "packets": 928,
            "lost_percent": 0,
            "omitted": false,
            "sender": false
          }
        },
        {
          "streams": [
            {
              "socket": 10,
              "start": 6.000285,
              "end": 7.000297,
              "seconds": 1.0000120401382446,
              "bytes": 1249596,
              "bits_per_second": 9996647.638980445,
              "jitter_ms": 0.0322676047960282,
              "lost_packets": 0,
              "packets": 927,
              "lost_percent": 0,
              "omitted": false,
              "sender": false
            }
          ],
          "sum": {
            "start": 6.000285,
            "end": 7.000297,
            "seconds": 1.0000120401382446,
            "bytes": 1249596,
            "bits_per_second": 9996647.638980445,
            "jitter_ms": 0.0322676047960282,
            "lost_packets": 0,
            "packets": 927,
            "lost_percent": 0,
            "omitted": false,
            "sender": false
          }
        },
        {
          "streams": [
            {
              "socket": 10,
              "start": 7.000297,
              "end": 8.000253,
              "seconds": 0.9999560117721558,
              "bytes": 1249596,
              "bits_per_second": 9997207.75945273,
              "jitter_ms": 0.09576279388122193,
              "lost_packets": 0,
              "packets": 927,