{
  "udp": {
    "60": {
      "start": {
        "connected": [
          {
            "socket": 10,
            "local_host": "172.17.0.2",
            "local_port": 47208,
            "remote_host": "172.20.25.101",
            "remote_port": 32201
          }
        ],
        "version": "iperf 3.12",
        "system_info": "Linux 8002f20b0aef 6.8.0-60-generic #63~22.04.1-Ubuntu SMP PREEMPT_DYNAMIC Tue Apr 22 19:00:15 UTC 2 x86_64",
        "timestamp": {
          "time": "Sun, 06 Jul 2025 06:01:56 GMT",
          "timesecs": 1751781716
        },
        "connecting_to": {
          "host": "api-int.tenoran.automation.otic.open6g.net",
          "port": 32201
        },
        "cookie": "omcx4cvghikyffg5cfmvjgtgeyroi6bfro6q",
        "target_bitrate": 60000000,
        "sock_bufsize": 0,
        "sndbuf_actual": 212992,
        "rcvbuf_actual": 212992,
        "test_start": {
          "protocol": "UDP",
          "num_streams": 1,
          "blksize": 1348,
          "omit": 0,
          "duration": 10,
          "bytes": 0,
          "blocks": 0,
          "reverse": 1,
          "tos": 0,
          "target_bitrate": 60000000
        }
      },
      "intervals": [
        {
          "streams": [
            {
              "socket": 10,
              "start": 0,
              "end": 1.000016,
              "seconds": 1.0000159740448,
              "bytes": 6369300,
              "bits_per_second": 50953586.06513348,
              "jitter_ms": 0.4233029455759712,
              "lost_packets": 78,
              "packets": 4803,
              "lost_percent": 1.6239850093691444,
              "omitted": false,
              "sender": false
            }
          ],
          "sum": {
            "start": 0,
            "end": 1.000016,
            "seconds": 1.0000159740448,
            "bytes": 6369300,
            "bits_per_second": 50953586.06513348,
            "jitter_ms": 0.4233029455759712,
            "lost_packets": 78,
            "packets": 4803,
            "lost_percent": 1.6239850093691444,
            "omitted": false,
            "sender": false
          }
        },
        {
          "streams": [
            {
              "socket": 10,
              "start": 1.000016,
              "end": 2.000202,
              "seconds": 1.0001859664916992,
              "bytes": 7325032,
              "bits_per_second": 58589360.34220626,
              "jitter_ms": 0.05276274893297877,
              "lost_packets": 252,
              "packets": 5686,
              "lost_percent": 4.431938093563137,
              "omitted": false,
              "sender": false
            }
          ],
          "sum": {
            "start": 1.000016,
            "end": 2.000202,
            "seconds": 1.0001859664916992,
            "bytes": 7325032,
            "bits_per_second": 58589360.34220626,
            "jitter_ms": 0.05276274893297877,
            "lost_packets": 252,
            "packets": 5686,
            "lost_percent": 4.431938093563137,
            "omitted": false,
            "sender": false
          }
        },
        {
          "streams": [
            {
              "socket": 10,
              "start": 2.000202,
              "end": 3.000184,
              "seconds": 0.9999819993972778,
              "bytes": 7147096,
              "bits_per_second": 57177797.23481255,
              "jitter_ms": 1.2536540914336978,
              "lost_packets": 200,
              "packets": 5502,
              "lost_percent": 3.635041802980734,
              "omitted": false,
              "sender": false
            }
          ],
          "sum": {
            "start": 2.000202,
            "end": 3.000184,
            "seconds": 0.9999819993972778,
            "bytes": 7147096,
            "bits_per_second": 57177797.23481255,
            "jitter_ms": 1.2536540914336978,
            "lost_packets": 200,
            "packets": 5502,
            "lost_percent": 3.635041802980734,
            "omitted": false,
            "sender": false
          }
        },
        {
          "streams": [
            {
              "socket": 10,
              "start": 3.000184,
              "end": 4.000028,
              "seconds": 0.9998440146446228,
              "bytes": 7342556,
              "bits_per_second": 58749612.07911843,
              "jitter_ms": 0.4267063974421297,
              "lost_packets": 43,
              "packets": 5490,
              "lost_percent": 0.7832422586520947,
              "omitted": false,
              "sender": false
            }
          ],
          "sum": {
            "start": 3.000184,
            "end": 4.000028,
            "seconds": 0.9998440146446228,
            "bytes": 7342556,
            "bits_per_second": 58749612.07911843,
            "jitter_ms": 0.4267063974421297,
            "lost_packets": 43,
            "packets": 5490,
            "lost_percent": 0.7832422586520947,
            "omitted": false,
            "sender": false
          }
        },
        {
          "streams": [
            {
              "socket": 10,
              "start": 4.000028,
              "end": 5.000062,
              "seconds": 1.000033974647522,
              "bytes": 7308856,
              "bits_per_second": 58468861.54103813,
              "jitter_ms": 0.0858947623262123,
              "lost_packets": 60,
              "packets": 5482,
              "lost_percent": 1.09449106165633,
              "omitted": false,
              "sender": false
            }
          ],
          "sum": {
            "start": 4.000028,
            "end": 5.000062,
            "seconds": 1.000033974647522,
            "bytes": 7308856,
            "bits_per_second": 58468861.54103813,
            "jitter_ms": 0.0858947623262123,
            "lost_packets": 60,
            "packets": 5482,
            "lost_percent": 1.09449106165633,
            "omitted": false,
            "sender": false
          }
        },
        {
          "streams": [
            {
              "socket": 10,
              "start": 5.000062,
              "end": 6.000025,
              "seconds": 0.9999629855155945,
              "bytes": 7312900,
              "bits_per_second": 58505365.54594064,
              "jitter_ms": 0.4239734023642863,
              "lost_packets": 49,
              "packets": 5474,
              "lost_percent": 0.8951406649616368,
              "omitted": false,
              "sender": false
            }
          ],
          "sum": {
            "start": 5.000062,
            "end": 6.000025,
            "seconds": 0.9999629855155945,
            "bytes": 7312900,
            "bits_per_second": 58505365.54594064,
            "jitter_ms": 0.4239734023642863,
            "lost_packets": 49,
            "packets": 5474,
            "lost_percent": 0.8951406649616368,
            "omitted": false,
            "sender": false
          }
        },
        {
          "streams": [
            {
              "socket": 10,
              "start": 6.000025,
              "end": 7.000203,
              "seconds": 1.0001779794692993,
              "bytes": 6928720,
              "bits_per_second": 55419896.39625077,
              "jitter_ms": 0.5058902229500563,
              "lost_packets": 322,
              "packets": 5462,
              "lost_percent": 5.8952764555108015,
              "omitted": false,
              "sender": false
            }
          ],
          "sum": {
            "start": 6.000025,
            "end": 7.000203,
            "seconds": 1.0001779794692993,
            "bytes": 6928720,
            "bits_per_second": 55419896.39625077,
            "jitter_ms": 0.5058902229500563,
            "lost_packets": 322,
            "packets": 5462,
            "lost_percent": 5.8952764555108015,
            "omitted": false,
            "sender": false
          }
        },
        {
          "streams": [
            {
              "socket": 10,
              "start": 7.000203,