{
  "udp": {
    "70": {
      "start": {
        "connected": [
          {
            "socket": 5,
            "local_host": "172.17.0.2",
            "local_port": 36972,
            "remote_host": "172.20.25.101",
            "remote_port": 32201
          }
        ],
        "version": "iperf 3.12",
        "system_info": "Linux f925f62a2cbb 6.8.0-87-generic #88~22.04.1-Ubuntu SMP PREEMPT_DYNAMIC Tue Oct 14 14:03:14 UTC 2 x86_64",
        "timestamp": {
          "time": "Mon, 15 Dec 2025 06:03:28 GMT",
          "timesecs": 1765778608
        },
        "connecting_to": {
          "host": "api-int.tenoran.automation.otic.open6g.net",
          "port": 32201
        },
        "cookie": "hnl4es7opcuofct4yd3twmzmahwyrxmkwqjb",
        "target_bitrate": 70000000,
        "sock_bufsize": 0,
        "sndbuf_actual": 212992,
        "rcvbuf_actual": 212992,
        "test_start": {
          "protocol": "UDP",
          "num_streams": 1,
          "blksize": 1348,
          "omit": 0,
          "duration": 10,
          "bytes": 0,
          "blocks": 0,
          "reverse": 1,
          "tos": 0,
          "target_bitrate": 70000000
        }
      },
      "intervals": [
        {
          "streams": [
            {
              "socket": 5,
              "start": 0,
              "end": 1.000219,
              "seconds": 1.0002189874649048,
              "bytes": 8651464,
              "bits_per_second": 69196558.82100366,
              "jitter_ms": 0.6661178859342397,
              "lost_packets": 0,
              "packets": 6418,
              "lost_percent": 0,
              "omitted": false,
              "sender": false
            }
          ],
          "sum": {
            "start": 0,
            "end": 1.000219,
            "seconds": 1.0002189874649048,
            "bytes": 8651464,
            "bits_per_second": 69196558.82100366,
            "jitter_ms": 0.6661178859342397,
            "lost_packets": 0,
            "packets": 6418,
            "lost_percent": 0,
            "omitted": false,
            "sender": false
          }
        },
        {
          "streams": [
            {
              "socket": 5,
              "start": 1.000219,
              "end": 2.000011,
              "seconds": 0.999791979789734,
              "bytes": 8798396,
              "bits_per_second": 70401812.99994336,
              "jitter_ms": 0.5398360188795988,
              "lost_packets": 0,
              "packets": 6527,
              "lost_percent": 0,
              "omitted": false,
              "sender": false
            }
          ],
          "sum": {
            "start": 1.000219,
            "end": 2.000011,
            "seconds": 0.999791979789734,
            "bytes": 8798396,
            "bits_per_second": 70401812.99994336,
            "jitter_ms": 0.5398360188795988,
            "lost_packets": 0,
            "packets": 6527,
            "lost_percent": 0,
            "omitted": false,
            "sender": false
          }
        },
        {
          "streams": [
            {
              "socket": 5,
              "start": 2.000011,
              "end": 3.000207,
              "seconds": 1.0001959800720215,
              "bytes": 8695948,
              "bits_per_second": 69553952.81131867,
              "jitter_ms": 0.6305255284907524,
              "lost_packets": 0,
              "packets": 6451,
              "lost_percent": 0,
              "omitted": false,
              "sender": false
            }
          ],
          "sum": {
            "start": 2.000011,
            "end": 3.000207,
            "seconds": 1.0001959800720215,
            "bytes": 8695948,
            "bits_per_second": 69553952.81131867,
            "jitter_ms": 0.6305255284907524,
            "lost_packets": 0,
            "packets": 6451,
            "lost_percent": 0,
            "omitted": false,
            "sender": false
          }
        },
        {
          "streams": [
            {
              "socket": 5,
              "start": 3.000207,
              "end": 4.000203,
              "seconds": 0.9999960064888,
              "bytes": 8795700,
              "bits_per_second": 70365881.0069339,
              "jitter_ms": 0.23318809576976982,
              "lost_packets": 0,
              "packets": 6525,
              "lost_percent": 0,
              "omitted": false,
              "sender": false
            }
          ],
          "sum": {
            "start": 3.000207,
            "end": 4.000203,
            "seconds": 0.9999960064888,
            "bytes": 8795700,
            "bits_per_second": 70365881.0069339,
            "jitter_ms": 0.23318809576976982,
            "lost_packets": 0,
            "packets": 6525,
            "lost_percent": 0,
            "omitted": false,
            "sender": false
          }
        },
        {
          "streams": [
            {
              "socket": 5,
              "start": 4.000203,
              "end": 5.000103,
              "seconds": 0.999899983406067,
              "bytes": 8710776,
              "bits_per_second": 69693178.4743314,
              "jitter_ms": 0.6396117516057034,
              "lost_packets": 0,
              "packets": 6462,
              "lost_percent": 0,
              "omitted": false,
              "sender": false
            }
          ],
          "sum": {
            "start": 4.000203,
            "end": 5.000103,
            "seconds": 0.999899983406067,
            "bytes": 8710776,
            "bits_per_second": 69693178.4743314,
            "jitter_ms": 0.6396117516057034,
            "lost_packets": 0,
            "packets": 6462,
            "lost_percent": 0,
            "omitted": false,
            "sender": false
          }
        },
        {
          "streams": [
            {
              "socket": 5,
              "start": 5.000103,
              "end": 6.000205,
              "seconds": 1.0001020431518555,
              "bytes": 8790308,
              "bits_per_second": 70315288.80630657,
              "jitter_ms": 0.2504301883161576,
              "lost_packets": 0,
              "packets": 6521,
              "lost_percent": 0,
              "omitted": false,
              "sender": false
            }
          ],
          "sum": {
            "start": 5.000103,
            "end": 6.000205,
            "seconds": 1.0001020431518555,
            "bytes": 8790308,
            "bits_per_second": 70315288.80630657,
            "jitter_ms": 0.2504301883161576,
            "lost_packets": 0,
            "packets": 6521,
            "lost_percent": 0,
            "omitted": false,
            "sender": false
          }
        },
        {
          "streams": [
            {
              "socket": 5,
              "start": 6.000205,
              "end": 7.000207,
              "seconds": 1.0000020265579224,
              "bytes": 8748520,
              "bits_per_second": 69988018.16522732,
              "jitter_ms": 0.2686086327122761,
              "lost_packets": 0,
              "packets": 6490,
              "lost_percent": 0,
              "omitted": false,
              "sender": false
            }
          ],
          "sum": {
            "start": 6.000205,
            "end": 7.000207,
            "seconds": 1.0000020265579224,
            "bytes": 8748520,
            "bits_per_second": 69988018.16522732,
            "jitter_ms": 0.2686086327122761,
            "lost_packets": 0,
            "packets": 6490,
            "lost_percent": 0,
            "omitted": false,
            "sender": false
          }
        },
        {
          "streams": [
            {
              "socket": 5,
              "start": 7.000207,
              "end": 8.000204,
              "seconds": 0.9999970197677612,
              "bytes": 8749868,
              "bits_per_second": 69999152.6137313,
              "jitter_ms": 0.21986145858849038,
              "lost_packets": 0,
              "packets": 6491,