{
  "udp": {
    "20": {
      "start": {
        "connected": [
          {
            "socket": 10,
            "local_host": "172.17.0.2",
            "local_port": 43041,
            "remote_host": "172.20.25.101",
            "remote_port": 32201
          }
        ],
        "version": "iperf 3.12",
        "system_info": "Linux 090dc60f3efb 6.8.0-60-generic #63~22.04.1-Ubuntu SMP PREEMPT_DYNAMIC Tue Apr 22 19:00:15 UTC 2 x86_64",
        "timestamp": {
          "time": "Tue, 17 Jun 2025 04:30:57 GMT",
          "timesecs": 1750134657
        },
        "connecting_to": {
          "host": "api-int.tenoran.automation.otic.open6g.net",
          "port": 32201
        },
        "cookie": "hp4zdiaxdccrlxui5xyp6gc5orfc7yplbtnr",
        "target_bitrate": 20000000,
        "sock_bufsize": 0,
        "sndbuf_actual": 212992,
        "rcvbuf_actual": 212992,
        "test_start": {
          "protocol": "UDP",
          "num_streams": 1,
          "blksize": 1348,
          "omit": 0,
          "duration": 10,
          "bytes": 0,
          "blocks": 0,
          "reverse": 1,
          "tos": 0,
          "target_bitrate": 20000000
        }
      },
      "intervals": [
        {
          "streams": [
            {
              "socket": 10,
              "start": 0,
              "end": 1.000099,
              "seconds": 1.0000989437103271,
              "bytes": 2492452,
              "bits_per_second": 19937643.295597155,
              "jitter_ms": 0.05675572731415744,
              "lost_packets": 0,
              "packets": 1849,
              "lost_percent": 0,
              "omitted": false,
              "sender": false
            }
          ],
          "sum": {
            "start": 0,
            "end": 1.000099,
            "seconds": 1.0000989437103271,
            "bytes": 2492452,
            "bits_per_second": 19937643.295597155,
            "jitter_ms": 0.05675572731415744,
            "lost_packets": 0,
            "packets": 1849,
            "lost_percent": 0,
            "omitted": false,
            "sender": false
          }
        },
        {
          "streams": [
            {
              "socket": 10,
              "start": 1.000099,
              "end": 2.000209,
              "seconds": 1.0001100301742554,
              "bytes": 2509976,
              "bits_per_second": 20077598.85829899,
              "jitter_ms": 0.14634025665586975,
              "lost_packets": 0,
              "packets": 1862,
              "lost_percent": 0,
              "omitted": false,
              "sender": false
            }
          ],
          "sum": {
            "start": 1.000099,
            "end": 2.000209,
            "seconds": 1.0001100301742554,
            "bytes": 2509976,
            "bits_per_second": 20077598.85829899,
            "jitter_ms": 0.14634025665586975,
            "lost_packets": 0,
            "packets": 1862,
            "lost_percent": 0,
            "omitted": false,
            "sender": false
          }
        },
        {
          "streams": [
            {
              "socket": 10,
              "start": 2.000209,
              "end": 3.000282,
              "seconds": 1.000072956085205,
              "bytes": 2500540,
              "bits_per_second": 20002860.669592645,
              "jitter_ms": 0.28599754528615934,
              "lost_packets": 0,
              "packets": 1855,
              "lost_percent": 0,
              "omitted": false,
              "sender": false
            }
          ],
          "sum": {
            "start": 2.000209,
            "end": 3.000282,
            "seconds": 1.000072956085205,
            "bytes": 2500540,
            "bits_per_second": 20002860.669592645,
            "jitter_ms": 0.28599754528615934,
            "lost_packets": 0,
            "packets": 1855,
            "lost_percent": 0,
            "omitted": false,
            "sender": false
          }
        },
        {
          "streams": [
            {
              "socket": 10,
              "start": 3.000282,
              "end": 4.000205,
              "seconds": 0.9999229907989502,
              "bytes": 2500540,
              "bits_per_second": 20005860.635343842,
              "jitter_ms": 0.22108058020267043,
              "lost_packets": 0,
              "packets": 1855,
              "lost_percent": 0,
              "omitted": false,
              "sender": false
            }
          ],
          "sum": {
            "start": 3.000282,
            "end": 4.000205,
            "seconds": 0.9999229907989502,
            "bytes": 2500540,
            "bits_per_second": 20005860.635343842,
            "jitter_ms": 0.22108058020267043,
            "lost_packets": 0,
            "packets": 1855,
            "lost_percent": 0,
            "omitted": false,
            "sender": false
          }
        },
        {
          "streams": [
            {
              "socket": 10,
              "start": 4.000205,
              "end": 5.000205,
              "seconds": 1,
              "bytes": 2489756,
              "bits_per_second": 19918048,
              "jitter_ms": 0.6114183018880066,
              "lost_packets": 0,
              "packets": 1847,
              "lost_percent": 0,
              "omitted": false,
              "sender": false
            }
          ],
          "sum": {
            "start": 4.000205,
            "end": 5.000205,
            "seconds": 1,
            "bytes": 2489756,
            "bits_per_second": 19918048,
            "jitter_ms": 0.6114183018880066,
            "lost_packets": 0,
            "packets": 1847,
            "lost_percent": 0,
            "omitted": false,
            "sender": false
          }
        },
        {
          "streams": [
            {
              "socket": 10,
              "start": 5.000205,
              "end": 6.000149,
              "seconds": 0.999943971633911,
              "bytes": 2469536,
              "bits_per_second": 19757394.9745586,
              "jitter_ms": 0.16782602335901575,
              "lost_packets": 0,
              "packets": 1832,
              "lost_percent": 0,
              "omitted": false,
              "sender": false
            }
          ],
          "sum": {
            "start": 5.000205,
            "end": 6.000149,
            "seconds": 0.999943971633911,
            "bytes": 2469536,
            "bits_per_second": 19757394.9745586,
            "jitter_ms": 0.16782602335901575,
            "lost_packets": 0,
            "packets": 1832,
            "lost_percent": 0,
            "omitted": false,
            "sender": false
          }
        },
        {
          "streams": [
            {
              "socket": 10,
              "start": 6.000149,
              "end": 7.000205,
              "seconds": 1.0000560283660889,
              "bytes": 2539632,
              "bits_per_second": 20315917.732323863,
              "jitter_ms": 0.0317267233672029,
              "lost_packets": 0,
              "packets": 1884,
              "lost_percent": 0,
              "omitted": false,
              "sender": false
            }
          ],
          "sum": {
            "start": 6.000149,
            "end": 7.000205,
            "seconds": 1.0000560283660889,
            "bytes": 2539632,
            "bits_per_second": 20315917.732323863,
            "jitter_ms": 0.0317267233672029,
            "lost_packets": 0,
            "packets": 1884,
            "lost_percent": 0,
            "omitted": false,
            "sender": false
          }
        },
        {
          "streams": [
            {
              "socket": 10,
              "start": 7.000205,
              "end": 8.000205,
              "seconds": 1,
              "bytes": 2500540,
              "bits_per_second": 20004320,
              "jitter_ms": 0.22570545134662687,
              "lost_packets": 0,
              "packets": 1855,
              "lost_percent": 0,
              "omitted": false,