{
  "udp": {
    "10": {
      "start": {
        "connected": [
          {
            "socket": 10,
            "local_host": "172.17.0.2",
            "local_port": 44863,
            "remote_host": "10.100.1.102",
            "remote_port": 32201
          }
        ],
        "version": "iperf 3.12",
        "system_info": "Linux 03185b77d65f 6.8.0-47-generic #47~22.04.1-Ubuntu SMP PREEMPT_DYNAMIC Wed Oct  2 16:16:55 UTC 2 x86_64",
        "timestamp": {
          "time": "Fri, 29 Nov 2024 07:00:42 GMT",
          "timesecs": 1732863642
        },
        "connecting_to": {
          "host": "api-int.edge.open5g.info",
          "port": 32201
        },
        "cookie": "qk7553bdzzj2myjtgcsyassgarlcp2pkgm7q",
        "target_bitrate": 10000000,
        "sock_bufsize": 0,
        "sndbuf_actual": 212992,
        "rcvbuf_actual": 212992,
        "test_start": {
          "protocol": "UDP",
          "num_streams": 1,
          "blksize": 1398,
          "omit": 0,
          "duration": 10,
          "bytes": 0,
          "blocks": 0,
          "reverse": 1,
          "tos": 0,
          "target_bitrate": 10000000
        }
      },
      "intervals": [
        {
          "streams": [
            {
              "socket": 10,
              "start": 0,
              "end": 1.000109,
              "seconds": 1.0001089572906494,
              "bytes": 1227444,
              "bits_per_second": 9818482.20478068,
              "jitter_ms": 0.07049508987065274,
              "lost_packets": 0,
              "packets": 878,
              "lost_percent": 0,
              "omitted": false,
              "sender": false
            }
          ],
          "sum": {
            "start": 0,
            "end": 1.000109,
            "seconds": 1.0001089572906494,
            "bytes": 1227444,
            "bits_per_second": 9818482.20478068,
            "jitter_ms": 0.07049508987065274,
            "lost_packets": 0,
            "packets": 878,
            "lost_percent": 0,
            "omitted": false,
            "sender": false
          }
        },
        {
          "streams": [
            {
              "socket": 10,
              "start": 1.000109,
              "end": 2.000106,
              "seconds": 0.9999970197677612,
              "bytes": 1272180,
              "bits_per_second": 10177470.33122519,
              "jitter_ms": 0.039849669696077034,
              "lost_packets": 0,
              "packets": 910,
              "lost_percent": 0,
              "omitted": false,
              "sender": false
            }
          ],
          "sum": {
            "start": 1.000109,
            "end": 2.000106,
            "seconds": 0.9999970197677612,
            "bytes": 1272180,
            "bits_per_second": 10177470.33122519,
            "jitter_ms": 0.039849669696077034,
            "lost_packets": 0,
            "packets": 910,
            "lost_percent": 0,
            "omitted": false,
            "sender": false
          }
        },
        {
          "streams": [
            {
              "socket": 10,
              "start": 2.000106,
              "end": 3.000111,
              "seconds": 1.0000050067901611,
              "bytes": 1251210,
              "bits_per_second": 10009629.88388358,
              "jitter_ms": 0.03777932312683931,
              "lost_packets": 0,
              "packets": 895,
              "lost_percent": 0,
              "omitted": false,
              "sender": false
            }
          ],
          "sum": {
            "start": 2.000106,
            "end": 3.000111,
            "seconds": 1.0000050067901611,
            "bytes": 1251210,
            "bits_per_second": 10009629.88388358,
            "jitter_ms": 0.03777932312683931,
            "lost_packets": 0,
            "packets": 895,
            "lost_percent": 0,
            "omitted": false,
            "sender": false
          }
        },
        {
          "streams": [
            {
              "socket": 10,
              "start": 3.000111,
              "end": 4.000021,
              "seconds": 0.999909996986389,
              "bytes": 1240026,
              "bits_per_second": 9921100.928981945,
              "jitter_ms": 0.048295513178232975,
              "lost_packets": 0,
              "packets": 887,
              "lost_percent": 0,
              "omitted": false,
              "sender": false
            }
          ],
          "sum": {
            "start": 3.000111,
            "end": 4.000021,
            "seconds": 0.999909996986389,
            "bytes": 1240026,
            "bits_per_second": 9921100.928981945,
            "jitter_ms": 0.048295513178232975,
            "lost_packets": 0,
            "packets": 887,
            "lost_percent": 0,
            "omitted": false,
            "sender": false
          }
        },
        {
          "streams": [
            {
              "socket": 10,
              "start": 4.000021,
              "end": 5.000104,
              "seconds": 1.0000829696655273,
              "bytes": 1259598,
              "bits_per_second": 10075948.001964405,
              "jitter_ms": 0.0376900241315143,
              "lost_packets": 0,
              "packets": 901,
              "lost_percent": 0,
              "omitted": false,
              "sender": false
            }
          ],
          "sum": {
            "start": 4.000021,
            "end": 5.000104,
            "seconds": 1.0000829696655273,
            "bytes": 1259598,
            "bits_per_second": 10075948.001964405,
            "jitter_ms": 0.0376900241315143,
            "lost_packets": 0,
            "packets": 901,
            "lost_percent": 0,
            "omitted": false,
            "sender": false
          }
        },
        {
          "streams": [
            {
              "socket": 10,
              "start": 5.000104,
              "end": 6.000142,
              "seconds": 1.0000380277633667,
              "bytes": 1251210,
              "bits_per_second": 10009299.36873214,
              "jitter_ms": 0.0475415367621839,
              "lost_packets": 0,
              "packets": 895,
              "lost_percent": 0,
              "omitted": false,
              "sender": false
            }
          ],
          "sum": {
            "start": 5.000104,
            "end": 6.000142,
            "seconds": 1.0000380277633667,
            "bytes": 1251210,
            "bits_per_second": 10009299.36873214,
            "jitter_ms": 0.0475415367621839,
            "lost_packets": 0,
            "packets": 895,
            "lost_percent": 0,
            "omitted": false,
            "sender": false
          }
        },
        {
          "streams": [
            {
              "socket": 10,
              "start": 6.000142,
              "end": 7.000014,
              "seconds": 0.9998720288276672,
              "bytes": 1242822,
              "bits_per_second": 9943848.525953365,
              "jitter_ms": 0.05425878560958846,
              "lost_packets": 0,
              "packets": 889,
              "lost_percent": 0,
              "omitted": false,
              "sender": false
            }
          ],
          "sum": {
            "start": 6.000142,
            "end": 7.000014,
            "seconds": 0.9998720288276672,
            "bytes": 1242822,
            "bits_per_second": 9943848.525953365,
            "jitter_ms": 0.05425878560958846,
            "lost_packets": 0,
            "packets": 889,
            "lost_percent": 0,
            "omitted": false,
            "sender": false
          }
        },
        {
          "streams": [
            {
              "socket": 10,
              "start": 7.000014,
              "end": 8.00018,
              "seconds": 1.0001660585403442,
              "bytes": 1256802,
              "bits_per_second": 10052746.655563926,
              "jitter_ms": 0.05447105056803012,
              "lost_packets": 0,
              "packets": 899,