{
  "udp": {
    "10": {
      "start": {
        "connected": [
          {
            "socket": 10,
            "local_host": "172.17.0.2",
            "local_port": 42984,
            "remote_host": "10.100.1.103",
            "remote_port": 32201
          }
        ],
        "version": "iperf 3.12",
        "system_info": "Linux 7ec1a3b401e5 6.5.0-27-generic #28~22.04.1-Ubuntu SMP PREEMPT_DYNAMIC Fri Mar 15 10:51:06 UTC 2 x86_64",
        "timestamp": {
          "time": "Thu, 25 Jul 2024 04:00:42 GMT",
          "timesecs": 1721880042
        },
        "connecting_to": {
          "host": "api-int.edge.open5g.info",
          "port": 32201
        },
        "cookie": "2xmlfawbqy3zm4w3pv4s6mejpsfivy27724w",
        "target_bitrate": 10000000,
        "sock_bufsize": 0,
        "sndbuf_actual": 212992,
        "rcvbuf_actual": 212992,
        "test_start": {
          "protocol": "UDP",
          "num_streams": 1,
          "blksize": 1398,
          "omit": 0,
          "duration": 10,
          "bytes": 0,
          "blocks": 0,
          "reverse": 1,
          "tos": 0,
          "target_bitrate": 10000000
        }
      },
      "intervals": [
        {
          "streams": [
            {
              "socket": 10,
              "start": 0,
              "end": 1.000287,
              "seconds": 1.0002870559692383,
              "bytes": 1251210,
              "bits_per_second": 10006807.486178074,
              "jitter_ms": 0.1056677566876419,
              "lost_packets": 0,
              "packets": 895,
              "lost_percent": 0,
              "omitted": false,
              "sender": false
            }
          ],
          "sum": {
            "start": 0,
            "end": 1.000287,
            "seconds": 1.0002870559692383,
            "bytes": 1251210,
            "bits_per_second": 10006807.486178074,
            "jitter_ms": 0.1056677566876419,
            "lost_packets": 0,
            "packets": 895,
            "lost_percent": 0,
            "omitted": false,
            "sender": false
          }
        },
        {
          "streams": [
            {
              "socket": 10,
              "start": 1.000287,
              "end": 2.000274,
              "seconds": 0.999987006187439,
              "bytes": 1249812,
              "bits_per_second": 9998625.920271076,
              "jitter_ms": 0.011819506515600089,
              "lost_packets": 0,
              "packets": 894,
              "lost_percent": 0,
              "omitted": false,
              "sender": false
            }
          ],
          "sum": {
            "start": 1.000287,
            "end": 2.000274,
            "seconds": 0.999987006187439,
            "bytes": 1249812,
            "bits_per_second": 9998625.920271076,
            "jitter_ms": 0.011819506515600089,
            "lost_packets": 0,
            "packets": 894,
            "lost_percent": 0,
            "omitted": false,
            "sender": false
          }
        },
        {
          "streams": [
            {
              "socket": 10,
              "start": 2.000274,
              "end": 3.000295,
              "seconds": 1.000020980834961,
              "bytes": 1249812,
              "bits_per_second": 9998286.227606766,
              "jitter_ms": 0.3000441304734293,
              "lost_packets": 0,
              "packets": 894,
              "lost_percent": 0,
              "omitted": false,
              "sender": false
            }
          ],
          "sum": {
            "start": 2.000274,
            "end": 3.000295,
            "seconds": 1.000020980834961,
            "bytes": 1249812,
            "bits_per_second": 9998286.227606766,
            "jitter_ms": 0.3000441304734293,
            "lost_packets": 0,
            "packets": 894,
            "lost_percent": 0,
            "omitted": false,
            "sender": false
          }
        },
        {
          "streams": [
            {
              "socket": 10,
              "start": 3.000295,
              "end": 4.000308,
              "seconds": 1.000012993812561,
              "bytes": 1251210,
              "bits_per_second": 10009549.937784288,
              "jitter_ms": 0.2853825438835031,
              "lost_packets": 0,
              "packets": 895,
              "lost_percent": 0,
              "omitted": false,
              "sender": false
            }
          ],
          "sum": {
            "start": 3.000295,
            "end": 4.000308,
            "seconds": 1.000012993812561,
            "bytes": 1251210,
            "bits_per_second": 10009549.937784288,
            "jitter_ms": 0.2853825438835031,
            "lost_packets": 0,
            "packets": 895,
            "lost_percent": 0,
            "omitted": false,
            "sender": false
          }
        },
        {
          "streams": [
            {
              "socket": 10,
              "start": 4.000308,
              "end": 5.00029,
              "seconds": 0.9999819993972778,
              "bytes": 1249812,
              "bits_per_second": 9998675.982194103,
              "jitter_ms": 0.0708977124927754,
              "lost_packets": 0,
              "packets": 894,
              "lost_percent": 0,
              "omitted": false,
              "sender": false
            }
          ],
          "sum": {
            "start": 4.000308,
            "end": 5.00029,
            "seconds": 0.9999819993972778,
            "bytes": 1249812,
            "bits_per_second": 9998675.982194103,
            "jitter_ms": 0.0708977124927754,
            "lost_packets": 0,
            "packets": 894,
            "lost_percent": 0,
            "omitted": false,
            "sender": false
          }
        },
        {
          "streams": [
            {
              "socket": 10,
              "start": 5.00029,
              "end": 6.000273,
              "seconds": 0.999983012676239,
              "bytes": 1249812,
              "bits_per_second": 9998665.85057398,
              "jitter_ms": 0.20629065424877366,
              "lost_packets": 0,
              "packets": 894,
              "lost_percent": 0,
              "omitted": false,
              "sender": false
            }
          ],
          "sum": {
            "start": 5.00029,
            "end": 6.000273,
            "seconds": 0.999983012676239,
            "bytes": 1249812,
            "bits_per_second": 9998665.85057398,
            "jitter_ms": 0.20629065424877366,
            "lost_packets": 0,
            "packets": 894,
            "lost_percent": 0,
            "omitted": false,
            "sender": false
          }
        },
        {
          "streams": [
            {
              "socket": 10,
              "start": 6.000273,
              "end": 7.00019,
              "seconds": 0.999916970729828,
              "bytes": 1249812,
              "bits_per_second": 9999326.23675965,
              "jitter_ms": 0.20399177262829846,
              "lost_packets": 0,
              "packets": 894,
              "lost_percent": 0,
              "omitted": false,
              "sender": false
            }
          ],
          "sum": {
            "start": 6.000273,
            "end": 7.00019,
            "seconds": 0.999916970729828,
            "bytes": 1249812,
            "bits_per_second": 9999326.23675965,
            "jitter_ms": 0.20399177262829846,
            "lost_packets": 0,
            "packets": 894,
            "lost_percent": 0,
            "omitted": false,
            "sender": false
          }
        },
        {
          "streams": [
            {
              "socket": 10,
              "start": 7.00019,
              "end": 8.000316,
              "seconds": 1.0001260042190552,
              "bytes": 1249812,
              "bits_per_second": 9997236.30604655,
              "jitter_ms": 0.2200560426536053,
              "lost_packets": 0,
              "packets": 894,
              "lost_percent": 0,