{
  "udp": {
    "30": {
      "start": {
        "connected": [
          {
            "socket": 10,
            "local_host": "172.17.0.2",
            "local_port": 34150,
            "remote_host": "172.20.25.101",
            "remote_port": 32201
          }
        ],
        "version": "iperf 3.12",
        "system_info": "Linux e826d8fb7495 6.8.0-60-generic #63~22.04.1-Ubuntu SMP PREEMPT_DYNAMIC Tue Apr 22 19:00:15 UTC 2 x86_64",
        "timestamp": {
          "time": "Mon, 14 Jul 2025 06:01:36 GMT",
          "timesecs": 1752472896
        },
        "connecting_to": {
          "host": "api-int.tenoran.automation.otic.open6g.net",
          "port": 32201
        },
        "cookie": "lx5lm255uxvrzadgs33gnk63mv4qlm35krtm",
        "target_bitrate": 30000000,
        "sock_bufsize": 0,
        "sndbuf_actual": 212992,
        "rcvbuf_actual": 212992,
        "test_start": {
          "protocol": "UDP",
          "num_streams": 1,
          "blksize": 1348,
          "omit": 0,
          "duration": 10,
          "bytes": 0,
          "blocks": 0,
          "reverse": 1,
          "tos": 0,
          "target_bitrate": 30000000
        }
      },
      "intervals": [
        {
          "streams": [
            {
              "socket": 10,
              "start": 0,
              "end": 1.000095,
              "seconds": 1.000095009803772,
              "bytes": 3603204,
              "bits_per_second": 28822893.542540383,
              "jitter_ms": 0.6472535849106016,
              "lost_packets": 0,
              "packets": 2673,
              "lost_percent": 0,
              "omitted": false,
              "sender": false
            }
          ],
          "sum": {
            "start": 0,
            "end": 1.000095,
            "seconds": 1.000095009803772,
            "bytes": 3603204,
            "bits_per_second": 28822893.542540383,
            "jitter_ms": 0.6472535849106016,
            "lost_packets": 0,
            "packets": 2673,
            "lost_percent": 0,
            "omitted": false,
            "sender": false
          }
        },
        {
          "streams": [
            {
              "socket": 10,
              "start": 1.000095,
              "end": 2.000091,
              "seconds": 0.9999960064888,
              "bytes": 3767660,
              "bits_per_second": 30141400.37001996,
              "jitter_ms": 0.6138031642539862,
              "lost_packets": 0,
              "packets": 2795,
              "lost_percent": 0,
              "omitted": false,
              "sender": false
            }
          ],
          "sum": {
            "start": 1.000095,
            "end": 2.000091,
            "seconds": 0.9999960064888,
            "bytes": 3767660,
            "bits_per_second": 30141400.37001996,
            "jitter_ms": 0.6138031642539862,
            "lost_packets": 0,
            "packets": 2795,
            "lost_percent": 0,
            "omitted": false,
            "sender": false
          }
        },
        {
          "streams": [
            {
              "socket": 10,
              "start": 2.000091,
              "end": 3.000094,
              "seconds": 1.0000029802322388,
              "bytes": 3742048,
              "bits_per_second": 29936294.78288918,
              "jitter_ms": 0.64729262804461,
              "lost_packets": 0,
              "packets": 2776,
              "lost_percent": 0,
              "omitted": false,
              "sender": false
            }
          ],
          "sum": {
            "start": 2.000091,
            "end": 3.000094,
            "seconds": 1.0000029802322388,
            "bytes": 3742048,
            "bits_per_second": 29936294.78288918,
            "jitter_ms": 0.64729262804461,
            "lost_packets": 0,
            "packets": 2776,
            "lost_percent": 0,
            "omitted": false,
            "sender": false
          }
        },
        {
          "streams": [
            {
              "socket": 10,
              "start": 3.000094,
              "end": 4.000144,
              "seconds": 1.0000499486923218,
              "bytes": 3735308,
              "bits_per_second": 29880971.48454904,
              "jitter_ms": 0.6321087477401307,
              "lost_packets": 0,
              "packets": 2771,
              "lost_percent": 0,
              "omitted": false,
              "sender": false
            }
          ],
          "sum": {
            "start": 3.000094,
            "end": 4.000144,
            "seconds": 1.0000499486923218,
            "bytes": 3735308,
            "bits_per_second": 29880971.48454904,
            "jitter_ms": 0.6321087477401307,
            "lost_packets": 0,
            "packets": 2771,
            "lost_percent": 0,
            "omitted": false,
            "sender": false
          }
        },
        {
          "streams": [
            {
              "socket": 10,
              "start": 4.000144,
              "end": 5.000105,
              "seconds": 0.999961018562317,
              "bytes": 3751484,
              "bits_per_second": 30013041.951524515,
              "jitter_ms": 0.6427816583282827,
              "lost_packets": 0,
              "packets": 2783,
              "lost_percent": 0,
              "omitted": false,
              "sender": false
            }
          ],
          "sum": {
            "start": 4.000144,
            "end": 5.000105,
            "seconds": 0.999961018562317,
            "bytes": 3751484,
            "bits_per_second": 30013041.951524515,
            "jitter_ms": 0.6427816583282827,
            "lost_packets": 0,
            "packets": 2783,
            "lost_percent": 0,
            "omitted": false,
            "sender": false
          }
        },
        {
          "streams": [
            {
              "socket": 10,
              "start": 5.000105,
              "end": 6.000091,
              "seconds": 0.9999859929084778,
              "bytes": 3758224,
              "bits_per_second": 30066213.14019918,
              "jitter_ms": 0.610678012252203,
              "lost_packets": 0,
              "packets": 2788,
              "lost_percent": 0,
              "omitted": false,
              "sender": false
            }
          ],
          "sum": {
            "start": 5.000105,
            "end": 6.000091,
            "seconds": 0.9999859929084778,
            "bytes": 3758224,
            "bits_per_second": 30066213.14019918,
            "jitter_ms": 0.610678012252203,
            "lost_packets": 0,
            "packets": 2788,
            "lost_percent": 0,
            "omitted": false,
            "sender": false
          }
        },
        {
          "streams": [
            {
              "socket": 10,
              "start": 6.000091,
              "end": 7.000091,
              "seconds": 1,
              "bytes": 3740700,
              "bits_per_second": 29925600,
              "jitter_ms": 0.6580000031370394,
              "lost_packets": 0,
              "packets": 2775,
              "lost_percent": 0,
              "omitted": false,
              "sender": false
            }
          ],
          "sum": {
            "start": 6.000091,
            "end": 7.000091,
            "seconds": 1,
            "bytes": 3740700,
            "bits_per_second": 29925600,
            "jitter_ms": 0.6580000031370394,
            "lost_packets": 0,
            "packets": 2775,
            "lost_percent": 0,
            "omitted": false,
            "sender": false
          }
        },
        {
          "streams": [
            {
              "socket": 10,
              "start": 7.000091,
              "end": 8.000154,
              "seconds": 1.0000629425048828,
              "bytes": 3754180,
              "bits_per_second": 30031549.73903391,
              "jitter_ms": 0.6164295610939136,
              "lost_packets": 0,
              "packets": 2785,
              "lost_percent": 0,
              "omitted": false,