{
  "udp": {
    "20": {
      "start": {
        "connected": [
          {
            "socket": 10,
            "local_host": "172.17.0.2",
            "local_port": 49180,
            "remote_host": "172.20.25.101",
            "remote_port": 32201
          }
        ],
        "version": "iperf 3.12",
        "system_info": "Linux 44dcadc6012e 6.8.0-52-generic #53~22.04.1-Ubuntu SMP PREEMPT_DYNAMIC Wed Jan 15 19:18:46 UTC 2 x86_64",
        "timestamp": {
          "time": "Sat, 05 Apr 2025 05:31:33 GMT",
          "timesecs": 1743831093
        },
        "connecting_to": {
          "host": "api-int.tenoran.automation.otic.open6g.net",
          "port": 32201
        },
        "cookie": "zwbvvopddmq5jze6ioehctpfgi2i3klowh3y",
        "target_bitrate": 20000000,
        "sock_bufsize": 0,
        "sndbuf_actual": 212992,
        "rcvbuf_actual": 212992,
        "test_start": {
          "protocol": "UDP",
          "num_streams": 1,
          "blksize": 1348,
          "omit": 0,
          "duration": 10,
          "bytes": 0,
          "blocks": 0,
          "reverse": 1,
          "tos": 0,
          "target_bitrate": 20000000
        }
      },
      "intervals": [
        {
          "streams": [
            {
              "socket": 10,
              "start": 0,
              "end": 1.000283,
              "seconds": 1.0002830028533936,
              "bytes": 2503236,
              "bits_per_second": 20020222.21998617,
              "jitter_ms": 0.024470887314112053,
              "lost_packets": 0,
              "packets": 1857,
              "lost_percent": 0,
              "omitted": false,
              "sender": false
            }
          ],
          "sum": {
            "start": 0,
            "end": 1.000283,
            "seconds": 1.0002830028533936,
            "bytes": 2503236,
            "bits_per_second": 20020222.21998617,
            "jitter_ms": 0.024470887314112053,
            "lost_packets": 0,
            "packets": 1857,
            "lost_percent": 0,
            "omitted": false,
            "sender": false
          }
        },
        {
          "streams": [
            {
              "socket": 10,
              "start": 1.000283,
              "end": 2.000288,
              "seconds": 1.0000050067901611,
              "bytes": 2500540,
              "bits_per_second": 20004219.84306891,
              "jitter_ms": 0.2658893921726024,
              "lost_packets": 0,
              "packets": 1855,
              "lost_percent": 0,
              "omitted": false,
              "sender": false
            }
          ],
          "sum": {
            "start": 1.000283,
            "end": 2.000288,
            "seconds": 1.0000050067901611,
            "bytes": 2500540,
            "bits_per_second": 20004219.84306891,
            "jitter_ms": 0.2658893921726024,
            "lost_packets": 0,
            "packets": 1855,
            "lost_percent": 0,
            "omitted": false,
            "sender": false
          }
        },
        {
          "streams": [
            {
              "socket": 10,
              "start": 2.000288,
              "end": 3.000209,
              "seconds": 0.9999210238456726,
              "bytes": 2499192,
              "bits_per_second": 19995115.13729888,
              "jitter_ms": 0.220219202492129,
              "lost_packets": 0,
              "packets": 1854,
              "lost_percent": 0,
              "omitted": false,
              "sender": false
            }
          ],
          "sum": {
            "start": 2.000288,
            "end": 3.000209,
            "seconds": 0.9999210238456726,
            "bytes": 2499192,
            "bits_per_second": 19995115.13729888,
            "jitter_ms": 0.220219202492129,
            "lost_packets": 0,
            "packets": 1854,
            "lost_percent": 0,
            "omitted": false,
            "sender": false
          }
        },
        {
          "streams": [
            {
              "socket": 10,
              "start": 3.000209,
              "end": 4.000207,
              "seconds": 0.9999979734420776,
              "bytes": 2500540,
              "bits_per_second": 20004360.539995335,
              "jitter_ms": 0.20398893218546968,
              "lost_packets": 0,
              "packets": 1855,
              "lost_percent": 0,
              "omitted": false,
              "sender": false
            }
          ],
          "sum": {
            "start": 3.000209,
            "end": 4.000207,
            "seconds": 0.9999979734420776,
            "bytes": 2500540,
            "bits_per_second": 20004360.539995335,
            "jitter_ms": 0.20398893218546968,
            "lost_packets": 0,
            "packets": 1855,
            "lost_percent": 0,
            "omitted": false,
            "sender": false
          }
        },
        {
          "streams": [
            {
              "socket": 10,
              "start": 4.000207,
              "end": 5.00025,
              "seconds": 1.0000430345535278,
              "bytes": 2500540,
              "bits_per_second": 20003459.160066035,
              "jitter_ms": 0.0366558402743889,
              "lost_packets": 0,
              "packets": 1855,
              "lost_percent": 0,
              "omitted": false,
              "sender": false
            }
          ],
          "sum": {
            "start": 4.000207,
            "end": 5.00025,
            "seconds": 1.0000430345535278,
            "bytes": 2500540,
            "bits_per_second": 20003459.160066035,
            "jitter_ms": 0.0366558402743889,
            "lost_packets": 0,
            "packets": 1855,
            "lost_percent": 0,
            "omitted": false,
            "sender": false
          }
        },
        {
          "streams": [
            {
              "socket": 10,
              "start": 5.00025,
              "end": 6.000207,
              "seconds": 0.999957025051117,
              "bytes": 2499192,
              "bits_per_second": 19994395.258114167,
              "jitter_ms": 0.45994299346360323,
              "lost_packets": 0,
              "packets": 1854,
              "lost_percent": 0,
              "omitted": false,
              "sender": false
            }
          ],
          "sum": {
            "start": 5.00025,
            "end": 6.000207,
            "seconds": 0.999957025051117,
            "bytes": 2499192,
            "bits_per_second": 19994395.258114167,
            "jitter_ms": 0.45994299346360323,
            "lost_packets": 0,
            "packets": 1854,
            "lost_percent": 0,
            "omitted": false,
            "sender": false
          }
        },
        {
          "streams": [
            {
              "socket": 10,
              "start": 6.000207,
              "end": 7.00015,
              "seconds": 0.9999430179595947,
              "bytes": 2499192,
              "bits_per_second": 19994675.337397967,
              "jitter_ms": 0.0873681181170007,
              "lost_packets": 0,
              "packets": 1854,
              "lost_percent": 0,
              "omitted": false,
              "sender": false
            }
          ],
          "sum": {
            "start": 6.000207,
            "end": 7.00015,
            "seconds": 0.9999430179595947,
            "bytes": 2499192,
            "bits_per_second": 19994675.337397967,
            "jitter_ms": 0.0873681181170007,
            "lost_packets": 0,
            "packets": 1854,
            "lost_percent": 0,
            "omitted": false,
            "sender": false
          }
        },
        {
          "streams": [
            {
              "socket": 10,
              "start": 7.00015,
              "end": 8.000287,
              "seconds": 1.0001369714736938,
              "bytes": 2435836,
              "bits_per_second": 19484019.24517051,
              "jitter_ms": 0.025138693106057673,
              "lost_packets": 0,