{
  "udp": {
    "60": {
      "start": {
        "connected": [
          {
            "socket": 10,
            "local_host": "172.17.0.2",
            "local_port": 57069,
            "remote_host": "172.20.25.101",
            "remote_port": 32201
          }
        ],
        "version": "iperf 3.12",
        "system_info": "Linux 549334a20707 6.8.0-60-generic #63~22.04.1-Ubuntu SMP PREEMPT_DYNAMIC Tue Apr 22 19:00:15 UTC 2 x86_64",
        "timestamp": {
          "time": "Fri, 20 Jun 2025 22:56:53 GMT",
          "timesecs": 1750460213
        },
        "connecting_to": {
          "host": "api-int.tenoran.automation.otic.open6g.net",
          "port": 32201
        },
        "cookie": "ixr2ngg3fgkxca7ciylkmvmlq5ktcsnyunce",
        "target_bitrate": 60000000,
        "sock_bufsize": 0,
        "sndbuf_actual": 212992,
        "rcvbuf_actual": 212992,
        "test_start": {
          "protocol": "UDP",
          "num_streams": 1,
          "blksize": 1348,
          "omit": 0,
          "duration": 10,
          "bytes": 0,
          "blocks": 0,
          "reverse": 1,
          "tos": 0,
          "target_bitrate": 60000000
        }
      },
      "intervals": [
        {
          "streams": [
            {
              "socket": 10,
              "start": 0,
              "end": 1.000218,
              "seconds": 1.0002180337905884,
              "bytes": 5963552,
              "bits_per_second": 47698016.22071985,
              "jitter_ms": 0.0678607894837453,
              "lost_packets": 4,
              "packets": 4428,
              "lost_percent": 0.0903342366757001,
              "omitted": false,
              "sender": false
            }
          ],
          "sum": {
            "start": 0,
            "end": 1.000218,
            "seconds": 1.0002180337905884,
            "bytes": 5963552,
            "bits_per_second": 47698016.22071985,
            "jitter_ms": 0.0678607894837453,
            "lost_packets": 4,
            "packets": 4428,
            "lost_percent": 0.0903342366757001,
            "omitted": false,
            "sender": false
          }
        },
        {
          "streams": [
            {
              "socket": 10,
              "start": 1.000218,
              "end": 2.000167,
              "seconds": 0.9999489784240723,
              "bytes": 5797748,
              "bits_per_second": 46384350.60266613,
              "jitter_ms": 0.0892645363020626,
              "lost_packets": 22,
              "packets": 4323,
              "lost_percent": 0.5089058524173028,
              "omitted": false,
              "sender": false
            }
          ],
          "sum": {
            "start": 1.000218,
            "end": 2.000167,
            "seconds": 0.9999489784240723,
            "bytes": 5797748,
            "bits_per_second": 46384350.60266613,
            "jitter_ms": 0.0892645363020626,
            "lost_packets": 22,
            "packets": 4323,
            "lost_percent": 0.5089058524173028,
            "omitted": false,
            "sender": false
          }
        },
        {
          "streams": [
            {
              "socket": 10,
              "start": 2.000167,
              "end": 3.000193,
              "seconds": 1.000025987625122,
              "bytes": 7059476,
              "bits_per_second": 56474340.36601355,
              "jitter_ms": 0.2575472505656158,
              "lost_packets": 0,
              "packets": 5237,
              "lost_percent": 0,
              "omitted": false,
              "sender": false
            }
          ],
          "sum": {
            "start": 2.000167,
            "end": 3.000193,
            "seconds": 1.000025987625122,
            "bytes": 7059476,
            "bits_per_second": 56474340.36601355,
            "jitter_ms": 0.2575472505656158,
            "lost_packets": 0,
            "packets": 5237,
            "lost_percent": 0,
            "omitted": false,
            "sender": false
          }
        },
        {
          "streams": [
            {
              "socket": 10,
              "start": 3.000193,
              "end": 4.000212,
              "seconds": 1.0000189542770386,
              "bytes": 7063520,
              "bits_per_second": 56507088.94898142,
              "jitter_ms": 0.6521907277789596,
              "lost_packets": 0,
              "packets": 5240,
              "lost_percent": 0,
              "omitted": false,
              "sender": false
            }
          ],
          "sum": {
            "start": 3.000193,
            "end": 4.000212,
            "seconds": 1.0000189542770386,
            "bytes": 7063520,
            "bits_per_second": 56507088.94898142,
            "jitter_ms": 0.6521907277789596,
            "lost_packets": 0,
            "packets": 5240,
            "lost_percent": 0,
            "omitted": false,
            "sender": false
          }
        },
        {
          "streams": [
            {
              "socket": 10,
              "start": 4.000212,
              "end": 5.000197,
              "seconds": 0.9999849796295166,
              "bytes": 7153836,
              "bits_per_second": 57231547.639048874,
              "jitter_ms": 0.6695616732082433,
              "lost_packets": 0,
              "packets": 5307,
              "lost_percent": 0,
              "omitted": false,
              "sender": false
            }
          ],
          "sum": {
            "start": 4.000212,
            "end": 5.000197,
            "seconds": 0.9999849796295166,
            "bytes": 7153836,
            "bits_per_second": 57231547.639048874,
            "jitter_ms": 0.6695616732082433,
            "lost_packets": 0,
            "packets": 5307,
            "lost_percent": 0,
            "omitted": false,
            "sender": false
          }
        },
        {
          "streams": [
            {
              "socket": 10,
              "start": 5.000197,
              "end": 6.00015,
              "seconds": 0.9999529719352722,
              "bytes": 7097220,
              "bits_per_second": 56780430.273750186,
              "jitter_ms": 0.145563471426298,
              "lost_packets": 0,
              "packets": 5265,
              "lost_percent": 0,
              "omitted": false,
              "sender": false
            }
          ],
          "sum": {
            "start": 5.000197,
            "end": 6.00015,
            "seconds": 0.9999529719352722,
            "bytes": 7097220,
            "bits_per_second": 56780430.273750186,
            "jitter_ms": 0.145563471426298,
            "lost_packets": 0,
            "packets": 5265,
            "lost_percent": 0,
            "omitted": false,
            "sender": false
          }
        },
        {
          "streams": [
            {
              "socket": 10,
              "start": 6.00015,
              "end": 7.000191,
              "seconds": 1.0000410079956055,
              "bytes": 7091828,
              "bits_per_second": 56732297.52219252,
              "jitter_ms": 0.14773952884127892,
              "lost_packets": 0,
              "packets": 5261,
              "lost_percent": 0,
              "omitted": false,
              "sender": false
            }
          ],
          "sum": {
            "start": 6.00015,
            "end": 7.000191,
            "seconds": 1.0000410079956055,
            "bytes": 7091828,
            "bits_per_second": 56732297.52219252,
            "jitter_ms": 0.14773952884127892,
            "lost_packets": 0,
            "packets": 5261,
            "lost_percent": 0,
            "omitted": false,
            "sender": false
          }
        },
        {
          "streams": [
            {
              "socket": 10,
              "start": 7.000191,
              "end": 8.000219,
              "seconds": 1.0000280141830444,
              "bytes": 7130920,
              "bits_per_second": 57045761.909583956,