{
  "udp": {
    "30": {
      "start": {
        "connected": [
          {
            "socket": 9,
            "local_host": "172.17.0.2",
            "local_port": 58709,
            "remote_host": "10.100.1.103",
            "remote_port": 32201
          }
        ],
        "version": "iperf 3.12",
        "system_info": "Linux a9b1d7f41f5a 6.2.0-37-generic #38~22.04.1-Ubuntu SMP PREEMPT_DYNAMIC Thu Nov  2 18:01:13 UTC 2 x86_64",
        "timestamp": {
          "time": "Sat, 02 Dec 2023 16:01:22 GMT",
          "timesecs": 1701532882
        },
        "connecting_to": {
          "host": "api-int.edge.open5g.info",
          "port": 32201
        },
        "cookie": "o2hn3qtr63lgl3vr47wfu6m573bja5kdljn7",
        "target_bitrate": 30000000,
        "sock_bufsize": 0,
        "sndbuf_actual": 212992,
        "rcvbuf_actual": 212992,
        "test_start": {
          "protocol": "UDP",
          "num_streams": 1,
          "blksize": 1398,
          "omit": 0,
          "duration": 10,
          "bytes": 0,
          "blocks": 0,
          "reverse": 1,
          "tos": 0,
          "target_bitrate": 30000000
        }
      },
      "intervals": [
        {
          "streams": [
            {
              "socket": 9,
              "start": 0,
              "end": 1.00026,
              "seconds": 1.00025999546051,
              "bytes": 3647382,
              "bits_per_second": 29171471.549820643,
              "jitter_ms": 0.0357741958136106,
              "lost_packets": 0,
              "packets": 2609,
              "lost_percent": 0,
              "omitted": false,
              "sender": false
            }
          ],
          "sum": {
            "start": 0,
            "end": 1.00026,
            "seconds": 1.00025999546051,
            "bytes": 3647382,
            "bits_per_second": 29171471.549820643,
            "jitter_ms": 0.0357741958136106,
            "lost_packets": 0,
            "packets": 2609,
            "lost_percent": 0,
            "omitted": false,
            "sender": false
          }
        },
        {
          "streams": [
            {
              "socket": 9,
              "start": 1.00026,
              "end": 2.000262,
              "seconds": 1.0000020265579224,
              "bytes": 3693516,
              "bits_per_second": 29548068.119128462,
              "jitter_ms": 0.0675797699312935,
              "lost_packets": 0,
              "packets": 2642,
              "lost_percent": 0,
              "omitted": false,
              "sender": false
            }
          ],
          "sum": {
            "start": 1.00026,
            "end": 2.000262,
            "seconds": 1.0000020265579224,
            "bytes": 3693516,
            "bits_per_second": 29548068.119128462,
            "jitter_ms": 0.0675797699312935,
            "lost_packets": 0,
            "packets": 2642,
            "lost_percent": 0,
            "omitted": false,
            "sender": false
          }
        },
        {
          "streams": [
            {
              "socket": 9,
              "start": 2.000262,
              "end": 3.000186,
              "seconds": 0.9999240040779114,
              "bytes": 3718680,
              "bits_per_second": 29751701.0079518,
              "jitter_ms": 0.01892382284023758,
              "lost_packets": 0,
              "packets": 2660,
              "lost_percent": 0,
              "omitted": false,
              "sender": false
            }
          ],
          "sum": {
            "start": 2.000262,
            "end": 3.000186,
            "seconds": 0.9999240040779114,
            "bytes": 3718680,
            "bits_per_second": 29751701.0079518,
            "jitter_ms": 0.01892382284023758,
            "lost_packets": 0,
            "packets": 2660,
            "lost_percent": 0,
            "omitted": false,
            "sender": false
          }
        },
        {
          "streams": [
            {
              "socket": 9,
              "start": 3.000186,
              "end": 4.000183,
              "seconds": 0.9999970197677612,
              "bytes": 3780192,
              "bits_per_second": 30241626.127069138,
              "jitter_ms": 0.0731732731032968,
              "lost_packets": 1,
              "packets": 2705,
              "lost_percent": 0.036968576709796676,
              "omitted": false,
              "sender": false
            }
          ],
          "sum": {
            "start": 3.000186,
            "end": 4.000183,
            "seconds": 0.9999970197677612,
            "bytes": 3780192,
            "bits_per_second": 30241626.127069138,
            "jitter_ms": 0.0731732731032968,
            "lost_packets": 1,
            "packets": 2705,
            "lost_percent": 0.036968576709796676,
            "omitted": false,
            "sender": false
          }
        },
        {
          "streams": [
            {
              "socket": 9,
              "start": 4.000183,
              "end": 5.000261,
              "seconds": 1.0000779628753662,
              "bytes": 3771804,
              "bits_per_second": 30172079.697910972,
              "jitter_ms": 0.032943472360379165,
              "lost_packets": 28,
              "packets": 2726,
              "lost_percent": 1.0271460014673515,
              "omitted": false,
              "sender": false
            }
          ],
          "sum": {
            "start": 4.000183,
            "end": 5.000261,
            "seconds": 1.0000779628753662,
            "bytes": 3771804,
            "bits_per_second": 30172079.697910972,
            "jitter_ms": 0.032943472360379165,
            "lost_packets": 28,
            "packets": 2726,
            "lost_percent": 1.0271460014673515,
            "omitted": false,
            "sender": false
          }
        },
        {
          "streams": [
            {
              "socket": 9,
              "start": 5.000261,
              "end": 6.000265,
              "seconds": 1.0000040531158447,
              "bytes": 3662760,
              "bits_per_second": 29301961.235756632,
              "jitter_ms": 0.059830848534249775,
              "lost_packets": 5,
              "packets": 2625,
              "lost_percent": 0.19047619047619047,
              "omitted": false,
              "sender": false
            }
          ],
          "sum": {
            "start": 5.000261,
            "end": 6.000265,
            "seconds": 1.0000040531158447,
            "bytes": 3662760,
            "bits_per_second": 29301961.235756632,
            "jitter_ms": 0.059830848534249775,
            "lost_packets": 5,
            "packets": 2625,
            "lost_percent": 0.19047619047619047,
            "omitted": false,
            "sender": false
          }
        },
        {
          "streams": [
            {
              "socket": 9,
              "start": 6.000265,
              "end": 7.000155,
              "seconds": 0.9998900294303894,
              "bytes": 3812346,
              "bits_per_second": 30502122.3357676,
              "jitter_ms": 0.03759645352188685,
              "lost_packets": 0,
              "packets": 2727,
              "lost_percent": 0,
              "omitted": false,
              "sender": false
            }
          ],
          "sum": {
            "start": 6.000265,
            "end": 7.000155,
            "seconds": 0.9998900294303894,
            "bytes": 3812346,
            "bits_per_second": 30502122.3357676,
            "jitter_ms": 0.03759645352188685,
            "lost_packets": 0,
            "packets": 2727,
            "lost_percent": 0,
            "omitted": false,
            "sender": false
          }
        },
        {
          "streams": [
            {
              "socket": 9,
              "start": 7.000155,
              "end": 8.000186,
              "seconds": 1.0000309944152832,
              "bytes": 3734058,
              "bits_per_second": 29871538.149141457,