{
  "udp": {
    "50": {
      "start": {
        "connected": [
          {
            "socket": 5,
            "local_host": "172.17.0.2",
            "local_port": 34659,
            "remote_host": "172.20.25.101",
            "remote_port": 32201
          }
        ],
        "version": "iperf 3.12",
        "system_info": "Linux 342d64523b70 6.8.0-87-generic #88~22.04.1-Ubuntu SMP PREEMPT_DYNAMIC Tue Oct 14 14:03:14 UTC 2 x86_64",
        "timestamp": {
          "time": "Sun, 09 Nov 2025 06:02:16 GMT",
          "timesecs": 1762668136
        },
        "connecting_to": {
          "host": "api-int.tenoran.automation.otic.open6g.net",
          "port": 32201
        },
        "cookie": "q44abq5a4aer3i6wgog4fs34a6gmk7n3xhop",
        "target_bitrate": 50000000,
        "sock_bufsize": 0,
        "sndbuf_actual": 212992,
        "rcvbuf_actual": 212992,
        "test_start": {
          "protocol": "UDP",
          "num_streams": 1,
          "blksize": 1348,
          "omit": 0,
          "duration": 10,
          "bytes": 0,
          "blocks": 0,
          "reverse": 1,
          "tos": 0,
          "target_bitrate": 50000000
        }
      },
      "intervals": [
        {
          "streams": [
            {
              "socket": 5,
              "start": 0,
              "end": 1.000118,
              "seconds": 1.0001180171966553,
              "bytes": 6169796,
              "bits_per_second": 49352543.55116229,
              "jitter_ms": 0.2915752698547722,
              "lost_packets": 0,
              "packets": 4577,
              "lost_percent": 0,
              "omitted": false,
              "sender": false
            }
          ],
          "sum": {
            "start": 0,
            "end": 1.000118,
            "seconds": 1.0001180171966553,
            "bytes": 6169796,
            "bits_per_second": 49352543.55116229,
            "jitter_ms": 0.2915752698547722,
            "lost_packets": 0,
            "packets": 4577,
            "lost_percent": 0,
            "omitted": false,
            "sender": false
          }
        },
        {
          "streams": [
            {
              "socket": 5,
              "start": 1.000118,
              "end": 2.000117,
              "seconds": 0.9999989867210388,
              "bytes": 6296508,
              "bits_per_second": 50372115.0410044,
              "jitter_ms": 0.3564134312220289,
              "lost_packets": 0,
              "packets": 4671,
              "lost_percent": 0,
              "omitted": false,
              "sender": false
            }
          ],
          "sum": {
            "start": 1.000118,
            "end": 2.000117,
            "seconds": 0.9999989867210388,
            "bytes": 6296508,
            "bits_per_second": 50372115.0410044,
            "jitter_ms": 0.3564134312220289,
            "lost_packets": 0,
            "packets": 4671,
            "lost_percent": 0,
            "omitted": false,
            "sender": false
          }
        },
        {
          "streams": [
            {
              "socket": 5,
              "start": 2.000117,
              "end": 3.00012,
              "seconds": 1.0000029802322388,
              "bytes": 6188668,
              "bits_per_second": 49509196.451096624,
              "jitter_ms": 0.7183116418839166,
              "lost_packets": 0,
              "packets": 4591,
              "lost_percent": 0,
              "omitted": false,
              "sender": false
            }
          ],
          "sum": {
            "start": 2.000117,
            "end": 3.00012,
            "seconds": 1.0000029802322388,
            "bytes": 6188668,
            "bits_per_second": 49509196.451096624,
            "jitter_ms": 0.7183116418839166,
            "lost_packets": 0,
            "packets": 4591,
            "lost_percent": 0,
            "omitted": false,
            "sender": false
          }
        },
        {
          "streams": [
            {
              "socket": 5,
              "start": 3.00012,
              "end": 4.00012,
              "seconds": 1,
              "bytes": 6311336,
              "bits_per_second": 50490688,
              "jitter_ms": 0.3426562780326553,
              "lost_packets": 0,
              "packets": 4682,
              "lost_percent": 0,
              "omitted": false,
              "sender": false
            }
          ],
          "sum": {
            "start": 3.00012,
            "end": 4.00012,
            "seconds": 1,
            "bytes": 6311336,
            "bits_per_second": 50490688,
            "jitter_ms": 0.3426562780326553,
            "lost_packets": 0,
            "packets": 4682,
            "lost_percent": 0,
            "omitted": false,
            "sender": false
          }
        },
        {
          "streams": [
            {
              "socket": 5,
              "start": 4.00012,
              "end": 5.00012,
              "seconds": 1,
              "bytes": 6219672,
              "bits_per_second": 49757376,
              "jitter_ms": 0.6495501162138804,
              "lost_packets": 0,
              "packets": 4614,
              "lost_percent": 0,
              "omitted": false,
              "sender": false
            }
          ],
          "sum": {
            "start": 4.00012,
            "end": 5.00012,
            "seconds": 1,
            "bytes": 6219672,
            "bits_per_second": 49757376,
            "jitter_ms": 0.6495501162138804,
            "lost_packets": 0,
            "packets": 4614,
            "lost_percent": 0,
            "omitted": false,
            "sender": false
          }
        },
        {
          "streams": [
            {
              "socket": 5,
              "start": 5.00012,
              "end": 6.000115,
              "seconds": 0.999994993209839,
              "bytes": 6252024,
              "bits_per_second": 50016442.4218318,
              "jitter_ms": 0.22040644803058,
              "lost_packets": 0,
              "packets": 4638,
              "lost_percent": 0,
              "omitted": false,
              "sender": false
            }
          ],
          "sum": {
            "start": 5.00012,
            "end": 6.000115,
            "seconds": 0.999994993209839,
            "bytes": 6252024,
            "bits_per_second": 50016442.4218318,
            "jitter_ms": 0.22040644803058,
            "lost_packets": 0,
            "packets": 4638,
            "lost_percent": 0,
            "omitted": false,
            "sender": false
          }
        },
        {
          "streams": [
            {
              "socket": 5,
              "start": 6.000115,
              "end": 7.000117,
              "seconds": 1.0000020265579224,
              "bytes": 6216976,
              "bits_per_second": 49735707.20770854,
              "jitter_ms": 0.7193910349165487,
              "lost_packets": 0,
              "packets": 4612,
              "lost_percent": 0,
              "omitted": false,
              "sender": false
            }
          ],
          "sum": {
            "start": 6.000115,
            "end": 7.000117,
            "seconds": 1.0000020265579224,
            "bytes": 6216976,
            "bits_per_second": 49735707.20770854,
            "jitter_ms": 0.7193910349165487,
            "lost_packets": 0,
            "packets": 4612,
            "lost_percent": 0,
            "omitted": false,
            "sender": false
          }
        },
        {
          "streams": [
            {
              "socket": 5,
              "start": 7.000117,
              "end": 8.000119,
              "seconds": 1.0000020265579224,
              "bytes": 6311336,
              "bits_per_second": 50490585.6779036,
              "jitter_ms": 0.26161134049853074,
              "lost_packets": 0,
              "packets": 4682,
              "lost_percent": 0,
              "omitted": false,
              "sender": false
            }
          ],