{
  "udp": {
    "10": {
      "start": {
        "connected": [
          {
            "socket": 9,
            "local_host": "172.17.0.2",
            "local_port": 59568,
            "remote_host": "10.100.1.103",
            "remote_port": 32201
          }
        ],
        "version": "iperf 3.12",
        "system_info": "Linux f7e1f6270bfa 6.5.0-27-generic #28~22.04.1-Ubuntu SMP PREEMPT_DYNAMIC Fri Mar 15 10:51:06 UTC 2 x86_64",
        "timestamp": {
          "time": "Wed, 19 Jun 2024 16:00:41 GMT",
          "timesecs": 1718812841
        },
        "connecting_to": {
          "host": "api-int.edge.open5g.info",
          "port": 32201
        },
        "cookie": "pmynxay362xumictbsnk4zgctvebjmzdsju3",
        "target_bitrate": 10000000,
        "sock_bufsize": 0,
        "sndbuf_actual": 212992,
        "rcvbuf_actual": 212992,
        "test_start": {
          "protocol": "UDP",
          "num_streams": 1,
          "blksize": 1398,
          "omit": 0,
          "duration": 10,
          "bytes": 0,
          "blocks": 0,
          "reverse": 1,
          "tos": 0,
          "target_bitrate": 10000000
        }
      },
      "intervals": [
        {
          "streams": [
            {
              "socket": 9,
              "start": 0,
              "end": 1.000074,
              "seconds": 1.000074028968811,
              "bytes": 1251210,
              "bits_per_second": 10008939.048563343,
              "jitter_ms": 0.19503151379016032,
              "lost_packets": 0,
              "packets": 895,
              "lost_percent": 0,
              "omitted": false,
              "sender": false
            }
          ],
          "sum": {
            "start": 0,
            "end": 1.000074,
            "seconds": 1.000074028968811,
            "bytes": 1251210,
            "bits_per_second": 10008939.048563343,
            "jitter_ms": 0.19503151379016032,
            "lost_packets": 0,
            "packets": 895,
            "lost_percent": 0,
            "omitted": false,
            "sender": false
          }
        },
        {
          "streams": [
            {
              "socket": 9,
              "start": 1.000074,
              "end": 2.000108,
              "seconds": 1.000033974647522,
              "bytes": 1249812,
              "bits_per_second": 9998156.31616329,
              "jitter_ms": 0.2393185282056847,
              "lost_packets": 0,
              "packets": 894,
              "lost_percent": 0,
              "omitted": false,
              "sender": false
            }
          ],
          "sum": {
            "start": 1.000074,
            "end": 2.000108,
            "seconds": 1.000033974647522,
            "bytes": 1249812,
            "bits_per_second": 9998156.31616329,
            "jitter_ms": 0.2393185282056847,
            "lost_packets": 0,
            "packets": 894,
            "lost_percent": 0,
            "omitted": false,
            "sender": false
          }
        },
        {
          "streams": [
            {
              "socket": 9,
              "start": 2.000108,
              "end": 3.000094,
              "seconds": 0.9999859929084778,
              "bytes": 1251210,
              "bits_per_second": 10009820.208467782,
              "jitter_ms": 0.3897434740361414,
              "lost_packets": 0,
              "packets": 895,
              "lost_percent": 0,
              "omitted": false,
              "sender": false
            }
          ],
          "sum": {
            "start": 2.000108,
            "end": 3.000094,
            "seconds": 0.9999859929084778,
            "bytes": 1251210,
            "bits_per_second": 10009820.208467782,
            "jitter_ms": 0.3897434740361414,
            "lost_packets": 0,
            "packets": 895,
            "lost_percent": 0,
            "omitted": false,
            "sender": false
          }
        },
        {
          "streams": [
            {
              "socket": 9,
              "start": 3.000094,
              "end": 4.000283,
              "seconds": 1.000188946723938,
              "bytes": 1249812,
              "bits_per_second": 9996607.17382401,
              "jitter_ms": 0.3148362145841031,
              "lost_packets": 0,
              "packets": 894,
              "lost_percent": 0,
              "omitted": false,
              "sender": false
            }
          ],
          "sum": {
            "start": 3.000094,
            "end": 4.000283,
            "seconds": 1.000188946723938,
            "bytes": 1249812,
            "bits_per_second": 9996607.17382401,
            "jitter_ms": 0.3148362145841031,
            "lost_packets": 0,
            "packets": 894,
            "lost_percent": 0,
            "omitted": false,
            "sender": false
          }
        },
        {
          "streams": [
            {
              "socket": 9,
              "start": 4.000283,
              "end": 5.000133,
              "seconds": 0.9998499751091003,
              "bytes": 1249812,
              "bits_per_second": 9999996.248346156,
              "jitter_ms": 0.26516931195992616,
              "lost_packets": 0,
              "packets": 894,
              "lost_percent": 0,
              "omitted": false,
              "sender": false
            }
          ],
          "sum": {
            "start": 4.000283,
            "end": 5.000133,
            "seconds": 0.9998499751091003,
            "bytes": 1249812,
            "bits_per_second": 9999996.248346156,
            "jitter_ms": 0.26516931195992616,
            "lost_packets": 0,
            "packets": 894,
            "lost_percent": 0,
            "omitted": false,
            "sender": false
          }
        },
        {
          "streams": [
            {
              "socket": 9,
              "start": 5.000133,
              "end": 6.00029,
              "seconds": 1.0001569986343384,
              "bytes": 1249812,
              "bits_per_second": 9996926.496192517,
              "jitter_ms": 0.24024862313194684,
              "lost_packets": 0,
              "packets": 894,
              "lost_percent": 0,
              "omitted": false,
              "sender": false
            }
          ],
          "sum": {
            "start": 5.000133,
            "end": 6.00029,
            "seconds": 1.0001569986343384,
            "bytes": 1249812,
            "bits_per_second": 9996926.496192517,
            "jitter_ms": 0.24024862313194684,
            "lost_packets": 0,
            "packets": 894,
            "lost_percent": 0,
            "omitted": false,
            "sender": false
          }
        },
        {
          "streams": [
            {
              "socket": 9,
              "start": 6.00029,
              "end": 7.000284,
              "seconds": 0.9999939799308777,
              "bytes": 1249812,
              "bits_per_second": 9998556.1919994,
              "jitter_ms": 0.22193830204628,
              "lost_packets": 0,
              "packets": 894,
              "lost_percent": 0,
              "omitted": false,
              "sender": false
            }
          ],
          "sum": {
            "start": 6.00029,
            "end": 7.000284,
            "seconds": 0.9999939799308777,
            "bytes": 1249812,
            "bits_per_second": 9998556.1919994,
            "jitter_ms": 0.22193830204628,
            "lost_packets": 0,
            "packets": 894,
            "lost_percent": 0,
            "omitted": false,
            "sender": false
          }
        },
        {
          "streams": [
            {
              "socket": 9,
              "start": 7.000284,
              "end": 8.00008,
              "seconds": 0.999795973300934,
              "bytes": 1249812,
              "bits_per_second": 10000536.376425773,
              "jitter_ms": 0.35474407099650884,
              "lost_packets": 0,
              "packets": 894,
              "lost_percent": 0,