{
  "udp": {
    "70": {
      "start": {
        "connected": [
          {
            "socket": 5,
            "local_host": "172.17.0.2",
            "local_port": 58025,
            "remote_host": "172.20.25.101",
            "remote_port": 32201
          }
        ],
        "version": "iperf 3.12",
        "system_info": "Linux 525d2df60934 6.8.0-79-generic #79~22.04.1-Ubuntu SMP PREEMPT_DYNAMIC Fri Aug 15 16:54:53 UTC 2 x86_64",
        "timestamp": {
          "time": "Thu, 09 Oct 2025 05:32:12 GMT",
          "timesecs": 1759987932
        },
        "connecting_to": {
          "host": "api-int.tenoran.automation.otic.open6g.net",
          "port": 32201
        },
        "cookie": "a3w7psoog5bmockjisz5crstybdqjfo4isq4",
        "target_bitrate": 70000000,
        "sock_bufsize": 0,
        "sndbuf_actual": 212992,
        "rcvbuf_actual": 212992,
        "test_start": {
          "protocol": "UDP",
          "num_streams": 1,
          "blksize": 1348,
          "omit": 0,
          "duration": 10,
          "bytes": 0,
          "blocks": 0,
          "reverse": 1,
          "tos": 0,
          "target_bitrate": 70000000
        }
      },
      "intervals": [
        {
          "streams": [
            {
              "socket": 5,
              "start": 0,
              "end": 1.000019,
              "seconds": 1.0000189542770386,
              "bytes": 8197188,
              "bits_per_second": 65576261.04938091,
              "jitter_ms": 0.21745941026645307,
              "lost_packets": 0,
              "packets": 6081,
              "lost_percent": 0,
              "omitted": false,
              "sender": false
            }
          ],
          "sum": {
            "start": 0,
            "end": 1.000019,
            "seconds": 1.0000189542770386,
            "bytes": 8197188,
            "bits_per_second": 65576261.04938091,
            "jitter_ms": 0.21745941026645307,
            "lost_packets": 0,
            "packets": 6081,
            "lost_percent": 0,
            "omitted": false,
            "sender": false
          }
        },
        {
          "streams": [
            {
              "socket": 5,
              "start": 1.000019,
              "end": 2.00019,
              "seconds": 1.0001709461212158,
              "bytes": 9058560,
              "bits_per_second": 72456093.91178733,
              "jitter_ms": 0.17514115279390827,
              "lost_packets": 10,
              "packets": 6730,
              "lost_percent": 0.1485884101040119,
              "omitted": false,
              "sender": false
            }
          ],
          "sum": {
            "start": 1.000019,
            "end": 2.00019,
            "seconds": 1.0001709461212158,
            "bytes": 9058560,
            "bits_per_second": 72456093.91178733,
            "jitter_ms": 0.17514115279390827,
            "lost_packets": 10,
            "packets": 6730,
            "lost_percent": 0.1485884101040119,
            "omitted": false,
            "sender": false
          }
        },
        {
          "streams": [
            {
              "socket": 5,
              "start": 2.00019,
              "end": 3.000173,
              "seconds": 0.999983012676239,
              "bytes": 8894104,
              "bits_per_second": 71154040.71672656,
              "jitter_ms": 0.45312369046483236,
              "lost_packets": 0,
              "packets": 6598,
              "lost_percent": 0,
              "omitted": false,
              "sender": false
            }
          ],
          "sum": {
            "start": 2.00019,
            "end": 3.000173,
            "seconds": 0.999983012676239,
            "bytes": 8894104,
            "bits_per_second": 71154040.71672656,
            "jitter_ms": 0.45312369046483236,
            "lost_packets": 0,
            "packets": 6598,
            "lost_percent": 0,
            "omitted": false,
            "sender": false
          }
        },
        {
          "streams": [
            {
              "socket": 5,
              "start": 3.000173,
              "end": 4.000138,
              "seconds": 0.999965012073517,
              "bytes": 8741780,
              "bits_per_second": 69936686.9396611,
              "jitter_ms": 0.27124306892395655,
              "lost_packets": 0,
              "packets": 6485,
              "lost_percent": 0,
              "omitted": false,
              "sender": false
            }
          ],
          "sum": {
            "start": 3.000173,
            "end": 4.000138,
            "seconds": 0.999965012073517,
            "bytes": 8741780,
            "bits_per_second": 69936686.9396611,
            "jitter_ms": 0.27124306892395655,
            "lost_packets": 0,
            "packets": 6485,
            "lost_percent": 0,
            "omitted": false,
            "sender": false
          }
        },
        {
          "streams": [
            {
              "socket": 5,
              "start": 4.000138,
              "end": 5.00014,
              "seconds": 1.0000020265579224,
              "bytes": 8749868,
              "bits_per_second": 69998802.14337297,
              "jitter_ms": 0.20677473460538007,
              "lost_packets": 0,
              "packets": 6491,
              "lost_percent": 0,
              "omitted": false,
              "sender": false
            }
          ],
          "sum": {
            "start": 4.000138,
            "end": 5.00014,
            "seconds": 1.0000020265579224,
            "bytes": 8749868,
            "bits_per_second": 69998802.14337297,
            "jitter_ms": 0.20677473460538007,
            "lost_packets": 0,
            "packets": 6491,
            "lost_percent": 0,
            "omitted": false,
            "sender": false
          }
        },
        {
          "streams": [
            {
              "socket": 5,
              "start": 5.00014,
              "end": 6.000099,
              "seconds": 0.9999589920043945,
              "bytes": 8864448,
              "bits_per_second": 70918492.2252175,
              "jitter_ms": 0.133230041276378,
              "lost_packets": 0,
              "packets": 6576,
              "lost_percent": 0,
              "omitted": false,
              "sender": false
            }
          ],
          "sum": {
            "start": 5.00014,
            "end": 6.000099,
            "seconds": 0.9999589920043945,
            "bytes": 8864448,
            "bits_per_second": 70918492.2252175,
            "jitter_ms": 0.133230041276378,
            "lost_packets": 0,
            "packets": 6576,
            "lost_percent": 0,
            "omitted": false,
            "sender": false
          }
        },
        {
          "streams": [
            {
              "socket": 5,
              "start": 6.000099,
              "end": 7.000093,
              "seconds": 0.9999939799308777,
              "bytes": 8716168,
              "bits_per_second": 69729763.7779978,
              "jitter_ms": 0.37094969204556083,
              "lost_packets": 0,
              "packets": 6466,
              "lost_percent": 0,
              "omitted": false,
              "sender": false
            }
          ],
          "sum": {
            "start": 6.000099,
            "end": 7.000093,
            "seconds": 0.9999939799308777,
            "bytes": 8716168,
            "bits_per_second": 69729763.7779978,
            "jitter_ms": 0.37094969204556083,
            "lost_packets": 0,
            "packets": 6466,
            "lost_percent": 0,
            "omitted": false,
            "sender": false
          }
        },
        {
          "streams": [
            {
              "socket": 5,
              "start": 7.000093,
              "end": 8.000112,
              "seconds": 1.0000189542770386,
              "bytes": 8748520,
              "bits_per_second": 69986833.45016973,
              "jitter_ms": 0.164894421300288,
              "lost_packets": 0,