{
  "udp": {
    "30": {
      "start": {
        "connected": [
          {
            "socket": 10,
            "local_host": "172.17.0.2",
            "local_port": 32980,
            "remote_host": "172.20.25.101",
            "remote_port": 32201
          }
        ],
        "version": "iperf 3.12",
        "system_info": "Linux d060b2c5d54e 6.8.0-52-generic #53~22.04.1-Ubuntu SMP PREEMPT_DYNAMIC Wed Jan 15 19:18:46 UTC 2 x86_64",
        "timestamp": {
          "time": "Thu, 03 Apr 2025 04:02:30 GMT",
          "timesecs": 1743652950
        },
        "connecting_to": {
          "host": "api-int.tenoran.automation.otic.open6g.net",
          "port": 32201
        },
        "cookie": "qgvwyf55urwsbl33ytjhdj7u2c7upot7n7p6",
        "target_bitrate": 30000000,
        "sock_bufsize": 0,
        "sndbuf_actual": 212992,
        "rcvbuf_actual": 212992,
        "test_start": {
          "protocol": "UDP",
          "num_streams": 1,
          "blksize": 1348,
          "omit": 0,
          "duration": 10,
          "bytes": 0,
          "blocks": 0,
          "reverse": 1,
          "tos": 0,
          "target_bitrate": 30000000
        }
      },
      "intervals": [
        {
          "streams": [
            {
              "socket": 10,
              "start": 0,
              "end": 1.000187,
              "seconds": 1.0001870393753052,
              "bytes": 3529064,
              "bits_per_second": 28227232.39608604,
              "jitter_ms": 0.18027524842542553,
              "lost_packets": 0,
              "packets": 2618,
              "lost_percent": 0,
              "omitted": false,
              "sender": false
            }
          ],
          "sum": {
            "start": 0,
            "end": 1.000187,
            "seconds": 1.0001870393753052,
            "bytes": 3529064,
            "bits_per_second": 28227232.39608604,
            "jitter_ms": 0.18027524842542553,
            "lost_packets": 0,
            "packets": 2618,
            "lost_percent": 0,
            "omitted": false,
            "sender": false
          }
        },
        {
          "streams": [
            {
              "socket": 10,
              "start": 1.000187,
              "end": 2.00001,
              "seconds": 0.999822974205017,
              "bytes": 3874152,
              "bits_per_second": 30998703.570142943,
              "jitter_ms": 0.13918936717609,
              "lost_packets": 0,
              "packets": 2874,
              "lost_percent": 0,
              "omitted": false,
              "sender": false
            }
          ],
          "sum": {
            "start": 1.000187,
            "end": 2.00001,
            "seconds": 0.999822974205017,
            "bytes": 3874152,
            "bits_per_second": 30998703.570142943,
            "jitter_ms": 0.13918936717609,
            "lost_packets": 0,
            "packets": 2874,
            "lost_percent": 0,
            "omitted": false,
            "sender": false
          }
        },
        {
          "streams": [
            {
              "socket": 10,
              "start": 2.00001,
              "end": 3.000011,
              "seconds": 1.0000009536743164,
              "bytes": 3748788,
              "bits_per_second": 29990275.39904461,
              "jitter_ms": 0.13151023285700675,
              "lost_packets": 0,
              "packets": 2781,
              "lost_percent": 0,
              "omitted": false,
              "sender": false
            }
          ],
          "sum": {
            "start": 2.00001,
            "end": 3.000011,
            "seconds": 1.0000009536743164,
            "bytes": 3748788,
            "bits_per_second": 29990275.39904461,
            "jitter_ms": 0.13151023285700675,
            "lost_packets": 0,
            "packets": 2781,
            "lost_percent": 0,
            "omitted": false,
            "sender": false
          }
        },
        {
          "streams": [
            {
              "socket": 10,
              "start": 3.000011,
              "end": 4.000018,
              "seconds": 1.0000070333480835,
              "bytes": 3777096,
              "bits_per_second": 30216555.476447448,
              "jitter_ms": 0.0328069439547885,
              "lost_packets": 0,
              "packets": 2802,
              "lost_percent": 0,
              "omitted": false,
              "sender": false
            }
          ],
          "sum": {
            "start": 3.000011,
            "end": 4.000018,
            "seconds": 1.0000070333480835,
            "bytes": 3777096,
            "bits_per_second": 30216555.476447448,
            "jitter_ms": 0.0328069439547885,
            "lost_packets": 0,
            "packets": 2802,
            "lost_percent": 0,
            "omitted": false,
            "sender": false
          }
        },
        {
          "streams": [
            {
              "socket": 10,
              "start": 4.000018,
              "end": 5.000014,
              "seconds": 0.9999960064888,
              "bytes": 3752832,
              "bits_per_second": 30022775.8962918,
              "jitter_ms": 0.03402478389054386,
              "lost_packets": 0,
              "packets": 2784,
              "lost_percent": 0,
              "omitted": false,
              "sender": false
            }
          ],
          "sum": {
            "start": 4.000018,
            "end": 5.000014,
            "seconds": 0.9999960064888,
            "bytes": 3752832,
            "bits_per_second": 30022775.8962918,
            "jitter_ms": 0.03402478389054386,
            "lost_packets": 0,
            "packets": 2784,
            "lost_percent": 0,
            "omitted": false,
            "sender": false
          }
        },
        {
          "streams": [
            {
              "socket": 10,
              "start": 5.000014,
              "end": 6.000008,
              "seconds": 0.9999939799308777,
              "bytes": 3697564,
              "bits_per_second": 29580690.077798955,
              "jitter_ms": 0.15741007266468385,
              "lost_packets": 0,
              "packets": 2743,
              "lost_percent": 0,
              "omitted": false,
              "sender": false
            }
          ],
          "sum": {
            "start": 5.000014,
            "end": 6.000008,
            "seconds": 0.9999939799308777,
            "bytes": 3697564,
            "bits_per_second": 29580690.077798955,
            "jitter_ms": 0.15741007266468385,
            "lost_packets": 0,
            "packets": 2743,
            "lost_percent": 0,
            "omitted": false,
            "sender": false
          }
        },
        {
          "streams": [
            {
              "socket": 10,
              "start": 6.000008,
              "end": 7.000006,
              "seconds": 0.9999979734420776,
              "bytes": 3716436,
              "bits_per_second": 29731548.252704654,
              "jitter_ms": 0.12689536053584083,
              "lost_packets": 14,
              "packets": 2771,
              "lost_percent": 0.5052327679538073,
              "omitted": false,
              "sender": false
            }
          ],
          "sum": {
            "start": 6.000008,
            "end": 7.000006,
            "seconds": 0.9999979734420776,
            "bytes": 3716436,
            "bits_per_second": 29731548.252704654,
            "jitter_ms": 0.12689536053584083,
            "lost_packets": 14,
            "packets": 2771,
            "lost_percent": 0.5052327679538073,
            "omitted": false,
            "sender": false
          }
        },
        {
          "streams": [
            {
              "socket": 10,
              "start": 7.000006,
              "end": 8.000008,
              "seconds": 1.0000020265579224,
              "bytes": 3764964,
              "bits_per_second": 30119650.960782725,
              "jitter_ms": 0.15760502529618042,