{
  "udp": {
    "10": {
      "start": {
        "connected": [
          {
            "socket": 10,
            "local_host": "172.17.0.2",
            "local_port": 52422,
            "remote_host": "10.100.1.101",
            "remote_port": 32201
          }
        ],
        "version": "iperf 3.12",
        "system_info": "Linux 2848e9399aa7 6.8.0-47-generic #47~22.04.1-Ubuntu SMP PREEMPT_DYNAMIC Wed Oct  2 16:16:55 UTC 2 x86_64",
        "timestamp": {
          "time": "Thu, 21 Nov 2024 04:00:42 GMT",
          "timesecs": 1732161642
        },
        "connecting_to": {
          "host": "api-int.edge.open5g.info",
          "port": 32201
        },
        "cookie": "tgngnbp3zuq63mny33dhntrzwqtd53ffn5if",
        "target_bitrate": 10000000,
        "sock_bufsize": 0,
        "sndbuf_actual": 212992,
        "rcvbuf_actual": 212992,
        "test_start": {
          "protocol": "UDP",
          "num_streams": 1,
          "blksize": 1398,
          "omit": 0,
          "duration": 10,
          "bytes": 0,
          "blocks": 0,
          "reverse": 1,
          "tos": 0,
          "target_bitrate": 10000000
        }
      },
      "intervals": [
        {
          "streams": [
            {
              "socket": 10,
              "start": 0,
              "end": 1.000093,
              "seconds": 1.0000929832458496,
              "bytes": 1251210,
              "bits_per_second": 10008749.35399817,
              "jitter_ms": 0.8656966012240896,
              "lost_packets": 0,
              "packets": 895,
              "lost_percent": 0,
              "omitted": false,
              "sender": false
            }
          ],
          "sum": {
            "start": 0,
            "end": 1.000093,
            "seconds": 1.0000929832458496,
            "bytes": 1251210,
            "bits_per_second": 10008749.35399817,
            "jitter_ms": 0.8656966012240896,
            "lost_packets": 0,
            "packets": 895,
            "lost_percent": 0,
            "omitted": false,
            "sender": false
          }
        },
        {
          "streams": [
            {
              "socket": 10,
              "start": 1.000093,
              "end": 2.000092,
              "seconds": 0.9999989867210388,
              "bytes": 1249812,
              "bits_per_second": 9998506.131275905,
              "jitter_ms": 0.7657754540748445,
              "lost_packets": 0,
              "packets": 894,
              "lost_percent": 0,
              "omitted": false,
              "sender": false
            }
          ],
          "sum": {
            "start": 1.000093,
            "end": 2.000092,
            "seconds": 0.9999989867210388,
            "bytes": 1249812,
            "bits_per_second": 9998506.131275905,
            "jitter_ms": 0.7657754540748445,
            "lost_packets": 0,
            "packets": 894,
            "lost_percent": 0,
            "omitted": false,
            "sender": false
          }
        },
        {
          "streams": [
            {
              "socket": 10,
              "start": 2.000092,
              "end": 3.000184,
              "seconds": 1.0000920295715332,
              "bytes": 1249812,
              "bits_per_second": 9997575.92737103,
              "jitter_ms": 0.569510350781713,
              "lost_packets": 0,
              "packets": 894,
              "lost_percent": 0,
              "omitted": false,
              "sender": false
            }
          ],
          "sum": {
            "start": 2.000092,
            "end": 3.000184,
            "seconds": 1.0000920295715332,
            "bytes": 1249812,
            "bits_per_second": 9997575.92737103,
            "jitter_ms": 0.569510350781713,
            "lost_packets": 0,
            "packets": 894,
            "lost_percent": 0,
            "omitted": false,
            "sender": false
          }
        },
        {
          "streams": [
            {
              "socket": 10,
              "start": 3.000184,
              "end": 4.000282,
              "seconds": 1.0000979900360107,
              "bytes": 1251210,
              "bits_per_second": 10008699.247200346,
              "jitter_ms": 0.2642985849653915,
              "lost_packets": 0,
              "packets": 895,
              "lost_percent": 0,
              "omitted": false,
              "sender": false
            }
          ],
          "sum": {
            "start": 3.000184,
            "end": 4.000282,
            "seconds": 1.0000979900360107,
            "bytes": 1251210,
            "bits_per_second": 10008699.247200346,
            "jitter_ms": 0.2642985849653915,
            "lost_packets": 0,
            "packets": 895,
            "lost_percent": 0,
            "omitted": false,
            "sender": false
          }
        },
        {
          "streams": [
            {
              "socket": 10,
              "start": 4.000282,
              "end": 5.000125,
              "seconds": 0.9998430013656616,
              "bytes": 1249812,
              "bits_per_second": 10000065.996704776,
              "jitter_ms": 0.2996034260692451,
              "lost_packets": 0,
              "packets": 894,
              "lost_percent": 0,
              "omitted": false,
              "sender": false
            }
          ],
          "sum": {
            "start": 4.000282,
            "end": 5.000125,
            "seconds": 0.9998430013656616,
            "bytes": 1249812,
            "bits_per_second": 10000065.996704776,
            "jitter_ms": 0.2996034260692451,
            "lost_packets": 0,
            "packets": 894,
            "lost_percent": 0,
            "omitted": false,
            "sender": false
          }
        },
        {
          "streams": [
            {
              "socket": 10,
              "start": 5.000125,
              "end": 6.000103,
              "seconds": 0.999978005886078,
              "bytes": 1249812,
              "bits_per_second": 9998715.91289686,
              "jitter_ms": 0.7686980233620482,
              "lost_packets": 0,
              "packets": 894,
              "lost_percent": 0,
              "omitted": false,
              "sender": false
            }
          ],
          "sum": {
            "start": 5.000125,
            "end": 6.000103,
            "seconds": 0.999978005886078,
            "bytes": 1249812,
            "bits_per_second": 9998715.91289686,
            "jitter_ms": 0.7686980233620482,
            "lost_packets": 0,
            "packets": 894,
            "lost_percent": 0,
            "omitted": false,
            "sender": false
          }
        },
        {
          "streams": [
            {
              "socket": 10,
              "start": 6.000103,
              "end": 7.000177,
              "seconds": 1.000074028968811,
              "bytes": 1198086,
              "bits_per_second": 9583978.50795395,
              "jitter_ms": 1.2945516756294664,
              "lost_packets": 0,
              "packets": 857,
              "lost_percent": 0,
              "omitted": false,
              "sender": false
            }
          ],
          "sum": {
            "start": 6.000103,
            "end": 7.000177,
            "seconds": 1.000074028968811,
            "bytes": 1198086,
            "bits_per_second": 9583978.50795395,
            "jitter_ms": 1.2945516756294664,
            "lost_packets": 0,
            "packets": 857,
            "lost_percent": 0,
            "omitted": false,
            "sender": false
          }
        },
        {
          "streams": [
            {
              "socket": 10,
              "start": 7.000177,
              "end": 8.000179,
              "seconds": 1.0000020265579224,
              "bytes": 1301538,
              "bits_per_second": 10412282.8989056,
              "jitter_ms": 0.22522697785882928,
              "lost_packets": 0,
              "packets": 931,
              "lost_percent": 0,