{
  "udp": {
    "10": {
      "start": {
        "connected": [
          {
            "socket": 9,
            "local_host": "172.17.0.2",
            "local_port": 42650,
            "remote_host": "10.100.1.102",
            "remote_port": 32201
          }
        ],
        "version": "iperf 3.12",
        "system_info": "Linux 3f72f6572da8 6.5.0-15-generic #15~22.04.1-Ubuntu SMP PREEMPT_DYNAMIC Fri Jan 12 18:54:30 UTC 2 x86_64",
        "timestamp": {
          "time": "Mon, 19 Feb 2024 16:00:41 GMT",
          "timesecs": 1708358441
        },
        "connecting_to": {
          "host": "api-int.edge.open5g.info",
          "port": 32201
        },
        "cookie": "7536k64dtk6ffzanlii6ta7klhcjrmntqo7z",
        "target_bitrate": 10000000,
        "sock_bufsize": 0,
        "sndbuf_actual": 212992,
        "rcvbuf_actual": 212992,
        "test_start": {
          "protocol": "UDP",
          "num_streams": 1,
          "blksize": 1398,
          "omit": 0,
          "duration": 10,
          "bytes": 0,
          "blocks": 0,
          "reverse": 1,
          "tos": 0,
          "target_bitrate": 10000000
        }
      },
      "intervals": [
        {
          "streams": [
            {
              "socket": 9,
              "start": 0,
              "end": 1.000274,
              "seconds": 1.0002739429473877,
              "bytes": 1251210,
              "bits_per_second": 10006938.669726487,
              "jitter_ms": 0.0748796020033536,
              "lost_packets": 0,
              "packets": 895,
              "lost_percent": 0,
              "omitted": false,
              "sender": false
            }
          ],
          "sum": {
            "start": 0,
            "end": 1.000274,
            "seconds": 1.0002739429473877,
            "bytes": 1251210,
            "bits_per_second": 10006938.669726487,
            "jitter_ms": 0.0748796020033536,
            "lost_packets": 0,
            "packets": 895,
            "lost_percent": 0,
            "omitted": false,
            "sender": false
          }
        },
        {
          "streams": [
            {
              "socket": 9,
              "start": 1.000274,
              "end": 2.000286,
              "seconds": 1.0000120401382446,
              "bytes": 1249812,
              "bits_per_second": 9998375.618175335,
              "jitter_ms": 0.32332105951545176,
              "lost_packets": 0,
              "packets": 894,
              "lost_percent": 0,
              "omitted": false,
              "sender": false
            }
          ],
          "sum": {
            "start": 1.000274,
            "end": 2.000286,
            "seconds": 1.0000120401382446,
            "bytes": 1249812,
            "bits_per_second": 9998375.618175335,
            "jitter_ms": 0.32332105951545176,
            "lost_packets": 0,
            "packets": 894,
            "lost_percent": 0,
            "omitted": false,
            "sender": false
          }
        },
        {
          "streams": [
            {
              "socket": 9,
              "start": 2.000286,
              "end": 3.000278,
              "seconds": 0.9999920129776,
              "bytes": 1249812,
              "bits_per_second": 9998575.85884935,
              "jitter_ms": 0.16890955177586559,
              "lost_packets": 0,
              "packets": 894,
              "lost_percent": 0,
              "omitted": false,
              "sender": false
            }
          ],
          "sum": {
            "start": 2.000286,
            "end": 3.000278,
            "seconds": 0.9999920129776,
            "bytes": 1249812,
            "bits_per_second": 9998575.85884935,
            "jitter_ms": 0.16890955177586559,
            "lost_packets": 0,
            "packets": 894,
            "lost_percent": 0,
            "omitted": false,
            "sender": false
          }
        },
        {
          "streams": [
            {
              "socket": 9,
              "start": 3.000278,
              "end": 4.00027,
              "seconds": 0.9999920129776,
              "bytes": 1249812,
              "bits_per_second": 9998575.85884935,
              "jitter_ms": 0.1795293323598995,
              "lost_packets": 0,
              "packets": 894,
              "lost_percent": 0,
              "omitted": false,
              "sender": false
            }
          ],
          "sum": {
            "start": 3.000278,
            "end": 4.00027,
            "seconds": 0.9999920129776,
            "bytes": 1249812,
            "bits_per_second": 9998575.85884935,
            "jitter_ms": 0.1795293323598995,
            "lost_packets": 0,
            "packets": 894,
            "lost_percent": 0,
            "omitted": false,
            "sender": false
          }
        },
        {
          "streams": [
            {
              "socket": 9,
              "start": 4.00027,
              "end": 5.000269,
              "seconds": 0.9999989867210388,
              "bytes": 1251210,
              "bits_per_second": 10009690.14260843,
              "jitter_ms": 0.2992127306548308,
              "lost_packets": 0,
              "packets": 895,
              "lost_percent": 0,
              "omitted": false,
              "sender": false
            }
          ],
          "sum": {
            "start": 4.00027,
            "end": 5.000269,
            "seconds": 0.9999989867210388,
            "bytes": 1251210,
            "bits_per_second": 10009690.14260843,
            "jitter_ms": 0.2992127306548308,
            "lost_packets": 0,
            "packets": 895,
            "lost_percent": 0,
            "omitted": false,
            "sender": false
          }
        },
        {
          "streams": [
            {
              "socket": 9,
              "start": 5.000269,
              "end": 6.000272,
              "seconds": 1.0000029802322388,
              "bytes": 1249812,
              "bits_per_second": 9998466.202248685,
              "jitter_ms": 0.2990459076518398,
              "lost_packets": 0,
              "packets": 894,
              "lost_percent": 0,
              "omitted": false,
              "sender": false
            }
          ],
          "sum": {
            "start": 5.000269,
            "end": 6.000272,
            "seconds": 1.0000029802322388,
            "bytes": 1249812,
            "bits_per_second": 9998466.202248685,
            "jitter_ms": 0.2990459076518398,
            "lost_packets": 0,
            "packets": 894,
            "lost_percent": 0,
            "omitted": false,
            "sender": false
          }
        },
        {
          "streams": [
            {
              "socket": 9,
              "start": 6.000272,
              "end": 7.000289,
              "seconds": 1.0000170469284058,
              "bytes": 1249812,
              "bits_per_second": 9998325.559260014,
              "jitter_ms": 0.1380128475903086,
              "lost_packets": 0,
              "packets": 894,
              "lost_percent": 0,
              "omitted": false,
              "sender": false
            }
          ],
          "sum": {
            "start": 6.000272,
            "end": 7.000289,
            "seconds": 1.0000170469284058,
            "bytes": 1249812,
            "bits_per_second": 9998325.559260014,
            "jitter_ms": 0.1380128475903086,
            "lost_packets": 0,
            "packets": 894,
            "lost_percent": 0,
            "omitted": false,
            "sender": false
          }
        },
        {
          "streams": [
            {
              "socket": 9,
              "start": 7.000289,
              "end": 8.000269,
              "seconds": 0.9999799728393555,
              "bytes": 1249812,
              "bits_per_second": 9998696.245495945,
              "jitter_ms": 0.014514487108355189,
              "lost_packets": 0,
              "packets": 894,
              "lost_percent": 0,