{
  "udp": {
    "30": {
      "start": {
        "connected": [
          {
            "socket": 9,
            "local_host": "172.17.0.2",
            "local_port": 53013,
            "remote_host": "10.100.1.103",
            "remote_port": 32201
          }
        ],
        "version": "iperf 3.12",
        "system_info": "Linux 65b29981496f 6.5.0-15-generic #15~22.04.1-Ubuntu SMP PREEMPT_DYNAMIC Fri Jan 12 18:54:30 UTC 2 x86_64",
        "timestamp": {
          "time": "Sat, 10 Feb 2024 16:01:27 GMT",
          "timesecs": 1707580887
        },
        "connecting_to": {
          "host": "api-int.edge.open5g.info",
          "port": 32201
        },
        "cookie": "a3rwunz6pfjmztj3vly36atidcwbgn6uac4i",
        "target_bitrate": 30000000,
        "sock_bufsize": 0,
        "sndbuf_actual": 212992,
        "rcvbuf_actual": 212992,
        "test_start": {
          "protocol": "UDP",
          "num_streams": 1,
          "blksize": 1398,
          "omit": 0,
          "duration": 10,
          "bytes": 0,
          "blocks": 0,
          "reverse": 1,
          "tos": 0,
          "target_bitrate": 30000000
        }
      },
      "intervals": [
        {
          "streams": [
            {
              "socket": 9,
              "start": 0,
              "end": 1.000263,
              "seconds": 1.000262975692749,
              "bytes": 3756426,
              "bits_per_second": 30043507.287858367,
              "jitter_ms": 0.3140695806924793,
              "lost_packets": 0,
              "packets": 2687,
              "lost_percent": 0,
              "omitted": false,
              "sender": false
            }
          ],
          "sum": {
            "start": 0,
            "end": 1.000263,
            "seconds": 1.000262975692749,
            "bytes": 3756426,
            "bits_per_second": 30043507.287858367,
            "jitter_ms": 0.3140695806924793,
            "lost_packets": 0,
            "packets": 2687,
            "lost_percent": 0,
            "omitted": false,
            "sender": false
          }
        },
        {
          "streams": [
            {
              "socket": 9,
              "start": 1.000263,
              "end": 2.000267,
              "seconds": 1.0000040531158447,
              "bytes": 3749436,
              "bits_per_second": 29995366.425305072,
              "jitter_ms": 0.013537714420128646,
              "lost_packets": 0,
              "packets": 2682,
              "lost_percent": 0,
              "omitted": false,
              "sender": false
            }
          ],
          "sum": {
            "start": 1.000263,
            "end": 2.000267,
            "seconds": 1.0000040531158447,
            "bytes": 3749436,
            "bits_per_second": 29995366.425305072,
            "jitter_ms": 0.013537714420128646,
            "lost_packets": 0,
            "packets": 2682,
            "lost_percent": 0,
            "omitted": false,
            "sender": false
          }
        },
        {
          "streams": [
            {
              "socket": 9,
              "start": 2.000267,
              "end": 3.000265,
              "seconds": 0.9999979734420776,
              "bytes": 3749436,
              "bits_per_second": 29995548.787717033,
              "jitter_ms": 0.01064220427350707,
              "lost_packets": 0,
              "packets": 2682,
              "lost_percent": 0,
              "omitted": false,
              "sender": false
            }
          ],
          "sum": {
            "start": 2.000267,
            "end": 3.000265,
            "seconds": 0.9999979734420776,
            "bytes": 3749436,
            "bits_per_second": 29995548.787717033,
            "jitter_ms": 0.01064220427350707,
            "lost_packets": 0,
            "packets": 2682,
            "lost_percent": 0,
            "omitted": false,
            "sender": false
          }
        },
        {
          "streams": [
            {
              "socket": 9,
              "start": 3.000265,
              "end": 4.000264,
              "seconds": 0.9999989867210388,
              "bytes": 3750834,
              "bits_per_second": 30006702.40516024,
              "jitter_ms": 0.055734209535223754,
              "lost_packets": 0,
              "packets": 2683,
              "lost_percent": 0,
              "omitted": false,
              "sender": false
            }
          ],
          "sum": {
            "start": 3.000265,
            "end": 4.000264,
            "seconds": 0.9999989867210388,
            "bytes": 3750834,
            "bits_per_second": 30006702.40516024,
            "jitter_ms": 0.055734209535223754,
            "lost_packets": 0,
            "packets": 2683,
            "lost_percent": 0,
            "omitted": false,
            "sender": false
          }
        },
        {
          "streams": [
            {
              "socket": 9,
              "start": 4.000264,
              "end": 5.000264,
              "seconds": 1,
              "bytes": 3749436,
              "bits_per_second": 29995488,
              "jitter_ms": 0.0877221620437523,
              "lost_packets": 0,
              "packets": 2682,
              "lost_percent": 0,
              "omitted": false,
              "sender": false
            }
          ],
          "sum": {
            "start": 4.000264,
            "end": 5.000264,
            "seconds": 1,
            "bytes": 3749436,
            "bits_per_second": 29995488,
            "jitter_ms": 0.0877221620437523,
            "lost_packets": 0,
            "packets": 2682,
            "lost_percent": 0,
            "omitted": false,
            "sender": false
          }
        },
        {
          "streams": [
            {
              "socket": 9,
              "start": 5.000264,
              "end": 6.000271,
              "seconds": 1.0000070333480835,
              "bytes": 3531348,
              "bits_per_second": 28250585.303799994,
              "jitter_ms": 0.092280590191077,
              "lost_packets": 156,
              "packets": 2682,
              "lost_percent": 5.8165548098434,
              "omitted": false,
              "sender": false
            }
          ],
          "sum": {
            "start": 5.000264,
            "end": 6.000271,
            "seconds": 1.0000070333480835,
            "bytes": 3531348,
            "bits_per_second": 28250585.303799994,
            "jitter_ms": 0.092280590191077,
            "lost_packets": 156,
            "packets": 2682,
            "lost_percent": 5.8165548098434,
            "omitted": false,
            "sender": false
          }
        },
        {
          "streams": [
            {
              "socket": 9,
              "start": 6.000271,
              "end": 7.000267,
              "seconds": 0.9999960064888,
              "bytes": 3736854,
              "bits_per_second": 29894951.385823183,
              "jitter_ms": 0.0475278178324464,
              "lost_packets": 10,
              "packets": 2683,
              "lost_percent": 0.37271710771524413,
              "omitted": false,
              "sender": false
            }
          ],
          "sum": {
            "start": 6.000271,
            "end": 7.000267,
            "seconds": 0.9999960064888,
            "bytes": 3736854,
            "bits_per_second": 29894951.385823183,
            "jitter_ms": 0.0475278178324464,
            "lost_packets": 10,
            "packets": 2683,
            "lost_percent": 0.37271710771524413,
            "omitted": false,
            "sender": false
          }
        },
        {
          "streams": [
            {
              "socket": 9,
              "start": 7.000267,
              "end": 8.000263,
              "seconds": 0.9999960064888,
              "bytes": 3700506,
              "bits_per_second": 29604166.224569384,
              "jitter_ms": 0.07621154745051348,
              "lost_packets": 36,
              "packets": 2683,