{
  "udp": {
    "30": {
      "start": {
        "connected": [
          {
            "socket": 9,
            "local_host": "172.17.0.2",
            "local_port": 41247,
            "remote_host": "10.100.1.101",
            "remote_port": 32201
          }
        ],
        "version": "iperf 3.12",
        "system_info": "Linux a307cb0fc4f0 6.5.0-15-generic #15~22.04.1-Ubuntu SMP PREEMPT_DYNAMIC Fri Jan 12 18:54:30 UTC 2 x86_64",
        "timestamp": {
          "time": "Tue, 30 Jan 2024 22:01:30 GMT",
          "timesecs": 1706652090
        },
        "connecting_to": {
          "host": "api-int.edge.open5g.info",
          "port": 32201
        },
        "cookie": "5tqgc3sqx72mwc76osz6u4hwohjnohjisu7b",
        "target_bitrate": 30000000,
        "sock_bufsize": 0,
        "sndbuf_actual": 212992,
        "rcvbuf_actual": 212992,
        "test_start": {
          "protocol": "UDP",
          "num_streams": 1,
          "blksize": 1398,
          "omit": 0,
          "duration": 10,
          "bytes": 0,
          "blocks": 0,
          "reverse": 1,
          "tos": 0,
          "target_bitrate": 30000000
        }
      },
      "intervals": [
        {
          "streams": [
            {
              "socket": 9,
              "start": 0,
              "end": 1.000178,
              "seconds": 1.0001779794692993,
              "bytes": 3732660,
              "bits_per_second": 29855966.250971235,
              "jitter_ms": 0.011895290521191867,
              "lost_packets": 0,
              "packets": 2670,
              "lost_percent": 0,
              "omitted": false,
              "sender": false
            }
          ],
          "sum": {
            "start": 0,
            "end": 1.000178,
            "seconds": 1.0001779794692993,
            "bytes": 3732660,
            "bits_per_second": 29855966.250971235,
            "jitter_ms": 0.011895290521191867,
            "lost_packets": 0,
            "packets": 2670,
            "lost_percent": 0,
            "omitted": false,
            "sender": false
          }
        },
        {
          "streams": [
            {
              "socket": 9,
              "start": 1.000178,
              "end": 2.000177,
              "seconds": 0.9999989867210388,
              "bytes": 3742446,
              "bits_per_second": 29939598.3371651,
              "jitter_ms": 0.0913076775773416,
              "lost_packets": 22,
              "packets": 2699,
              "lost_percent": 0.8151167098925528,
              "omitted": false,
              "sender": false
            }
          ],
          "sum": {
            "start": 1.000178,
            "end": 2.000177,
            "seconds": 0.9999989867210388,
            "bytes": 3742446,
            "bits_per_second": 29939598.3371651,
            "jitter_ms": 0.0913076775773416,
            "lost_packets": 22,
            "packets": 2699,
            "lost_percent": 0.8151167098925528,
            "omitted": false,
            "sender": false
          }
        },
        {
          "streams": [
            {
              "socket": 9,
              "start": 2.000177,
              "end": 3.000181,
              "seconds": 1.0000040531158447,
              "bytes": 3732660,
              "bits_per_second": 29861158.969263438,
              "jitter_ms": 0.010340376038621623,
              "lost_packets": 13,
              "packets": 2683,
              "lost_percent": 0.4845322400298174,
              "omitted": false,
              "sender": false
            }
          ],
          "sum": {
            "start": 2.000177,
            "end": 3.000181,
            "seconds": 1.0000040531158447,
            "bytes": 3732660,
            "bits_per_second": 29861158.969263438,
            "jitter_ms": 0.010340376038621623,
            "lost_packets": 13,
            "packets": 2683,
            "lost_percent": 0.4845322400298174,
            "omitted": false,
            "sender": false
          }
        },
        {
          "streams": [
            {
              "socket": 9,
              "start": 3.000181,
              "end": 4.000196,
              "seconds": 1.0000150203704834,
              "bytes": 3549522,
              "bits_per_second": 28395749.485322576,
              "jitter_ms": 0.34824332410077824,
              "lost_packets": 1,
              "packets": 2540,
              "lost_percent": 0.03937007874015748,
              "omitted": false,
              "sender": false
            }
          ],
          "sum": {
            "start": 3.000181,
            "end": 4.000196,
            "seconds": 1.0000150203704834,
            "bytes": 3549522,
            "bits_per_second": 28395749.485322576,
            "jitter_ms": 0.34824332410077824,
            "lost_packets": 1,
            "packets": 2540,
            "lost_percent": 0.03937007874015748,
            "omitted": false,
            "sender": false
          }
        },
        {
          "streams": [
            {
              "socket": 9,
              "start": 4.000196,
              "end": 5.0002,
              "seconds": 1.0000040531158447,
              "bytes": 3947952,
              "bits_per_second": 31583487.9884644,
              "jitter_ms": 0.020564338998385716,
              "lost_packets": 0,
              "packets": 2824,
              "lost_percent": 0,
              "omitted": false,
              "sender": false
            }
          ],
          "sum": {
            "start": 4.000196,
            "end": 5.0002,
            "seconds": 1.0000040531158447,
            "bytes": 3947952,
            "bits_per_second": 31583487.9884644,
            "jitter_ms": 0.020564338998385716,
            "lost_packets": 0,
            "packets": 2824,
            "lost_percent": 0,
            "omitted": false,
            "sender": false
          }
        },
        {
          "streams": [
            {
              "socket": 9,
              "start": 5.0002,
              "end": 6.000195,
              "seconds": 0.999994993209839,
              "bytes": 3738252,
              "bits_per_second": 29906165.733896352,
              "jitter_ms": 0.05931274685207441,
              "lost_packets": 9,
              "packets": 2683,
              "lost_percent": 0.3354453969437197,
              "omitted": false,
              "sender": false
            }
          ],
          "sum": {
            "start": 5.0002,
            "end": 6.000195,
            "seconds": 0.999994993209839,
            "bytes": 3738252,
            "bits_per_second": 29906165.733896352,
            "jitter_ms": 0.05931274685207441,
            "lost_packets": 9,
            "packets": 2683,
            "lost_percent": 0.3354453969437197,
            "omitted": false,
            "sender": false
          }
        },
        {
          "streams": [
            {
              "socket": 9,
              "start": 6.000195,
              "end": 7.000195,
              "seconds": 1,
              "bytes": 3559308,
              "bits_per_second": 28474464,
              "jitter_ms": 0.30978484334480955,
              "lost_packets": 111,
              "packets": 2657,
              "lost_percent": 4.177643959352653,
              "omitted": false,
              "sender": false
            }
          ],
          "sum": {
            "start": 6.000195,
            "end": 7.000195,
            "seconds": 1,
            "bytes": 3559308,
            "bits_per_second": 28474464,
            "jitter_ms": 0.30978484334480955,
            "lost_packets": 111,
            "packets": 2657,
            "lost_percent": 4.177643959352653,
            "omitted": false,
            "sender": false
          }
        },
        {
          "streams": [
            {
              "socket": 9,
              "start": 7.000195,
              "end": 8.00018,
              "seconds": 0.9999849796295166,
              "bytes": 3578880,
              "bits_per_second": 28631470.055287715,