{
  "udp": {
    "20": {
      "start": {
        "connected": [
          {
            "socket": 10,
            "local_host": "172.17.0.2",
            "local_port": 33475,
            "remote_host": "172.20.25.101",
            "remote_port": 32201
          }
        ],
        "version": "iperf 3.12",
        "system_info": "Linux 97b8ebf8bca4 6.8.0-60-generic #63~22.04.1-Ubuntu SMP PREEMPT_DYNAMIC Tue Apr 22 19:00:15 UTC 2 x86_64",
        "timestamp": {
          "time": "Mon, 23 Jun 2025 04:01:22 GMT",
          "timesecs": 1750651282
        },
        "connecting_to": {
          "host": "api-int.tenoran.automation.otic.open6g.net",
          "port": 32201
        },
        "cookie": "lbe5dv4k752x7ls5brzdac6i3hniihgf3jzm",
        "target_bitrate": 20000000,
        "sock_bufsize": 0,
        "sndbuf_actual": 212992,
        "rcvbuf_actual": 212992,
        "test_start": {
          "protocol": "UDP",
          "num_streams": 1,
          "blksize": 1348,
          "omit": 0,
          "duration": 10,
          "bytes": 0,
          "blocks": 0,
          "reverse": 1,
          "tos": 0,
          "target_bitrate": 20000000
        }
      },
      "intervals": [
        {
          "streams": [
            {
              "socket": 10,
              "start": 0,
              "end": 1.000174,
              "seconds": 1.0001740455627441,
              "bytes": 2462796,
              "bits_per_second": 19698939.486991525,
              "jitter_ms": 0.03953780697916834,
              "lost_packets": 0,
              "packets": 1827,
              "lost_percent": 0,
              "omitted": false,
              "sender": false
            }
          ],
          "sum": {
            "start": 0,
            "end": 1.000174,
            "seconds": 1.0001740455627441,
            "bytes": 2462796,
            "bits_per_second": 19698939.486991525,
            "jitter_ms": 0.03953780697916834,
            "lost_packets": 0,
            "packets": 1827,
            "lost_percent": 0,
            "omitted": false,
            "sender": false
          }
        },
        {
          "streams": [
            {
              "socket": 10,
              "start": 1.000174,
              "end": 2.000197,
              "seconds": 1.0000230073928833,
              "bytes": 2553112,
              "bits_per_second": 20424426.087204594,
              "jitter_ms": 0.28126439530772857,
              "lost_packets": 0,
              "packets": 1894,
              "lost_percent": 0,
              "omitted": false,
              "sender": false
            }
          ],
          "sum": {
            "start": 1.000174,
            "end": 2.000197,
            "seconds": 1.0000230073928833,
            "bytes": 2553112,
            "bits_per_second": 20424426.087204594,
            "jitter_ms": 0.28126439530772857,
            "lost_packets": 0,
            "packets": 1894,
            "lost_percent": 0,
            "omitted": false,
            "sender": false
          }
        },
        {
          "streams": [
            {
              "socket": 10,
              "start": 2.000197,
              "end": 3.000182,
              "seconds": 0.9999849796295166,
              "bytes": 2446620,
              "bits_per_second": 19573253.99752661,
              "jitter_ms": 0.038844342914391025,
              "lost_packets": 0,
              "packets": 1815,
              "lost_percent": 0,
              "omitted": false,
              "sender": false
            }
          ],
          "sum": {
            "start": 2.000197,
            "end": 3.000182,
            "seconds": 0.9999849796295166,
            "bytes": 2446620,
            "bits_per_second": 19573253.99752661,
            "jitter_ms": 0.038844342914391025,
            "lost_packets": 0,
            "packets": 1815,
            "lost_percent": 0,
            "omitted": false,
            "sender": false
          }
        },
        {
          "streams": [
            {
              "socket": 10,
              "start": 3.000182,
              "end": 4.000206,
              "seconds": 1.0000239610672,
              "bytes": 2539632,
              "bits_per_second": 20316569.193320293,
              "jitter_ms": 0.23610008629988027,
              "lost_packets": 0,
              "packets": 1884,
              "lost_percent": 0,
              "omitted": false,
              "sender": false
            }
          ],
          "sum": {
            "start": 3.000182,
            "end": 4.000206,
            "seconds": 1.0000239610672,
            "bytes": 2539632,
            "bits_per_second": 20316569.193320293,
            "jitter_ms": 0.23610008629988027,
            "lost_packets": 0,
            "packets": 1884,
            "lost_percent": 0,
            "omitted": false,
            "sender": false
          }
        },
        {
          "streams": [
            {
              "socket": 10,
              "start": 4.000206,
              "end": 5.000212,
              "seconds": 1.0000059604644775,
              "bytes": 2477624,
              "bits_per_second": 19820873.858385455,
              "jitter_ms": 0.6347829049672982,
              "lost_packets": 0,
              "packets": 1838,
              "lost_percent": 0,
              "omitted": false,
              "sender": false
            }
          ],
          "sum": {
            "start": 4.000206,
            "end": 5.000212,
            "seconds": 1.0000059604644775,
            "bytes": 2477624,
            "bits_per_second": 19820873.858385455,
            "jitter_ms": 0.6347829049672982,
            "lost_packets": 0,
            "packets": 1838,
            "lost_percent": 0,
            "omitted": false,
            "sender": false
          }
        },
        {
          "streams": [
            {
              "socket": 10,
              "start": 5.000212,
              "end": 6.00018,
              "seconds": 0.9999679923057556,
              "bytes": 2499192,
              "bits_per_second": 19994175.967471037,
              "jitter_ms": 0.16150014323248346,
              "lost_packets": 0,
              "packets": 1854,
              "lost_percent": 0,
              "omitted": false,
              "sender": false
            }
          ],
          "sum": {
            "start": 5.000212,
            "end": 6.00018,
            "seconds": 0.9999679923057556,
            "bytes": 2499192,
            "bits_per_second": 19994175.967471037,
            "jitter_ms": 0.16150014323248346,
            "lost_packets": 0,
            "packets": 1854,
            "lost_percent": 0,
            "omitted": false,
            "sender": false
          }
        },
        {
          "streams": [
            {
              "socket": 10,
              "start": 6.00018,
              "end": 7.00011,
              "seconds": 0.9999300241470337,
              "bytes": 2523456,
              "bits_per_second": 20189060.746746343,
              "jitter_ms": 0.3653715394987611,
              "lost_packets": 0,
              "packets": 1872,
              "lost_percent": 0,
              "omitted": false,
              "sender": false
            }
          ],
          "sum": {
            "start": 6.00018,
            "end": 7.00011,
            "seconds": 0.9999300241470337,
            "bytes": 2523456,
            "bits_per_second": 20189060.746746343,
            "jitter_ms": 0.3653715394987611,
            "lost_packets": 0,
            "packets": 1872,
            "lost_percent": 0,
            "omitted": false,
            "sender": false
          }
        },
        {
          "streams": [
            {
              "socket": 10,
              "start": 7.00011,
              "end": 8.0002,
              "seconds": 1.0000900030136108,
              "bytes": 2470884,
              "bits_per_second": 19765293.064059332,
              "jitter_ms": 0.22233795596851724,
              "lost_packets": 22,