{
  "udp": {
    "50": {
      "start": {
        "connected": [
          {
            "socket": 5,
            "local_host": "172.17.0.2",
            "local_port": 33256,
            "remote_host": "172.20.25.101",
            "remote_port": 32201
          }
        ],
        "version": "iperf 3.12",
        "system_info": "Linux 0511d359e178 6.8.0-87-generic #88~22.04.1-Ubuntu SMP PREEMPT_DYNAMIC Tue Oct 14 14:03:14 UTC 2 x86_64",
        "timestamp": {
          "time": "Mon, 24 Nov 2025 06:02:29 GMT",
          "timesecs": 1763964149
        },
        "connecting_to": {
          "host": "api-int.tenoran.automation.otic.open6g.net",
          "port": 32201
        },
        "cookie": "qt4c2bhfjuxaffqpjwkwjfy6aizzeqlryjfo",
        "target_bitrate": 50000000,
        "sock_bufsize": 0,
        "sndbuf_actual": 212992,
        "rcvbuf_actual": 212992,
        "test_start": {
          "protocol": "UDP",
          "num_streams": 1,
          "blksize": 1348,
          "omit": 0,
          "duration": 10,
          "bytes": 0,
          "blocks": 0,
          "reverse": 1,
          "tos": 0,
          "target_bitrate": 50000000
        }
      },
      "intervals": [
        {
          "streams": [
            {
              "socket": 5,
              "start": 0,
              "end": 1.000081,
              "seconds": 1.000080943107605,
              "bytes": 6250676,
              "bits_per_second": 50001360.73447768,
              "jitter_ms": 0.2332783682199615,
              "lost_packets": 0,
              "packets": 4637,
              "lost_percent": 0,
              "omitted": false,
              "sender": false
            }
          ],
          "sum": {
            "start": 0,
            "end": 1.000081,
            "seconds": 1.000080943107605,
            "bytes": 6250676,
            "bits_per_second": 50001360.73447768,
            "jitter_ms": 0.2332783682199615,
            "lost_packets": 0,
            "packets": 4637,
            "lost_percent": 0,
            "omitted": false,
            "sender": false
          }
        },
        {
          "streams": [
            {
              "socket": 5,
              "start": 1.000081,
              "end": 2.000204,
              "seconds": 1.0001230239868164,
              "bytes": 6238544,
              "bits_per_second": 49902212.83082659,
              "jitter_ms": 0.20853781437393412,
              "lost_packets": 0,
              "packets": 4628,
              "lost_percent": 0,
              "omitted": false,
              "sender": false
            }
          ],
          "sum": {
            "start": 1.000081,
            "end": 2.000204,
            "seconds": 1.0001230239868164,
            "bytes": 6238544,
            "bits_per_second": 49902212.83082659,
            "jitter_ms": 0.20853781437393412,
            "lost_packets": 0,
            "packets": 4628,
            "lost_percent": 0,
            "omitted": false,
            "sender": false
          }
        },
        {
          "streams": [
            {
              "socket": 5,
              "start": 2.000204,
              "end": 3.000204,
              "seconds": 1,
              "bytes": 6218324,
              "bits_per_second": 49746592,
              "jitter_ms": 0.2786212443289091,
              "lost_packets": 0,
              "packets": 4613,
              "lost_percent": 0,
              "omitted": false,
              "sender": false
            }
          ],
          "sum": {
            "start": 2.000204,
            "end": 3.000204,
            "seconds": 1,
            "bytes": 6218324,
            "bits_per_second": 49746592,
            "jitter_ms": 0.2786212443289091,
            "lost_packets": 0,
            "packets": 4613,
            "lost_percent": 0,
            "omitted": false,
            "sender": false
          }
        },
        {
          "streams": [
            {
              "socket": 5,
              "start": 3.000204,
              "end": 4.000209,
              "seconds": 1.0000050067901611,
              "bytes": 6191364,
              "bits_per_second": 49530664.01035876,
              "jitter_ms": 0.26187424781358554,
              "lost_packets": 0,
              "packets": 4593,
              "lost_percent": 0,
              "omitted": false,
              "sender": false
            }
          ],
          "sum": {
            "start": 3.000204,
            "end": 4.000209,
            "seconds": 1.0000050067901611,
            "bytes": 6191364,
            "bits_per_second": 49530664.01035876,
            "jitter_ms": 0.26187424781358554,
            "lost_packets": 0,
            "packets": 4593,
            "lost_percent": 0,
            "omitted": false,
            "sender": false
          }
        },
        {
          "streams": [
            {
              "socket": 5,
              "start": 4.000209,
              "end": 5.000206,
              "seconds": 0.9999970197677612,
              "bytes": 6327512,
              "bits_per_second": 50620246.86009163,
              "jitter_ms": 0.25376316976837054,
              "lost_packets": 0,
              "packets": 4694,
              "lost_percent": 0,
              "omitted": false,
              "sender": false
            }
          ],
          "sum": {
            "start": 4.000209,
            "end": 5.000206,
            "seconds": 0.9999970197677612,
            "bytes": 6327512,
            "bits_per_second": 50620246.86009163,
            "jitter_ms": 0.25376316976837054,
            "lost_packets": 0,
            "packets": 4694,
            "lost_percent": 0,
            "omitted": false,
            "sender": false
          }
        },
        {
          "streams": [
            {
              "socket": 5,
              "start": 5.000206,
              "end": 6.000209,
              "seconds": 1.0000029802322388,
              "bytes": 6262808,
              "bits_per_second": 50102314.683466546,
              "jitter_ms": 0.24824337750845352,
              "lost_packets": 0,
              "packets": 4646,
              "lost_percent": 0,
              "omitted": false,
              "sender": false
            }
          ],
          "sum": {
            "start": 5.000206,
            "end": 6.000209,
            "seconds": 1.0000029802322388,
            "bytes": 6262808,
            "bits_per_second": 50102314.683466546,
            "jitter_ms": 0.24824337750845352,
            "lost_packets": 0,
            "packets": 4646,
            "lost_percent": 0,
            "omitted": false,
            "sender": false
          }
        },
        {
          "streams": [
            {
              "socket": 5,
              "start": 6.000209,
              "end": 7.000208,
              "seconds": 0.9999989867210388,
              "bytes": 6249328,
              "bits_per_second": 49994674.658552,
              "jitter_ms": 0.21105009586677573,
              "lost_packets": 0,
              "packets": 4636,
              "lost_percent": 0,
              "omitted": false,
              "sender": false
            }
          ],
          "sum": {
            "start": 6.000209,
            "end": 7.000208,
            "seconds": 0.9999989867210388,
            "bytes": 6249328,
            "bits_per_second": 49994674.658552,
            "jitter_ms": 0.21105009586677573,
            "lost_packets": 0,
            "packets": 4636,
            "lost_percent": 0,
            "omitted": false,
            "sender": false
          }
        },
        {
          "streams": [
            {
              "socket": 5,
              "start": 7.000208,
              "end": 8.000206,
              "seconds": 0.9999979734420776,
              "bytes": 6206192,
              "bits_per_second": 49649636.61786443,
              "jitter_ms": 0.3390285717266963,
              "lost_packets": 0,
              "packets": 4604,
              "lost_percent": 0,