{
  "udp": {
    "20": {
      "start": {
        "connected": [
          {
            "socket": 10,
            "local_host": "172.17.0.2",
            "local_port": 47010,
            "remote_host": "172.20.25.101",
            "remote_port": 32201
          }
        ],
        "version": "iperf 3.12",
        "system_info": "Linux 4d56a5433c4a 6.8.0-52-generic #53~22.04.1-Ubuntu SMP PREEMPT_DYNAMIC Wed Jan 15 19:18:46 UTC 2 x86_64",
        "timestamp": {
          "time": "Thu, 17 Apr 2025 04:31:34 GMT",
          "timesecs": 1744864294
        },
        "connecting_to": {
          "host": "api-int.tenoran.automation.otic.open6g.net",
          "port": 32201
        },
        "cookie": "oljsagtwd5t46jdaxdpgu4fumhwz22d4p4dh",
        "target_bitrate": 20000000,
        "sock_bufsize": 0,
        "sndbuf_actual": 212992,
        "rcvbuf_actual": 212992,
        "test_start": {
          "protocol": "UDP",
          "num_streams": 1,
          "blksize": 1348,
          "omit": 0,
          "duration": 10,
          "bytes": 0,
          "blocks": 0,
          "reverse": 1,
          "tos": 0,
          "target_bitrate": 20000000
        }
      },
      "intervals": [
        {
          "streams": [
            {
              "socket": 10,
              "start": 0,
              "end": 1.000225,
              "seconds": 1.0002249479293823,
              "bytes": 2488408,
              "bits_per_second": 19902786.909295816,
              "jitter_ms": 0.13242331940216348,
              "lost_packets": 0,
              "packets": 1846,
              "lost_percent": 0,
              "omitted": false,
              "sender": false
            }
          ],
          "sum": {
            "start": 0,
            "end": 1.000225,
            "seconds": 1.0002249479293823,
            "bytes": 2488408,
            "bits_per_second": 19902786.909295816,
            "jitter_ms": 0.13242331940216348,
            "lost_packets": 0,
            "packets": 1846,
            "lost_percent": 0,
            "omitted": false,
            "sender": false
          }
        },
        {
          "streams": [
            {
              "socket": 10,
              "start": 1.000225,
              "end": 2.000291,
              "seconds": 1.0000660419464111,
              "bytes": 2515368,
              "bits_per_second": 20121615.12937192,
              "jitter_ms": 0.07559945319988653,
              "lost_packets": 0,
              "packets": 1866,
              "lost_percent": 0,
              "omitted": false,
              "sender": false
            }
          ],
          "sum": {
            "start": 1.000225,
            "end": 2.000291,
            "seconds": 1.0000660419464111,
            "bytes": 2515368,
            "bits_per_second": 20121615.12937192,
            "jitter_ms": 0.07559945319988653,
            "lost_packets": 0,
            "packets": 1866,
            "lost_percent": 0,
            "omitted": false,
            "sender": false
          }
        },
        {
          "streams": [
            {
              "socket": 10,
              "start": 2.000291,
              "end": 3.000285,
              "seconds": 0.9999939799308777,
              "bytes": 2499192,
              "bits_per_second": 19993656.363193315,
              "jitter_ms": 0.23382674993343075,
              "lost_packets": 0,
              "packets": 1854,
              "lost_percent": 0,
              "omitted": false,
              "sender": false
            }
          ],
          "sum": {
            "start": 2.000291,
            "end": 3.000285,
            "seconds": 0.9999939799308777,
            "bytes": 2499192,
            "bits_per_second": 19993656.363193315,
            "jitter_ms": 0.23382674993343075,
            "lost_packets": 0,
            "packets": 1854,
            "lost_percent": 0,
            "omitted": false,
            "sender": false
          }
        },
        {
          "streams": [
            {
              "socket": 10,
              "start": 3.000285,
              "end": 4.000284,
              "seconds": 0.9999989867210388,
              "bytes": 2500540,
              "bits_per_second": 20004340.269977126,
              "jitter_ms": 0.15175036489188512,
              "lost_packets": 0,
              "packets": 1855,
              "lost_percent": 0,
              "omitted": false,
              "sender": false
            }
          ],
          "sum": {
            "start": 3.000285,
            "end": 4.000284,
            "seconds": 0.9999989867210388,
            "bytes": 2500540,
            "bits_per_second": 20004340.269977126,
            "jitter_ms": 0.15175036489188512,
            "lost_packets": 0,
            "packets": 1855,
            "lost_percent": 0,
            "omitted": false,
            "sender": false
          }
        },
        {
          "streams": [
            {
              "socket": 10,
              "start": 4.000284,
              "end": 5.000178,
              "seconds": 0.9998940229415894,
              "bytes": 2499192,
              "bits_per_second": 19995655.080706447,
              "jitter_ms": 0.10630882207713843,
              "lost_packets": 0,
              "packets": 1854,
              "lost_percent": 0,
              "omitted": false,
              "sender": false
            }
          ],
          "sum": {
            "start": 4.000284,
            "end": 5.000178,
            "seconds": 0.9998940229415894,
            "bytes": 2499192,
            "bits_per_second": 19995655.080706447,
            "jitter_ms": 0.10630882207713843,
            "lost_packets": 0,
            "packets": 1854,
            "lost_percent": 0,
            "omitted": false,
            "sender": false
          }
        },
        {
          "streams": [
            {
              "socket": 10,
              "start": 5.000178,
              "end": 6.000232,
              "seconds": 1.0000540018081665,
              "bytes": 2464144,
              "bits_per_second": 19712087.511631634,
              "jitter_ms": 0.0758932967310231,
              "lost_packets": 0,
              "packets": 1828,
              "lost_percent": 0,
              "omitted": false,
              "sender": false
            }
          ],
          "sum": {
            "start": 5.000178,
            "end": 6.000232,
            "seconds": 1.0000540018081665,
            "bytes": 2464144,
            "bits_per_second": 19712087.511631634,
            "jitter_ms": 0.0758932967310231,
            "lost_packets": 0,
            "packets": 1828,
            "lost_percent": 0,
            "omitted": false,
            "sender": false
          }
        },
        {
          "streams": [
            {
              "socket": 10,
              "start": 6.000232,
              "end": 7.00029,
              "seconds": 1.0000580549240112,
              "bytes": 2501888,
              "bits_per_second": 20013942.09211268,
              "jitter_ms": 0.12621331980299025,
              "lost_packets": 27,
              "packets": 1883,
              "lost_percent": 1.4338821030270845,
              "omitted": false,
              "sender": false
            }
          ],
          "sum": {
            "start": 6.000232,
            "end": 7.00029,
            "seconds": 1.0000580549240112,
            "bytes": 2501888,
            "bits_per_second": 20013942.09211268,
            "jitter_ms": 0.12621331980299025,
            "lost_packets": 27,
            "packets": 1883,
            "lost_percent": 1.4338821030270845,
            "omitted": false,
            "sender": false
          }
        },
        {
          "streams": [
            {
              "socket": 10,
              "start": 7.00029,
              "end": 8.000285,
              "seconds": 0.999994993209839,
              "bytes": 2497844,
              "bits_per_second": 19982852.049947035,
              "jitter_ms": 0.22982951966765525,