{
  "udp": {
    "10": {
      "start": {
        "connected": [
          {
            "socket": 5,
            "local_host": "172.17.0.2",
            "local_port": 41558,
            "remote_host": "172.20.25.101",
            "remote_port": 32201
          }
        ],
        "version": "iperf 3.12",
        "system_info": "Linux 18d084501573 6.8.0-86-generic #87~22.04.1-Ubuntu SMP PREEMPT_DYNAMIC Mon Sep 29 09:48:07 UTC 2 x86_64",
        "timestamp": {
          "time": "Fri, 31 Oct 2025 06:31:10 GMT",
          "timesecs": 1761892270
        },
        "connecting_to": {
          "host": "api-int.tenoran.automation.otic.open6g.net",
          "port": 32201
        },
        "cookie": "uu7ji2zjlo3zkkpwfgsree7gxtn7hqidot7e",
        "target_bitrate": 10000000,
        "sock_bufsize": 0,
        "sndbuf_actual": 212992,
        "rcvbuf_actual": 212992,
        "test_start": {
          "protocol": "UDP",
          "num_streams": 1,
          "blksize": 1348,
          "omit": 0,
          "duration": 10,
          "bytes": 0,
          "blocks": 0,
          "reverse": 1,
          "tos": 0,
          "target_bitrate": 10000000
        }
      },
      "intervals": [
        {
          "streams": [
            {
              "socket": 5,
              "start": 0,
              "end": 1.000228,
              "seconds": 1.0002280473709106,
              "bytes": 1257684,
              "bits_per_second": 10059178.030896531,
              "jitter_ms": 1.7084698074635163,
              "lost_packets": 0,
              "packets": 933,
              "lost_percent": 0,
              "omitted": false,
              "sender": false
            }
          ],
          "sum": {
            "start": 0,
            "end": 1.000228,
            "seconds": 1.0002280473709106,
            "bytes": 1257684,
            "bits_per_second": 10059178.030896531,
            "jitter_ms": 1.7084698074635163,
            "lost_packets": 0,
            "packets": 933,
            "lost_percent": 0,
            "omitted": false,
            "sender": false
          }
        },
        {
          "streams": [
            {
              "socket": 5,
              "start": 1.000228,
              "end": 2.000076,
              "seconds": 0.9998480081558228,
              "bytes": 1250944,
              "bits_per_second": 10009073.297508994,
              "jitter_ms": 1.6199246769626483,
              "lost_packets": 0,
              "packets": 928,
              "lost_percent": 0,
              "omitted": false,
              "sender": false
            }
          ],
          "sum": {
            "start": 1.000228,
            "end": 2.000076,
            "seconds": 0.9998480081558228,
            "bytes": 1250944,
            "bits_per_second": 10009073.297508994,
            "jitter_ms": 1.6199246769626483,
            "lost_packets": 0,
            "packets": 928,
            "lost_percent": 0,
            "omitted": false,
            "sender": false
          }
        },
        {
          "streams": [
            {
              "socket": 5,
              "start": 2.000076,
              "end": 3.000232,
              "seconds": 1.000156044960022,
              "bytes": 1249596,
              "bits_per_second": 9995208.29812071,
              "jitter_ms": 1.563194328291099,
              "lost_packets": 0,
              "packets": 927,
              "lost_percent": 0,
              "omitted": false,
              "sender": false
            }
          ],
          "sum": {
            "start": 2.000076,
            "end": 3.000232,
            "seconds": 1.000156044960022,
            "bytes": 1249596,
            "bits_per_second": 9995208.29812071,
            "jitter_ms": 1.563194328291099,
            "lost_packets": 0,
            "packets": 927,
            "lost_percent": 0,
            "omitted": false,
            "sender": false
          }
        },
        {
          "streams": [
            {
              "socket": 5,
              "start": 3.000232,
              "end": 4.000214,
              "seconds": 0.9999819993972778,
              "bytes": 1248248,
              "bits_per_second": 9986163.756966507,
              "jitter_ms": 1.7295434945472241,
              "lost_packets": 0,
              "packets": 926,
              "lost_percent": 0,
              "omitted": false,
              "sender": false
            }
          ],
          "sum": {
            "start": 3.000232,
            "end": 4.000214,
            "seconds": 0.9999819993972778,
            "bytes": 1248248,
            "bits_per_second": 9986163.756966507,
            "jitter_ms": 1.7295434945472241,
            "lost_packets": 0,
            "packets": 926,
            "lost_percent": 0,
            "omitted": false,
            "sender": false
          }
        },
        {
          "streams": [
            {
              "socket": 5,
              "start": 4.000214,
              "end": 5.000216,
              "seconds": 1.0000020265579224,
              "bytes": 1246900,
              "bits_per_second": 9975179.78472038,
              "jitter_ms": 1.6426343188463588,
              "lost_packets": 0,
              "packets": 925,
              "lost_percent": 0,
              "omitted": false,
              "sender": false
            }
          ],
          "sum": {
            "start": 4.000214,
            "end": 5.000216,
            "seconds": 1.0000020265579224,
            "bytes": 1246900,
            "bits_per_second": 9975179.78472038,
            "jitter_ms": 1.6426343188463588,
            "lost_packets": 0,
            "packets": 925,
            "lost_percent": 0,
            "omitted": false,
            "sender": false
          }
        },
        {
          "streams": [
            {
              "socket": 5,
              "start": 5.000216,
              "end": 6.000231,
              "seconds": 1.0000150203704834,
              "bytes": 1253640,
              "bits_per_second": 10028969.36116463,
              "jitter_ms": 1.6809101387792689,
              "lost_packets": 0,
              "packets": 930,
              "lost_percent": 0,
              "omitted": false,
              "sender": false
            }
          ],
          "sum": {
            "start": 5.000216,
            "end": 6.000231,
            "seconds": 1.0000150203704834,
            "bytes": 1253640,
            "bits_per_second": 10028969.36116463,
            "jitter_ms": 1.6809101387792689,
            "lost_packets": 0,
            "packets": 930,
            "lost_percent": 0,
            "omitted": false,
            "sender": false
          }
        },
        {
          "streams": [
            {
              "socket": 5,
              "start": 6.000231,
              "end": 7.000214,
              "seconds": 0.999983012676239,
              "bytes": 1250944,
              "bits_per_second": 10007722.0044138,
              "jitter_ms": 1.5431608821092255,
              "lost_packets": 0,
              "packets": 928,
              "lost_percent": 0,
              "omitted": false,
              "sender": false
            }
          ],
          "sum": {
            "start": 6.000231,
            "end": 7.000214,
            "seconds": 0.999983012676239,
            "bytes": 1250944,
            "bits_per_second": 10007722.0044138,
            "jitter_ms": 1.5431608821092255,
            "lost_packets": 0,
            "packets": 928,
            "lost_percent": 0,
            "omitted": false,
            "sender": false
          }
        },
        {
          "streams": [
            {
              "socket": 5,
              "start": 7.000214,
              "end": 8.000214,
              "seconds": 1,
              "bytes": 1250944,
              "bits_per_second": 10007552,
              "jitter_ms": 1.6132651882390752,
              "lost_packets": 0,
              "packets": 928,
              "lost_percent": 0,