{
  "udp": {
    "10": {
      "start": {
        "connected": [
          {
            "socket": 10,
            "local_host": "172.17.0.2",
            "local_port": 60714,
            "remote_host": "10.100.1.101",
            "remote_port": 32201
          }
        ],
        "version": "iperf 3.12",
        "system_info": "Linux ff25384584e4 6.8.0-47-generic #47~22.04.1-Ubuntu SMP PREEMPT_DYNAMIC Wed Oct  2 16:16:55 UTC 2 x86_64",
        "timestamp": {
          "time": "Fri, 08 Nov 2024 09:00:42 GMT",
          "timesecs": 1731056442
        },
        "connecting_to": {
          "host": "api-int.edge.open5g.info",
          "port": 32201
        },
        "cookie": "j6ecxj5k5bm2h2fgejoktkt2nmtg3cdqt246",
        "target_bitrate": 10000000,
        "sock_bufsize": 0,
        "sndbuf_actual": 212992,
        "rcvbuf_actual": 212992,
        "test_start": {
          "protocol": "UDP",
          "num_streams": 1,
          "blksize": 1398,
          "omit": 0,
          "duration": 10,
          "bytes": 0,
          "blocks": 0,
          "reverse": 1,
          "tos": 0,
          "target_bitrate": 10000000
        }
      },
      "intervals": [
        {
          "streams": [
            {
              "socket": 10,
              "start": 0,
              "end": 1.00029,
              "seconds": 1.000290036201477,
              "bytes": 1251210,
              "bits_per_second": 10006777.672214925,
              "jitter_ms": 0.01425417849428051,
              "lost_packets": 0,
              "packets": 895,
              "lost_percent": 0,
              "omitted": false,
              "sender": false
            }
          ],
          "sum": {
            "start": 0,
            "end": 1.00029,
            "seconds": 1.000290036201477,
            "bytes": 1251210,
            "bits_per_second": 10006777.672214925,
            "jitter_ms": 0.01425417849428051,
            "lost_packets": 0,
            "packets": 895,
            "lost_percent": 0,
            "omitted": false,
            "sender": false
          }
        },
        {
          "streams": [
            {
              "socket": 10,
              "start": 1.00029,
              "end": 2.000237,
              "seconds": 0.9999470114707947,
              "bytes": 1249812,
              "bits_per_second": 9999025.83367241,
              "jitter_ms": 0.08054656884350453,
              "lost_packets": 0,
              "packets": 894,
              "lost_percent": 0,
              "omitted": false,
              "sender": false
            }
          ],
          "sum": {
            "start": 1.00029,
            "end": 2.000237,
            "seconds": 0.9999470114707947,
            "bytes": 1249812,
            "bits_per_second": 9999025.83367241,
            "jitter_ms": 0.08054656884350453,
            "lost_packets": 0,
            "packets": 894,
            "lost_percent": 0,
            "omitted": false,
            "sender": false
          }
        },
        {
          "streams": [
            {
              "socket": 10,
              "start": 2.000237,
              "end": 3.000276,
              "seconds": 1.000038981437683,
              "bytes": 1249812,
              "bits_per_second": 9998106.2594439,
              "jitter_ms": 0.011288331899259334,
              "lost_packets": 0,
              "packets": 894,
              "lost_percent": 0,
              "omitted": false,
              "sender": false
            }
          ],
          "sum": {
            "start": 2.000237,
            "end": 3.000276,
            "seconds": 1.000038981437683,
            "bytes": 1249812,
            "bits_per_second": 9998106.2594439,
            "jitter_ms": 0.011288331899259334,
            "lost_packets": 0,
            "packets": 894,
            "lost_percent": 0,
            "omitted": false,
            "sender": false
          }
        },
        {
          "streams": [
            {
              "socket": 10,
              "start": 3.000276,
              "end": 4.000163,
              "seconds": 0.999886989593506,
              "bytes": 1249812,
              "bits_per_second": 9999626.061806034,
              "jitter_ms": 0.027623426271240373,
              "lost_packets": 0,
              "packets": 894,
              "lost_percent": 0,
              "omitted": false,
              "sender": false
            }
          ],
          "sum": {
            "start": 3.000276,
            "end": 4.000163,
            "seconds": 0.999886989593506,
            "bytes": 1249812,
            "bits_per_second": 9999626.061806034,
            "jitter_ms": 0.027623426271240373,
            "lost_packets": 0,
            "packets": 894,
            "lost_percent": 0,
            "omitted": false,
            "sender": false
          }
        },
        {
          "streams": [
            {
              "socket": 10,
              "start": 4.000163,
              "end": 5.000168,
              "seconds": 1.0000050067901611,
              "bytes": 1251210,
              "bits_per_second": 10009629.88388358,
              "jitter_ms": 0.010300123784078397,
              "lost_packets": 0,
              "packets": 895,
              "lost_percent": 0,
              "omitted": false,
              "sender": false
            }
          ],
          "sum": {
            "start": 4.000163,
            "end": 5.000168,
            "seconds": 1.0000050067901611,
            "bytes": 1251210,
            "bits_per_second": 10009629.88388358,
            "jitter_ms": 0.010300123784078397,
            "lost_packets": 0,
            "packets": 895,
            "lost_percent": 0,
            "omitted": false,
            "sender": false
          }
        },
        {
          "streams": [
            {
              "socket": 10,
              "start": 5.000168,
              "end": 6.000297,
              "seconds": 1.000128984451294,
              "bytes": 1249812,
              "bits_per_second": 9997206.51580309,
              "jitter_ms": 0.010504904897064245,
              "lost_packets": 0,
              "packets": 894,
              "lost_percent": 0,
              "omitted": false,
              "sender": false
            }
          ],
          "sum": {
            "start": 5.000168,
            "end": 6.000297,
            "seconds": 1.000128984451294,
            "bytes": 1249812,
            "bits_per_second": 9997206.51580309,
            "jitter_ms": 0.010504904897064245,
            "lost_packets": 0,
            "packets": 894,
            "lost_percent": 0,
            "omitted": false,
            "sender": false
          }
        },
        {
          "streams": [
            {
              "socket": 10,
              "start": 6.000297,
              "end": 7.000291,
              "seconds": 0.9999939799308777,
              "bytes": 1249812,
              "bits_per_second": 9998556.1919994,
              "jitter_ms": 0.013875265456204367,
              "lost_packets": 0,
              "packets": 894,
              "lost_percent": 0,
              "omitted": false,
              "sender": false
            }
          ],
          "sum": {
            "start": 6.000297,
            "end": 7.000291,
            "seconds": 0.9999939799308777,
            "bytes": 1249812,
            "bits_per_second": 9998556.1919994,
            "jitter_ms": 0.013875265456204367,
            "lost_packets": 0,
            "packets": 894,
            "lost_percent": 0,
            "omitted": false,
            "sender": false
          }
        },
        {
          "streams": [
            {
              "socket": 10,
              "start": 7.000291,
              "end": 8.000296,
              "seconds": 1.0000050067901611,
              "bytes": 1249812,
              "bits_per_second": 9998445.93987924,
              "jitter_ms": 0.014227247133381816,
              "lost_packets": 0,
              "packets": 894,