{
  "udp": {
    "20": {
      "start": {
        "connected": [
          {
            "socket": 10,
            "local_host": "172.17.0.2",
            "local_port": 60622,
            "remote_host": "10.100.1.103",
            "remote_port": 32201
          }
        ],
        "version": "iperf 3.12",
        "system_info": "Linux c26d6be33a7e 6.8.0-47-generic #47~22.04.1-Ubuntu SMP PREEMPT_DYNAMIC Wed Oct  2 16:16:55 UTC 2 x86_64",
        "timestamp": {
          "time": "Wed, 30 Oct 2024 22:47:54 GMT",
          "timesecs": 1730328474
        },
        "connecting_to": {
          "host": "api-int.edge.open5g.info",
          "port": 32201
        },
        "cookie": "cvfiuetzgl3aniqh77lsuqbrh6a4xdkakqrx",
        "target_bitrate": 20000000,
        "sock_bufsize": 0,
        "sndbuf_actual": 212992,
        "rcvbuf_actual": 212992,
        "test_start": {
          "protocol": "UDP",
          "num_streams": 1,
          "blksize": 1398,
          "omit": 0,
          "duration": 10,
          "bytes": 0,
          "blocks": 0,
          "reverse": 1,
          "tos": 0,
          "target_bitrate": 20000000
        }
      },
      "intervals": [
        {
          "streams": [
            {
              "socket": 10,
              "start": 0,
              "end": 1.000119,
              "seconds": 1.0001189708709717,
              "bytes": 2502420,
              "bits_per_second": 20016978.562626183,
              "jitter_ms": 0.03602031587940919,
              "lost_packets": 0,
              "packets": 1790,
              "lost_percent": 0,
              "omitted": false,
              "sender": false
            }
          ],
          "sum": {
            "start": 0,
            "end": 1.000119,
            "seconds": 1.0001189708709717,
            "bytes": 2502420,
            "bits_per_second": 20016978.562626183,
            "jitter_ms": 0.03602031587940919,
            "lost_packets": 0,
            "packets": 1790,
            "lost_percent": 0,
            "omitted": false,
            "sender": false
          }
        },
        {
          "streams": [
            {
              "socket": 10,
              "start": 1.000119,
              "end": 2.000114,
              "seconds": 0.999994993209839,
              "bytes": 2501022,
              "bits_per_second": 20008276.1772403,
              "jitter_ms": 0.16763304903056125,
              "lost_packets": 0,
              "packets": 1789,
              "lost_percent": 0,
              "omitted": false,
              "sender": false
            }
          ],
          "sum": {
            "start": 1.000119,
            "end": 2.000114,
            "seconds": 0.999994993209839,
            "bytes": 2501022,
            "bits_per_second": 20008276.1772403,
            "jitter_ms": 0.16763304903056125,
            "lost_packets": 0,
            "packets": 1789,
            "lost_percent": 0,
            "omitted": false,
            "sender": false
          }
        },
        {
          "streams": [
            {
              "socket": 10,
              "start": 2.000114,
              "end": 3.000114,
              "seconds": 1,
              "bytes": 2499624,
              "bits_per_second": 19996992,
              "jitter_ms": 0.05064846531550073,
              "lost_packets": 0,
              "packets": 1788,
              "lost_percent": 0,
              "omitted": false,
              "sender": false
            }
          ],
          "sum": {
            "start": 2.000114,
            "end": 3.000114,
            "seconds": 1,
            "bytes": 2499624,
            "bits_per_second": 19996992,
            "jitter_ms": 0.05064846531550073,
            "lost_packets": 0,
            "packets": 1788,
            "lost_percent": 0,
            "omitted": false,
            "sender": false
          }
        },
        {
          "streams": [
            {
              "socket": 10,
              "start": 3.000114,
              "end": 4.000018,
              "seconds": 0.999903976917267,
              "bytes": 2468868,
              "bits_per_second": 19752840.7286595,
              "jitter_ms": 0.12267815774538143,
              "lost_packets": 0,
              "packets": 1766,
              "lost_percent": 0,
              "omitted": false,
              "sender": false
            }
          ],
          "sum": {
            "start": 3.000114,
            "end": 4.000018,
            "seconds": 0.999903976917267,
            "bytes": 2468868,
            "bits_per_second": 19752840.7286595,
            "jitter_ms": 0.12267815774538143,
            "lost_packets": 0,
            "packets": 1766,
            "lost_percent": 0,
            "omitted": false,
            "sender": false
          }
        },
        {
          "streams": [
            {
              "socket": 10,
              "start": 4.000018,
              "end": 5.000119,
              "seconds": 1.0001009702682495,
              "bytes": 2531778,
              "bits_per_second": 20252179.1320404,
              "jitter_ms": 0.20655442901292614,
              "lost_packets": 0,
              "packets": 1811,
              "lost_percent": 0,
              "omitted": false,
              "sender": false
            }
          ],
          "sum": {
            "start": 4.000018,
            "end": 5.000119,
            "seconds": 1.0001009702682495,
            "bytes": 2531778,
            "bits_per_second": 20252179.1320404,
            "jitter_ms": 0.20655442901292614,
            "lost_packets": 0,
            "packets": 1811,
            "lost_percent": 0,
            "omitted": false,
            "sender": false
          }
        },
        {
          "streams": [
            {
              "socket": 10,
              "start": 5.000119,
              "end": 6.000112,
              "seconds": 0.9999930262565613,
              "bytes": 2488440,
              "bits_per_second": 19907658.83090515,
              "jitter_ms": 0.14881862666306192,
              "lost_packets": 0,
              "packets": 1780,
              "lost_percent": 0,
              "omitted": false,
              "sender": false
            }
          ],
          "sum": {
            "start": 5.000119,
            "end": 6.000112,
            "seconds": 0.9999930262565613,
            "bytes": 2488440,
            "bits_per_second": 19907658.83090515,
            "jitter_ms": 0.14881862666306192,
            "lost_packets": 0,
            "packets": 1780,
            "lost_percent": 0,
            "omitted": false,
            "sender": false
          }
        },
        {
          "streams": [
            {
              "socket": 10,
              "start": 6.000112,
              "end": 7.000073,
              "seconds": 0.999961018562317,
              "bytes": 2510808,
              "bits_per_second": 20087247.029768314,
              "jitter_ms": 0.04461129004164136,
              "lost_packets": 0,
              "packets": 1796,
              "lost_percent": 0,
              "omitted": false,
              "sender": false
            }
          ],
          "sum": {
            "start": 6.000112,
            "end": 7.000073,
            "seconds": 0.999961018562317,
            "bytes": 2510808,
            "bits_per_second": 20087247.029768314,
            "jitter_ms": 0.04461129004164136,
            "lost_packets": 0,
            "packets": 1796,
            "lost_percent": 0,
            "omitted": false,
            "sender": false
          }
        },
        {
          "streams": [
            {
              "socket": 10,
              "start": 7.000073,
              "end": 8.000119,
              "seconds": 1.0000460147857666,
              "bytes": 2499624,
              "bits_per_second": 19996071.885036036,
              "jitter_ms": 0.21018281103066472,
              "lost_packets": 0,
              "packets": 1788,
              "lost_percent": 0,