{
  "udp": {
    "10": {
      "start": {
        "connected": [
          {
            "socket": 10,
            "local_host": "172.17.0.2",
            "local_port": 40582,
            "remote_host": "172.20.25.101",
            "remote_port": 32201
          }
        ],
        "version": "iperf 3.12",
        "system_info": "Linux 8fd0a4133025 6.8.0-52-generic #53~22.04.1-Ubuntu SMP PREEMPT_DYNAMIC Wed Jan 15 19:18:46 UTC 2 x86_64",
        "timestamp": {
          "time": "Tue, 15 Apr 2025 04:00:41 GMT",
          "timesecs": 1744689641
        },
        "connecting_to": {
          "host": "api-int.tenoran.automation.otic.open6g.net",
          "port": 32201
        },
        "cookie": "pztlm5mvuyefiraluwmglvao3hir53q6eiwb",
        "target_bitrate": 10000000,
        "sock_bufsize": 0,
        "sndbuf_actual": 212992,
        "rcvbuf_actual": 212992,
        "test_start": {
          "protocol": "UDP",
          "num_streams": 1,
          "blksize": 1348,
          "omit": 0,
          "duration": 10,
          "bytes": 0,
          "blocks": 0,
          "reverse": 1,
          "tos": 0,
          "target_bitrate": 10000000
        }
      },
      "intervals": [
        {
          "streams": [
            {
              "socket": 10,
              "start": 0,
              "end": 1.000166,
              "seconds": 1.0001660585403442,
              "bytes": 1260380,
              "bits_per_second": 10081365.903093455,
              "jitter_ms": 0.42270918401087376,
              "lost_packets": 0,
              "packets": 935,
              "lost_percent": 0,
              "omitted": false,
              "sender": false
            }
          ],
          "sum": {
            "start": 0,
            "end": 1.000166,
            "seconds": 1.0001660585403442,
            "bytes": 1260380,
            "bits_per_second": 10081365.903093455,
            "jitter_ms": 0.42270918401087376,
            "lost_packets": 0,
            "packets": 935,
            "lost_percent": 0,
            "omitted": false,
            "sender": false
          }
        },
        {
          "streams": [
            {
              "socket": 10,
              "start": 1.000166,
              "end": 2.000295,
              "seconds": 1.000128984451294,
              "bytes": 1241508,
              "bits_per_second": 9930783.08339307,
              "jitter_ms": 0.03163123360856053,
              "lost_packets": 0,
              "packets": 921,
              "lost_percent": 0,
              "omitted": false,
              "sender": false
            }
          ],
          "sum": {
            "start": 1.000166,
            "end": 2.000295,
            "seconds": 1.000128984451294,
            "bytes": 1241508,
            "bits_per_second": 9930783.08339307,
            "jitter_ms": 0.03163123360856053,
            "lost_packets": 0,
            "packets": 921,
            "lost_percent": 0,
            "omitted": false,
            "sender": false
          }
        },
        {
          "streams": [
            {
              "socket": 10,
              "start": 2.000295,
              "end": 3.000252,
              "seconds": 0.999957025051117,
              "bytes": 1249596,
              "bits_per_second": 9997197.629057083,
              "jitter_ms": 0.03164574694121436,
              "lost_packets": 0,
              "packets": 927,
              "lost_percent": 0,
              "omitted": false,
              "sender": false
            }
          ],
          "sum": {
            "start": 2.000295,
            "end": 3.000252,
            "seconds": 0.999957025051117,
            "bytes": 1249596,
            "bits_per_second": 9997197.629057083,
            "jitter_ms": 0.03164574694121436,
            "lost_packets": 0,
            "packets": 927,
            "lost_percent": 0,
            "omitted": false,
            "sender": false
          }
        },
        {
          "streams": [
            {
              "socket": 10,
              "start": 3.000252,
              "end": 4.000253,
              "seconds": 1.0000009536743164,
              "bytes": 1249596,
              "bits_per_second": 9996758.466348203,
              "jitter_ms": 0.0571999413166296,
              "lost_packets": 0,
              "packets": 927,
              "lost_percent": 0,
              "omitted": false,
              "sender": false
            }
          ],
          "sum": {
            "start": 3.000252,
            "end": 4.000253,
            "seconds": 1.0000009536743164,
            "bytes": 1249596,
            "bits_per_second": 9996758.466348203,
            "jitter_ms": 0.0571999413166296,
            "lost_packets": 0,
            "packets": 927,
            "lost_percent": 0,
            "omitted": false,
            "sender": false
          }
        },
        {
          "streams": [
            {
              "socket": 10,
              "start": 4.000253,
              "end": 5.0003,
              "seconds": 1.000046968460083,
              "bytes": 1249596,
              "bits_per_second": 9996298.48925343,
              "jitter_ms": 0.02159450692305151,
              "lost_packets": 0,
              "packets": 927,
              "lost_percent": 0,
              "omitted": false,
              "sender": false
            }
          ],
          "sum": {
            "start": 4.000253,
            "end": 5.0003,
            "seconds": 1.000046968460083,
            "bytes": 1249596,
            "bits_per_second": 9996298.48925343,
            "jitter_ms": 0.02159450692305151,
            "lost_packets": 0,
            "packets": 927,
            "lost_percent": 0,
            "omitted": false,
            "sender": false
          }
        },
        {
          "streams": [
            {
              "socket": 10,
              "start": 5.0003,
              "end": 6.000291,
              "seconds": 0.999990999698639,
              "bytes": 1250944,
              "bits_per_second": 10007642.07179456,
              "jitter_ms": 0.01851533160008487,
              "lost_packets": 0,
              "packets": 928,
              "lost_percent": 0,
              "omitted": false,
              "sender": false
            }
          ],
          "sum": {
            "start": 5.0003,
            "end": 6.000291,
            "seconds": 0.999990999698639,
            "bytes": 1250944,
            "bits_per_second": 10007642.07179456,
            "jitter_ms": 0.01851533160008487,
            "lost_packets": 0,
            "packets": 928,
            "lost_percent": 0,
            "omitted": false,
            "sender": false
          }
        },
        {
          "streams": [
            {
              "socket": 10,
              "start": 6.000291,
              "end": 7.000291,
              "seconds": 1,
              "bytes": 1249596,
              "bits_per_second": 9996768,
              "jitter_ms": 0.02072422407563151,
              "lost_packets": 0,
              "packets": 927,
              "lost_percent": 0,
              "omitted": false,
              "sender": false
            }
          ],
          "sum": {
            "start": 6.000291,
            "end": 7.000291,
            "seconds": 1,
            "bytes": 1249596,
            "bits_per_second": 9996768,
            "jitter_ms": 0.02072422407563151,
            "lost_packets": 0,
            "packets": 927,
            "lost_percent": 0,
            "omitted": false,
            "sender": false
          }
        },
        {
          "streams": [
            {
              "socket": 10,
              "start": 7.000291,
              "end": 8.000289,
              "seconds": 0.9999979734420776,
              "bytes": 1249596,
              "bits_per_second": 9996788.259070445,
              "jitter_ms": 0.02136545765276942,
              "lost_packets": 0,
              "packets": 927,
              "lost_percent": 0,
              "omitted": false,