{
  "udp": {
    "20": {
      "start": {
        "connected": [
          {
            "socket": 10,
            "local_host": "172.17.0.2",
            "local_port": 51048,
            "remote_host": "10.100.1.101",
            "remote_port": 32201
          }
        ],
        "version": "iperf 3.12",
        "system_info": "Linux 3340f0f322ff 6.8.0-47-generic #47~22.04.1-Ubuntu SMP PREEMPT_DYNAMIC Wed Oct  2 16:16:55 UTC 2 x86_64",
        "timestamp": {
          "time": "Fri, 17 Jan 2025 07:01:39 GMT",
          "timesecs": 1737097299
        },
        "connecting_to": {
          "host": "api-int.edge.open5g.info",
          "port": 32201
        },
        "cookie": "c3wcs44bmsaf76gkpbw72gv2zbvneu63zaz4",
        "target_bitrate": 20000000,
        "sock_bufsize": 0,
        "sndbuf_actual": 212992,
        "rcvbuf_actual": 212992,
        "test_start": {
          "protocol": "UDP",
          "num_streams": 1,
          "blksize": 1398,
          "omit": 0,
          "duration": 10,
          "bytes": 0,
          "blocks": 0,
          "reverse": 1,
          "tos": 0,
          "target_bitrate": 20000000
        }
      },
      "intervals": [
        {
          "streams": [
            {
              "socket": 10,
              "start": 0,
              "end": 1.000069,
              "seconds": 1.00006902217865,
              "bytes": 1602108,
              "bits_per_second": 12815979.41317937,
              "jitter_ms": 0.707244483456263,
              "lost_packets": 0,
              "packets": 1146,
              "lost_percent": 0,
              "omitted": false,
              "sender": false
            }
          ],
          "sum": {
            "start": 0,
            "end": 1.000069,
            "seconds": 1.00006902217865,
            "bytes": 1602108,
            "bits_per_second": 12815979.41317937,
            "jitter_ms": 0.707244483456263,
            "lost_packets": 0,
            "packets": 1146,
            "lost_percent": 0,
            "omitted": false,
            "sender": false
          }
        },
        {
          "streams": [
            {
              "socket": 10,
              "start": 1.000069,
              "end": 2.000087,
              "seconds": 1.0000180006027222,
              "bytes": 1711152,
              "bits_per_second": 13688969.590296729,
              "jitter_ms": 1.1161045182198375,
              "lost_packets": 0,
              "packets": 1224,
              "lost_percent": 0,
              "omitted": false,
              "sender": false
            }
          ],
          "sum": {
            "start": 1.000069,
            "end": 2.000087,
            "seconds": 1.0000180006027222,
            "bytes": 1711152,
            "bits_per_second": 13688969.590296729,
            "jitter_ms": 1.1161045182198375,
            "lost_packets": 0,
            "packets": 1224,
            "lost_percent": 0,
            "omitted": false,
            "sender": false
          }
        },
        {
          "streams": [
            {
              "socket": 10,
              "start": 2.000087,
              "end": 3.000061,
              "seconds": 0.999974012374878,
              "bytes": 1646844,
              "bits_per_second": 13175094.38941394,
              "jitter_ms": 0.7287938009356975,
              "lost_packets": 0,
              "packets": 1178,
              "lost_percent": 0,
              "omitted": false,
              "sender": false
            }
          ],
          "sum": {
            "start": 2.000087,
            "end": 3.000061,
            "seconds": 0.999974012374878,
            "bytes": 1646844,
            "bits_per_second": 13175094.38941394,
            "jitter_ms": 0.7287938009356975,
            "lost_packets": 0,
            "packets": 1178,
            "lost_percent": 0,
            "omitted": false,
            "sender": false
          }
        },
        {
          "streams": [
            {
              "socket": 10,
              "start": 3.000061,
              "end": 4.000087,
              "seconds": 1.000025987625122,
              "bytes": 1642650,
              "bits_per_second": 13140858.500295512,
              "jitter_ms": 0.9707795241755086,
              "lost_packets": 0,
              "packets": 1175,
              "lost_percent": 0,
              "omitted": false,
              "sender": false
            }
          ],
          "sum": {
            "start": 3.000061,
            "end": 4.000087,
            "seconds": 1.000025987625122,
            "bytes": 1642650,
            "bits_per_second": 13140858.500295512,
            "jitter_ms": 0.9707795241755086,
            "lost_packets": 0,
            "packets": 1175,
            "lost_percent": 0,
            "omitted": false,
            "sender": false
          }
        },
        {
          "streams": [
            {
              "socket": 10,
              "start": 4.000087,
              "end": 5.000141,
              "seconds": 1.0000540018081665,
              "bytes": 1695774,
              "bits_per_second": 13565459.440661594,
              "jitter_ms": 1.4804154273138457,
              "lost_packets": 0,
              "packets": 1213,
              "lost_percent": 0,
              "omitted": false,
              "sender": false
            }
          ],
          "sum": {
            "start": 4.000087,
            "end": 5.000141,
            "seconds": 1.0000540018081665,
            "bytes": 1695774,
            "bits_per_second": 13565459.440661594,
            "jitter_ms": 1.4804154273138457,
            "lost_packets": 0,
            "packets": 1213,
            "lost_percent": 0,
            "omitted": false,
            "sender": false
          }
        },
        {
          "streams": [
            {
              "socket": 10,
              "start": 5.000141,
              "end": 6.00009,
              "seconds": 0.9999489784240723,
              "bytes": 1596516,
              "bits_per_second": 12772779.687348627,
              "jitter_ms": 0.888196952195432,
              "lost_packets": 0,
              "packets": 1142,
              "lost_percent": 0,
              "omitted": false,
              "sender": false
            }
          ],
          "sum": {
            "start": 5.000141,
            "end": 6.00009,
            "seconds": 0.9999489784240723,
            "bytes": 1596516,
            "bits_per_second": 12772779.687348627,
            "jitter_ms": 0.888196952195432,
            "lost_packets": 0,
            "packets": 1142,
            "lost_percent": 0,
            "omitted": false,
            "sender": false
          }
        },
        {
          "streams": [
            {
              "socket": 10,
              "start": 6.00009,
              "end": 7.000073,
              "seconds": 0.999983012676239,
              "bytes": 1835574,
              "bits_per_second": 14684841.456156194,
              "jitter_ms": 1.054471328416349,
              "lost_packets": 0,
              "packets": 1313,
              "lost_percent": 0,
              "omitted": false,
              "sender": false
            }
          ],
          "sum": {
            "start": 6.00009,
            "end": 7.000073,
            "seconds": 0.999983012676239,
            "bytes": 1835574,
            "bits_per_second": 14684841.456156194,
            "jitter_ms": 1.054471328416349,
            "lost_packets": 0,
            "packets": 1313,
            "lost_percent": 0,
            "omitted": false,
            "sender": false
          }
        },
        {
          "streams": [
            {
              "socket": 10,
              "start": 7.000073,
              "end": 8.000081,
              "seconds": 1.0000079870224,
              "bytes": 1797828,
              "bits_per_second": 14382509.126577439,
              "jitter_ms": 2.6241728929757384,
              "lost_packets": 0,
              "packets": 1286,