{
  "udp": {
    "10": {
      "start": {
        "connected": [
          {
            "socket": 10,
            "local_host": "172.17.0.2",
            "local_port": 52665,
            "remote_host": "10.100.1.103",
            "remote_port": 32201
          }
        ],
        "version": "iperf 3.12",
        "system_info": "Linux 842991ad4edb 6.8.0-47-generic #47~22.04.1-Ubuntu SMP PREEMPT_DYNAMIC Wed Oct  2 16:16:55 UTC 2 x86_64",
        "timestamp": {
          "time": "Tue, 26 Nov 2024 07:00:42 GMT",
          "timesecs": 1732604442
        },
        "connecting_to": {
          "host": "api-int.edge.open5g.info",
          "port": 32201
        },
        "cookie": "txbmgcuocbtxyovp5pj5puwtslevj5c2lurt",
        "target_bitrate": 10000000,
        "sock_bufsize": 0,
        "sndbuf_actual": 212992,
        "rcvbuf_actual": 212992,
        "test_start": {
          "protocol": "UDP",
          "num_streams": 1,
          "blksize": 1398,
          "omit": 0,
          "duration": 10,
          "bytes": 0,
          "blocks": 0,
          "reverse": 1,
          "tos": 0,
          "target_bitrate": 10000000
        }
      },
      "intervals": [
        {
          "streams": [
            {
              "socket": 10,
              "start": 0,
              "end": 1.000122,
              "seconds": 1.0001219511032104,
              "bytes": 1251210,
              "bits_per_second": 10008459.457327742,
              "jitter_ms": 0.5604320958295955,
              "lost_packets": 0,
              "packets": 895,
              "lost_percent": 0,
              "omitted": false,
              "sender": false
            }
          ],
          "sum": {
            "start": 0,
            "end": 1.000122,
            "seconds": 1.0001219511032104,
            "bytes": 1251210,
            "bits_per_second": 10008459.457327742,
            "jitter_ms": 0.5604320958295955,
            "lost_packets": 0,
            "packets": 895,
            "lost_percent": 0,
            "omitted": false,
            "sender": false
          }
        },
        {
          "streams": [
            {
              "socket": 10,
              "start": 1.000122,
              "end": 2.000283,
              "seconds": 1.000161051750183,
              "bytes": 1249812,
              "bits_per_second": 9996885.984015893,
              "jitter_ms": 0.11553513495640179,
              "lost_packets": 0,
              "packets": 894,
              "lost_percent": 0,
              "omitted": false,
              "sender": false
            }
          ],
          "sum": {
            "start": 1.000122,
            "end": 2.000283,
            "seconds": 1.000161051750183,
            "bytes": 1249812,
            "bits_per_second": 9996885.984015893,
            "jitter_ms": 0.11553513495640179,
            "lost_packets": 0,
            "packets": 894,
            "lost_percent": 0,
            "omitted": false,
            "sender": false
          }
        },
        {
          "streams": [
            {
              "socket": 10,
              "start": 2.000283,
              "end": 3.000126,
              "seconds": 0.9998430013656616,
              "bytes": 1249812,
              "bits_per_second": 10000065.996704776,
              "jitter_ms": 0.3769163807541609,
              "lost_packets": 0,
              "packets": 894,
              "lost_percent": 0,
              "omitted": false,
              "sender": false
            }
          ],
          "sum": {
            "start": 2.000283,
            "end": 3.000126,
            "seconds": 0.9998430013656616,
            "bytes": 1249812,
            "bits_per_second": 10000065.996704776,
            "jitter_ms": 0.3769163807541609,
            "lost_packets": 0,
            "packets": 894,
            "lost_percent": 0,
            "omitted": false,
            "sender": false
          }
        },
        {
          "streams": [
            {
              "socket": 10,
              "start": 3.000126,
              "end": 4.000285,
              "seconds": 1.0001590251922607,
              "bytes": 1251210,
              "bits_per_second": 10008088.4618082,
              "jitter_ms": 0.04496924702868239,
              "lost_packets": 0,
              "packets": 895,
              "lost_percent": 0,
              "omitted": false,
              "sender": false
            }
          ],
          "sum": {
            "start": 3.000126,
            "end": 4.000285,
            "seconds": 1.0001590251922607,
            "bytes": 1251210,
            "bits_per_second": 10008088.4618082,
            "jitter_ms": 0.04496924702868239,
            "lost_packets": 0,
            "packets": 895,
            "lost_percent": 0,
            "omitted": false,
            "sender": false
          }
        },
        {
          "streams": [
            {
              "socket": 10,
              "start": 4.000285,
              "end": 5.000074,
              "seconds": 0.999788999557495,
              "bytes": 1249812,
              "bits_per_second": 10000606.132319236,
              "jitter_ms": 0.3991665798084012,
              "lost_packets": 0,
              "packets": 894,
              "lost_percent": 0,
              "omitted": false,
              "sender": false
            }
          ],
          "sum": {
            "start": 4.000285,
            "end": 5.000074,
            "seconds": 0.999788999557495,
            "bytes": 1249812,
            "bits_per_second": 10000606.132319236,
            "jitter_ms": 0.3991665798084012,
            "lost_packets": 0,
            "packets": 894,
            "lost_percent": 0,
            "omitted": false,
            "sender": false
          }
        },
        {
          "streams": [
            {
              "socket": 10,
              "start": 5.000074,
              "end": 6.000122,
              "seconds": 1.000048041343689,
              "bytes": 1249812,
              "bits_per_second": 9998015.68189242,
              "jitter_ms": 0.3551774840271385,
              "lost_packets": 0,
              "packets": 894,
              "lost_percent": 0,
              "omitted": false,
              "sender": false
            }
          ],
          "sum": {
            "start": 5.000074,
            "end": 6.000122,
            "seconds": 1.000048041343689,
            "bytes": 1249812,
            "bits_per_second": 9998015.68189242,
            "jitter_ms": 0.3551774840271385,
            "lost_packets": 0,
            "packets": 894,
            "lost_percent": 0,
            "omitted": false,
            "sender": false
          }
        },
        {
          "streams": [
            {
              "socket": 10,
              "start": 6.000122,
              "end": 7.000121,
              "seconds": 0.9999989867210388,
              "bytes": 1249812,
              "bits_per_second": 9998506.131275905,
              "jitter_ms": 0.165220644697186,
              "lost_packets": 0,
              "packets": 894,
              "lost_percent": 0,
              "omitted": false,
              "sender": false
            }
          ],
          "sum": {
            "start": 6.000122,
            "end": 7.000121,
            "seconds": 0.9999989867210388,
            "bytes": 1249812,
            "bits_per_second": 9998506.131275905,
            "jitter_ms": 0.165220644697186,
            "lost_packets": 0,
            "packets": 894,
            "lost_percent": 0,
            "omitted": false,
            "sender": false
          }
        },
        {
          "streams": [
            {
              "socket": 10,
              "start": 7.000121,
              "end": 8.000122,
              "seconds": 1.0000009536743164,
              "bytes": 1249812,
              "bits_per_second": 9998486.464700256,
              "jitter_ms": 0.331215562842297,
              "lost_packets": 0,
              "packets": 894,
              "lost_percent": 0,