{
  "udp": {
    "20": {
      "start": {
        "connected": [
          {
            "socket": 10,
            "local_host": "172.17.0.2",
            "local_port": 48205,
            "remote_host": "172.20.25.101",
            "remote_port": 32201
          }
        ],
        "version": "iperf 3.12",
        "system_info": "Linux 52d00f05b082 6.8.0-52-generic #53~22.04.1-Ubuntu SMP PREEMPT_DYNAMIC Wed Jan 15 19:18:46 UTC 2 x86_64",
        "timestamp": {
          "time": "Fri, 28 Mar 2025 06:01:42 GMT",
          "timesecs": 1743141702
        },
        "connecting_to": {
          "host": "api-int.tenoran.automation.otic.open6g.net",
          "port": 32201
        },
        "cookie": "gihmgqrnjqz3lwrhux6kmqqtf3gfirxzfhyx",
        "target_bitrate": 20000000,
        "sock_bufsize": 0,
        "sndbuf_actual": 212992,
        "rcvbuf_actual": 212992,
        "test_start": {
          "protocol": "UDP",
          "num_streams": 1,
          "blksize": 1348,
          "omit": 0,
          "duration": 10,
          "bytes": 0,
          "blocks": 0,
          "reverse": 1,
          "tos": 0,
          "target_bitrate": 20000000
        }
      },
      "intervals": [
        {
          "streams": [
            {
              "socket": 10,
              "start": 0,
              "end": 1.000282,
              "seconds": 1.0002820491790771,
              "bytes": 2503236,
              "bits_per_second": 20020241.30737433,
              "jitter_ms": 0.0602110739549871,
              "lost_packets": 0,
              "packets": 1857,
              "lost_percent": 0,
              "omitted": false,
              "sender": false
            }
          ],
          "sum": {
            "start": 0,
            "end": 1.000282,
            "seconds": 1.0002820491790771,
            "bytes": 2503236,
            "bits_per_second": 20020241.30737433,
            "jitter_ms": 0.0602110739549871,
            "lost_packets": 0,
            "packets": 1857,
            "lost_percent": 0,
            "omitted": false,
            "sender": false
          }
        },
        {
          "streams": [
            {
              "socket": 10,
              "start": 1.000282,
              "end": 2.000256,
              "seconds": 0.999974012374878,
              "bytes": 2499192,
              "bits_per_second": 19994055.598021552,
              "jitter_ms": 0.2501221788406489,
              "lost_packets": 0,
              "packets": 1854,
              "lost_percent": 0,
              "omitted": false,
              "sender": false
            }
          ],
          "sum": {
            "start": 1.000282,
            "end": 2.000256,
            "seconds": 0.999974012374878,
            "bytes": 2499192,
            "bits_per_second": 19994055.598021552,
            "jitter_ms": 0.2501221788406489,
            "lost_packets": 0,
            "packets": 1854,
            "lost_percent": 0,
            "omitted": false,
            "sender": false
          }
        },
        {
          "streams": [
            {
              "socket": 10,
              "start": 2.000256,
              "end": 3.000112,
              "seconds": 0.9998559951782227,
              "bytes": 2500540,
              "bits_per_second": 20007201.133433484,
              "jitter_ms": 0.019617090571347178,
              "lost_packets": 0,
              "packets": 1855,
              "lost_percent": 0,
              "omitted": false,
              "sender": false
            }
          ],
          "sum": {
            "start": 2.000256,
            "end": 3.000112,
            "seconds": 0.9998559951782227,
            "bytes": 2500540,
            "bits_per_second": 20007201.133433484,
            "jitter_ms": 0.019617090571347178,
            "lost_packets": 0,
            "packets": 1855,
            "lost_percent": 0,
            "omitted": false,
            "sender": false
          }
        },
        {
          "streams": [
            {
              "socket": 10,
              "start": 3.000112,
              "end": 4.000297,
              "seconds": 1.0001850128173828,
              "bytes": 2499192,
              "bits_per_second": 19989837.62382219,
              "jitter_ms": 0.0224716989678862,
              "lost_packets": 0,
              "packets": 1854,
              "lost_percent": 0,
              "omitted": false,
              "sender": false
            }
          ],
          "sum": {
            "start": 3.000112,
            "end": 4.000297,
            "seconds": 1.0001850128173828,
            "bytes": 2499192,
            "bits_per_second": 19989837.62382219,
            "jitter_ms": 0.0224716989678862,
            "lost_packets": 0,
            "packets": 1854,
            "lost_percent": 0,
            "omitted": false,
            "sender": false
          }
        },
        {
          "streams": [
            {
              "socket": 10,
              "start": 4.000297,
              "end": 5.000299,
              "seconds": 1.0000020265579224,
              "bytes": 2500540,
              "bits_per_second": 20004279.46016898,
              "jitter_ms": 0.01958663573995827,
              "lost_packets": 0,
              "packets": 1855,
              "lost_percent": 0,
              "omitted": false,
              "sender": false
            }
          ],
          "sum": {
            "start": 4.000297,
            "end": 5.000299,
            "seconds": 1.0000020265579224,
            "bytes": 2500540,
            "bits_per_second": 20004279.46016898,
            "jitter_ms": 0.01958663573995827,
            "lost_packets": 0,
            "packets": 1855,
            "lost_percent": 0,
            "omitted": false,
            "sender": false
          }
        },
        {
          "streams": [
            {
              "socket": 10,
              "start": 5.000299,
              "end": 6.000286,
              "seconds": 0.999987006187439,
              "bytes": 2500540,
              "bits_per_second": 20004579.935762048,
              "jitter_ms": 0.21404057957430808,
              "lost_packets": 0,
              "packets": 1855,
              "lost_percent": 0,
              "omitted": false,
              "sender": false
            }
          ],
          "sum": {
            "start": 5.000299,
            "end": 6.000286,
            "seconds": 0.999987006187439,
            "bytes": 2500540,
            "bits_per_second": 20004579.935762048,
            "jitter_ms": 0.21404057957430808,
            "lost_packets": 0,
            "packets": 1855,
            "lost_percent": 0,
            "omitted": false,
            "sender": false
          }
        },
        {
          "streams": [
            {
              "socket": 10,
              "start": 6.000286,
              "end": 7.000289,
              "seconds": 1.0000029802322388,
              "bytes": 2499192,
              "bits_per_second": 19993476.414797023,
              "jitter_ms": 0.7192514084925276,
              "lost_packets": 0,
              "packets": 1854,
              "lost_percent": 0,
              "omitted": false,
              "sender": false
            }
          ],
          "sum": {
            "start": 6.000286,
            "end": 7.000289,
            "seconds": 1.0000029802322388,
            "bytes": 2499192,
            "bits_per_second": 19993476.414797023,
            "jitter_ms": 0.7192514084925276,
            "lost_packets": 0,
            "packets": 1854,
            "lost_percent": 0,
            "omitted": false,
            "sender": false
          }
        },
        {
          "streams": [
            {
              "socket": 10,
              "start": 7.000289,
              "end": 8.00029,
              "seconds": 1.0000009536743164,
              "bytes": 2500540,
              "bits_per_second": 20004300.922411993,
              "jitter_ms": 0.018216433972604116,
              "lost_packets": 0,