{
  "udp": {
    "70": {
      "start": {
        "connected": [
          {
            "socket": 5,
            "local_host": "172.17.0.2",
            "local_port": 36556,
            "remote_host": "172.20.25.101",
            "remote_port": 32201
          }
        ],
        "version": "iperf 3.12",
        "system_info": "Linux 4b2156366c52 6.8.0-86-generic #87~22.04.1-Ubuntu SMP PREEMPT_DYNAMIC Mon Sep 29 09:48:07 UTC 2 x86_64",
        "timestamp": {
          "time": "Thu, 06 Nov 2025 05:03:15 GMT",
          "timesecs": 1762405395
        },
        "connecting_to": {
          "host": "api-int.tenoran.automation.otic.open6g.net",
          "port": 32201
        },
        "cookie": "dlby4yu5xg2xgonnapi2k4ia7ln2ewbn4uzj",
        "target_bitrate": 70000000,
        "sock_bufsize": 0,
        "sndbuf_actual": 212992,
        "rcvbuf_actual": 212992,
        "test_start": {
          "protocol": "UDP",
          "num_streams": 1,
          "blksize": 1348,
          "omit": 0,
          "duration": 10,
          "bytes": 0,
          "blocks": 0,
          "reverse": 1,
          "tos": 0,
          "target_bitrate": 70000000
        }
      },
      "intervals": [
        {
          "streams": [
            {
              "socket": 5,
              "start": 0,
              "end": 1.000019,
              "seconds": 1.0000189542770386,
              "bytes": 4305512,
              "bits_per_second": 34443443.149436384,
              "jitter_ms": 0.1776338065227173,
              "lost_packets": 0,
              "packets": 3194,
              "lost_percent": 0,
              "omitted": false,
              "sender": false
            }
          ],
          "sum": {
            "start": 0,
            "end": 1.000019,
            "seconds": 1.0000189542770386,
            "bytes": 4305512,
            "bits_per_second": 34443443.149436384,
            "jitter_ms": 0.1776338065227173,
            "lost_packets": 0,
            "packets": 3194,
            "lost_percent": 0,
            "omitted": false,
            "sender": false
          }
        },
        {
          "streams": [
            {
              "socket": 5,
              "start": 1.000019,
              "end": 2.000096,
              "seconds": 1.00007700920105,
              "bytes": 9279632,
              "bits_per_second": 74231339.50385195,
              "jitter_ms": 0.1407449001262942,
              "lost_packets": 22,
              "packets": 6906,
              "lost_percent": 0.3185635679119606,
              "omitted": false,
              "sender": false
            }
          ],
          "sum": {
            "start": 1.000019,
            "end": 2.000096,
            "seconds": 1.00007700920105,
            "bytes": 9279632,
            "bits_per_second": 74231339.50385195,
            "jitter_ms": 0.1407449001262942,
            "lost_packets": 22,
            "packets": 6906,
            "lost_percent": 0.3185635679119606,
            "omitted": false,
            "sender": false
          }
        },
        {
          "streams": [
            {
              "socket": 5,
              "start": 2.000096,
              "end": 3.000095,
              "seconds": 0.9999989867210388,
              "bytes": 10053384,
              "bits_per_second": 80427153.49514255,
              "jitter_ms": 0.724626895999549,
              "lost_packets": 0,
              "packets": 7458,
              "lost_percent": 0,
              "omitted": false,
              "sender": false
            }
          ],
          "sum": {
            "start": 2.000096,
            "end": 3.000095,
            "seconds": 0.9999989867210388,
            "bytes": 10053384,
            "bits_per_second": 80427153.49514255,
            "jitter_ms": 0.724626895999549,
            "lost_packets": 0,
            "packets": 7458,
            "lost_percent": 0,
            "omitted": false,
            "sender": false
          }
        },
        {
          "streams": [
            {
              "socket": 5,
              "start": 3.000095,
              "end": 4.000213,
              "seconds": 1.0001180171966553,
              "bytes": 10312200,
              "bits_per_second": 82487865.01341304,
              "jitter_ms": 0.17999591038862142,
              "lost_packets": 0,
              "packets": 7650,
              "lost_percent": 0,
              "omitted": false,
              "sender": false
            }
          ],
          "sum": {
            "start": 3.000095,
            "end": 4.000213,
            "seconds": 1.0001180171966553,
            "bytes": 10312200,
            "bits_per_second": 82487865.01341304,
            "jitter_ms": 0.17999591038862142,
            "lost_packets": 0,
            "packets": 7650,
            "lost_percent": 0,
            "omitted": false,
            "sender": false
          }
        },
        {
          "streams": [
            {
              "socket": 5,
              "start": 4.000213,
              "end": 5.00004,
              "seconds": 0.9998270273208618,
              "bytes": 9696164,
              "bits_per_second": 77582731.6929558,
              "jitter_ms": 0.7599432538740913,
              "lost_packets": 4,
              "packets": 7197,
              "lost_percent": 0.055578713352785886,
              "omitted": false,
              "sender": false
            }
          ],
          "sum": {
            "start": 4.000213,
            "end": 5.00004,
            "seconds": 0.9998270273208618,
            "bytes": 9696164,
            "bits_per_second": 77582731.6929558,
            "jitter_ms": 0.7599432538740913,
            "lost_packets": 4,
            "packets": 7197,
            "lost_percent": 0.055578713352785886,
            "omitted": false,
            "sender": false
          }
        },
        {
          "streams": [
            {
              "socket": 5,
              "start": 5.00004,
              "end": 6.000031,
              "seconds": 0.999990999698639,
              "bytes": 8760652,
              "bits_per_second": 70085846.7937423,
              "jitter_ms": 0.6482923804480606,
              "lost_packets": 0,
              "packets": 6499,
              "lost_percent": 0,
              "omitted": false,
              "sender": false
            }
          ],
          "sum": {
            "start": 5.00004,
            "end": 6.000031,
            "seconds": 0.999990999698639,
            "bytes": 8760652,
            "bits_per_second": 70085846.7937423,
            "jitter_ms": 0.6482923804480606,
            "lost_packets": 0,
            "packets": 6499,
            "lost_percent": 0,
            "omitted": false,
            "sender": false
          }
        },
        {
          "streams": [
            {
              "socket": 5,
              "start": 6.000031,
              "end": 7.000107,
              "seconds": 1.0000760555267334,
              "bytes": 8737736,
              "bits_per_second": 69896571.97940125,
              "jitter_ms": 0.7327439378274982,
              "lost_packets": 0,
              "packets": 6482,
              "lost_percent": 0,
              "omitted": false,
              "sender": false
            }
          ],
          "sum": {
            "start": 6.000031,
            "end": 7.000107,
            "seconds": 1.0000760555267334,
            "bytes": 8737736,
            "bits_per_second": 69896571.97940125,
            "jitter_ms": 0.7327439378274982,
            "lost_packets": 0,
            "packets": 6482,
            "lost_percent": 0,
            "omitted": false,
            "sender": false
          }
        },
        {
          "streams": [
            {
              "socket": 5,
              "start": 7.000107,
              "end": 8.000095,
              "seconds": 0.9999880194664,
              "bytes": 8752564,
              "bits_per_second": 70021350.8931471,
              "jitter_ms": 0.704383364886715,