{
  "udp": {
    "10": {
      "start": {
        "connected": [
          {
            "socket": 10,
            "local_host": "172.17.0.2",
            "local_port": 52823,
            "remote_host": "172.20.25.101",
            "remote_port": 32201
          }
        ],
        "version": "iperf 3.12",
        "system_info": "Linux 62c51388045a 6.8.0-52-generic #53~22.04.1-Ubuntu SMP PREEMPT_DYNAMIC Wed Jan 15 19:18:46 UTC 2 x86_64",
        "timestamp": {
          "time": "Fri, 04 Apr 2025 04:00:42 GMT",
          "timesecs": 1743739242
        },
        "connecting_to": {
          "host": "api-int.tenoran.automation.otic.open6g.net",
          "port": 32201
        },
        "cookie": "zia6um5ntj2l34wpwpw6c4goyc4mp7zv5kpw",
        "target_bitrate": 10000000,
        "sock_bufsize": 0,
        "sndbuf_actual": 212992,
        "rcvbuf_actual": 212992,
        "test_start": {
          "protocol": "UDP",
          "num_streams": 1,
          "blksize": 1348,
          "omit": 0,
          "duration": 10,
          "bytes": 0,
          "blocks": 0,
          "reverse": 1,
          "tos": 0,
          "target_bitrate": 10000000
        }
      },
      "intervals": [
        {
          "streams": [
            {
              "socket": 10,
              "start": 0,
              "end": 1.000285,
              "seconds": 1.000285029411316,
              "bytes": 1250944,
              "bits_per_second": 10004700.366144245,
              "jitter_ms": 0.12480616300212505,
              "lost_packets": 0,
              "packets": 928,
              "lost_percent": 0,
              "omitted": false,
              "sender": false
            }
          ],
          "sum": {
            "start": 0,
            "end": 1.000285,
            "seconds": 1.000285029411316,
            "bytes": 1250944,
            "bits_per_second": 10004700.366144245,
            "jitter_ms": 0.12480616300212505,
            "lost_packets": 0,
            "packets": 928,
            "lost_percent": 0,
            "omitted": false,
            "sender": false
          }
        },
        {
          "streams": [
            {
              "socket": 10,
              "start": 1.000285,
              "end": 2.000272,
              "seconds": 0.999987006187439,
              "bytes": 1250944,
              "bits_per_second": 10007682.037944572,
              "jitter_ms": 0.0847513381389222,
              "lost_packets": 0,
              "packets": 928,
              "lost_percent": 0,
              "omitted": false,
              "sender": false
            }
          ],
          "sum": {
            "start": 1.000285,
            "end": 2.000272,
            "seconds": 0.999987006187439,
            "bytes": 1250944,
            "bits_per_second": 10007682.037944572,
            "jitter_ms": 0.0847513381389222,
            "lost_packets": 0,
            "packets": 928,
            "lost_percent": 0,
            "omitted": false,
            "sender": false
          }
        },
        {
          "streams": [
            {
              "socket": 10,
              "start": 2.000272,
              "end": 3.00029,
              "seconds": 1.0000180006027222,
              "bytes": 1249596,
              "bits_per_second": 9996588.05538984,
              "jitter_ms": 0.10495590342577027,
              "lost_packets": 0,
              "packets": 927,
              "lost_percent": 0,
              "omitted": false,
              "sender": false
            }
          ],
          "sum": {
            "start": 2.000272,
            "end": 3.00029,
            "seconds": 1.0000180006027222,
            "bytes": 1249596,
            "bits_per_second": 9996588.05538984,
            "jitter_ms": 0.10495590342577027,
            "lost_packets": 0,
            "packets": 927,
            "lost_percent": 0,
            "omitted": false,
            "sender": false
          }
        },
        {
          "streams": [
            {
              "socket": 10,
              "start": 3.00029,
              "end": 4.000222,
              "seconds": 0.9999319911003113,
              "bytes": 1249596,
              "bits_per_second": 9997447.915432423,
              "jitter_ms": 0.05301827167742078,
              "lost_packets": 0,
              "packets": 927,
              "lost_percent": 0,
              "omitted": false,
              "sender": false
            }
          ],
          "sum": {
            "start": 3.00029,
            "end": 4.000222,
            "seconds": 0.9999319911003113,
            "bytes": 1249596,
            "bits_per_second": 9997447.915432423,
            "jitter_ms": 0.05301827167742078,
            "lost_packets": 0,
            "packets": 927,
            "lost_percent": 0,
            "omitted": false,
            "sender": false
          }
        },
        {
          "streams": [
            {
              "socket": 10,
              "start": 4.000222,
              "end": 5.000293,
              "seconds": 1.0000710487365723,
              "bytes": 1249596,
              "bits_per_second": 9996057.792723123,
              "jitter_ms": 0.1126726688717526,
              "lost_packets": 0,
              "packets": 927,
              "lost_percent": 0,
              "omitted": false,
              "sender": false
            }
          ],
          "sum": {
            "start": 4.000222,
            "end": 5.000293,
            "seconds": 1.0000710487365723,
            "bytes": 1249596,
            "bits_per_second": 9996057.792723123,
            "jitter_ms": 0.1126726688717526,
            "lost_packets": 0,
            "packets": 927,
            "lost_percent": 0,
            "omitted": false,
            "sender": false
          }
        },
        {
          "streams": [
            {
              "socket": 10,
              "start": 5.000293,
              "end": 6.000189,
              "seconds": 0.999895989894867,
              "bytes": 1250944,
              "bits_per_second": 10008592.994809624,
              "jitter_ms": 0.08772431243980243,
              "lost_packets": 0,
              "packets": 928,
              "lost_percent": 0,
              "omitted": false,
              "sender": false
            }
          ],
          "sum": {
            "start": 5.000293,
            "end": 6.000189,
            "seconds": 0.999895989894867,
            "bytes": 1250944,
            "bits_per_second": 10008592.994809624,
            "jitter_ms": 0.08772431243980243,
            "lost_packets": 0,
            "packets": 928,
            "lost_percent": 0,
            "omitted": false,
            "sender": false
          }
        },
        {
          "streams": [
            {
              "socket": 10,
              "start": 6.000189,
              "end": 7.000275,
              "seconds": 1.0000859498977661,
              "bytes": 1249596,
              "bits_per_second": 9995908.852656035,
              "jitter_ms": 0.05441143799807383,
              "lost_packets": 0,
              "packets": 927,
              "lost_percent": 0,
              "omitted": false,
              "sender": false
            }
          ],
          "sum": {
            "start": 6.000189,
            "end": 7.000275,
            "seconds": 1.0000859498977661,
            "bytes": 1249596,
            "bits_per_second": 9995908.852656035,
            "jitter_ms": 0.05441143799807383,
            "lost_packets": 0,
            "packets": 927,
            "lost_percent": 0,
            "omitted": false,
            "sender": false
          }
        },
        {
          "streams": [
            {
              "socket": 10,
              "start": 7.000275,
              "end": 8.000291,
              "seconds": 1.0000159740448,
              "bytes": 1249596,
              "bits_per_second": 9996608.31373095,
              "jitter_ms": 0.05444295950936317,
              "lost_packets": 0,
              "packets": 927,