{
  "udp": {
    "20": {
      "start": {
        "connected": [
          {
            "socket": 5,
            "local_host": "172.17.0.2",
            "local_port": 44995,
            "remote_host": "172.20.25.101",
            "remote_port": 32201
          }
        ],
        "version": "iperf 3.12",
        "system_info": "Linux 86e80f09466f 6.8.0-87-generic #88~22.04.1-Ubuntu SMP PREEMPT_DYNAMIC Tue Oct 14 14:03:14 UTC 2 x86_64",
        "timestamp": {
          "time": "Wed, 26 Nov 2025 06:02:05 GMT",
          "timesecs": 1764136925
        },
        "connecting_to": {
          "host": "api-int.tenoran.automation.otic.open6g.net",
          "port": 32201
        },
        "cookie": "puwwrdsja24u2sr55elhchw2zvfyj7mzvfcd",
        "target_bitrate": 20000000,
        "sock_bufsize": 0,
        "sndbuf_actual": 212992,
        "rcvbuf_actual": 212992,
        "test_start": {
          "protocol": "UDP",
          "num_streams": 1,
          "blksize": 1348,
          "omit": 0,
          "duration": 10,
          "bytes": 0,
          "blocks": 0,
          "reverse": 1,
          "tos": 0,
          "target_bitrate": 20000000
        }
      },
      "intervals": [
        {
          "streams": [
            {
              "socket": 5,
              "start": 0,
              "end": 1.000194,
              "seconds": 1.0001939535140991,
              "bytes": 2497844,
              "bits_per_second": 19978877.026592936,
              "jitter_ms": 0.8318850056200487,
              "lost_packets": 0,
              "packets": 1853,
              "lost_percent": 0,
              "omitted": false,
              "sender": false
            }
          ],
          "sum": {
            "start": 0,
            "end": 1.000194,
            "seconds": 1.0001939535140991,
            "bytes": 2497844,
            "bits_per_second": 19978877.026592936,
            "jitter_ms": 0.8318850056200487,
            "lost_packets": 0,
            "packets": 1853,
            "lost_percent": 0,
            "omitted": false,
            "sender": false
          }
        },
        {
          "streams": [
            {
              "socket": 5,
              "start": 1.000194,
              "end": 2.000178,
              "seconds": 0.9999840259552002,
              "bytes": 2500540,
              "bits_per_second": 20004639.555008456,
              "jitter_ms": 0.7963074929075762,
              "lost_packets": 0,
              "packets": 1855,
              "lost_percent": 0,
              "omitted": false,
              "sender": false
            }
          ],
          "sum": {
            "start": 1.000194,
            "end": 2.000178,
            "seconds": 0.9999840259552002,
            "bytes": 2500540,
            "bits_per_second": 20004639.555008456,
            "jitter_ms": 0.7963074929075762,
            "lost_packets": 0,
            "packets": 1855,
            "lost_percent": 0,
            "omitted": false,
            "sender": false
          }
        },
        {
          "streams": [
            {
              "socket": 5,
              "start": 2.000178,
              "end": 3.000181,
              "seconds": 1.0000029802322388,
              "bytes": 2496496,
              "bits_per_second": 19971908.479074482,
              "jitter_ms": 0.8981637328193366,
              "lost_packets": 0,
              "packets": 1852,
              "lost_percent": 0,
              "omitted": false,
              "sender": false
            }
          ],
          "sum": {
            "start": 2.000178,
            "end": 3.000181,
            "seconds": 1.0000029802322388,
            "bytes": 2496496,
            "bits_per_second": 19971908.479074482,
            "jitter_ms": 0.8981637328193366,
            "lost_packets": 0,
            "packets": 1852,
            "lost_percent": 0,
            "omitted": false,
            "sender": false
          }
        },
        {
          "streams": [
            {
              "socket": 5,
              "start": 3.000181,
              "end": 4.000178,
              "seconds": 0.9999970197677612,
              "bytes": 2503236,
              "bits_per_second": 20025947.6819749,
              "jitter_ms": 0.8247725514871962,
              "lost_packets": 0,
              "packets": 1857,
              "lost_percent": 0,
              "omitted": false,
              "sender": false
            }
          ],
          "sum": {
            "start": 3.000181,
            "end": 4.000178,
            "seconds": 0.9999970197677612,
            "bytes": 2503236,
            "bits_per_second": 20025947.6819749,
            "jitter_ms": 0.8247725514871962,
            "lost_packets": 0,
            "packets": 1857,
            "lost_percent": 0,
            "omitted": false,
            "sender": false
          }
        },
        {
          "streams": [
            {
              "socket": 5,
              "start": 4.000178,
              "end": 5.000206,
              "seconds": 1.0000280141830444,
              "bytes": 2497844,
              "bits_per_second": 19982192.215209655,
              "jitter_ms": 0.722329190066191,
              "lost_packets": 0,
              "packets": 1853,
              "lost_percent": 0,
              "omitted": false,
              "sender": false
            }
          ],
          "sum": {
            "start": 4.000178,
            "end": 5.000206,
            "seconds": 1.0000280141830444,
            "bytes": 2497844,
            "bits_per_second": 19982192.215209655,
            "jitter_ms": 0.722329190066191,
            "lost_packets": 0,
            "packets": 1853,
            "lost_percent": 0,
            "omitted": false,
            "sender": false
          }
        },
        {
          "streams": [
            {
              "socket": 5,
              "start": 5.000206,
              "end": 6.000222,
              "seconds": 1.0000159740448,
              "bytes": 2500540,
              "bits_per_second": 20004000.455200553,
              "jitter_ms": 0.6521372845735506,
              "lost_packets": 0,
              "packets": 1855,
              "lost_percent": 0,
              "omitted": false,
              "sender": false
            }
          ],
          "sum": {
            "start": 5.000206,
            "end": 6.000222,
            "seconds": 1.0000159740448,
            "bytes": 2500540,
            "bits_per_second": 20004000.455200553,
            "jitter_ms": 0.6521372845735506,
            "lost_packets": 0,
            "packets": 1855,
            "lost_percent": 0,
            "omitted": false,
            "sender": false
          }
        },
        {
          "streams": [
            {
              "socket": 5,
              "start": 6.000222,
              "end": 7.000176,
              "seconds": 0.9999539852142334,
              "bytes": 2501888,
              "bits_per_second": 20016025.0331038,
              "jitter_ms": 0.7984493972269998,
              "lost_packets": 0,
              "packets": 1856,
              "lost_percent": 0,
              "omitted": false,
              "sender": false
            }
          ],
          "sum": {
            "start": 6.000222,
            "end": 7.000176,
            "seconds": 0.9999539852142334,
            "bytes": 2501888,
            "bits_per_second": 20016025.0331038,
            "jitter_ms": 0.7984493972269998,
            "lost_packets": 0,
            "packets": 1856,
            "lost_percent": 0,
            "omitted": false,
            "sender": false
          }
        },
        {
          "streams": [
            {
              "socket": 5,
              "start": 7.000176,
              "end": 8.000176,
              "seconds": 1,
              "bytes": 2500540,
              "bits_per_second": 20004320,
              "jitter_ms": 0.8040030674248758,
              "lost_packets": 0,
              "packets": 1855,
              "lost_percent": 0,