{
  "udp": {
    "30": {
      "start": {
        "connected": [
          {
            "socket": 10,
            "local_host": "172.17.0.2",
            "local_port": 37267,
            "remote_host": "10.100.1.101",
            "remote_port": 32201
          }
        ],
        "version": "iperf 3.12",
        "system_info": "Linux b156beab7205 6.8.0-47-generic #47~22.04.1-Ubuntu SMP PREEMPT_DYNAMIC Wed Oct  2 16:16:55 UTC 2 x86_64",
        "timestamp": {
          "time": "Wed, 11 Dec 2024 08:01:31 GMT",
          "timesecs": 1733904091
        },
        "connecting_to": {
          "host": "api-int.edge.open5g.info",
          "port": 32201
        },
        "cookie": "y3woxl3aqs4tc22tll6evvzv3zr6ma4ufto5",
        "target_bitrate": 30000000,
        "sock_bufsize": 0,
        "sndbuf_actual": 212992,
        "rcvbuf_actual": 212992,
        "test_start": {
          "protocol": "UDP",
          "num_streams": 1,
          "blksize": 1398,
          "omit": 0,
          "duration": 10,
          "bytes": 0,
          "blocks": 0,
          "reverse": 1,
          "tos": 0,
          "target_bitrate": 30000000
        }
      },
      "intervals": [
        {
          "streams": [
            {
              "socket": 10,
              "start": 0,
              "end": 1.000119,
              "seconds": 1.0001189708709717,
              "bytes": 3591462,
              "bits_per_second": 28728278.171724394,
              "jitter_ms": 0.15932270868357185,
              "lost_packets": 0,
              "packets": 2569,
              "lost_percent": 0,
              "omitted": false,
              "sender": false
            }
          ],
          "sum": {
            "start": 0,
            "end": 1.000119,
            "seconds": 1.0001189708709717,
            "bytes": 3591462,
            "bits_per_second": 28728278.171724394,
            "jitter_ms": 0.15932270868357185,
            "lost_packets": 0,
            "packets": 2569,
            "lost_percent": 0,
            "omitted": false,
            "sender": false
          }
        },
        {
          "streams": [
            {
              "socket": 10,
              "start": 1.000119,
              "end": 2.000098,
              "seconds": 0.999979019165039,
              "bytes": 3759222,
              "bits_per_second": 30074406.986169524,
              "jitter_ms": 0.159367274369837,
              "lost_packets": 0,
              "packets": 2689,
              "lost_percent": 0,
              "omitted": false,
              "sender": false
            }
          ],
          "sum": {
            "start": 1.000119,
            "end": 2.000098,
            "seconds": 0.999979019165039,
            "bytes": 3759222,
            "bits_per_second": 30074406.986169524,
            "jitter_ms": 0.159367274369837,
            "lost_packets": 0,
            "packets": 2689,
            "lost_percent": 0,
            "omitted": false,
            "sender": false
          }
        },
        {
          "streams": [
            {
              "socket": 10,
              "start": 2.000098,
              "end": 3.000114,
              "seconds": 1.0000159740448,
              "bytes": 3796968,
              "bits_per_second": 30375258.784255374,
              "jitter_ms": 0.10665664004121642,
              "lost_packets": 0,
              "packets": 2716,
              "lost_percent": 0,
              "omitted": false,
              "sender": false
            }
          ],
          "sum": {
            "start": 2.000098,
            "end": 3.000114,
            "seconds": 1.0000159740448,
            "bytes": 3796968,
            "bits_per_second": 30375258.784255374,
            "jitter_ms": 0.10665664004121642,
            "lost_packets": 0,
            "packets": 2716,
            "lost_percent": 0,
            "omitted": false,
            "sender": false
          }
        },
        {
          "streams": [
            {
              "socket": 10,
              "start": 3.000114,
              "end": 4.000118,
              "seconds": 1.0000040531158447,
              "bytes": 3802560,
              "bits_per_second": 30420356.702770244,
              "jitter_ms": 0.05902087137516318,
              "lost_packets": 0,
              "packets": 2720,
              "lost_percent": 0,
              "omitted": false,
              "sender": false
            }
          ],
          "sum": {
            "start": 3.000114,
            "end": 4.000118,
            "seconds": 1.0000040531158447,
            "bytes": 3802560,
            "bits_per_second": 30420356.702770244,
            "jitter_ms": 0.05902087137516318,
            "lost_packets": 0,
            "packets": 2720,
            "lost_percent": 0,
            "omitted": false,
            "sender": false
          }
        },
        {
          "streams": [
            {
              "socket": 10,
              "start": 4.000118,
              "end": 5.000099,
              "seconds": 0.9999809861183167,
              "bytes": 3743844,
              "bits_per_second": 29951321.490883086,
              "jitter_ms": 0.06960645658510113,
              "lost_packets": 0,
              "packets": 2678,
              "lost_percent": 0,
              "omitted": false,
              "sender": false
            }
          ],
          "sum": {
            "start": 4.000118,
            "end": 5.000099,
            "seconds": 0.9999809861183167,
            "bytes": 3743844,
            "bits_per_second": 29951321.490883086,
            "jitter_ms": 0.06960645658510113,
            "lost_packets": 0,
            "packets": 2678,
            "lost_percent": 0,
            "omitted": false,
            "sender": false
          }
        },
        {
          "streams": [
            {
              "socket": 10,
              "start": 5.000099,
              "end": 6.000067,
              "seconds": 0.9999679923057556,
              "bytes": 3798366,
              "bits_per_second": 30387900.646632627,
              "jitter_ms": 0.07218669487223493,
              "lost_packets": 0,
              "packets": 2717,
              "lost_percent": 0,
              "omitted": false,
              "sender": false
            }
          ],
          "sum": {
            "start": 5.000099,
            "end": 6.000067,
            "seconds": 0.9999679923057556,
            "bytes": 3798366,
            "bits_per_second": 30387900.646632627,
            "jitter_ms": 0.07218669487223493,
            "lost_packets": 0,
            "packets": 2717,
            "lost_percent": 0,
            "omitted": false,
            "sender": false
          }
        },
        {
          "streams": [
            {
              "socket": 10,
              "start": 6.000067,
              "end": 7.000118,
              "seconds": 1.0000510215759277,
              "bytes": 3742446,
              "bits_per_second": 29938040.513992786,
              "jitter_ms": 0.05324520278992987,
              "lost_packets": 0,
              "packets": 2677,
              "lost_percent": 0,
              "omitted": false,
              "sender": false
            }
          ],
          "sum": {
            "start": 6.000067,
            "end": 7.000118,
            "seconds": 1.0000510215759277,
            "bytes": 3742446,
            "bits_per_second": 29938040.513992786,
            "jitter_ms": 0.05324520278992987,
            "lost_packets": 0,
            "packets": 2677,
            "lost_percent": 0,
            "omitted": false,
            "sender": false
          }
        },
        {
          "streams": [
            {
              "socket": 10,
              "start": 7.000118,
              "end": 8.000119,
              "seconds": 1.0000009536743164,
              "bytes": 3759222,
              "bits_per_second": 30073747.319439583,
              "jitter_ms": 0.05090539797404778,
              "lost_packets": 0,
              "packets": 2689,