{
  "udp": {
    "30": {
      "start": {
        "connected": [
          {
            "socket": 9,
            "local_host": "172.17.0.2",
            "local_port": 36058,
            "remote_host": "10.100.1.101",
            "remote_port": 32201
          }
        ],
        "version": "iperf 3.12",
        "system_info": "Linux 0f3e0df3b763 6.5.0-27-generic #28~22.04.1-Ubuntu SMP PREEMPT_DYNAMIC Fri Mar 15 10:51:06 UTC 2 x86_64",
        "timestamp": {
          "time": "Fri, 26 Apr 2024 22:01:32 GMT",
          "timesecs": 1714168892
        },
        "connecting_to": {
          "host": "api-int.edge.open5g.info",
          "port": 32201
        },
        "cookie": "jn2qxoikggtyvre5fwkjc35gxrz2srqpwl5t",
        "target_bitrate": 30000000,
        "sock_bufsize": 0,
        "sndbuf_actual": 212992,
        "rcvbuf_actual": 212992,
        "test_start": {
          "protocol": "UDP",
          "num_streams": 1,
          "blksize": 1398,
          "omit": 0,
          "duration": 10,
          "bytes": 0,
          "blocks": 0,
          "reverse": 1,
          "tos": 0,
          "target_bitrate": 30000000
        }
      },
      "intervals": [
        {
          "streams": [
            {
              "socket": 9,
              "start": 0,
              "end": 1.000158,
              "seconds": 1.0001579523086548,
              "bytes": 3745242,
              "bits_per_second": 29957204.190437276,
              "jitter_ms": 0.0658735912845053,
              "lost_packets": 7,
              "packets": 2686,
              "lost_percent": 0.2606105733432614,
              "omitted": false,
              "sender": false
            }
          ],
          "sum": {
            "start": 0,
            "end": 1.000158,
            "seconds": 1.0001579523086548,
            "bytes": 3745242,
            "bits_per_second": 29957204.190437276,
            "jitter_ms": 0.0658735912845053,
            "lost_packets": 7,
            "packets": 2686,
            "lost_percent": 0.2606105733432614,
            "omitted": false,
            "sender": false
          }
        },
        {
          "streams": [
            {
              "socket": 9,
              "start": 1.000158,
              "end": 2.000281,
              "seconds": 1.0001230239868164,
              "bytes": 3746640,
              "bits_per_second": 29969433.040864684,
              "jitter_ms": 0.022674344653709683,
              "lost_packets": 3,
              "packets": 2683,
              "lost_percent": 0.11181513231457324,
              "omitted": false,
              "sender": false
            }
          ],
          "sum": {
            "start": 1.000158,
            "end": 2.000281,
            "seconds": 1.0001230239868164,
            "bytes": 3746640,
            "bits_per_second": 29969433.040864684,
            "jitter_ms": 0.022674344653709683,
            "lost_packets": 3,
            "packets": 2683,
            "lost_percent": 0.11181513231457324,
            "omitted": false,
            "sender": false
          }
        },
        {
          "streams": [
            {
              "socket": 9,
              "start": 2.000281,
              "end": 3.000199,
              "seconds": 0.999917984008789,
              "bytes": 3746640,
              "bits_per_second": 29975578.4767809,
              "jitter_ms": 0.23450506476807717,
              "lost_packets": 2,
              "packets": 2682,
              "lost_percent": 0.07457121551081283,
              "omitted": false,
              "sender": false
            }
          ],
          "sum": {
            "start": 2.000281,
            "end": 3.000199,
            "seconds": 0.999917984008789,
            "bytes": 3746640,
            "bits_per_second": 29975578.4767809,
            "jitter_ms": 0.23450506476807717,
            "lost_packets": 2,
            "packets": 2682,
            "lost_percent": 0.07457121551081283,
            "omitted": false,
            "sender": false
          }
        },
        {
          "streams": [
            {
              "socket": 9,
              "start": 3.000199,
              "end": 4.000279,
              "seconds": 1.0000799894332886,
              "bytes": 3749436,
              "bits_per_second": 29993088.86981873,
              "jitter_ms": 0.02337500933025015,
              "lost_packets": 1,
              "packets": 2683,
              "lost_percent": 0.03727171077152441,
              "omitted": false,
              "sender": false
            }
          ],
          "sum": {
            "start": 3.000199,
            "end": 4.000279,
            "seconds": 1.0000799894332886,
            "bytes": 3749436,
            "bits_per_second": 29993088.86981873,
            "jitter_ms": 0.02337500933025015,
            "lost_packets": 1,
            "packets": 2683,
            "lost_percent": 0.03727171077152441,
            "omitted": false,
            "sender": false
          }
        },
        {
          "streams": [
            {
              "socket": 9,
              "start": 4.000279,
              "end": 5.00028,
              "seconds": 1.0000009536743164,
              "bytes": 3749436,
              "bits_per_second": 29995459.394100767,
              "jitter_ms": 0.01767139626360066,
              "lost_packets": 0,
              "packets": 2682,
              "lost_percent": 0,
              "omitted": false,
              "sender": false
            }
          ],
          "sum": {
            "start": 4.000279,
            "end": 5.00028,
            "seconds": 1.0000009536743164,
            "bytes": 3749436,
            "bits_per_second": 29995459.394100767,
            "jitter_ms": 0.01767139626360066,
            "lost_packets": 0,
            "packets": 2682,
            "lost_percent": 0,
            "omitted": false,
            "sender": false
          }
        },
        {
          "streams": [
            {
              "socket": 9,
              "start": 5.00028,
              "end": 6.000281,
              "seconds": 1.0000009536743164,
              "bytes": 3749436,
              "bits_per_second": 29995459.394100767,
              "jitter_ms": 0.022072989442937375,
              "lost_packets": 1,
              "packets": 2683,
              "lost_percent": 0.03727171077152441,
              "omitted": false,
              "sender": false
            }
          ],
          "sum": {
            "start": 5.00028,
            "end": 6.000281,
            "seconds": 1.0000009536743164,
            "bytes": 3749436,
            "bits_per_second": 29995459.394100767,
            "jitter_ms": 0.022072989442937375,
            "lost_packets": 1,
            "packets": 2683,
            "lost_percent": 0.03727171077152441,
            "omitted": false,
            "sender": false
          }
        },
        {
          "streams": [
            {
              "socket": 9,
              "start": 6.000281,
              "end": 7.000283,
              "seconds": 1.0000020265579224,
              "bytes": 3749436,
              "bits_per_second": 29995427.212529346,
              "jitter_ms": 0.015129734279272944,
              "lost_packets": 0,
              "packets": 2682,
              "lost_percent": 0,
              "omitted": false,
              "sender": false
            }
          ],
          "sum": {
            "start": 6.000281,
            "end": 7.000283,
            "seconds": 1.0000020265579224,
            "bytes": 3749436,
            "bits_per_second": 29995427.212529346,
            "jitter_ms": 0.015129734279272944,
            "lost_packets": 0,
            "packets": 2682,
            "lost_percent": 0,
            "omitted": false,
            "sender": false
          }
        },
        {
          "streams": [
            {
              "socket": 9,
              "start": 7.000283,
              "end": 8.000277,
              "seconds": 0.9999939799308777,