{
  "udp": {
    "10": {
      "start": {
        "connected": [
          {
            "socket": 10,
            "local_host": "172.17.0.2",
            "local_port": 36968,
            "remote_host": "172.20.25.101",
            "remote_port": 32201
          }
        ],
        "version": "iperf 3.12",
        "system_info": "Linux dcda46751d39 6.8.0-52-generic #53~22.04.1-Ubuntu SMP PREEMPT_DYNAMIC Wed Jan 15 19:18:46 UTC 2 x86_64",
        "timestamp": {
          "time": "Fri, 18 Apr 2025 04:00:40 GMT",
          "timesecs": 1744948840
        },
        "connecting_to": {
          "host": "api-int.tenoran.automation.otic.open6g.net",
          "port": 32201
        },
        "cookie": "v4a2k4dplefm26rcc3jppbxpxsuavgesju5d",
        "target_bitrate": 10000000,
        "sock_bufsize": 0,
        "sndbuf_actual": 212992,
        "rcvbuf_actual": 212992,
        "test_start": {
          "protocol": "UDP",
          "num_streams": 1,
          "blksize": 1348,
          "omit": 0,
          "duration": 10,
          "bytes": 0,
          "blocks": 0,
          "reverse": 1,
          "tos": 0,
          "target_bitrate": 10000000
        }
      },
      "intervals": [
        {
          "streams": [
            {
              "socket": 10,
              "start": 0,
              "end": 1.000281,
              "seconds": 1.0002809762954712,
              "bytes": 1250944,
              "bits_per_second": 10004740.904963374,
              "jitter_ms": 0.2822742253685362,
              "lost_packets": 0,
              "packets": 928,
              "lost_percent": 0,
              "omitted": false,
              "sender": false
            }
          ],
          "sum": {
            "start": 0,
            "end": 1.000281,
            "seconds": 1.0002809762954712,
            "bytes": 1250944,
            "bits_per_second": 10004740.904963374,
            "jitter_ms": 0.2822742253685362,
            "lost_packets": 0,
            "packets": 928,
            "lost_percent": 0,
            "omitted": false,
            "sender": false
          }
        },
        {
          "streams": [
            {
              "socket": 10,
              "start": 1.000281,
              "end": 2.000295,
              "seconds": 1.0000139474868774,
              "bytes": 1250944,
              "bits_per_second": 10007412.42174657,
              "jitter_ms": 0.12067464258763355,
              "lost_packets": 0,
              "packets": 928,
              "lost_percent": 0,
              "omitted": false,
              "sender": false
            }
          ],
          "sum": {
            "start": 1.000281,
            "end": 2.000295,
            "seconds": 1.0000139474868774,
            "bytes": 1250944,
            "bits_per_second": 10007412.42174657,
            "jitter_ms": 0.12067464258763355,
            "lost_packets": 0,
            "packets": 928,
            "lost_percent": 0,
            "omitted": false,
            "sender": false
          }
        },
        {
          "streams": [
            {
              "socket": 10,
              "start": 2.000295,
              "end": 3.000286,
              "seconds": 0.999990999698639,
              "bytes": 1249596,
              "bits_per_second": 9996857.974734437,
              "jitter_ms": 0.1201309135615995,
              "lost_packets": 0,
              "packets": 927,
              "lost_percent": 0,
              "omitted": false,
              "sender": false
            }
          ],
          "sum": {
            "start": 2.000295,
            "end": 3.000286,
            "seconds": 0.999990999698639,
            "bytes": 1249596,
            "bits_per_second": 9996857.974734437,
            "jitter_ms": 0.1201309135615995,
            "lost_packets": 0,
            "packets": 927,
            "lost_percent": 0,
            "omitted": false,
            "sender": false
          }
        },
        {
          "streams": [
            {
              "socket": 10,
              "start": 3.000286,
              "end": 4.000277,
              "seconds": 0.999990999698639,
              "bytes": 1249596,
              "bits_per_second": 9996857.974734437,
              "jitter_ms": 0.03484983899795849,
              "lost_packets": 0,
              "packets": 927,
              "lost_percent": 0,
              "omitted": false,
              "sender": false
            }
          ],
          "sum": {
            "start": 3.000286,
            "end": 4.000277,
            "seconds": 0.999990999698639,
            "bytes": 1249596,
            "bits_per_second": 9996857.974734437,
            "jitter_ms": 0.03484983899795849,
            "lost_packets": 0,
            "packets": 927,
            "lost_percent": 0,
            "omitted": false,
            "sender": false
          }
        },
        {
          "streams": [
            {
              "socket": 10,
              "start": 4.000277,
              "end": 5.000281,
              "seconds": 1.0000040531158447,
              "bytes": 1249596,
              "bits_per_second": 9996727.482105447,
              "jitter_ms": 0.3100192104092589,
              "lost_packets": 0,
              "packets": 927,
              "lost_percent": 0,
              "omitted": false,
              "sender": false
            }
          ],
          "sum": {
            "start": 4.000277,
            "end": 5.000281,
            "seconds": 1.0000040531158447,
            "bytes": 1249596,
            "bits_per_second": 9996727.482105447,
            "jitter_ms": 0.3100192104092589,
            "lost_packets": 0,
            "packets": 927,
            "lost_percent": 0,
            "omitted": false,
            "sender": false
          }
        },
        {
          "streams": [
            {
              "socket": 10,
              "start": 5.000281,
              "end": 6.000076,
              "seconds": 0.9997950196266174,
              "bytes": 1250944,
              "bits_per_second": 10009603.772318661,
              "jitter_ms": 0.03200344390693103,
              "lost_packets": 0,
              "packets": 928,
              "lost_percent": 0,
              "omitted": false,
              "sender": false
            }
          ],
          "sum": {
            "start": 5.000281,
            "end": 6.000076,
            "seconds": 0.9997950196266174,
            "bytes": 1250944,
            "bits_per_second": 10009603.772318661,
            "jitter_ms": 0.03200344390693103,
            "lost_packets": 0,
            "packets": 928,
            "lost_percent": 0,
            "omitted": false,
            "sender": false
          }
        },
        {
          "streams": [
            {
              "socket": 10,
              "start": 6.000076,
              "end": 7.000285,
              "seconds": 1.0002089738845825,
              "bytes": 1249596,
              "bits_per_second": 9994679.37302626,
              "jitter_ms": 0.12056330114470046,
              "lost_packets": 0,
              "packets": 927,
              "lost_percent": 0,
              "omitted": false,
              "sender": false
            }
          ],
          "sum": {
            "start": 6.000076,
            "end": 7.000285,
            "seconds": 1.0002089738845825,
            "bytes": 1249596,
            "bits_per_second": 9994679.37302626,
            "jitter_ms": 0.12056330114470046,
            "lost_packets": 0,
            "packets": 927,
            "lost_percent": 0,
            "omitted": false,
            "sender": false
          }
        },
        {
          "streams": [
            {
              "socket": 10,
              "start": 7.000285,
              "end": 8.000204,
              "seconds": 0.9999189972877502,
              "bytes": 1249596,
              "bits_per_second": 9997577.83092023,
              "jitter_ms": 0.16719533022935862,
              "lost_packets": 0,
              "packets": 927,