{
  "udp": {
    "30": {
      "start": {
        "connected": [
          {
            "socket": 10,
            "local_host": "172.17.0.2",
            "local_port": 52932,
            "remote_host": "10.100.1.103",
            "remote_port": 32201
          }
        ],
        "version": "iperf 3.12",
        "system_info": "Linux 3b098aaefe38 6.8.0-40-generic #40~22.04.3-Ubuntu SMP PREEMPT_DYNAMIC Tue Jul 30 17:30:19 UTC 2 x86_64",
        "timestamp": {
          "time": "Fri, 04 Oct 2024 17:57:02 GMT",
          "timesecs": 1728064622
        },
        "connecting_to": {
          "host": "api-int.edge.open5g.info",
          "port": 32201
        },
        "cookie": "kvjuyld5wsuyxwcuv2bejafngl3nrersgkbb",
        "target_bitrate": 30000000,
        "sock_bufsize": 0,
        "sndbuf_actual": 212992,
        "rcvbuf_actual": 212992,
        "test_start": {
          "protocol": "UDP",
          "num_streams": 1,
          "blksize": 1398,
          "omit": 0,
          "duration": 10,
          "bytes": 0,
          "blocks": 0,
          "reverse": 1,
          "tos": 0,
          "target_bitrate": 30000000
        }
      },
      "intervals": [
        {
          "streams": [
            {
              "socket": 10,
              "start": 0,
              "end": 1.000013,
              "seconds": 1.000012993812561,
              "bytes": 3633402,
              "bits_per_second": 29066838.310951244,
              "jitter_ms": 0.04254742069221293,
              "lost_packets": 0,
              "packets": 2599,
              "lost_percent": 0,
              "omitted": false,
              "sender": false
            }
          ],
          "sum": {
            "start": 0,
            "end": 1.000013,
            "seconds": 1.000012993812561,
            "bytes": 3633402,
            "bits_per_second": 29066838.310951244,
            "jitter_ms": 0.04254742069221293,
            "lost_packets": 0,
            "packets": 2599,
            "lost_percent": 0,
            "omitted": false,
            "sender": false
          }
        },
        {
          "streams": [
            {
              "socket": 10,
              "start": 1.000013,
              "end": 2.000191,
              "seconds": 1.0001779794692993,
              "bytes": 3657168,
              "bits_per_second": 29252137.720052715,
              "jitter_ms": 0.506173576963874,
              "lost_packets": 0,
              "packets": 2616,
              "lost_percent": 0,
              "omitted": false,
              "sender": false
            }
          ],
          "sum": {
            "start": 1.000013,
            "end": 2.000191,
            "seconds": 1.0001779794692993,
            "bytes": 3657168,
            "bits_per_second": 29252137.720052715,
            "jitter_ms": 0.506173576963874,
            "lost_packets": 0,
            "packets": 2616,
            "lost_percent": 0,
            "omitted": false,
            "sender": false
          }
        },
        {
          "streams": [
            {
              "socket": 10,
              "start": 2.000191,
              "end": 3.00001,
              "seconds": 0.999818980693817,
              "bytes": 3789978,
              "bits_per_second": 30325313.46720361,
              "jitter_ms": 0.0829605330639586,
              "lost_packets": 0,
              "packets": 2711,
              "lost_percent": 0,
              "omitted": false,
              "sender": false
            }
          ],
          "sum": {
            "start": 2.000191,
            "end": 3.00001,
            "seconds": 0.999818980693817,
            "bytes": 3789978,
            "bits_per_second": 30325313.46720361,
            "jitter_ms": 0.0829605330639586,
            "lost_packets": 0,
            "packets": 2711,
            "lost_percent": 0,
            "omitted": false,
            "sender": false
          }
        },
        {
          "streams": [
            {
              "socket": 10,
              "start": 3.00001,
              "end": 4.000197,
              "seconds": 1.0001870393753052,
              "bytes": 3710292,
              "bits_per_second": 29676785.272621542,
              "jitter_ms": 0.506811220032785,
              "lost_packets": 0,
              "packets": 2654,
              "lost_percent": 0,
              "omitted": false,
              "sender": false
            }
          ],
          "sum": {
            "start": 3.00001,
            "end": 4.000197,
            "seconds": 1.0001870393753052,
            "bytes": 3710292,
            "bits_per_second": 29676785.272621542,
            "jitter_ms": 0.506811220032785,
            "lost_packets": 0,
            "packets": 2654,
            "lost_percent": 0,
            "omitted": false,
            "sender": false
          }
        },
        {
          "streams": [
            {
              "socket": 10,
              "start": 4.000197,
              "end": 5.000039,
              "seconds": 0.9998419880867004,
              "bytes": 3742446,
              "bits_per_second": 29944299.55606527,
              "jitter_ms": 0.12918291196940437,
              "lost_packets": 7,
              "packets": 2684,
              "lost_percent": 0.2608047690014903,
              "omitted": false,
              "sender": false
            }
          ],
          "sum": {
            "start": 4.000197,
            "end": 5.000039,
            "seconds": 0.9998419880867004,
            "bytes": 3742446,
            "bits_per_second": 29944299.55606527,
            "jitter_ms": 0.12918291196940437,
            "lost_packets": 7,
            "packets": 2684,
            "lost_percent": 0.2608047690014903,
            "omitted": false,
            "sender": false
          }
        },
        {
          "streams": [
            {
              "socket": 10,
              "start": 5.000039,
              "end": 6.000195,
              "seconds": 1.000156044960022,
              "bytes": 3748038,
              "bits_per_second": 29979625.83048581,
              "jitter_ms": 0.5055812293877,
              "lost_packets": 0,
              "packets": 2681,
              "lost_percent": 0,
              "omitted": false,
              "sender": false
            }
          ],
          "sum": {
            "start": 5.000039,
            "end": 6.000195,
            "seconds": 1.000156044960022,
            "bytes": 3748038,
            "bits_per_second": 29979625.83048581,
            "jitter_ms": 0.5055812293877,
            "lost_packets": 0,
            "packets": 2681,
            "lost_percent": 0,
            "omitted": false,
            "sender": false
          }
        },
        {
          "streams": [
            {
              "socket": 10,
              "start": 6.000195,
              "end": 7.000192,
              "seconds": 0.9999970197677612,
              "bytes": 3749436,
              "bits_per_second": 29995577.39378677,
              "jitter_ms": 0.503687463147547,
              "lost_packets": 0,
              "packets": 2682,
              "lost_percent": 0,
              "omitted": false,
              "sender": false
            }
          ],
          "sum": {
            "start": 6.000195,
            "end": 7.000192,
            "seconds": 0.9999970197677612,
            "bytes": 3749436,
            "bits_per_second": 29995577.39378677,
            "jitter_ms": 0.503687463147547,
            "lost_packets": 0,
            "packets": 2682,
            "lost_percent": 0,
            "omitted": false,
            "sender": false
          }
        },
        {
          "streams": [
            {
              "socket": 10,
              "start": 7.000192,
              "end": 8.000019,
              "seconds": 0.9998270273208618,
              "bytes": 3798366,
              "bits_per_second": 30392185.017667368,
              "jitter_ms": 0.06094009508054593,
              "lost_packets": 0,