{
  "udp": {
    "60": {
      "start": {
        "connected": [
          {
            "socket": 10,
            "local_host": "172.17.0.2",
            "local_port": 38274,
            "remote_host": "172.20.25.101",
            "remote_port": 32201
          }
        ],
        "version": "iperf 3.12",
        "system_info": "Linux 838fab17c290 6.8.0-60-generic #63~22.04.1-Ubuntu SMP PREEMPT_DYNAMIC Tue Apr 22 19:00:15 UTC 2 x86_64",
        "timestamp": {
          "time": "Mon, 16 Jun 2025 21:46:07 GMT",
          "timesecs": 1750110367
        },
        "connecting_to": {
          "host": "api-int.tenoran.automation.otic.open6g.net",
          "port": 32201
        },
        "cookie": "pytgy3ktlogwkujfpwezexkst6ezj2iwdped",
        "target_bitrate": 60000000,
        "sock_bufsize": 0,
        "sndbuf_actual": 212992,
        "rcvbuf_actual": 212992,
        "test_start": {
          "protocol": "UDP",
          "num_streams": 1,
          "blksize": 1348,
          "omit": 0,
          "duration": 10,
          "bytes": 0,
          "blocks": 0,
          "reverse": 1,
          "tos": 0,
          "target_bitrate": 60000000
        }
      },
      "intervals": [
        {
          "streams": [
            {
              "socket": 10,
              "start": 0,
              "end": 1.000158,
              "seconds": 1.0001579523086548,
              "bytes": 5463444,
              "bits_per_second": 43700649.38154047,
              "jitter_ms": 0.488797534205753,
              "lost_packets": 0,
              "packets": 4053,
              "lost_percent": 0,
              "omitted": false,
              "sender": false
            }
          ],
          "sum": {
            "start": 0,
            "end": 1.000158,
            "seconds": 1.0001579523086548,
            "bytes": 5463444,
            "bits_per_second": 43700649.38154047,
            "jitter_ms": 0.488797534205753,
            "lost_packets": 0,
            "packets": 4053,
            "lost_percent": 0,
            "omitted": false,
            "sender": false
          }
        },
        {
          "streams": [
            {
              "socket": 10,
              "start": 1.000158,
              "end": 2.000183,
              "seconds": 1.0000250339508057,
              "bytes": 6966464,
              "bits_per_second": 55730316.8499896,
              "jitter_ms": 0.4952852635425405,
              "lost_packets": 56,
              "packets": 5224,
              "lost_percent": 1.07197549770291,
              "omitted": false,
              "sender": false
            }
          ],
          "sum": {
            "start": 1.000158,
            "end": 2.000183,
            "seconds": 1.0000250339508057,
            "bytes": 6966464,
            "bits_per_second": 55730316.8499896,
            "jitter_ms": 0.4952852635425405,
            "lost_packets": 56,
            "packets": 5224,
            "lost_percent": 1.07197549770291,
            "omitted": false,
            "sender": false
          }
        },
        {
          "streams": [
            {
              "socket": 10,
              "start": 2.000183,
              "end": 3.000202,
              "seconds": 1.0000189542770386,
              "bytes": 7273808,
              "bits_per_second": 58189361.06272972,
              "jitter_ms": 0.0769909697208562,
              "lost_packets": 53,
              "packets": 5449,
              "lost_percent": 0.972655533125344,
              "omitted": false,
              "sender": false
            }
          ],
          "sum": {
            "start": 2.000183,
            "end": 3.000202,
            "seconds": 1.0000189542770386,
            "bytes": 7273808,
            "bits_per_second": 58189361.06272972,
            "jitter_ms": 0.0769909697208562,
            "lost_packets": 53,
            "packets": 5449,
            "lost_percent": 0.972655533125344,
            "omitted": false,
            "sender": false
          }
        },
        {
          "streams": [
            {
              "socket": 10,
              "start": 3.000202,
              "end": 4.000204,
              "seconds": 1.0000020265579224,
              "bytes": 7397824,
              "bits_per_second": 59182472.06329238,
              "jitter_ms": 0.0761050024472076,
              "lost_packets": 88,
              "packets": 5576,
              "lost_percent": 1.5781922525107603,
              "omitted": false,
              "sender": false
            }
          ],
          "sum": {
            "start": 3.000202,
            "end": 4.000204,
            "seconds": 1.0000020265579224,
            "bytes": 7397824,
            "bits_per_second": 59182472.06329238,
            "jitter_ms": 0.0761050024472076,
            "lost_packets": 88,
            "packets": 5576,
            "lost_percent": 1.5781922525107603,
            "omitted": false,
            "sender": false
          }
        },
        {
          "streams": [
            {
              "socket": 10,
              "start": 4.000204,
              "end": 5.000204,
              "seconds": 1,
              "bytes": 7232020,
              "bits_per_second": 57856160,
              "jitter_ms": 0.07805053798753092,
              "lost_packets": 54,
              "packets": 5419,
              "lost_percent": 0.9964938180476103,
              "omitted": false,
              "sender": false
            }
          ],
          "sum": {
            "start": 4.000204,
            "end": 5.000204,
            "seconds": 1,
            "bytes": 7232020,
            "bits_per_second": 57856160,
            "jitter_ms": 0.07805053798753092,
            "lost_packets": 54,
            "packets": 5419,
            "lost_percent": 0.9964938180476103,
            "omitted": false,
            "sender": false
          }
        },
        {
          "streams": [
            {
              "socket": 10,
              "start": 5.000204,
              "end": 6.000202,
              "seconds": 0.9999979734420776,
              "bytes": 6837056,
              "bits_per_second": 54696558.845744655,
              "jitter_ms": 0.07617691545277228,
              "lost_packets": 54,
              "packets": 5126,
              "lost_percent": 1.0534529847834568,
              "omitted": false,
              "sender": false
            }
          ],
          "sum": {
            "start": 5.000204,
            "end": 6.000202,
            "seconds": 0.9999979734420776,
            "bytes": 6837056,
            "bits_per_second": 54696558.845744655,
            "jitter_ms": 0.07617691545277228,
            "lost_packets": 54,
            "packets": 5126,
            "lost_percent": 1.0534529847834568,
            "omitted": false,
            "sender": false
          }
        },
        {
          "streams": [
            {
              "socket": 10,
              "start": 6.000202,
              "end": 7.000205,
              "seconds": 1.0000029802322388,
              "bytes": 7455788,
              "bits_per_second": 59646126.24069166,
              "jitter_ms": 0.04741225673240501,
              "lost_packets": 32,
              "packets": 5563,
              "lost_percent": 0.5752291928815387,
              "omitted": false,
              "sender": false
            }
          ],
          "sum": {
            "start": 6.000202,
            "end": 7.000205,
            "seconds": 1.0000029802322388,
            "bytes": 7455788,
            "bits_per_second": 59646126.24069166,
            "jitter_ms": 0.04741225673240501,
            "lost_packets": 32,
            "packets": 5563,
            "lost_percent": 0.5752291928815387,
            "omitted": false,
            "sender": false
          }
        },
        {
          "streams": [
            {
              "socket": 10,
              "start": 7.000205,
              "end": 8.000183,
              "seconds": 0.999978005886078,
              "bytes": 7330424,