{
  "udp": {
    "30": {
      "start": {
        "connected": [
          {
            "socket": 5,
            "local_host": "172.17.0.2",
            "local_port": 59703,
            "remote_host": "172.20.25.101",
            "remote_port": 32201
          }
        ],
        "version": "iperf 3.12",
        "system_info": "Linux 3a8022438885 6.8.0-87-generic #88~22.04.1-Ubuntu SMP PREEMPT_DYNAMIC Tue Oct 14 14:03:14 UTC 2 x86_64",
        "timestamp": {
          "time": "Tue, 18 Nov 2025 05:32:06 GMT",
          "timesecs": 1763443926
        },
        "connecting_to": {
          "host": "api-int.tenoran.automation.otic.open6g.net",
          "port": 32201
        },
        "cookie": "v4td4vifvxwfessiqvmdjmcx73lcp7ih7xyr",
        "target_bitrate": 30000000,
        "sock_bufsize": 0,
        "sndbuf_actual": 212992,
        "rcvbuf_actual": 212992,
        "test_start": {
          "protocol": "UDP",
          "num_streams": 1,
          "blksize": 1348,
          "omit": 0,
          "duration": 10,
          "bytes": 0,
          "blocks": 0,
          "reverse": 1,
          "tos": 0,
          "target_bitrate": 30000000
        }
      },
      "intervals": [
        {
          "streams": [
            {
              "socket": 5,
              "start": 0,
              "end": 1.000189,
              "seconds": 1.000188946723938,
              "bytes": 3711044,
              "bits_per_second": 29682743.54285009,
              "jitter_ms": 0.6086319222980074,
              "lost_packets": 0,
              "packets": 2753,
              "lost_percent": 0,
              "omitted": false,
              "sender": false
            }
          ],
          "sum": {
            "start": 0,
            "end": 1.000189,
            "seconds": 1.000188946723938,
            "bytes": 3711044,
            "bits_per_second": 29682743.54285009,
            "jitter_ms": 0.6086319222980074,
            "lost_packets": 0,
            "packets": 2753,
            "lost_percent": 0,
            "omitted": false,
            "sender": false
          }
        },
        {
          "streams": [
            {
              "socket": 5,
              "start": 1.000189,
              "end": 2.000216,
              "seconds": 1.0000269412994385,
              "bytes": 3782488,
              "bits_per_second": 30259088.78082842,
              "jitter_ms": 0.477608101088642,
              "lost_packets": 0,
              "packets": 2806,
              "lost_percent": 0,
              "omitted": false,
              "sender": false
            }
          ],
          "sum": {
            "start": 1.000189,
            "end": 2.000216,
            "seconds": 1.0000269412994385,
            "bytes": 3782488,
            "bits_per_second": 30259088.78082842,
            "jitter_ms": 0.477608101088642,
            "lost_packets": 0,
            "packets": 2806,
            "lost_percent": 0,
            "omitted": false,
            "sender": false
          }
        },
        {
          "streams": [
            {
              "socket": 5,
              "start": 2.000216,
              "end": 3.000213,
              "seconds": 0.9999970197677612,
              "bytes": 3750136,
              "bits_per_second": 30001177.41047612,
              "jitter_ms": 0.4737408040121578,
              "lost_packets": 0,
              "packets": 2782,
              "lost_percent": 0,
              "omitted": false,
              "sender": false
            }
          ],
          "sum": {
            "start": 2.000216,
            "end": 3.000213,
            "seconds": 0.9999970197677612,
            "bytes": 3750136,
            "bits_per_second": 30001177.41047612,
            "jitter_ms": 0.4737408040121578,
            "lost_packets": 0,
            "packets": 2782,
            "lost_percent": 0,
            "omitted": false,
            "sender": false
          }
        },
        {
          "streams": [
            {
              "socket": 5,
              "start": 3.000213,
              "end": 4.00022,
              "seconds": 1.0000070333480835,
              "bytes": 3750136,
              "bits_per_second": 30000876.993389294,
              "jitter_ms": 0.46872473269712334,
              "lost_packets": 0,
              "packets": 2782,
              "lost_percent": 0,
              "omitted": false,
              "sender": false
            }
          ],
          "sum": {
            "start": 3.000213,
            "end": 4.00022,
            "seconds": 1.0000070333480835,
            "bytes": 3750136,
            "bits_per_second": 30000876.993389294,
            "jitter_ms": 0.46872473269712334,
            "lost_packets": 0,
            "packets": 2782,
            "lost_percent": 0,
            "omitted": false,
            "sender": false
          }
        },
        {
          "streams": [
            {
              "socket": 5,
              "start": 4.00022,
              "end": 5.000199,
              "seconds": 0.999979019165039,
              "bytes": 3750136,
              "bits_per_second": 30001717.4610826,
              "jitter_ms": 0.4694583330338247,
              "lost_packets": 0,
              "packets": 2782,
              "lost_percent": 0,
              "omitted": false,
              "sender": false
            }
          ],
          "sum": {
            "start": 4.00022,
            "end": 5.000199,
            "seconds": 0.999979019165039,
            "bytes": 3750136,
            "bits_per_second": 30001717.4610826,
            "jitter_ms": 0.4694583330338247,
            "lost_packets": 0,
            "packets": 2782,
            "lost_percent": 0,
            "omitted": false,
            "sender": false
          }
        },
        {
          "streams": [
            {
              "socket": 5,
              "start": 5.000199,
              "end": 6.000205,
              "seconds": 1.0000059604644775,
              "bytes": 3748788,
              "bits_per_second": 29990125.2449238,
              "jitter_ms": 0.5044124206371953,
              "lost_packets": 0,
              "packets": 2781,
              "lost_percent": 0,
              "omitted": false,
              "sender": false
            }
          ],
          "sum": {
            "start": 5.000199,
            "end": 6.000205,
            "seconds": 1.0000059604644775,
            "bytes": 3748788,
            "bits_per_second": 29990125.2449238,
            "jitter_ms": 0.5044124206371953,
            "lost_packets": 0,
            "packets": 2781,
            "lost_percent": 0,
            "omitted": false,
            "sender": false
          }
        },
        {
          "streams": [
            {
              "socket": 5,
              "start": 6.000205,
              "end": 7.000207,
              "seconds": 1.0000020265579224,
              "bytes": 3750136,
              "bits_per_second": 30001027.201180648,
              "jitter_ms": 0.4889152115311828,
              "lost_packets": 0,
              "packets": 2782,
              "lost_percent": 0,
              "omitted": false,
              "sender": false
            }
          ],
          "sum": {
            "start": 6.000205,
            "end": 7.000207,
            "seconds": 1.0000020265579224,
            "bytes": 3750136,
            "bits_per_second": 30001027.201180648,
            "jitter_ms": 0.4889152115311828,
            "lost_packets": 0,
            "packets": 2782,
            "lost_percent": 0,
            "omitted": false,
            "sender": false
          }
        },
        {
          "streams": [
            {
              "socket": 5,
              "start": 7.000207,
              "end": 8.000202,
              "seconds": 0.999994993209839,
              "bytes": 3750136,
              "bits_per_second": 30001238.20990429,
              "jitter_ms": 0.49455426984627915,
              "lost_packets": 0,
              "packets": 2782,