{
  "udp": {
    "20": {
      "start": {
        "connected": [
          {
            "socket": 9,
            "local_host": "172.17.0.2",
            "local_port": 49880,
            "remote_host": "10.100.1.103",
            "remote_port": 32201
          }
        ],
        "version": "iperf 3.12",
        "system_info": "Linux 596fb28c0746 6.2.0-37-generic #38~22.04.1-Ubuntu SMP PREEMPT_DYNAMIC Thu Nov  2 18:01:13 UTC 2 x86_64",
        "timestamp": {
          "time": "Fri, 22 Dec 2023 16:01:04 GMT",
          "timesecs": 1703260864
        },
        "connecting_to": {
          "host": "api-int.edge.open5g.info",
          "port": 32201
        },
        "cookie": "o4zk66ssm5jbfruz4jcrr76htjqgqjtnzd6v",
        "target_bitrate": 20000000,
        "sock_bufsize": 0,
        "sndbuf_actual": 212992,
        "rcvbuf_actual": 212992,
        "test_start": {
          "protocol": "UDP",
          "num_streams": 1,
          "blksize": 1398,
          "omit": 0,
          "duration": 10,
          "bytes": 0,
          "blocks": 0,
          "reverse": 1,
          "tos": 0,
          "target_bitrate": 20000000
        }
      },
      "intervals": [
        {
          "streams": [
            {
              "socket": 9,
              "start": 0,
              "end": 1.000264,
              "seconds": 1.000264048576355,
              "bytes": 2484246,
              "bits_per_second": 19868721.69232315,
              "jitter_ms": 0.010868634379463792,
              "lost_packets": 0,
              "packets": 1777,
              "lost_percent": 0,
              "omitted": false,
              "sender": false
            }
          ],
          "sum": {
            "start": 0,
            "end": 1.000264,
            "seconds": 1.000264048576355,
            "bytes": 2484246,
            "bits_per_second": 19868721.69232315,
            "jitter_ms": 0.010868634379463792,
            "lost_packets": 0,
            "packets": 1777,
            "lost_percent": 0,
            "omitted": false,
            "sender": false
          }
        },
        {
          "streams": [
            {
              "socket": 9,
              "start": 1.000264,
              "end": 2.000265,
              "seconds": 1.0000009536743164,
              "bytes": 2506614,
              "bits_per_second": 20052892.8760711,
              "jitter_ms": 0.0584760805885061,
              "lost_packets": 0,
              "packets": 1793,
              "lost_percent": 0,
              "omitted": false,
              "sender": false
            }
          ],
          "sum": {
            "start": 1.000264,
            "end": 2.000265,
            "seconds": 1.0000009536743164,
            "bytes": 2506614,
            "bits_per_second": 20052892.8760711,
            "jitter_ms": 0.0584760805885061,
            "lost_packets": 0,
            "packets": 1793,
            "lost_percent": 0,
            "omitted": false,
            "sender": false
          }
        },
        {
          "streams": [
            {
              "socket": 9,
              "start": 2.000265,
              "end": 3.00027,
              "seconds": 1.0000050067901611,
              "bytes": 2419938,
              "bits_per_second": 19359407.07151115,
              "jitter_ms": 0.03073942873342741,
              "lost_packets": 0,
              "packets": 1731,
              "lost_percent": 0,
              "omitted": false,
              "sender": false
            }
          ],
          "sum": {
            "start": 2.000265,
            "end": 3.00027,
            "seconds": 1.0000050067901611,
            "bytes": 2419938,
            "bits_per_second": 19359407.07151115,
            "jitter_ms": 0.03073942873342741,
            "lost_packets": 0,
            "packets": 1731,
            "lost_percent": 0,
            "omitted": false,
            "sender": false
          }
        },
        {
          "streams": [
            {
              "socket": 9,
              "start": 3.00027,
              "end": 4.000262,
              "seconds": 0.9999920129776,
              "bytes": 2551350,
              "bits_per_second": 20410963.022818867,
              "jitter_ms": 0.15164725746021918,
              "lost_packets": 29,
              "packets": 1854,
              "lost_percent": 1.564185544768069,
              "omitted": false,
              "sender": false
            }
          ],
          "sum": {
            "start": 3.00027,
            "end": 4.000262,
            "seconds": 0.9999920129776,
            "bytes": 2551350,
            "bits_per_second": 20410963.022818867,
            "jitter_ms": 0.15164725746021918,
            "lost_packets": 29,
            "packets": 1854,
            "lost_percent": 1.564185544768069,
            "omitted": false,
            "sender": false
          }
        },
        {
          "streams": [
            {
              "socket": 9,
              "start": 4.000262,
              "end": 5.000262,
              "seconds": 1,
              "bytes": 2499624,
              "bits_per_second": 19996992,
              "jitter_ms": 0.18754076019715352,
              "lost_packets": 0,
              "packets": 1788,
              "lost_percent": 0,
              "omitted": false,
              "sender": false
            }
          ],
          "sum": {
            "start": 4.000262,
            "end": 5.000262,
            "seconds": 1,
            "bytes": 2499624,
            "bits_per_second": 19996992,
            "jitter_ms": 0.18754076019715352,
            "lost_packets": 0,
            "packets": 1788,
            "lost_percent": 0,
            "omitted": false,
            "sender": false
          }
        },
        {
          "streams": [
            {
              "socket": 9,
              "start": 5.000262,
              "end": 6.000266,
              "seconds": 1.0000040531158447,
              "bytes": 2501022,
              "bits_per_second": 20008094.904873516,
              "jitter_ms": 0.06795730770610353,
              "lost_packets": 0,
              "packets": 1789,
              "lost_percent": 0,
              "omitted": false,
              "sender": false
            }
          ],
          "sum": {
            "start": 5.000262,
            "end": 6.000266,
            "seconds": 1.0000040531158447,
            "bytes": 2501022,
            "bits_per_second": 20008094.904873516,
            "jitter_ms": 0.06795730770610353,
            "lost_packets": 0,
            "packets": 1789,
            "lost_percent": 0,
            "omitted": false,
            "sender": false
          }
        },
        {
          "streams": [
            {
              "socket": 9,
              "start": 6.000266,
              "end": 7.000264,
              "seconds": 0.9999979734420776,
              "bytes": 2499624,
              "bits_per_second": 19997032.52514469,
              "jitter_ms": 0.1339645580068919,
              "lost_packets": 0,
              "packets": 1788,
              "lost_percent": 0,
              "omitted": false,
              "sender": false
            }
          ],
          "sum": {
            "start": 6.000266,
            "end": 7.000264,
            "seconds": 0.9999979734420776,
            "bytes": 2499624,
            "bits_per_second": 19997032.52514469,
            "jitter_ms": 0.1339645580068919,
            "lost_packets": 0,
            "packets": 1788,
            "lost_percent": 0,
            "omitted": false,
            "sender": false
          }
        },
        {
          "streams": [
            {
              "socket": 9,
              "start": 7.000264,
              "end": 8.000265,
              "seconds": 1.0000009536743164,
              "bytes": 2466072,
              "bits_per_second": 19728557.185381714,
              "jitter_ms": 0.0690232673909831,
              "lost_packets": 0,
              "packets": 1764,
              "lost_percent": 0,