{
  "udp": {
    "60": {
      "start": {
        "connected": [
          {
            "socket": 5,
            "local_host": "172.17.0.2",
            "local_port": 38558,
            "remote_host": "172.20.25.101",
            "remote_port": 32201
          }
        ],
        "version": "iperf 3.12",
        "system_info": "Linux 924e7e54aeba 6.8.0-87-generic #88~22.04.1-Ubuntu SMP PREEMPT_DYNAMIC Tue Oct 14 14:03:14 UTC 2 x86_64",
        "timestamp": {
          "time": "Sat, 08 Nov 2025 05:32:54 GMT",
          "timesecs": 1762579974
        },
        "connecting_to": {
          "host": "api-int.tenoran.automation.otic.open6g.net",
          "port": 32201
        },
        "cookie": "z3fvumrja7klfp7t56brdrnsfnujy2rveroh",
        "target_bitrate": 60000000,
        "sock_bufsize": 0,
        "sndbuf_actual": 212992,
        "rcvbuf_actual": 212992,
        "test_start": {
          "protocol": "UDP",
          "num_streams": 1,
          "blksize": 1348,
          "omit": 0,
          "duration": 10,
          "bytes": 0,
          "blocks": 0,
          "reverse": 1,
          "tos": 0,
          "target_bitrate": 60000000
        }
      },
      "intervals": [
        {
          "streams": [
            {
              "socket": 5,
              "start": 0,
              "end": 1.000192,
              "seconds": 1.0001920461654663,
              "bytes": 4581852,
              "bits_per_second": 36647777.934774764,
              "jitter_ms": 0.2259034084441554,
              "lost_packets": 0,
              "packets": 3399,
              "lost_percent": 0,
              "omitted": false,
              "sender": false
            }
          ],
          "sum": {
            "start": 0,
            "end": 1.000192,
            "seconds": 1.0001920461654663,
            "bytes": 4581852,
            "bits_per_second": 36647777.934774764,
            "jitter_ms": 0.2259034084441554,
            "lost_packets": 0,
            "packets": 3399,
            "lost_percent": 0,
            "omitted": false,
            "sender": false
          }
        },
        {
          "streams": [
            {
              "socket": 5,
              "start": 1.000192,
              "end": 2.000206,
              "seconds": 1.0000139474868774,
              "bytes": 8319856,
              "bits_per_second": 66557919.68428861,
              "jitter_ms": 0.1871945332439475,
              "lost_packets": 0,
              "packets": 6172,
              "lost_percent": 0,
              "omitted": false,
              "sender": false
            }
          ],
          "sum": {
            "start": 1.000192,
            "end": 2.000206,
            "seconds": 1.0000139474868774,
            "bytes": 8319856,
            "bits_per_second": 66557919.68428861,
            "jitter_ms": 0.1871945332439475,
            "lost_packets": 0,
            "packets": 6172,
            "lost_percent": 0,
            "omitted": false,
            "sender": false
          }
        },
        {
          "streams": [
            {
              "socket": 5,
              "start": 2.000206,
              "end": 3.000208,
              "seconds": 1.0000020265579224,
              "bytes": 8745824,
              "bits_per_second": 69966450.20893604,
              "jitter_ms": 0.23334131443456532,
              "lost_packets": 0,
              "packets": 6488,
              "lost_percent": 0,
              "omitted": false,
              "sender": false
            }
          ],
          "sum": {
            "start": 2.000206,
            "end": 3.000208,
            "seconds": 1.0000020265579224,
            "bytes": 8745824,
            "bits_per_second": 69966450.20893604,
            "jitter_ms": 0.23334131443456532,
            "lost_packets": 0,
            "packets": 6488,
            "lost_percent": 0,
            "omitted": false,
            "sender": false
          }
        },
        {
          "streams": [
            {
              "socket": 5,
              "start": 3.000208,
              "end": 4.000204,
              "seconds": 0.9999960064888,
              "bytes": 8034080,
              "bits_per_second": 64272896.67453273,
              "jitter_ms": 0.24104806941722953,
              "lost_packets": 0,
              "packets": 5960,
              "lost_percent": 0,
              "omitted": false,
              "sender": false
            }
          ],
          "sum": {
            "start": 3.000208,
            "end": 4.000204,
            "seconds": 0.9999960064888,
            "bytes": 8034080,
            "bits_per_second": 64272896.67453273,
            "jitter_ms": 0.24104806941722953,
            "lost_packets": 0,
            "packets": 5960,
            "lost_percent": 0,
            "omitted": false,
            "sender": false
          }
        },
        {
          "streams": [
            {
              "socket": 5,
              "start": 4.000204,
              "end": 5.000207,
              "seconds": 1.0000029802322388,
              "bytes": 7533972,
              "bits_per_second": 60271596.3766454,
              "jitter_ms": 0.20402698063506378,
              "lost_packets": 0,
              "packets": 5589,
              "lost_percent": 0,
              "omitted": false,
              "sender": false
            }
          ],
          "sum": {
            "start": 4.000204,
            "end": 5.000207,
            "seconds": 1.0000029802322388,
            "bytes": 7533972,
            "bits_per_second": 60271596.3766454,
            "jitter_ms": 0.20402698063506378,
            "lost_packets": 0,
            "packets": 5589,
            "lost_percent": 0,
            "omitted": false,
            "sender": false
          }
        },
        {
          "streams": [
            {
              "socket": 5,
              "start": 5.000207,
              "end": 6.000186,
              "seconds": 0.999979019165039,
              "bytes": 7771220,
              "bits_per_second": 62171064.40084154,
              "jitter_ms": 0.19919247921322114,
              "lost_packets": 0,
              "packets": 5765,
              "lost_percent": 0,
              "omitted": false,
              "sender": false
            }
          ],
          "sum": {
            "start": 5.000207,
            "end": 6.000186,
            "seconds": 0.999979019165039,
            "bytes": 7771220,
            "bits_per_second": 62171064.40084154,
            "jitter_ms": 0.19919247921322114,
            "lost_packets": 0,
            "packets": 5765,
            "lost_percent": 0,
            "omitted": false,
            "sender": false
          }
        },
        {
          "streams": [
            {
              "socket": 5,
              "start": 6.000186,
              "end": 7.000184,
              "seconds": 0.9999979734420776,
              "bytes": 7497576,
              "bits_per_second": 59980729.55442267,
              "jitter_ms": 0.22435066628852188,
              "lost_packets": 0,
              "packets": 5562,
              "lost_percent": 0,
              "omitted": false,
              "sender": false
            }
          ],
          "sum": {
            "start": 6.000186,
            "end": 7.000184,
            "seconds": 0.9999979734420776,
            "bytes": 7497576,
            "bits_per_second": 59980729.55442267,
            "jitter_ms": 0.22435066628852188,
            "lost_packets": 0,
            "packets": 5562,
            "lost_percent": 0,
            "omitted": false,
            "sender": false
          }
        },
        {
          "streams": [
            {
              "socket": 5,
              "start": 7.000184,
              "end": 8.000205,
              "seconds": 1.000020980834961,
              "bytes": 7490836,
              "bits_per_second": 59925430.714428216,
              "jitter_ms": 0.21402983583984547,
              "lost_packets": 0,
              "packets": 5557,