{
  "udp": {
    "20": {
      "start": {
        "connected": [
          {
            "socket": 9,
            "local_host": "172.17.0.2",
            "local_port": 44322,
            "remote_host": "10.100.1.102",
            "remote_port": 32201
          }
        ],
        "version": "iperf 3.12",
        "system_info": "Linux 976b3dd74566 6.5.0-15-generic #15~22.04.1-Ubuntu SMP PREEMPT_DYNAMIC Fri Jan 12 18:54:30 UTC 2 x86_64",
        "timestamp": {
          "time": "Fri, 16 Feb 2024 04:01:05 GMT",
          "timesecs": 1708056065
        },
        "connecting_to": {
          "host": "api-int.edge.open5g.info",
          "port": 32201
        },
        "cookie": "pkxouquesjzuaub37hbi7qgvfuch2qejmfz6",
        "target_bitrate": 20000000,
        "sock_bufsize": 0,
        "sndbuf_actual": 212992,
        "rcvbuf_actual": 212992,
        "test_start": {
          "protocol": "UDP",
          "num_streams": 1,
          "blksize": 1398,
          "omit": 0,
          "duration": 10,
          "bytes": 0,
          "blocks": 0,
          "reverse": 1,
          "tos": 0,
          "target_bitrate": 20000000
        }
      },
      "intervals": [
        {
          "streams": [
            {
              "socket": 9,
              "start": 0,
              "end": 1.000264,
              "seconds": 1.000264048576355,
              "bytes": 2502420,
              "bits_per_second": 20014075.31190683,
              "jitter_ms": 0.03353386995029786,
              "lost_packets": 0,
              "packets": 1790,
              "lost_percent": 0,
              "omitted": false,
              "sender": false
            }
          ],
          "sum": {
            "start": 0,
            "end": 1.000264,
            "seconds": 1.000264048576355,
            "bytes": 2502420,
            "bits_per_second": 20014075.31190683,
            "jitter_ms": 0.03353386995029786,
            "lost_packets": 0,
            "packets": 1790,
            "lost_percent": 0,
            "omitted": false,
            "sender": false
          }
        },
        {
          "streams": [
            {
              "socket": 9,
              "start": 1.000264,
              "end": 2.000265,
              "seconds": 1.0000009536743164,
              "bytes": 2494032,
              "bits_per_second": 19952236.972064044,
              "jitter_ms": 0.00913023202991761,
              "lost_packets": 5,
              "packets": 1789,
              "lost_percent": 0.27948574622694244,
              "omitted": false,
              "sender": false
            }
          ],
          "sum": {
            "start": 1.000264,
            "end": 2.000265,
            "seconds": 1.0000009536743164,
            "bytes": 2494032,
            "bits_per_second": 19952236.972064044,
            "jitter_ms": 0.00913023202991761,
            "lost_packets": 5,
            "packets": 1789,
            "lost_percent": 0.27948574622694244,
            "omitted": false,
            "sender": false
          }
        },
        {
          "streams": [
            {
              "socket": 9,
              "start": 2.000265,
              "end": 3.000279,
              "seconds": 1.0000139474868774,
              "bytes": 2338854,
              "bits_per_second": 18710571.034556028,
              "jitter_ms": 0.022597972611330716,
              "lost_packets": 5,
              "packets": 1678,
              "lost_percent": 0.297973778307509,
              "omitted": false,
              "sender": false
            }
          ],
          "sum": {
            "start": 2.000265,
            "end": 3.000279,
            "seconds": 1.0000139474868774,
            "bytes": 2338854,
            "bits_per_second": 18710571.034556028,
            "jitter_ms": 0.022597972611330716,
            "lost_packets": 5,
            "packets": 1678,
            "lost_percent": 0.297973778307509,
            "omitted": false,
            "sender": false
          }
        },
        {
          "streams": [
            {
              "socket": 9,
              "start": 3.000279,
              "end": 4.000181,
              "seconds": 0.9999020099639893,
              "bytes": 2625444,
              "bits_per_second": 21005610.3405137,
              "jitter_ms": 0.007694617983763506,
              "lost_packets": 0,
              "packets": 1878,
              "lost_percent": 0,
              "omitted": false,
              "sender": false
            }
          ],
          "sum": {
            "start": 3.000279,
            "end": 4.000181,
            "seconds": 0.9999020099639893,
            "bytes": 2625444,
            "bits_per_second": 21005610.3405137,
            "jitter_ms": 0.007694617983763506,
            "lost_packets": 0,
            "packets": 1878,
            "lost_percent": 0,
            "omitted": false,
            "sender": false
          }
        },
        {
          "streams": [
            {
              "socket": 9,
              "start": 4.000181,
              "end": 5.000184,
              "seconds": 1.0000029802322388,
              "bytes": 2521992,
              "bits_per_second": 20175875.871204283,
              "jitter_ms": 0.48039049229603614,
              "lost_packets": 2,
              "packets": 1806,
              "lost_percent": 0.11074197120708748,
              "omitted": false,
              "sender": false
            }
          ],
          "sum": {
            "start": 4.000181,
            "end": 5.000184,
            "seconds": 1.0000029802322388,
            "bytes": 2521992,
            "bits_per_second": 20175875.871204283,
            "jitter_ms": 0.48039049229603614,
            "lost_packets": 2,
            "packets": 1806,
            "lost_percent": 0.11074197120708748,
            "omitted": false,
            "sender": false
          }
        },
        {
          "streams": [
            {
              "socket": 9,
              "start": 5.000184,
              "end": 6.000171,
              "seconds": 0.999987006187439,
              "bytes": 2404560,
              "bits_per_second": 19236729.958463367,
              "jitter_ms": 0.00842225975942997,
              "lost_packets": 0,
              "packets": 1720,
              "lost_percent": 0,
              "omitted": false,
              "sender": false
            }
          ],
          "sum": {
            "start": 5.000184,
            "end": 6.000171,
            "seconds": 0.999987006187439,
            "bytes": 2404560,
            "bits_per_second": 19236729.958463367,
            "jitter_ms": 0.00842225975942997,
            "lost_packets": 0,
            "packets": 1720,
            "lost_percent": 0,
            "omitted": false,
            "sender": false
          }
        },
        {
          "streams": [
            {
              "socket": 9,
              "start": 6.000171,
              "end": 7.000277,
              "seconds": 1.0001059770584106,
              "bytes": 2586300,
              "bits_per_second": 20688207.524622753,
              "jitter_ms": 0.03371359227606811,
              "lost_packets": 9,
              "packets": 1859,
              "lost_percent": 0.4841312533620226,
              "omitted": false,
              "sender": false
            }
          ],
          "sum": {
            "start": 6.000171,
            "end": 7.000277,
            "seconds": 1.0001059770584106,
            "bytes": 2586300,
            "bits_per_second": 20688207.524622753,
            "jitter_ms": 0.03371359227606811,
            "lost_packets": 9,
            "packets": 1859,
            "lost_percent": 0.4841312533620226,
            "omitted": false,
            "sender": false
          }
        },
        {
          "streams": [
            {
              "socket": 9,
              "start": 7.000277,
              "end": 8.000183,
              "seconds": 0.9999060034751892,
              "bytes": 2501022,