{
  "udp": {
    "30": {
      "start": {
        "connected": [
          {
            "socket": 9,
            "local_host": "172.17.0.2",
            "local_port": 56374,
            "remote_host": "10.100.1.103",
            "remote_port": 32201
          }
        ],
        "version": "iperf 3.12",
        "system_info": "Linux c0b166f24752 6.5.0-15-generic #15~22.04.1-Ubuntu SMP PREEMPT_DYNAMIC Fri Jan 12 18:54:30 UTC 2 x86_64",
        "timestamp": {
          "time": "Fri, 09 Feb 2024 22:01:24 GMT",
          "timesecs": 1707516084
        },
        "connecting_to": {
          "host": "api-int.edge.open5g.info",
          "port": 32201
        },
        "cookie": "czl4h5nps7bnkz72qf6rojrph37osphaoymi",
        "target_bitrate": 30000000,
        "sock_bufsize": 0,
        "sndbuf_actual": 212992,
        "rcvbuf_actual": 212992,
        "test_start": {
          "protocol": "UDP",
          "num_streams": 1,
          "blksize": 1398,
          "omit": 0,
          "duration": 10,
          "bytes": 0,
          "blocks": 0,
          "reverse": 1,
          "tos": 0,
          "target_bitrate": 30000000
        }
      },
      "intervals": [
        {
          "streams": [
            {
              "socket": 9,
              "start": 0,
              "end": 1.000008,
              "seconds": 1.0000079870224,
              "bytes": 3704700,
              "bits_per_second": 29637363.28571556,
              "jitter_ms": 0.24834775825122218,
              "lost_packets": 0,
              "packets": 2650,
              "lost_percent": 0,
              "omitted": false,
              "sender": false
            }
          ],
          "sum": {
            "start": 0,
            "end": 1.000008,
            "seconds": 1.0000079870224,
            "bytes": 3704700,
            "bits_per_second": 29637363.28571556,
            "jitter_ms": 0.24834775825122218,
            "lost_packets": 0,
            "packets": 2650,
            "lost_percent": 0,
            "omitted": false,
            "sender": false
          }
        },
        {
          "streams": [
            {
              "socket": 9,
              "start": 1.000008,
              "end": 2.000197,
              "seconds": 1.000188946723938,
              "bytes": 3658566,
              "bits_per_second": 29262998.85223427,
              "jitter_ms": 0.0072422682605150085,
              "lost_packets": 0,
              "packets": 2617,
              "lost_percent": 0,
              "omitted": false,
              "sender": false
            }
          ],
          "sum": {
            "start": 1.000008,
            "end": 2.000197,
            "seconds": 1.000188946723938,
            "bytes": 3658566,
            "bits_per_second": 29262998.85223427,
            "jitter_ms": 0.0072422682605150085,
            "lost_packets": 0,
            "packets": 2617,
            "lost_percent": 0,
            "omitted": false,
            "sender": false
          }
        },
        {
          "streams": [
            {
              "socket": 9,
              "start": 2.000197,
              "end": 3.000009,
              "seconds": 0.9998120069503784,
              "bytes": 3873858,
              "bits_per_second": 30996691.162499815,
              "jitter_ms": 0.1285550324720246,
              "lost_packets": 1,
              "packets": 2772,
              "lost_percent": 0.03607503607503607,
              "omitted": false,
              "sender": false
            }
          ],
          "sum": {
            "start": 2.000197,
            "end": 3.000009,
            "seconds": 0.9998120069503784,
            "bytes": 3873858,
            "bits_per_second": 30996691.162499815,
            "jitter_ms": 0.1285550324720246,
            "lost_packets": 1,
            "packets": 2772,
            "lost_percent": 0.03607503607503607,
            "omitted": false,
            "sender": false
          }
        },
        {
          "streams": [
            {
              "socket": 9,
              "start": 3.000009,
              "end": 4.000197,
              "seconds": 1.0001879930496216,
              "bytes": 3767610,
              "bits_per_second": 30135214.7890708,
              "jitter_ms": 0.011995829073714194,
              "lost_packets": 0,
              "packets": 2695,
              "lost_percent": 0,
              "omitted": false,
              "sender": false
            }
          ],
          "sum": {
            "start": 3.000009,
            "end": 4.000197,
            "seconds": 1.0001879930496216,
            "bytes": 3767610,
            "bits_per_second": 30135214.7890708,
            "jitter_ms": 0.011995829073714194,
            "lost_packets": 0,
            "packets": 2695,
            "lost_percent": 0,
            "omitted": false,
            "sender": false
          }
        },
        {
          "streams": [
            {
              "socket": 9,
              "start": 4.000197,
              "end": 5.000198,
              "seconds": 1.0000009536743164,
              "bytes": 3680934,
              "bits_per_second": 29447443.91672905,
              "jitter_ms": 0.01328326885688447,
              "lost_packets": 49,
              "packets": 2682,
              "lost_percent": 1.8269947800149142,
              "omitted": false,
              "sender": false
            }
          ],
          "sum": {
            "start": 4.000197,
            "end": 5.000198,
            "seconds": 1.0000009536743164,
            "bytes": 3680934,
            "bits_per_second": 29447443.91672905,
            "jitter_ms": 0.01328326885688447,
            "lost_packets": 49,
            "packets": 2682,
            "lost_percent": 1.8269947800149142,
            "omitted": false,
            "sender": false
          }
        },
        {
          "streams": [
            {
              "socket": 9,
              "start": 5.000198,
              "end": 6.000017,
              "seconds": 0.999818980693817,
              "bytes": 3622218,
              "bits_per_second": 28982990.480827942,
              "jitter_ms": 0.24315232919598243,
              "lost_packets": 0,
              "packets": 2591,
              "lost_percent": 0,
              "omitted": false,
              "sender": false
            }
          ],
          "sum": {
            "start": 5.000198,
            "end": 6.000017,
            "seconds": 0.999818980693817,
            "bytes": 3622218,
            "bits_per_second": 28982990.480827942,
            "jitter_ms": 0.24315232919598243,
            "lost_packets": 0,
            "packets": 2591,
            "lost_percent": 0,
            "omitted": false,
            "sender": false
          }
        },
        {
          "streams": [
            {
              "socket": 9,
              "start": 6.000017,
              "end": 7.00019,
              "seconds": 1.0001729726791382,
              "bytes": 3871062,
              "bits_per_second": 30963140.22268115,
              "jitter_ms": 0.009510283633095945,
              "lost_packets": 5,
              "packets": 2774,
              "lost_percent": 0.1802451333813987,
              "omitted": false,
              "sender": false
            }
          ],
          "sum": {
            "start": 6.000017,
            "end": 7.00019,
            "seconds": 1.0001729726791382,
            "bytes": 3871062,
            "bits_per_second": 30963140.22268115,
            "jitter_ms": 0.009510283633095945,
            "lost_packets": 5,
            "packets": 2774,
            "lost_percent": 0.1802451333813987,
            "omitted": false,
            "sender": false
          }
        },
        {
          "streams": [
            {
              "socket": 9,
              "start": 7.00019,
              "end": 8.000176,
              "seconds": 0.9999859929084778,
              "bytes": 3692118,
              "bits_per_second": 29537357.732473083,