{
  "udp": {
    "10": {
      "start": {
        "connected": [
          {
            "socket": 10,
            "local_host": "172.17.0.2",
            "local_port": 54450,
            "remote_host": "172.20.25.101",
            "remote_port": 32201
          }
        ],
        "version": "iperf 3.12",
        "system_info": "Linux a206d3ae9099 6.8.0-52-generic #53~22.04.1-Ubuntu SMP PREEMPT_DYNAMIC Wed Jan 15 19:18:46 UTC 2 x86_64",
        "timestamp": {
          "time": "Wed, 26 Mar 2025 05:30:40 GMT",
          "timesecs": 1742967040
        },
        "connecting_to": {
          "host": "api-int.tenoran.automation.otic.open6g.net",
          "port": 32201
        },
        "cookie": "wkonr7rkjatpqnm2frrzvlxp6jyutxc2zx5e",
        "target_bitrate": 10000000,
        "sock_bufsize": 0,
        "sndbuf_actual": 212992,
        "rcvbuf_actual": 212992,
        "test_start": {
          "protocol": "UDP",
          "num_streams": 1,
          "blksize": 1348,
          "omit": 0,
          "duration": 10,
          "bytes": 0,
          "blocks": 0,
          "reverse": 1,
          "tos": 0,
          "target_bitrate": 10000000
        }
      },
      "intervals": [
        {
          "streams": [
            {
              "socket": 10,
              "start": 0,
              "end": 1.00032,
              "seconds": 1.0003199577331543,
              "bytes": 1250944,
              "bits_per_second": 10004351.030522594,
              "jitter_ms": 0.1438159233327013,
              "lost_packets": 0,
              "packets": 928,
              "lost_percent": 0,
              "omitted": false,
              "sender": false
            }
          ],
          "sum": {
            "start": 0,
            "end": 1.00032,
            "seconds": 1.0003199577331543,
            "bytes": 1250944,
            "bits_per_second": 10004351.030522594,
            "jitter_ms": 0.1438159233327013,
            "lost_packets": 0,
            "packets": 928,
            "lost_percent": 0,
            "omitted": false,
            "sender": false
          }
        },
        {
          "streams": [
            {
              "socket": 10,
              "start": 1.00032,
              "end": 2.000326,
              "seconds": 1.0000059604644775,
              "bytes": 1249596,
              "bits_per_second": 9996708.4149746,
              "jitter_ms": 0.14589108818008645,
              "lost_packets": 0,
              "packets": 927,
              "lost_percent": 0,
              "omitted": false,
              "sender": false
            }
          ],
          "sum": {
            "start": 1.00032,
            "end": 2.000326,
            "seconds": 1.0000059604644775,
            "bytes": 1249596,
            "bits_per_second": 9996708.4149746,
            "jitter_ms": 0.14589108818008645,
            "lost_packets": 0,
            "packets": 927,
            "lost_percent": 0,
            "omitted": false,
            "sender": false
          }
        },
        {
          "streams": [
            {
              "socket": 10,
              "start": 2.000326,
              "end": 3.000317,
              "seconds": 0.999990999698639,
              "bytes": 1250944,
              "bits_per_second": 10007642.07179456,
              "jitter_ms": 0.14265333618490264,
              "lost_packets": 0,
              "packets": 928,
              "lost_percent": 0,
              "omitted": false,
              "sender": false
            }
          ],
          "sum": {
            "start": 2.000326,
            "end": 3.000317,
            "seconds": 0.999990999698639,
            "bytes": 1250944,
            "bits_per_second": 10007642.07179456,
            "jitter_ms": 0.14265333618490264,
            "lost_packets": 0,
            "packets": 928,
            "lost_percent": 0,
            "omitted": false,
            "sender": false
          }
        },
        {
          "streams": [
            {
              "socket": 10,
              "start": 3.000317,
              "end": 4.000184,
              "seconds": 0.999867022037506,
              "bytes": 1249596,
              "bits_per_second": 9998097.52663791,
              "jitter_ms": 0.1600266736765958,
              "lost_packets": 0,
              "packets": 927,
              "lost_percent": 0,
              "omitted": false,
              "sender": false
            }
          ],
          "sum": {
            "start": 3.000317,
            "end": 4.000184,
            "seconds": 0.999867022037506,
            "bytes": 1249596,
            "bits_per_second": 9998097.52663791,
            "jitter_ms": 0.1600266736765958,
            "lost_packets": 0,
            "packets": 927,
            "lost_percent": 0,
            "omitted": false,
            "sender": false
          }
        },
        {
          "streams": [
            {
              "socket": 10,
              "start": 4.000184,
              "end": 5.000321,
              "seconds": 1.0001369714736938,
              "bytes": 1249596,
              "bits_per_second": 9995398.91548039,
              "jitter_ms": 0.14538084115945774,
              "lost_packets": 0,
              "packets": 927,
              "lost_percent": 0,
              "omitted": false,
              "sender": false
            }
          ],
          "sum": {
            "start": 4.000184,
            "end": 5.000321,
            "seconds": 1.0001369714736938,
            "bytes": 1249596,
            "bits_per_second": 9995398.91548039,
            "jitter_ms": 0.14538084115945774,
            "lost_packets": 0,
            "packets": 927,
            "lost_percent": 0,
            "omitted": false,
            "sender": false
          }
        },
        {
          "streams": [
            {
              "socket": 10,
              "start": 5.000321,
              "end": 6.000315,
              "seconds": 0.9999939799308777,
              "bytes": 1250944,
              "bits_per_second": 10007612.246517474,
              "jitter_ms": 0.17177777442068437,
              "lost_packets": 0,
              "packets": 928,
              "lost_percent": 0,
              "omitted": false,
              "sender": false
            }
          ],
          "sum": {
            "start": 5.000321,
            "end": 6.000315,
            "seconds": 0.9999939799308777,
            "bytes": 1250944,
            "bits_per_second": 10007612.246517474,
            "jitter_ms": 0.17177777442068437,
            "lost_packets": 0,
            "packets": 928,
            "lost_percent": 0,
            "omitted": false,
            "sender": false
          }
        },
        {
          "streams": [
            {
              "socket": 10,
              "start": 6.000315,
              "end": 7.000335,
              "seconds": 1.0000200271606445,
              "bytes": 1249596,
              "bits_per_second": 9996567.79713083,
              "jitter_ms": 0.14514843090386,
              "lost_packets": 0,
              "packets": 927,
              "lost_percent": 0,
              "omitted": false,
              "sender": false
            }
          ],
          "sum": {
            "start": 6.000315,
            "end": 7.000335,
            "seconds": 1.0000200271606445,
            "bytes": 1249596,
            "bits_per_second": 9996567.79713083,
            "jitter_ms": 0.14514843090386,
            "lost_packets": 0,
            "packets": 927,
            "lost_percent": 0,
            "omitted": false,
            "sender": false
          }
        },
        {
          "streams": [
            {
              "socket": 10,
              "start": 7.000335,
              "end": 8.000314,
              "seconds": 0.999979019165039,
              "bytes": 1249596,
              "bits_per_second": 9996977.744940175,
              "jitter_ms": 0.35323215545391556,
              "lost_packets": 0,
              "packets": 927,