{
  "udp": {
    "60": {
      "start": {
        "connected": [
          {
            "socket": 10,
            "local_host": "172.17.0.2",
            "local_port": 53715,
            "remote_host": "172.20.25.101",
            "remote_port": 32201
          }
        ],
        "version": "iperf 3.12",
        "system_info": "Linux e12e936ca8af 6.8.0-60-generic #63~22.04.1-Ubuntu SMP PREEMPT_DYNAMIC Tue Apr 22 19:00:15 UTC 2 x86_64",
        "timestamp": {
          "time": "Mon, 07 Jul 2025 05:31:55 GMT",
          "timesecs": 1751866315
        },
        "connecting_to": {
          "host": "api-int.tenoran.automation.otic.open6g.net",
          "port": 32201
        },
        "cookie": "pnhtorgvo3aihego53aneeljcsvc4ngqcfn7",
        "target_bitrate": 60000000,
        "sock_bufsize": 0,
        "sndbuf_actual": 212992,
        "rcvbuf_actual": 212992,
        "test_start": {
          "protocol": "UDP",
          "num_streams": 1,
          "blksize": 1348,
          "omit": 0,
          "duration": 10,
          "bytes": 0,
          "blocks": 0,
          "reverse": 1,
          "tos": 0,
          "target_bitrate": 60000000
        }
      },
      "intervals": [
        {
          "streams": [
            {
              "socket": 10,
              "start": 0,
              "end": 1.000175,
              "seconds": 1.0001749992370605,
              "bytes": 6620028,
              "bits_per_second": 52950957.62281438,
              "jitter_ms": 0.0841006325910049,
              "lost_packets": 0,
              "packets": 4911,
              "lost_percent": 0,
              "omitted": false,
              "sender": false
            }
          ],
          "sum": {
            "start": 0,
            "end": 1.000175,
            "seconds": 1.0001749992370605,
            "bytes": 6620028,
            "bits_per_second": 52950957.62281438,
            "jitter_ms": 0.0841006325910049,
            "lost_packets": 0,
            "packets": 4911,
            "lost_percent": 0,
            "omitted": false,
            "sender": false
          }
        },
        {
          "streams": [
            {
              "socket": 10,
              "start": 1.000175,
              "end": 2.000176,
              "seconds": 1.0000009536743164,
              "bytes": 7056780,
              "bits_per_second": 56454186.1610926,
              "jitter_ms": 0.5874181903673402,
              "lost_packets": 584,
              "packets": 5819,
              "lost_percent": 10.036088675030074,
              "omitted": false,
              "sender": false
            }
          ],
          "sum": {
            "start": 1.000175,
            "end": 2.000176,
            "seconds": 1.0000009536743164,
            "bytes": 7056780,
            "bits_per_second": 56454186.1610926,
            "jitter_ms": 0.5874181903673402,
            "lost_packets": 584,
            "packets": 5819,
            "lost_percent": 10.036088675030074,
            "omitted": false,
            "sender": false
          }
        },
        {
          "streams": [
            {
              "socket": 10,
              "start": 2.000176,
              "end": 3.000182,
              "seconds": 1.0000059604644775,
              "bytes": 6986684,
              "bits_per_second": 55893138.85093134,
              "jitter_ms": 0.5305869986315173,
              "lost_packets": 18,
              "packets": 5201,
              "lost_percent": 0.3460872909055951,
              "omitted": false,
              "sender": false
            }
          ],
          "sum": {
            "start": 2.000176,
            "end": 3.000182,
            "seconds": 1.0000059604644775,
            "bytes": 6986684,
            "bits_per_second": 55893138.85093134,
            "jitter_ms": 0.5305869986315173,
            "lost_packets": 18,
            "packets": 5201,
            "lost_percent": 0.3460872909055951,
            "omitted": false,
            "sender": false
          }
        },
        {
          "streams": [
            {
              "socket": 10,
              "start": 3.000182,
              "end": 4.000178,
              "seconds": 0.9999960064888,
              "bytes": 7163272,
              "bits_per_second": 57306404.853769615,
              "jitter_ms": 0.041199442836241267,
              "lost_packets": 34,
              "packets": 5348,
              "lost_percent": 0.6357516828721017,
              "omitted": false,
              "sender": false
            }
          ],
          "sum": {
            "start": 3.000182,
            "end": 4.000178,
            "seconds": 0.9999960064888,
            "bytes": 7163272,
            "bits_per_second": 57306404.853769615,
            "jitter_ms": 0.041199442836241267,
            "lost_packets": 34,
            "packets": 5348,
            "lost_percent": 0.6357516828721017,
            "omitted": false,
            "sender": false
          }
        },
        {
          "streams": [
            {
              "socket": 10,
              "start": 4.000178,
              "end": 5.000191,
              "seconds": 1.000012993812561,
              "bytes": 7033864,
              "bits_per_second": 56270180.83581744,
              "jitter_ms": 0.591382480461199,
              "lost_packets": 15,
              "packets": 5233,
              "lost_percent": 0.2866424613032677,
              "omitted": false,
              "sender": false
            }
          ],
          "sum": {
            "start": 4.000178,
            "end": 5.000191,
            "seconds": 1.000012993812561,
            "bytes": 7033864,
            "bits_per_second": 56270180.83581744,
            "jitter_ms": 0.591382480461199,
            "lost_packets": 15,
            "packets": 5233,
            "lost_percent": 0.2866424613032677,
            "omitted": false,
            "sender": false
          }
        },
        {
          "streams": [
            {
              "socket": 10,
              "start": 5.000191,
              "end": 6.000143,
              "seconds": 0.9999520182609558,
              "bytes": 7071608,
              "bits_per_second": 56575578.5946484,
              "jitter_ms": 0.39185270263523825,
              "lost_packets": 26,
              "packets": 5272,
              "lost_percent": 0.4931714719271624,
              "omitted": false,
              "sender": false
            }
          ],
          "sum": {
            "start": 5.000191,
            "end": 6.000143,
            "seconds": 0.9999520182609558,
            "bytes": 7071608,
            "bits_per_second": 56575578.5946484,
            "jitter_ms": 0.39185270263523825,
            "lost_packets": 26,
            "packets": 5272,
            "lost_percent": 0.4931714719271624,
            "omitted": false,
            "sender": false
          }
        },
        {
          "streams": [
            {
              "socket": 10,
              "start": 6.000143,
              "end": 7.000175,
              "seconds": 1.0000319480895996,
              "bytes": 7102612,
              "bits_per_second": 56819080.7389176,
              "jitter_ms": 0.08830654040342344,
              "lost_packets": 7,
              "packets": 5276,
              "lost_percent": 0.1326762699014405,
              "omitted": false,
              "sender": false
            }
          ],
          "sum": {
            "start": 6.000143,
            "end": 7.000175,
            "seconds": 1.0000319480895996,
            "bytes": 7102612,
            "bits_per_second": 56819080.7389176,
            "jitter_ms": 0.08830654040342344,
            "lost_packets": 7,
            "packets": 5276,
            "lost_percent": 0.1326762699014405,
            "omitted": false,
            "sender": false
          }
        },
        {
          "streams": [
            {
              "socket": 10,
              "start": 7.000175,
              "end": 8.00017,