{
  "udp": {
    "20": {
      "start": {
        "connected": [
          {
            "socket": 10,
            "local_host": "172.17.0.2",
            "local_port": 52131,
            "remote_host": "10.100.1.103",
            "remote_port": 32201
          }
        ],
        "version": "iperf 3.12",
        "system_info": "Linux 639df0c44eeb 6.8.0-47-generic #47~22.04.1-Ubuntu SMP PREEMPT_DYNAMIC Wed Oct  2 16:16:55 UTC 2 x86_64",
        "timestamp": {
          "time": "Tue, 24 Dec 2024 05:01:07 GMT",
          "timesecs": 1735016467
        },
        "connecting_to": {
          "host": "api-int.edge.open5g.info",
          "port": 32201
        },
        "cookie": "4j64mu2k4lrqise6tafz27r5dxrvxfcvhszw",
        "target_bitrate": 20000000,
        "sock_bufsize": 0,
        "sndbuf_actual": 212992,
        "rcvbuf_actual": 212992,
        "test_start": {
          "protocol": "UDP",
          "num_streams": 1,
          "blksize": 1398,
          "omit": 0,
          "duration": 10,
          "bytes": 0,
          "blocks": 0,
          "reverse": 1,
          "tos": 0,
          "target_bitrate": 20000000
        }
      },
      "intervals": [
        {
          "streams": [
            {
              "socket": 10,
              "start": 0,
              "end": 1.000173,
              "seconds": 1.0001729726791382,
              "bytes": 2254974,
              "bits_per_second": 18036672.148495737,
              "jitter_ms": 3.2743836350257554,
              "lost_packets": 0,
              "packets": 1613,
              "lost_percent": 0,
              "omitted": false,
              "sender": false
            }
          ],
          "sum": {
            "start": 0,
            "end": 1.000173,
            "seconds": 1.0001729726791382,
            "bytes": 2254974,
            "bits_per_second": 18036672.148495737,
            "jitter_ms": 3.2743836350257554,
            "lost_packets": 0,
            "packets": 1613,
            "lost_percent": 0,
            "omitted": false,
            "sender": false
          }
        },
        {
          "streams": [
            {
              "socket": 10,
              "start": 1.000173,
              "end": 2.000195,
              "seconds": 1.000022053718567,
              "bytes": 2542962,
              "bits_per_second": 20343247.35574808,
              "jitter_ms": 0.441295724842659,
              "lost_packets": 0,
              "packets": 1819,
              "lost_percent": 0,
              "omitted": false,
              "sender": false
            }
          ],
          "sum": {
            "start": 1.000173,
            "end": 2.000195,
            "seconds": 1.000022053718567,
            "bytes": 2542962,
            "bits_per_second": 20343247.35574808,
            "jitter_ms": 0.441295724842659,
            "lost_packets": 0,
            "packets": 1819,
            "lost_percent": 0,
            "omitted": false,
            "sender": false
          }
        },
        {
          "streams": [
            {
              "socket": 10,
              "start": 2.000195,
              "end": 3.000168,
              "seconds": 0.9999729990959167,
              "bytes": 2421336,
              "bits_per_second": 19371211.04021127,
              "jitter_ms": 0.07846445881815096,
              "lost_packets": 24,
              "packets": 1756,
              "lost_percent": 1.366742596810934,
              "omitted": false,
              "sender": false
            }
          ],
          "sum": {
            "start": 2.000195,
            "end": 3.000168,
            "seconds": 0.9999729990959167,
            "bytes": 2421336,
            "bits_per_second": 19371211.04021127,
            "jitter_ms": 0.07846445881815096,
            "lost_packets": 24,
            "packets": 1756,
            "lost_percent": 1.366742596810934,
            "omitted": false,
            "sender": false
          }
        },
        {
          "streams": [
            {
              "socket": 10,
              "start": 3.000168,
              "end": 4.000295,
              "seconds": 1.0001269578933716,
              "bytes": 2481450,
              "bits_per_second": 19849080.0026175,
              "jitter_ms": 0.3806848691904975,
              "lost_packets": 14,
              "packets": 1789,
              "lost_percent": 0.7825600894354388,
              "omitted": false,
              "sender": false
            }
          ],
          "sum": {
            "start": 3.000168,
            "end": 4.000295,
            "seconds": 1.0001269578933716,
            "bytes": 2481450,
            "bits_per_second": 19849080.0026175,
            "jitter_ms": 0.3806848691904975,
            "lost_packets": 14,
            "packets": 1789,
            "lost_percent": 0.7825600894354388,
            "omitted": false,
            "sender": false
          }
        },
        {
          "streams": [
            {
              "socket": 10,
              "start": 4.000295,
              "end": 5.000295,
              "seconds": 1,
              "bytes": 2496828,
              "bits_per_second": 19974624,
              "jitter_ms": 0.010611786486548409,
              "lost_packets": 2,
              "packets": 1788,
              "lost_percent": 0.11185682326621924,
              "omitted": false,
              "sender": false
            }
          ],
          "sum": {
            "start": 4.000295,
            "end": 5.000295,
            "seconds": 1,
            "bytes": 2496828,
            "bits_per_second": 19974624,
            "jitter_ms": 0.010611786486548409,
            "lost_packets": 2,
            "packets": 1788,
            "lost_percent": 0.11185682326621924,
            "omitted": false,
            "sender": false
          }
        },
        {
          "streams": [
            {
              "socket": 10,
              "start": 5.000295,
              "end": 6.000253,
              "seconds": 0.9999579787254333,
              "bytes": 2489838,
              "bits_per_second": 19919541.044503473,
              "jitter_ms": 1.1579753320883373,
              "lost_packets": 7,
              "packets": 1788,
              "lost_percent": 0.39149888143176736,
              "omitted": false,
              "sender": false
            }
          ],
          "sum": {
            "start": 5.000295,
            "end": 6.000253,
            "seconds": 0.9999579787254333,
            "bytes": 2489838,
            "bits_per_second": 19919541.044503473,
            "jitter_ms": 1.1579753320883373,
            "lost_packets": 7,
            "packets": 1788,
            "lost_percent": 0.39149888143176736,
            "omitted": false,
            "sender": false
          }
        },
        {
          "streams": [
            {
              "socket": 10,
              "start": 6.000253,
              "end": 7.000166,
              "seconds": 0.999912977218628,
              "bytes": 2499624,
              "bits_per_second": 19998732.345312607,
              "jitter_ms": 0.9378888895379968,
              "lost_packets": 0,
              "packets": 1788,
              "lost_percent": 0,
              "omitted": false,
              "sender": false
            }
          ],
          "sum": {
            "start": 6.000253,
            "end": 7.000166,
            "seconds": 0.999912977218628,
            "bytes": 2499624,
            "bits_per_second": 19998732.345312607,
            "jitter_ms": 0.9378888895379968,
            "lost_packets": 0,
            "packets": 1788,
            "lost_percent": 0,
            "omitted": false,
            "sender": false
          }
        },
        {
          "streams": [
            {
              "socket": 10,
              "start": 7.000166,
              "end": 8.000283,
              "seconds": 1.0001169443130493,
              "bytes": 2499624,
              "bits_per_second": 19994653.73895384,