{
  "udp": {
    "10": {
      "start": {
        "connected": [
          {
            "socket": 5,
            "local_host": "172.17.0.2",
            "local_port": 37000,
            "remote_host": "172.20.25.101",
            "remote_port": 32201
          }
        ],
        "version": "iperf 3.12",
        "system_info": "Linux 8816a5833ba9 6.8.0-87-generic #88~22.04.1-Ubuntu SMP PREEMPT_DYNAMIC Tue Oct 14 14:03:14 UTC 2 x86_64",
        "timestamp": {
          "time": "Tue, 18 Nov 2025 06:31:39 GMT",
          "timesecs": 1763447499
        },
        "connecting_to": {
          "host": "api-int.tenoran.automation.otic.open6g.net",
          "port": 32201
        },
        "cookie": "eg4zywmokheybx6z3xat5lnjbkzd5w7y6rld",
        "target_bitrate": 10000000,
        "sock_bufsize": 0,
        "sndbuf_actual": 212992,
        "rcvbuf_actual": 212992,
        "test_start": {
          "protocol": "UDP",
          "num_streams": 1,
          "blksize": 1348,
          "omit": 0,
          "duration": 10,
          "bytes": 0,
          "blocks": 0,
          "reverse": 1,
          "tos": 0,
          "target_bitrate": 10000000
        }
      },
      "intervals": [
        {
          "streams": [
            {
              "socket": 5,
              "start": 0,
              "end": 1.000187,
              "seconds": 1.0001870393753052,
              "bytes": 1257684,
              "bits_per_second": 10059590.460484445,
              "jitter_ms": 1.6654705268452623,
              "lost_packets": 0,
              "packets": 933,
              "lost_percent": 0,
              "omitted": false,
              "sender": false
            }
          ],
          "sum": {
            "start": 0,
            "end": 1.000187,
            "seconds": 1.0001870393753052,
            "bytes": 1257684,
            "bits_per_second": 10059590.460484445,
            "jitter_ms": 1.6654705268452623,
            "lost_packets": 0,
            "packets": 933,
            "lost_percent": 0,
            "omitted": false,
            "sender": false
          }
        },
        {
          "streams": [
            {
              "socket": 5,
              "start": 1.000187,
              "end": 2.000191,
              "seconds": 1.0000040531158447,
              "bytes": 1250944,
              "bits_per_second": 10007511.438396823,
              "jitter_ms": 1.5884155665096038,
              "lost_packets": 0,
              "packets": 928,
              "lost_percent": 0,
              "omitted": false,
              "sender": false
            }
          ],
          "sum": {
            "start": 1.000187,
            "end": 2.000191,
            "seconds": 1.0000040531158447,
            "bytes": 1250944,
            "bits_per_second": 10007511.438396823,
            "jitter_ms": 1.5884155665096038,
            "lost_packets": 0,
            "packets": 928,
            "lost_percent": 0,
            "omitted": false,
            "sender": false
          }
        },
        {
          "streams": [
            {
              "socket": 5,
              "start": 2.000191,
              "end": 3.00019,
              "seconds": 0.9999989867210388,
              "bytes": 1249596,
              "bits_per_second": 9996778.12952496,
              "jitter_ms": 1.584315565922363,
              "lost_packets": 0,
              "packets": 927,
              "lost_percent": 0,
              "omitted": false,
              "sender": false
            }
          ],
          "sum": {
            "start": 2.000191,
            "end": 3.00019,
            "seconds": 0.9999989867210388,
            "bytes": 1249596,
            "bits_per_second": 9996778.12952496,
            "jitter_ms": 1.584315565922363,
            "lost_packets": 0,
            "packets": 927,
            "lost_percent": 0,
            "omitted": false,
            "sender": false
          }
        },
        {
          "streams": [
            {
              "socket": 5,
              "start": 3.00019,
              "end": 4.000194,
              "seconds": 1.0000040531158447,
              "bytes": 1249596,
              "bits_per_second": 9996727.482105447,
              "jitter_ms": 1.6324357540554173,
              "lost_packets": 0,
              "packets": 927,
              "lost_percent": 0,
              "omitted": false,
              "sender": false
            }
          ],
          "sum": {
            "start": 3.00019,
            "end": 4.000194,
            "seconds": 1.0000040531158447,
            "bytes": 1249596,
            "bits_per_second": 9996727.482105447,
            "jitter_ms": 1.6324357540554173,
            "lost_packets": 0,
            "packets": 927,
            "lost_percent": 0,
            "omitted": false,
            "sender": false
          }
        },
        {
          "streams": [
            {
              "socket": 5,
              "start": 4.000194,
              "end": 5.000173,
              "seconds": 0.999979019165039,
              "bytes": 1250944,
              "bits_per_second": 10007761.971202247,
              "jitter_ms": 1.563795777650488,
              "lost_packets": 0,
              "packets": 928,
              "lost_percent": 0,
              "omitted": false,
              "sender": false
            }
          ],
          "sum": {
            "start": 4.000194,
            "end": 5.000173,
            "seconds": 0.999979019165039,
            "bytes": 1250944,
            "bits_per_second": 10007761.971202247,
            "jitter_ms": 1.563795777650488,
            "lost_packets": 0,
            "packets": 928,
            "lost_percent": 0,
            "omitted": false,
            "sender": false
          }
        },
        {
          "streams": [
            {
              "socket": 5,
              "start": 5.000173,
              "end": 6.000187,
              "seconds": 1.0000139474868774,
              "bytes": 1249596,
              "bits_per_second": 9996628.57215417,
              "jitter_ms": 1.6526551262585283,
              "lost_packets": 0,
              "packets": 927,
              "lost_percent": 0,
              "omitted": false,
              "sender": false
            }
          ],
          "sum": {
            "start": 5.000173,
            "end": 6.000187,
            "seconds": 1.0000139474868774,
            "bytes": 1249596,
            "bits_per_second": 9996628.57215417,
            "jitter_ms": 1.6526551262585283,
            "lost_packets": 0,
            "packets": 927,
            "lost_percent": 0,
            "omitted": false,
            "sender": false
          }
        },
        {
          "streams": [
            {
              "socket": 5,
              "start": 6.000187,
              "end": 7.000198,
              "seconds": 1.0000109672546387,
              "bytes": 1249596,
              "bits_per_second": 9996658.364102185,
              "jitter_ms": 1.5313890920820532,
              "lost_packets": 0,
              "packets": 927,
              "lost_percent": 0,
              "omitted": false,
              "sender": false
            }
          ],
          "sum": {
            "start": 6.000187,
            "end": 7.000198,
            "seconds": 1.0000109672546387,
            "bytes": 1249596,
            "bits_per_second": 9996658.364102185,
            "jitter_ms": 1.5313890920820532,
            "lost_packets": 0,
            "packets": 927,
            "lost_percent": 0,
            "omitted": false,
            "sender": false
          }
        },
        {
          "streams": [
            {
              "socket": 5,
              "start": 7.000198,
              "end": 8.000161,
              "seconds": 0.9999629855155945,
              "bytes": 1248248,
              "bits_per_second": 9986353.639731066,
              "jitter_ms": 1.4814072406938485,
              "lost_packets": 0,
              "packets": 926,
              "lost_percent": 0,