{
  "udp": {
    "60": {
      "start": {
        "connected": [
          {
            "socket": 10,
            "local_host": "172.17.0.2",
            "local_port": 34195,
            "remote_host": "172.20.25.101",
            "remote_port": 32201
          }
        ],
        "version": "iperf 3.12",
        "system_info": "Linux 1321a00b3167 6.8.0-79-generic #79~22.04.1-Ubuntu SMP PREEMPT_DYNAMIC Fri Aug 15 16:54:53 UTC 2 x86_64",
        "timestamp": {
          "time": "Mon, 08 Sep 2025 23:40:01 GMT",
          "timesecs": 1757374801
        },
        "connecting_to": {
          "host": "api-int.tenoran.automation.otic.open6g.net",
          "port": 32201
        },
        "cookie": "mk5fkvpym3qeralrhvhjq7jronhengiw7kbh",
        "target_bitrate": 60000000,
        "sock_bufsize": 0,
        "sndbuf_actual": 212992,
        "rcvbuf_actual": 212992,
        "test_start": {
          "protocol": "UDP",
          "num_streams": 1,
          "blksize": 1348,
          "omit": 0,
          "duration": 10,
          "bytes": 0,
          "blocks": 0,
          "reverse": 1,
          "tos": 0,
          "target_bitrate": 60000000
        }
      },
      "intervals": [
        {
          "streams": [
            {
              "socket": 10,
              "start": 0,
              "end": 1.000177,
              "seconds": 1.000177025794983,
              "bytes": 4782704,
              "bits_per_second": 38254859.9030137,
              "jitter_ms": 0.401981935882919,
              "lost_packets": 80,
              "packets": 3628,
              "lost_percent": 2.205071664829107,
              "omitted": false,
              "sender": false
            }
          ],
          "sum": {
            "start": 0,
            "end": 1.000177,
            "seconds": 1.000177025794983,
            "bytes": 4782704,
            "bits_per_second": 38254859.9030137,
            "jitter_ms": 0.401981935882919,
            "lost_packets": 80,
            "packets": 3628,
            "lost_percent": 2.205071664829107,
            "omitted": false,
            "sender": false
          }
        },
        {
          "streams": [
            {
              "socket": 10,
              "start": 1.000177,
              "end": 2.000162,
              "seconds": 0.9999849796295166,
              "bytes": 5789660,
              "bits_per_second": 46317975.713155255,
              "jitter_ms": 0.12280108994115504,
              "lost_packets": 0,
              "packets": 4295,
              "lost_percent": 0,
              "omitted": false,
              "sender": false
            }
          ],
          "sum": {
            "start": 1.000177,
            "end": 2.000162,
            "seconds": 0.9999849796295166,
            "bytes": 5789660,
            "bits_per_second": 46317975.713155255,
            "jitter_ms": 0.12280108994115504,
            "lost_packets": 0,
            "packets": 4295,
            "lost_percent": 0,
            "omitted": false,
            "sender": false
          }
        },
        {
          "streams": [
            {
              "socket": 10,
              "start": 2.000162,
              "end": 3.000072,
              "seconds": 0.999909996986389,
              "bytes": 5874584,
              "bits_per_second": 47000902.222842485,
              "jitter_ms": 1.311562896531759,
              "lost_packets": 0,
              "packets": 4358,
              "lost_percent": 0,
              "omitted": false,
              "sender": false
            }
          ],
          "sum": {
            "start": 2.000162,
            "end": 3.000072,
            "seconds": 0.999909996986389,
            "bytes": 5874584,
            "bits_per_second": 47000902.222842485,
            "jitter_ms": 1.311562896531759,
            "lost_packets": 0,
            "packets": 4358,
            "lost_percent": 0,
            "omitted": false,
            "sender": false
          }
        },
        {
          "streams": [
            {
              "socket": 10,
              "start": 3.000072,
              "end": 4.000157,
              "seconds": 1.00008499622345,
              "bytes": 6323468,
              "bits_per_second": 50583444.59824007,
              "jitter_ms": 0.09644843912145758,
              "lost_packets": 0,
              "packets": 4691,
              "lost_percent": 0,
              "omitted": false,
              "sender": false
            }
          ],
          "sum": {
            "start": 3.000072,
            "end": 4.000157,
            "seconds": 1.00008499622345,
            "bytes": 6323468,
            "bits_per_second": 50583444.59824007,
            "jitter_ms": 0.09644843912145758,
            "lost_packets": 0,
            "packets": 4691,
            "lost_percent": 0,
            "omitted": false,
            "sender": false
          }
        },
        {
          "streams": [
            {
              "socket": 10,
              "start": 4.000157,
              "end": 5.000077,
              "seconds": 0.9999200105667114,
              "bytes": 5863800,
              "bits_per_second": 46914152.6364826,
              "jitter_ms": 0.10015414611265003,
              "lost_packets": 0,
              "packets": 4350,
              "lost_percent": 0,
              "omitted": false,
              "sender": false
            }
          ],
          "sum": {
            "start": 4.000157,
            "end": 5.000077,
            "seconds": 0.9999200105667114,
            "bytes": 5863800,
            "bits_per_second": 46914152.6364826,
            "jitter_ms": 0.10015414611265003,
            "lost_packets": 0,
            "packets": 4350,
            "lost_percent": 0,
            "omitted": false,
            "sender": false
          }
        },
        {
          "streams": [
            {
              "socket": 10,
              "start": 5.000077,
              "end": 6.000096,
              "seconds": 1.0000189542770386,
              "bytes": 6191364,
              "bits_per_second": 49529973.19516634,
              "jitter_ms": 0.16181584417867173,
              "lost_packets": 0,
              "packets": 4593,
              "lost_percent": 0,
              "omitted": false,
              "sender": false
            }
          ],
          "sum": {
            "start": 5.000077,
            "end": 6.000096,
            "seconds": 1.0000189542770386,
            "bytes": 6191364,
            "bits_per_second": 49529973.19516634,
            "jitter_ms": 0.16181584417867173,
            "lost_packets": 0,
            "packets": 4593,
            "lost_percent": 0,
            "omitted": false,
            "sender": false
          }
        },
        {
          "streams": [
            {
              "socket": 10,
              "start": 6.000096,
              "end": 7.000075,
              "seconds": 0.999979019165039,
              "bytes": 6099700,
              "bits_per_second": 48798623.83587302,
              "jitter_ms": 0.10024222459588,
              "lost_packets": 0,
              "packets": 4525,
              "lost_percent": 0,
              "omitted": false,
              "sender": false
            }
          ],
          "sum": {
            "start": 6.000096,
            "end": 7.000075,
            "seconds": 0.999979019165039,
            "bytes": 6099700,
            "bits_per_second": 48798623.83587302,
            "jitter_ms": 0.10024222459588,
            "lost_packets": 0,
            "packets": 4525,
            "lost_percent": 0,
            "omitted": false,
            "sender": false
          }
        },
        {
          "streams": [
            {
              "socket": 10,
              "start": 7.000075,
              "end": 8.000046,
              "seconds": 0.9999709725379944,
              "bytes": 6258764,
              "bits_per_second": 50071565.450463675,
              "jitter_ms": 2.324205950008239,
              "lost_packets": 0,