{
  "udp": {
    "30": {
      "start": {
        "connected": [
          {
            "socket": 10,
            "local_host": "172.17.0.2",
            "local_port": 46664,
            "remote_host": "10.100.1.103",
            "remote_port": 32201
          }
        ],
        "version": "iperf 3.12",
        "system_info": "Linux 4726ba8da404 6.8.0-40-generic #40~22.04.3-Ubuntu SMP PREEMPT_DYNAMIC Tue Jul 30 17:30:19 UTC 2 x86_64",
        "timestamp": {
          "time": "Wed, 23 Oct 2024 06:01:54 GMT",
          "timesecs": 1729663314
        },
        "connecting_to": {
          "host": "api-int.edge.open5g.info",
          "port": 32201
        },
        "cookie": "pfdydfa3g37o3bzo53r35wixdi7xz6w7ku6t",
        "target_bitrate": 30000000,
        "sock_bufsize": 0,
        "sndbuf_actual": 212992,
        "rcvbuf_actual": 212992,
        "test_start": {
          "protocol": "UDP",
          "num_streams": 1,
          "blksize": 1398,
          "omit": 0,
          "duration": 10,
          "bytes": 0,
          "blocks": 0,
          "reverse": 1,
          "tos": 0,
          "target_bitrate": 30000000
        }
      },
      "intervals": [
        {
          "streams": [
            {
              "socket": 10,
              "start": 0,
              "end": 1.000204,
              "seconds": 1.0002039670944214,
              "bytes": 3755028,
              "bits_per_second": 30034098.032290787,
              "jitter_ms": 0.012346510899500947,
              "lost_packets": 0,
              "packets": 2686,
              "lost_percent": 0,
              "omitted": false,
              "sender": false
            }
          ],
          "sum": {
            "start": 0,
            "end": 1.000204,
            "seconds": 1.0002039670944214,
            "bytes": 3755028,
            "bits_per_second": 30034098.032290787,
            "jitter_ms": 0.012346510899500947,
            "lost_packets": 0,
            "packets": 2686,
            "lost_percent": 0,
            "omitted": false,
            "sender": false
          }
        },
        {
          "streams": [
            {
              "socket": 10,
              "start": 1.000204,
              "end": 2.000204,
              "seconds": 1,
              "bytes": 3752232,
              "bits_per_second": 30017856,
              "jitter_ms": 0.0860529500905949,
              "lost_packets": 0,
              "packets": 2684,
              "lost_percent": 0,
              "omitted": false,
              "sender": false
            }
          ],
          "sum": {
            "start": 1.000204,
            "end": 2.000204,
            "seconds": 1,
            "bytes": 3752232,
            "bits_per_second": 30017856,
            "jitter_ms": 0.0860529500905949,
            "lost_packets": 0,
            "packets": 2684,
            "lost_percent": 0,
            "omitted": false,
            "sender": false
          }
        },
        {
          "streams": [
            {
              "socket": 10,
              "start": 2.000204,
              "end": 3.000203,
              "seconds": 0.9999989867210388,
              "bytes": 3749436,
              "bits_per_second": 29995518.393827718,
              "jitter_ms": 0.09902951379933565,
              "lost_packets": 0,
              "packets": 2682,
              "lost_percent": 0,
              "omitted": false,
              "sender": false
            }
          ],
          "sum": {
            "start": 2.000204,
            "end": 3.000203,
            "seconds": 0.9999989867210388,
            "bytes": 3749436,
            "bits_per_second": 29995518.393827718,
            "jitter_ms": 0.09902951379933565,
            "lost_packets": 0,
            "packets": 2682,
            "lost_percent": 0,
            "omitted": false,
            "sender": false
          }
        },
        {
          "streams": [
            {
              "socket": 10,
              "start": 3.000203,
              "end": 4.000206,
              "seconds": 1.0000029802322388,
              "bytes": 3748038,
              "bits_per_second": 29984214.640076876,
              "jitter_ms": 0.014747907704675366,
              "lost_packets": 1,
              "packets": 2682,
              "lost_percent": 0.037285607755406416,
              "omitted": false,
              "sender": false
            }
          ],
          "sum": {
            "start": 3.000203,
            "end": 4.000206,
            "seconds": 1.0000029802322388,
            "bytes": 3748038,
            "bits_per_second": 29984214.640076876,
            "jitter_ms": 0.014747907704675366,
            "lost_packets": 1,
            "packets": 2682,
            "lost_percent": 0.037285607755406416,
            "omitted": false,
            "sender": false
          }
        },
        {
          "streams": [
            {
              "socket": 10,
              "start": 4.000206,
              "end": 5.000202,
              "seconds": 0.9999960064888,
              "bytes": 3749436,
              "bits_per_second": 29995607.78779565,
              "jitter_ms": 0.03689353764204973,
              "lost_packets": 0,
              "packets": 2682,
              "lost_percent": 0,
              "omitted": false,
              "sender": false
            }
          ],
          "sum": {
            "start": 4.000206,
            "end": 5.000202,
            "seconds": 0.9999960064888,
            "bytes": 3749436,
            "bits_per_second": 29995607.78779565,
            "jitter_ms": 0.03689353764204973,
            "lost_packets": 0,
            "packets": 2682,
            "lost_percent": 0,
            "omitted": false,
            "sender": false
          }
        },
        {
          "streams": [
            {
              "socket": 10,
              "start": 5.000202,
              "end": 6.00016,
              "seconds": 0.9999579787254333,
              "bytes": 3734058,
              "bits_per_second": 29873719.331762366,
              "jitter_ms": 0.024132473620895153,
              "lost_packets": 12,
              "packets": 2683,
              "lost_percent": 0.447260529258293,
              "omitted": false,
              "sender": false
            }
          ],
          "sum": {
            "start": 5.000202,
            "end": 6.00016,
            "seconds": 0.9999579787254333,
            "bytes": 3734058,
            "bits_per_second": 29873719.331762366,
            "jitter_ms": 0.024132473620895153,
            "lost_packets": 12,
            "packets": 2683,
            "lost_percent": 0.447260529258293,
            "omitted": false,
            "sender": false
          }
        },
        {
          "streams": [
            {
              "socket": 10,
              "start": 6.00016,
              "end": 7.000165,
              "seconds": 1.0000050067901611,
              "bytes": 3750834,
              "bits_per_second": 30006521.763642065,
              "jitter_ms": 0.0776731184100747,
              "lost_packets": 0,
              "packets": 2683,
              "lost_percent": 0,
              "omitted": false,
              "sender": false
            }
          ],
          "sum": {
            "start": 6.00016,
            "end": 7.000165,
            "seconds": 1.0000050067901611,
            "bytes": 3750834,
            "bits_per_second": 30006521.763642065,
            "jitter_ms": 0.0776731184100747,
            "lost_packets": 0,
            "packets": 2683,
            "lost_percent": 0,
            "omitted": false,
            "sender": false
          }
        },
        {
          "streams": [
            {
              "socket": 10,
              "start": 7.000165,
              "end": 8.000203,
              "seconds": 1.0000380277633667,
              "bytes": 3748038,
              "bits_per_second": 29983163.80734175,
              "jitter_ms": 0.02416216947533331,
              "lost_packets": 2,