{
  "udp": {
    "60": {
      "start": {
        "connected": [
          {
            "socket": 5,
            "local_host": "172.17.0.2",
            "local_port": 41215,
            "remote_host": "172.20.25.101",
            "remote_port": 32201
          }
        ],
        "version": "iperf 3.12",
        "system_info": "Linux 830d6e108da3 6.8.0-87-generic #88~22.04.1-Ubuntu SMP PREEMPT_DYNAMIC Tue Oct 14 14:03:14 UTC 2 x86_64",
        "timestamp": {
          "time": "Tue, 25 Nov 2025 05:32:42 GMT",
          "timesecs": 1764048762
        },
        "connecting_to": {
          "host": "api-int.tenoran.automation.otic.open6g.net",
          "port": 32201
        },
        "cookie": "nbvruwuykpmrjrhckut4gujuucmxfde2mkai",
        "target_bitrate": 60000000,
        "sock_bufsize": 0,
        "sndbuf_actual": 212992,
        "rcvbuf_actual": 212992,
        "test_start": {
          "protocol": "UDP",
          "num_streams": 1,
          "blksize": 1348,
          "omit": 0,
          "duration": 10,
          "bytes": 0,
          "blocks": 0,
          "reverse": 1,
          "tos": 0,
          "target_bitrate": 60000000
        }
      },
      "intervals": [
        {
          "streams": [
            {
              "socket": 5,
              "start": 0,
              "end": 1.000196,
              "seconds": 1.0001959800720215,
              "bytes": 7434220,
              "bits_per_second": 59462106.61206362,
              "jitter_ms": 0.22129537610642466,
              "lost_packets": 0,
              "packets": 5515,
              "lost_percent": 0,
              "omitted": false,
              "sender": false
            }
          ],
          "sum": {
            "start": 0,
            "end": 1.000196,
            "seconds": 1.0001959800720215,
            "bytes": 7434220,
            "bits_per_second": 59462106.61206362,
            "jitter_ms": 0.22129537610642466,
            "lost_packets": 0,
            "packets": 5515,
            "lost_percent": 0,
            "omitted": false,
            "sender": false
          }
        },
        {
          "streams": [
            {
              "socket": 5,
              "start": 1.000196,
              "end": 2.000786,
              "seconds": 1.0005899667739868,
              "bytes": 7521840,
              "bits_per_second": 60139239.84667764,
              "jitter_ms": 0.19431831156752188,
              "lost_packets": 0,
              "packets": 5580,
              "lost_percent": 0,
              "omitted": false,
              "sender": false
            }
          ],
          "sum": {
            "start": 1.000196,
            "end": 2.000786,
            "seconds": 1.0005899667739868,
            "bytes": 7521840,
            "bits_per_second": 60139239.84667764,
            "jitter_ms": 0.19431831156752188,
            "lost_packets": 0,
            "packets": 5580,
            "lost_percent": 0,
            "omitted": false,
            "sender": false
          }
        },
        {
          "streams": [
            {
              "socket": 5,
              "start": 2.000786,
              "end": 3.000218,
              "seconds": 0.9994320273399353,
              "bytes": 7436916,
              "bits_per_second": 59529138.92338568,
              "jitter_ms": 0.26080238074283835,
              "lost_packets": 0,
              "packets": 5517,
              "lost_percent": 0,
              "omitted": false,
              "sender": false
            }
          ],
          "sum": {
            "start": 2.000786,
            "end": 3.000218,
            "seconds": 0.9994320273399353,
            "bytes": 7436916,
            "bits_per_second": 59529138.92338568,
            "jitter_ms": 0.26080238074283835,
            "lost_packets": 0,
            "packets": 5517,
            "lost_percent": 0,
            "omitted": false,
            "sender": false
          }
        },
        {
          "streams": [
            {
              "socket": 5,
              "start": 3.000218,
              "end": 4.000222,
              "seconds": 1.0000040531158447,
              "bytes": 7513752,
              "bits_per_second": 60109772.3681292,
              "jitter_ms": 0.4556019413593928,
              "lost_packets": 0,
              "packets": 5574,
              "lost_percent": 0,
              "omitted": false,
              "sender": false
            }
          ],
          "sum": {
            "start": 3.000218,
            "end": 4.000222,
            "seconds": 1.0000040531158447,
            "bytes": 7513752,
            "bits_per_second": 60109772.3681292,
            "jitter_ms": 0.4556019413593928,
            "lost_packets": 0,
            "packets": 5574,
            "lost_percent": 0,
            "omitted": false,
            "sender": false
          }
        },
        {
          "streams": [
            {
              "socket": 5,
              "start": 4.000222,
              "end": 5.000222,
              "seconds": 1,
              "bytes": 7485444,
              "bits_per_second": 59883552,
              "jitter_ms": 0.2481023508498335,
              "lost_packets": 0,
              "packets": 5553,
              "lost_percent": 0,
              "omitted": false,
              "sender": false
            }
          ],
          "sum": {
            "start": 4.000222,
            "end": 5.000222,
            "seconds": 1,
            "bytes": 7485444,
            "bits_per_second": 59883552,
            "jitter_ms": 0.2481023508498335,
            "lost_packets": 0,
            "packets": 5553,
            "lost_percent": 0,
            "omitted": false,
            "sender": false
          }
        },
        {
          "streams": [
            {
              "socket": 5,
              "start": 5.000222,
              "end": 6.000222,
              "seconds": 1,
              "bytes": 7563628,
              "bits_per_second": 60509024,
              "jitter_ms": 0.2022203914517024,
              "lost_packets": 0,
              "packets": 5611,
              "lost_percent": 0,
              "omitted": false,
              "sender": false
            }
          ],
          "sum": {
            "start": 5.000222,
            "end": 6.000222,
            "seconds": 1,
            "bytes": 7563628,
            "bits_per_second": 60509024,
            "jitter_ms": 0.2022203914517024,
            "lost_packets": 0,
            "packets": 5611,
            "lost_percent": 0,
            "omitted": false,
            "sender": false
          }
        },
        {
          "streams": [
            {
              "socket": 5,
              "start": 6.000222,
              "end": 7.00022,
              "seconds": 0.9999979734420776,
              "bytes": 7477356,
              "bits_per_second": 59818969.226606,
              "jitter_ms": 0.2268558197064287,
              "lost_packets": 0,
              "packets": 5547,
              "lost_percent": 0,
              "omitted": false,
              "sender": false
            }
          ],
          "sum": {
            "start": 6.000222,
            "end": 7.00022,
            "seconds": 0.9999979734420776,
            "bytes": 7477356,
            "bits_per_second": 59818969.226606,
            "jitter_ms": 0.2268558197064287,
            "lost_packets": 0,
            "packets": 5547,
            "lost_percent": 0,
            "omitted": false,
            "sender": false
          }
        },
        {
          "streams": [
            {
              "socket": 5,
              "start": 7.00022,
              "end": 8.000215,
              "seconds": 0.999994993209839,
              "bytes": 7453092,
              "bits_per_second": 59625034.53003624,
              "jitter_ms": 0.4520331651349216,
              "lost_packets": 15,
              "packets": 5544,
              "lost_percent": 0.27056277056277056,
              "omitted": false,