{
  "udp": {
    "20": {
      "start": {
        "connected": [
          {
            "socket": 9,
            "local_host": "172.17.0.2",
            "local_port": 55515,
            "remote_host": "10.100.1.102",
            "remote_port": 32201
          }
        ],
        "version": "iperf 3.12",
        "system_info": "Linux b728f750ae6c 6.5.0-27-generic #28~22.04.1-Ubuntu SMP PREEMPT_DYNAMIC Fri Mar 15 10:51:06 UTC 2 x86_64",
        "timestamp": {
          "time": "Sun, 05 May 2024 16:01:07 GMT",
          "timesecs": 1714924867
        },
        "connecting_to": {
          "host": "api-int.edge.open5g.info",
          "port": 32201
        },
        "cookie": "r4d7fxgix6be55zu4zsjzjpim2h6qlmrr5yq",
        "target_bitrate": 20000000,
        "sock_bufsize": 0,
        "sndbuf_actual": 212992,
        "rcvbuf_actual": 212992,
        "test_start": {
          "protocol": "UDP",
          "num_streams": 1,
          "blksize": 1398,
          "omit": 0,
          "duration": 10,
          "bytes": 0,
          "blocks": 0,
          "reverse": 1,
          "tos": 0,
          "target_bitrate": 20000000
        }
      },
      "intervals": [
        {
          "streams": [
            {
              "socket": 9,
              "start": 0,
              "end": 1.000294,
              "seconds": 1.0002939701080322,
              "bytes": 2502420,
              "bits_per_second": 20013476.63611118,
              "jitter_ms": 0.035278744784102985,
              "lost_packets": 0,
              "packets": 1790,
              "lost_percent": 0,
              "omitted": false,
              "sender": false
            }
          ],
          "sum": {
            "start": 0,
            "end": 1.000294,
            "seconds": 1.0002939701080322,
            "bytes": 2502420,
            "bits_per_second": 20013476.63611118,
            "jitter_ms": 0.035278744784102985,
            "lost_packets": 0,
            "packets": 1790,
            "lost_percent": 0,
            "omitted": false,
            "sender": false
          }
        },
        {
          "streams": [
            {
              "socket": 9,
              "start": 1.000294,
              "end": 2.000292,
              "seconds": 0.9999979734420776,
              "bytes": 2501022,
              "bits_per_second": 20008216.547809757,
              "jitter_ms": 0.21552638377676156,
              "lost_packets": 0,
              "packets": 1789,
              "lost_percent": 0,
              "omitted": false,
              "sender": false
            }
          ],
          "sum": {
            "start": 1.000294,
            "end": 2.000292,
            "seconds": 0.9999979734420776,
            "bytes": 2501022,
            "bits_per_second": 20008216.547809757,
            "jitter_ms": 0.21552638377676156,
            "lost_packets": 0,
            "packets": 1789,
            "lost_percent": 0,
            "omitted": false,
            "sender": false
          }
        },
        {
          "streams": [
            {
              "socket": 9,
              "start": 2.000292,
              "end": 3.000291,
              "seconds": 0.9999989867210388,
              "bytes": 2498226,
              "bits_per_second": 19985828.251219288,
              "jitter_ms": 0.11459008823640568,
              "lost_packets": 0,
              "packets": 1787,
              "lost_percent": 0,
              "omitted": false,
              "sender": false
            }
          ],
          "sum": {
            "start": 2.000292,
            "end": 3.000291,
            "seconds": 0.9999989867210388,
            "bytes": 2498226,
            "bits_per_second": 19985828.251219288,
            "jitter_ms": 0.11459008823640568,
            "lost_packets": 0,
            "packets": 1787,
            "lost_percent": 0,
            "omitted": false,
            "sender": false
          }
        },
        {
          "streams": [
            {
              "socket": 9,
              "start": 3.000291,
              "end": 4.000293,
              "seconds": 1.0000020265579224,
              "bytes": 2501022,
              "bits_per_second": 20008135.452354588,
              "jitter_ms": 0.13187170649970548,
              "lost_packets": 1,
              "packets": 1790,
              "lost_percent": 0.0558659217877095,
              "omitted": false,
              "sender": false
            }
          ],
          "sum": {
            "start": 3.000291,
            "end": 4.000293,
            "seconds": 1.0000020265579224,
            "bytes": 2501022,
            "bits_per_second": 20008135.452354588,
            "jitter_ms": 0.13187170649970548,
            "lost_packets": 1,
            "packets": 1790,
            "lost_percent": 0.0558659217877095,
            "omitted": false,
            "sender": false
          }
        },
        {
          "streams": [
            {
              "socket": 9,
              "start": 4.000293,
              "end": 5.000291,
              "seconds": 0.9999979734420776,
              "bytes": 2496828,
              "bits_per_second": 19974664.479814548,
              "jitter_ms": 0.11426540535249577,
              "lost_packets": 1,
              "packets": 1787,
              "lost_percent": 0.05595970900951315,
              "omitted": false,
              "sender": false
            }
          ],
          "sum": {
            "start": 4.000293,
            "end": 5.000291,
            "seconds": 0.9999979734420776,
            "bytes": 2496828,
            "bits_per_second": 19974664.479814548,
            "jitter_ms": 0.11426540535249577,
            "lost_packets": 1,
            "packets": 1787,
            "lost_percent": 0.05595970900951315,
            "omitted": false,
            "sender": false
          }
        },
        {
          "streams": [
            {
              "socket": 9,
              "start": 5.000291,
              "end": 6.000288,
              "seconds": 0.9999970197677612,
              "bytes": 2501022,
              "bits_per_second": 20008235.62918886,
              "jitter_ms": 0.21856962202058525,
              "lost_packets": 0,
              "packets": 1789,
              "lost_percent": 0,
              "omitted": false,
              "sender": false
            }
          ],
          "sum": {
            "start": 5.000291,
            "end": 6.000288,
            "seconds": 0.9999970197677612,
            "bytes": 2501022,
            "bits_per_second": 20008235.62918886,
            "jitter_ms": 0.21856962202058525,
            "lost_packets": 0,
            "packets": 1789,
            "lost_percent": 0,
            "omitted": false,
            "sender": false
          }
        },
        {
          "streams": [
            {
              "socket": 9,
              "start": 6.000288,
              "end": 7.000289,
              "seconds": 1.0000009536743164,
              "bytes": 2499624,
              "bits_per_second": 19996972.92940051,
              "jitter_ms": 0.1365114368416858,
              "lost_packets": 0,
              "packets": 1788,
              "lost_percent": 0,
              "omitted": false,
              "sender": false
            }
          ],
          "sum": {
            "start": 6.000288,
            "end": 7.000289,
            "seconds": 1.0000009536743164,
            "bytes": 2499624,
            "bits_per_second": 19996972.92940051,
            "jitter_ms": 0.1365114368416858,
            "lost_packets": 0,
            "packets": 1788,
            "lost_percent": 0,
            "omitted": false,
            "sender": false
          }
        },
        {
          "streams": [
            {
              "socket": 9,
              "start": 7.000289,
              "end": 8.000316,
              "seconds": 1.0000269412994385,
              "bytes": 2499624,
              "bits_per_second": 19996453.26956476,
              "jitter_ms": 0.13136376980476527,