{
  "udp": {
    "10": {
      "start": {
        "connected": [
          {
            "socket": 5,
            "local_host": "172.17.0.2",
            "local_port": 54153,
            "remote_host": "172.20.25.101",
            "remote_port": 32201
          }
        ],
        "version": "iperf 3.12",
        "system_info": "Linux c2e1671e023a 6.8.0-86-generic #87~22.04.1-Ubuntu SMP PREEMPT_DYNAMIC Mon Sep 29 09:48:07 UTC 2 x86_64",
        "timestamp": {
          "time": "Tue, 04 Nov 2025 05:31:11 GMT",
          "timesecs": 1762234271
        },
        "connecting_to": {
          "host": "api-int.tenoran.automation.otic.open6g.net",
          "port": 32201
        },
        "cookie": "bcijeskexzoy7l2tndcii67woq4uw7v2oqu4",
        "target_bitrate": 10000000,
        "sock_bufsize": 0,
        "sndbuf_actual": 212992,
        "rcvbuf_actual": 212992,
        "test_start": {
          "protocol": "UDP",
          "num_streams": 1,
          "blksize": 1348,
          "omit": 0,
          "duration": 10,
          "bytes": 0,
          "blocks": 0,
          "reverse": 1,
          "tos": 0,
          "target_bitrate": 10000000
        }
      },
      "intervals": [
        {
          "streams": [
            {
              "socket": 5,
              "start": 0,
              "end": 1.000179,
              "seconds": 1.0001790523529053,
              "bytes": 1254988,
              "bits_per_second": 10038106.653384997,
              "jitter_ms": 1.6227375264160182,
              "lost_packets": 0,
              "packets": 931,
              "lost_percent": 0,
              "omitted": false,
              "sender": false
            }
          ],
          "sum": {
            "start": 0,
            "end": 1.000179,
            "seconds": 1.0001790523529053,
            "bytes": 1254988,
            "bits_per_second": 10038106.653384997,
            "jitter_ms": 1.6227375264160182,
            "lost_packets": 0,
            "packets": 931,
            "lost_percent": 0,
            "omitted": false,
            "sender": false
          }
        },
        {
          "streams": [
            {
              "socket": 5,
              "start": 1.000179,
              "end": 2.000194,
              "seconds": 1.0000150203704834,
              "bytes": 1249596,
              "bits_per_second": 9996617.847096356,
              "jitter_ms": 1.58191141750379,
              "lost_packets": 0,
              "packets": 927,
              "lost_percent": 0,
              "omitted": false,
              "sender": false
            }
          ],
          "sum": {
            "start": 1.000179,
            "end": 2.000194,
            "seconds": 1.0000150203704834,
            "bytes": 1249596,
            "bits_per_second": 9996617.847096356,
            "jitter_ms": 1.58191141750379,
            "lost_packets": 0,
            "packets": 927,
            "lost_percent": 0,
            "omitted": false,
            "sender": false
          }
        },
        {
          "streams": [
            {
              "socket": 5,
              "start": 2.000194,
              "end": 3.000184,
              "seconds": 0.9999899864196777,
              "bytes": 1249596,
              "bits_per_second": 9996868.104441734,
              "jitter_ms": 1.6464485414428078,
              "lost_packets": 0,
              "packets": 927,
              "lost_percent": 0,
              "omitted": false,
              "sender": false
            }
          ],
          "sum": {
            "start": 2.000194,
            "end": 3.000184,
            "seconds": 0.9999899864196777,
            "bytes": 1249596,
            "bits_per_second": 9996868.104441734,
            "jitter_ms": 1.6464485414428078,
            "lost_packets": 0,
            "packets": 927,
            "lost_percent": 0,
            "omitted": false,
            "sender": false
          }
        },
        {
          "streams": [
            {
              "socket": 5,
              "start": 3.000184,
              "end": 4.000193,
              "seconds": 1.0000089406967163,
              "bytes": 1250944,
              "bits_per_second": 10007462.526312653,
              "jitter_ms": 1.5240166164477875,
              "lost_packets": 0,
              "packets": 928,
              "lost_percent": 0,
              "omitted": false,
              "sender": false
            }
          ],
          "sum": {
            "start": 3.000184,
            "end": 4.000193,
            "seconds": 1.0000089406967163,
            "bytes": 1250944,
            "bits_per_second": 10007462.526312653,
            "jitter_ms": 1.5240166164477875,
            "lost_packets": 0,
            "packets": 928,
            "lost_percent": 0,
            "omitted": false,
            "sender": false
          }
        },
        {
          "streams": [
            {
              "socket": 5,
              "start": 4.000193,
              "end": 5.000205,
              "seconds": 1.0000120401382446,
              "bytes": 1244204,
              "bits_per_second": 9953512.158337595,
              "jitter_ms": 1.4215870021457355,
              "lost_packets": 0,
              "packets": 923,
              "lost_percent": 0,
              "omitted": false,
              "sender": false
            }
          ],
          "sum": {
            "start": 4.000193,
            "end": 5.000205,
            "seconds": 1.0000120401382446,
            "bytes": 1244204,
            "bits_per_second": 9953512.158337595,
            "jitter_ms": 1.4215870021457355,
            "lost_packets": 0,
            "packets": 923,
            "lost_percent": 0,
            "omitted": false,
            "sender": false
          }
        },
        {
          "streams": [
            {
              "socket": 5,
              "start": 5.000205,
              "end": 6.000209,
              "seconds": 1.0000040531158447,
              "bytes": 1249596,
              "bits_per_second": 9996727.482105447,
              "jitter_ms": 1.569404516474165,
              "lost_packets": 0,
              "packets": 927,
              "lost_percent": 0,
              "omitted": false,
              "sender": false
            }
          ],
          "sum": {
            "start": 5.000205,
            "end": 6.000209,
            "seconds": 1.0000040531158447,
            "bytes": 1249596,
            "bits_per_second": 9996727.482105447,
            "jitter_ms": 1.569404516474165,
            "lost_packets": 0,
            "packets": 927,
            "lost_percent": 0,
            "omitted": false,
            "sender": false
          }
        },
        {
          "streams": [
            {
              "socket": 5,
              "start": 6.000209,
              "end": 7.000108,
              "seconds": 0.9998990297317505,
              "bytes": 1250944,
              "bits_per_second": 10008562.567247206,
              "jitter_ms": 1.449748267689577,
              "lost_packets": 0,
              "packets": 928,
              "lost_percent": 0,
              "omitted": false,
              "sender": false
            }
          ],
          "sum": {
            "start": 6.000209,
            "end": 7.000108,
            "seconds": 0.9998990297317505,
            "bytes": 1250944,
            "bits_per_second": 10008562.567247206,
            "jitter_ms": 1.449748267689577,
            "lost_packets": 0,
            "packets": 928,
            "lost_percent": 0,
            "omitted": false,
            "sender": false
          }
        },
        {
          "streams": [
            {
              "socket": 5,
              "start": 7.000108,
              "end": 8.000226,
              "seconds": 1.0001180171966553,
              "bytes": 1249596,
              "bits_per_second": 9995588.34868417,
              "jitter_ms": 1.5322018039962433,
              "lost_packets": 0,
              "packets": 927,