{
  "udp": {
    "10": {
      "start": {
        "connected": [
          {
            "socket": 10,
            "local_host": "172.17.0.2",
            "local_port": 48640,
            "remote_host": "10.100.1.103",
            "remote_port": 32201
          }
        ],
        "version": "iperf 3.12",
        "system_info": "Linux 7e69b57ea541 6.1.0-rpi7-rpi-2712 #1 SMP PREEMPT Debian 1:6.1.63-1+rpt1 (2023-11-24) aarch64",
        "timestamp": {
          "time": "Thu, 14 Nov 2024 18:26:24 GMT",
          "timesecs": 1731608784
        },
        "connecting_to": {
          "host": "10.100.1.103",
          "port": 32201
        },
        "cookie": "nfa3olqyaj27i2y4hkwpgv7t5kz5vgzw35ks",
        "target_bitrate": 10000000,
        "sock_bufsize": 0,
        "sndbuf_actual": 212992,
        "rcvbuf_actual": 212992,
        "test_start": {
          "protocol": "UDP",
          "num_streams": 1,
          "blksize": 1398,
          "omit": 0,
          "duration": 10,
          "bytes": 0,
          "blocks": 0,
          "reverse": 1,
          "tos": 0,
          "target_bitrate": 10000000
        }
      },
      "intervals": [
        {
          "streams": [
            {
              "socket": 10,
              "start": 0,
              "end": 1.000059,
              "seconds": 1.0000590085983276,
              "bytes": 1049898,
              "bits_per_second": 8398688.40516942,
              "jitter_ms": 1.7739644811158317,
              "lost_packets": 3,
              "packets": 754,
              "lost_percent": 0.3978779840848806,
              "omitted": false,
              "sender": false
            }
          ],
          "sum": {
            "start": 0,
            "end": 1.000059,
            "seconds": 1.0000590085983276,
            "bytes": 1049898,
            "bits_per_second": 8398688.40516942,
            "jitter_ms": 1.7739644811158317,
            "lost_packets": 3,
            "packets": 754,
            "lost_percent": 0.3978779840848806,
            "omitted": false,
            "sender": false
          }
        },
        {
          "streams": [
            {
              "socket": 10,
              "start": 1.000059,
              "end": 2.000132,
              "seconds": 1.000072956085205,
              "bytes": 1287558,
              "bits_per_second": 10299712.573291915,
              "jitter_ms": 0.37660531734200353,
              "lost_packets": 0,
              "packets": 921,
              "lost_percent": 0,
              "omitted": false,
              "sender": false
            }
          ],
          "sum": {
            "start": 1.000059,
            "end": 2.000132,
            "seconds": 1.000072956085205,
            "bytes": 1287558,
            "bits_per_second": 10299712.573291915,
            "jitter_ms": 0.37660531734200353,
            "lost_packets": 0,
            "packets": 921,
            "lost_percent": 0,
            "omitted": false,
            "sender": false
          }
        },
        {
          "streams": [
            {
              "socket": 10,
              "start": 2.000132,
              "end": 3.000093,
              "seconds": 0.999961018562317,
              "bytes": 1284762,
              "bits_per_second": 10278496.67057744,
              "jitter_ms": 0.054480246609201775,
              "lost_packets": 0,
              "packets": 919,
              "lost_percent": 0,
              "omitted": false,
              "sender": false
            }
          ],
          "sum": {
            "start": 2.000132,
            "end": 3.000093,
            "seconds": 0.999961018562317,
            "bytes": 1284762,
            "bits_per_second": 10278496.67057744,
            "jitter_ms": 0.054480246609201775,
            "lost_packets": 0,
            "packets": 919,
            "lost_percent": 0,
            "omitted": false,
            "sender": false
          }
        },
        {
          "streams": [
            {
              "socket": 10,
              "start": 3.000093,
              "end": 4.000065,
              "seconds": 0.9999719858169556,
              "bytes": 1252608,
              "bits_per_second": 10021144.7341829,
              "jitter_ms": 5.650086502991657,
              "lost_packets": 0,
              "packets": 896,
              "lost_percent": 0,
              "omitted": false,
              "sender": false
            }
          ],
          "sum": {
            "start": 3.000093,
            "end": 4.000065,
            "seconds": 0.9999719858169556,
            "bytes": 1252608,
            "bits_per_second": 10021144.7341829,
            "jitter_ms": 5.650086502991657,
            "lost_packets": 0,
            "packets": 896,
            "lost_percent": 0,
            "omitted": false,
            "sender": false
          }
        },
        {
          "streams": [
            {
              "socket": 10,
              "start": 4.000065,
              "end": 5.000438,
              "seconds": 1.0003730058670044,
              "bytes": 545220,
              "bits_per_second": 4360133.644569652,
              "jitter_ms": 2.24982736619385,
              "lost_packets": 0,
              "packets": 390,
              "lost_percent": 0,
              "omitted": false,
              "sender": false
            }
          ],
          "sum": {
            "start": 4.000065,
            "end": 5.000438,
            "seconds": 1.0003730058670044,
            "bytes": 545220,
            "bits_per_second": 4360133.644569652,
            "jitter_ms": 2.24982736619385,
            "lost_packets": 0,
            "packets": 390,
            "lost_percent": 0,
            "omitted": false,
            "sender": false
          }
        },
        {
          "streams": [
            {
              "socket": 10,
              "start": 5.000438,
              "end": 6.001016,
              "seconds": 1.0005780458450317,
              "bytes": 0,
              "bits_per_second": 0,
              "jitter_ms": 2.24982736619385,
              "lost_packets": 0,
              "packets": 0,
              "lost_percent": 0,
              "omitted": false,
              "sender": false
            }
          ],
          "sum": {
            "start": 5.000438,
            "end": 6.001016,
            "seconds": 1.0005780458450317,
            "bytes": 0,
            "bits_per_second": 0,
            "jitter_ms": 2.24982736619385,
            "lost_packets": 0,
            "packets": 0,
            "lost_percent": 0,
            "omitted": false,
            "sender": false
          }
        },
        {
          "streams": [
            {
              "socket": 10,
              "start": 6.001016,
              "end": 7.001028,
              "seconds": 1.0000120401382446,
              "bytes": 0,
              "bits_per_second": 0,
              "jitter_ms": 2.24982736619385,
              "lost_packets": 0,
              "packets": 0,
              "lost_percent": 0,
              "omitted": false,
              "sender": false
            }
          ],
          "sum": {
            "start": 6.001016,
            "end": 7.001028,
            "seconds": 1.0000120401382446,
            "bytes": 0,
            "bits_per_second": 0,
            "jitter_ms": 2.24982736619385,
            "lost_packets": 0,
            "packets": 0,
            "lost_percent": 0,
            "omitted": false,
            "sender": false
          }
        },
        {
          "streams": [
            {
              "socket": 10,
              "start": 7.001028,
              "end": 8.001017,
              "seconds": 0.9999889731407166,
              "bytes": 0,
              "bits_per_second": 0,
              "jitter_ms": 2.24982736619385,
              "lost_packets": 0,
              "packets": 0,
              "lost_percent": 0,
              "omitted": false,
              "sender": false
            }
          ],