{
  "udp": {
    "30": {
      "start": {
        "connected": [
          {
            "socket": 10,
            "local_host": "172.17.0.2",
            "local_port": 52470,
            "remote_host": "10.100.1.101",
            "remote_port": 32201
          }
        ],
        "version": "iperf 3.12",
        "system_info": "Linux e084e198b281 6.8.0-47-generic #47~22.04.1-Ubuntu SMP PREEMPT_DYNAMIC Wed Oct  2 16:16:55 UTC 2 x86_64",
        "timestamp": {
          "time": "Wed, 11 Dec 2024 09:01:29 GMT",
          "timesecs": 1733907689
        },
        "connecting_to": {
          "host": "api-int.edge.open5g.info",
          "port": 32201
        },
        "cookie": "oaqtgvtiqvydndemhx7tbmydng4kb2sn2s3e",
        "target_bitrate": 30000000,
        "sock_bufsize": 0,
        "sndbuf_actual": 212992,
        "rcvbuf_actual": 212992,
        "test_start": {
          "protocol": "UDP",
          "num_streams": 1,
          "blksize": 1398,
          "omit": 0,
          "duration": 10,
          "bytes": 0,
          "blocks": 0,
          "reverse": 1,
          "tos": 0,
          "target_bitrate": 30000000
        }
      },
      "intervals": [
        {
          "streams": [
            {
              "socket": 10,
              "start": 0,
              "end": 1.000126,
              "seconds": 1.0001260042190552,
              "bytes": 3501990,
              "bits_per_second": 28012390.32063378,
              "jitter_ms": 0.16358667144293526,
              "lost_packets": 0,
              "packets": 2505,
              "lost_percent": 0,
              "omitted": false,
              "sender": false
            }
          ],
          "sum": {
            "start": 0,
            "end": 1.000126,
            "seconds": 1.0001260042190552,
            "bytes": 3501990,
            "bits_per_second": 28012390.32063378,
            "jitter_ms": 0.16358667144293526,
            "lost_packets": 0,
            "packets": 2505,
            "lost_percent": 0,
            "omitted": false,
            "sender": false
          }
        },
        {
          "streams": [
            {
              "socket": 10,
              "start": 1.000126,
              "end": 2.000199,
              "seconds": 1.000072956085205,
              "bytes": 3756426,
              "bits_per_second": 30049215.726857085,
              "jitter_ms": 0.16524202485168016,
              "lost_packets": 0,
              "packets": 2687,
              "lost_percent": 0,
              "omitted": false,
              "sender": false
            }
          ],
          "sum": {
            "start": 1.000126,
            "end": 2.000199,
            "seconds": 1.000072956085205,
            "bytes": 3756426,
            "bits_per_second": 30049215.726857085,
            "jitter_ms": 0.16524202485168016,
            "lost_packets": 0,
            "packets": 2687,
            "lost_percent": 0,
            "omitted": false,
            "sender": false
          }
        },
        {
          "streams": [
            {
              "socket": 10,
              "start": 2.000199,
              "end": 3.000202,
              "seconds": 1.0000029802322388,
              "bytes": 3794172,
              "bits_per_second": 30353285.54015988,
              "jitter_ms": 0.09845737176419857,
              "lost_packets": 0,
              "packets": 2714,
              "lost_percent": 0,
              "omitted": false,
              "sender": false
            }
          ],
          "sum": {
            "start": 2.000199,
            "end": 3.000202,
            "seconds": 1.0000029802322388,
            "bytes": 3794172,
            "bits_per_second": 30353285.54015988,
            "jitter_ms": 0.09845737176419857,
            "lost_packets": 0,
            "packets": 2714,
            "lost_percent": 0,
            "omitted": false,
            "sender": false
          }
        },
        {
          "streams": [
            {
              "socket": 10,
              "start": 3.000202,
              "end": 4.000191,
              "seconds": 0.9999889731407166,
              "bytes": 3806754,
              "bits_per_second": 30454367.816028472,
              "jitter_ms": 0.0529848988642818,
              "lost_packets": 0,
              "packets": 2723,
              "lost_percent": 0,
              "omitted": false,
              "sender": false
            }
          ],
          "sum": {
            "start": 3.000202,
            "end": 4.000191,
            "seconds": 0.9999889731407166,
            "bytes": 3806754,
            "bits_per_second": 30454367.816028472,
            "jitter_ms": 0.0529848988642818,
            "lost_packets": 0,
            "packets": 2723,
            "lost_percent": 0,
            "omitted": false,
            "sender": false
          }
        },
        {
          "streams": [
            {
              "socket": 10,
              "start": 4.000191,
              "end": 5.000152,
              "seconds": 0.999961018562317,
              "bytes": 3759222,
              "bits_per_second": 30074948.3647255,
              "jitter_ms": 0.06905224718878138,
              "lost_packets": 0,
              "packets": 2689,
              "lost_percent": 0,
              "omitted": false,
              "sender": false
            }
          ],
          "sum": {
            "start": 4.000191,
            "end": 5.000152,
            "seconds": 0.999961018562317,
            "bytes": 3759222,
            "bits_per_second": 30074948.3647255,
            "jitter_ms": 0.06905224718878138,
            "lost_packets": 0,
            "packets": 2689,
            "lost_percent": 0,
            "omitted": false,
            "sender": false
          }
        },
        {
          "streams": [
            {
              "socket": 10,
              "start": 5.000152,
              "end": 6.000118,
              "seconds": 0.999966025352478,
              "bytes": 3717282,
              "bits_per_second": 29739266.38109286,
              "jitter_ms": 0.05677076953587384,
              "lost_packets": 0,
              "packets": 2659,
              "lost_percent": 0,
              "omitted": false,
              "sender": false
            }
          ],
          "sum": {
            "start": 5.000152,
            "end": 6.000118,
            "seconds": 0.999966025352478,
            "bytes": 3717282,
            "bits_per_second": 29739266.38109286,
            "jitter_ms": 0.05677076953587384,
            "lost_packets": 0,
            "packets": 2659,
            "lost_percent": 0,
            "omitted": false,
            "sender": false
          }
        },
        {
          "streams": [
            {
              "socket": 10,
              "start": 6.000118,
              "end": 7.000195,
              "seconds": 1.00007700920105,
              "bytes": 3763416,
              "bits_per_second": 30105009.63726024,
              "jitter_ms": 0.0551380291649065,
              "lost_packets": 0,
              "packets": 2692,
              "lost_percent": 0,
              "omitted": false,
              "sender": false
            }
          ],
          "sum": {
            "start": 6.000118,
            "end": 7.000195,
            "seconds": 1.00007700920105,
            "bytes": 3763416,
            "bits_per_second": 30105009.63726024,
            "jitter_ms": 0.0551380291649065,
            "lost_packets": 0,
            "packets": 2692,
            "lost_percent": 0,
            "omitted": false,
            "sender": false
          }
        },
        {
          "streams": [
            {
              "socket": 10,
              "start": 7.000195,
              "end": 8.000119,
              "seconds": 0.9999240040779114,
              "bytes": 3763416,
              "bits_per_second": 30109616.208047464,
              "jitter_ms": 0.054786947064725464,
              "lost_packets": 0,
              "packets": 2692,