{
  "udp": {
    "10": {
      "start": {
        "connected": [
          {
            "socket": 10,
            "local_host": "172.17.0.2",
            "local_port": 32946,
            "remote_host": "172.20.25.101",
            "remote_port": 32201
          }
        ],
        "version": "iperf 3.12",
        "system_info": "Linux 4c38647a0632 6.1.0-rpi7-rpi-2712 #1 SMP PREEMPT Debian 1:6.1.63-1+rpt1 (2023-11-24) aarch64",
        "timestamp": {
          "time": "Mon, 07 Apr 2025 23:27:40 GMT",
          "timesecs": 1744068460
        },
        "connecting_to": {
          "host": "api-int.tenoran.automation.otic.open6g.net",
          "port": 32201
        },
        "cookie": "j4tyzyla4flywmtljiu6xxgxmd6g4wxvlnfs",
        "target_bitrate": 10000000,
        "sock_bufsize": 0,
        "sndbuf_actual": 212992,
        "rcvbuf_actual": 212992,
        "test_start": {
          "protocol": "UDP",
          "num_streams": 1,
          "blksize": 1348,
          "omit": 0,
          "duration": 10,
          "bytes": 0,
          "blocks": 0,
          "reverse": 1,
          "tos": 0,
          "target_bitrate": 10000000
        }
      },
      "intervals": [
        {
          "streams": [
            {
              "socket": 10,
              "start": 0,
              "end": 1.000059,
              "seconds": 1.0000590085983276,
              "bytes": 1250944,
              "bits_per_second": 10006961.503228176,
              "jitter_ms": 0.05569616273953334,
              "lost_packets": 0,
              "packets": 928,
              "lost_percent": 0,
              "omitted": false,
              "sender": false
            }
          ],
          "sum": {
            "start": 0,
            "end": 1.000059,
            "seconds": 1.0000590085983276,
            "bytes": 1250944,
            "bits_per_second": 10006961.503228176,
            "jitter_ms": 0.05569616273953334,
            "lost_packets": 0,
            "packets": 928,
            "lost_percent": 0,
            "omitted": false,
            "sender": false
          }
        },
        {
          "streams": [
            {
              "socket": 10,
              "start": 1.000059,
              "end": 2.00006,
              "seconds": 1.0000009536743164,
              "bytes": 1250944,
              "bits_per_second": 10007542.456063788,
              "jitter_ms": 0.3417216620844278,
              "lost_packets": 0,
              "packets": 928,
              "lost_percent": 0,
              "omitted": false,
              "sender": false
            }
          ],
          "sum": {
            "start": 1.000059,
            "end": 2.00006,
            "seconds": 1.0000009536743164,
            "bytes": 1250944,
            "bits_per_second": 10007542.456063788,
            "jitter_ms": 0.3417216620844278,
            "lost_packets": 0,
            "packets": 928,
            "lost_percent": 0,
            "omitted": false,
            "sender": false
          }
        },
        {
          "streams": [
            {
              "socket": 10,
              "start": 2.00006,
              "end": 3.001425,
              "seconds": 1.0013649463653564,
              "bytes": 1249596,
              "bits_per_second": 9983141.54723027,
              "jitter_ms": 0.05308570165923929,
              "lost_packets": 0,
              "packets": 927,
              "lost_percent": 0,
              "omitted": false,
              "sender": false
            }
          ],
          "sum": {
            "start": 2.00006,
            "end": 3.001425,
            "seconds": 1.0013649463653564,
            "bytes": 1249596,
            "bits_per_second": 9983141.54723027,
            "jitter_ms": 0.05308570165923929,
            "lost_packets": 0,
            "packets": 927,
            "lost_percent": 0,
            "omitted": false,
            "sender": false
          }
        },
        {
          "streams": [
            {
              "socket": 10,
              "start": 3.001425,
              "end": 4.00006,
              "seconds": 0.9986349940299988,
              "bytes": 1249596,
              "bits_per_second": 10010432.29985159,
              "jitter_ms": 0.0545999358651947,
              "lost_packets": 0,
              "packets": 927,
              "lost_percent": 0,
              "omitted": false,
              "sender": false
            }
          ],
          "sum": {
            "start": 3.001425,
            "end": 4.00006,
            "seconds": 0.9986349940299988,
            "bytes": 1249596,
            "bits_per_second": 10010432.29985159,
            "jitter_ms": 0.0545999358651947,
            "lost_packets": 0,
            "packets": 927,
            "lost_percent": 0,
            "omitted": false,
            "sender": false
          }
        },
        {
          "streams": [
            {
              "socket": 10,
              "start": 4.00006,
              "end": 5.000063,
              "seconds": 1.0000029802322388,
              "bytes": 1250944,
              "bits_per_second": 10007522.175259784,
              "jitter_ms": 0.07857248939156375,
              "lost_packets": 0,
              "packets": 928,
              "lost_percent": 0,
              "omitted": false,
              "sender": false
            }
          ],
          "sum": {
            "start": 4.00006,
            "end": 5.000063,
            "seconds": 1.0000029802322388,
            "bytes": 1250944,
            "bits_per_second": 10007522.175259784,
            "jitter_ms": 0.07857248939156375,
            "lost_packets": 0,
            "packets": 928,
            "lost_percent": 0,
            "omitted": false,
            "sender": false
          }
        },
        {
          "streams": [
            {
              "socket": 10,
              "start": 5.000063,
              "end": 6.000063,
              "seconds": 1,
              "bytes": 1249596,
              "bits_per_second": 9996768,
              "jitter_ms": 0.3124750233063019,
              "lost_packets": 0,
              "packets": 927,
              "lost_percent": 0,
              "omitted": false,
              "sender": false
            }
          ],
          "sum": {
            "start": 5.000063,
            "end": 6.000063,
            "seconds": 1,
            "bytes": 1249596,
            "bits_per_second": 9996768,
            "jitter_ms": 0.3124750233063019,
            "lost_packets": 0,
            "packets": 927,
            "lost_percent": 0,
            "omitted": false,
            "sender": false
          }
        },
        {
          "streams": [
            {
              "socket": 10,
              "start": 6.000063,
              "end": 7.000062,
              "seconds": 0.9999989867210388,
              "bytes": 1249596,
              "bits_per_second": 9996778.12952496,
              "jitter_ms": 0.06162638139818302,
              "lost_packets": 0,
              "packets": 927,
              "lost_percent": 0,
              "omitted": false,
              "sender": false
            }
          ],
          "sum": {
            "start": 6.000063,
            "end": 7.000062,
            "seconds": 0.9999989867210388,
            "bytes": 1249596,
            "bits_per_second": 9996778.12952496,
            "jitter_ms": 0.06162638139818302,
            "lost_packets": 0,
            "packets": 927,
            "lost_percent": 0,
            "omitted": false,
            "sender": false
          }
        },
        {
          "streams": [
            {
              "socket": 10,
              "start": 7.000062,
              "end": 8.000062,
              "seconds": 1,
              "bytes": 1249596,
              "bits_per_second": 9996768,
              "jitter_ms": 0.0800113012700398,
              "lost_packets": 0,
              "packets": 927,
              "lost_percent": 0,
              "omitted": false,