{
  "udp": {
    "30": {
      "start": {
        "connected": [
          {
            "socket": 10,
            "local_host": "172.17.0.2",
            "local_port": 32817,
            "remote_host": "10.100.1.102",
            "remote_port": 32201
          }
        ],
        "version": "iperf 3.12",
        "system_info": "Linux 8e13d7f289c5 6.8.0-40-generic #40~22.04.3-Ubuntu SMP PREEMPT_DYNAMIC Tue Jul 30 17:30:19 UTC 2 x86_64",
        "timestamp": {
          "time": "Sat, 26 Oct 2024 07:02:29 GMT",
          "timesecs": 1729926149
        },
        "connecting_to": {
          "host": "api-int.edge.open5g.info",
          "port": 32201
        },
        "cookie": "ta5ma6cjlc2ddhzjjyt2kesajn2upuv7ayeh",
        "target_bitrate": 30000000,
        "sock_bufsize": 0,
        "sndbuf_actual": 212992,
        "rcvbuf_actual": 212992,
        "test_start": {
          "protocol": "UDP",
          "num_streams": 1,
          "blksize": 1398,
          "omit": 0,
          "duration": 10,
          "bytes": 0,
          "blocks": 0,
          "reverse": 1,
          "tos": 0,
          "target_bitrate": 30000000
        }
      },
      "intervals": [
        {
          "streams": [
            {
              "socket": 10,
              "start": 0,
              "end": 1.000064,
              "seconds": 1.0000640153884888,
              "bytes": 3673944,
              "bits_per_second": 29389670.60881842,
              "jitter_ms": 0.32434785036227,
              "lost_packets": 0,
              "packets": 2628,
              "lost_percent": 0,
              "omitted": false,
              "sender": false
            }
          ],
          "sum": {
            "start": 0,
            "end": 1.000064,
            "seconds": 1.0000640153884888,
            "bytes": 3673944,
            "bits_per_second": 29389670.60881842,
            "jitter_ms": 0.32434785036227,
            "lost_packets": 0,
            "packets": 2628,
            "lost_percent": 0,
            "omitted": false,
            "sender": false
          }
        },
        {
          "streams": [
            {
              "socket": 10,
              "start": 1.000064,
              "end": 2.000097,
              "seconds": 1.0000330209732056,
              "bytes": 3826326,
              "bits_per_second": 30609597.24130966,
              "jitter_ms": 0.1699779743260741,
              "lost_packets": 0,
              "packets": 2737,
              "lost_percent": 0,
              "omitted": false,
              "sender": false
            }
          ],
          "sum": {
            "start": 1.000064,
            "end": 2.000097,
            "seconds": 1.0000330209732056,
            "bytes": 3826326,
            "bits_per_second": 30609597.24130966,
            "jitter_ms": 0.1699779743260741,
            "lost_packets": 0,
            "packets": 2737,
            "lost_percent": 0,
            "omitted": false,
            "sender": false
          }
        },
        {
          "streams": [
            {
              "socket": 10,
              "start": 2.000097,
              "end": 3.000165,
              "seconds": 1.000067949295044,
              "bytes": 3748038,
              "bits_per_second": 29982266.726112142,
              "jitter_ms": 0.0645463160210346,
              "lost_packets": 0,
              "packets": 2681,
              "lost_percent": 0,
              "omitted": false,
              "sender": false
            }
          ],
          "sum": {
            "start": 2.000097,
            "end": 3.000165,
            "seconds": 1.000067949295044,
            "bytes": 3748038,
            "bits_per_second": 29982266.726112142,
            "jitter_ms": 0.0645463160210346,
            "lost_packets": 0,
            "packets": 2681,
            "lost_percent": 0,
            "omitted": false,
            "sender": false
          }
        },
        {
          "streams": [
            {
              "socket": 10,
              "start": 3.000165,
              "end": 4.000181,
              "seconds": 1.0000159740448,
              "bytes": 3615228,
              "bits_per_second": 28921362.0088676,
              "jitter_ms": 0.011680340287788195,
              "lost_packets": 0,
              "packets": 2586,
              "lost_percent": 0,
              "omitted": false,
              "sender": false
            }
          ],
          "sum": {
            "start": 3.000165,
            "end": 4.000181,
            "seconds": 1.0000159740448,
            "bytes": 3615228,
            "bits_per_second": 28921362.0088676,
            "jitter_ms": 0.011680340287788195,
            "lost_packets": 0,
            "packets": 2586,
            "lost_percent": 0,
            "omitted": false,
            "sender": false
          }
        },
        {
          "streams": [
            {
              "socket": 10,
              "start": 4.000181,
              "end": 5.000026,
              "seconds": 0.999845027923584,
              "bytes": 3879450,
              "bits_per_second": 31040410.396852,
              "jitter_ms": 0.1379115603369032,
              "lost_packets": 0,
              "packets": 2775,
              "lost_percent": 0,
              "omitted": false,
              "sender": false
            }
          ],
          "sum": {
            "start": 4.000181,
            "end": 5.000026,
            "seconds": 0.999845027923584,
            "bytes": 3879450,
            "bits_per_second": 31040410.396852,
            "jitter_ms": 0.1379115603369032,
            "lost_packets": 0,
            "packets": 2775,
            "lost_percent": 0,
            "omitted": false,
            "sender": false
          }
        },
        {
          "streams": [
            {
              "socket": 10,
              "start": 5.000026,
              "end": 6.000052,
              "seconds": 1.000025987625122,
              "bytes": 3546726,
              "bits_per_second": 28373070.651276354,
              "jitter_ms": 0.2998406755219969,
              "lost_packets": 0,
              "packets": 2537,
              "lost_percent": 0,
              "omitted": false,
              "sender": false
            }
          ],
          "sum": {
            "start": 5.000026,
            "end": 6.000052,
            "seconds": 1.000025987625122,
            "bytes": 3546726,
            "bits_per_second": 28373070.651276354,
            "jitter_ms": 0.2998406755219969,
            "lost_packets": 0,
            "packets": 2537,
            "lost_percent": 0,
            "omitted": false,
            "sender": false
          }
        },
        {
          "streams": [
            {
              "socket": 10,
              "start": 6.000052,
              "end": 7.000028,
              "seconds": 0.9999759793281555,
              "bytes": 3900420,
              "bits_per_second": 31204109.54367555,
              "jitter_ms": 0.1292884345599588,
              "lost_packets": 34,
              "packets": 2824,
              "lost_percent": 1.2039660056657224,
              "omitted": false,
              "sender": false
            }
          ],
          "sum": {
            "start": 6.000052,
            "end": 7.000028,
            "seconds": 0.9999759793281555,
            "bytes": 3900420,
            "bits_per_second": 31204109.54367555,
            "jitter_ms": 0.1292884345599588,
            "lost_packets": 34,
            "packets": 2824,
            "lost_percent": 1.2039660056657224,
            "omitted": false,
            "sender": false
          }
        },
        {
          "streams": [
            {
              "socket": 10,
              "start": 7.000028,
              "end": 8.000072,
              "seconds": 1.0000439882278442,
              "bytes": 3552318,
              "bits_per_second": 28417293.973597974,
              "jitter_ms": 0.28484699700455635,
              "lost_packets": 0,