{
  "udp": {
    "30": {
      "start": {
        "connected": [
          {
            "socket": 10,
            "local_host": "172.17.0.2",
            "local_port": 49448,
            "remote_host": "172.20.25.101",
            "remote_port": 32201
          }
        ],
        "version": "iperf 3.12",
        "system_info": "Linux a49b01f89e26 6.8.0-52-generic #53~22.04.1-Ubuntu SMP PREEMPT_DYNAMIC Wed Jan 15 19:18:46 UTC 2 x86_64",
        "timestamp": {
          "time": "Tue, 22 Apr 2025 14:22:50 GMT",
          "timesecs": 1745331770
        },
        "connecting_to": {
          "host": "api-int.tenoran.automation.otic.open6g.net",
          "port": 32201
        },
        "cookie": "3jycgu6msykdc62ptjpbowp3lcmqdhifhiqv",
        "target_bitrate": 30000000,
        "sock_bufsize": 0,
        "sndbuf_actual": 212992,
        "rcvbuf_actual": 212992,
        "test_start": {
          "protocol": "UDP",
          "num_streams": 1,
          "blksize": 1348,
          "omit": 0,
          "duration": 10,
          "bytes": 0,
          "blocks": 0,
          "reverse": 1,
          "tos": 0,
          "target_bitrate": 30000000
        }
      },
      "intervals": [
        {
          "streams": [
            {
              "socket": 10,
              "start": 0,
              "end": 1.000188,
              "seconds": 1.0001879930496216,
              "bytes": 3402352,
              "bits_per_second": 27213700.01354297,
              "jitter_ms": 2.21820227632832,
              "lost_packets": 0,
              "packets": 2524,
              "lost_percent": 0,
              "omitted": false,
              "sender": false
            }
          ],
          "sum": {
            "start": 0,
            "end": 1.000188,
            "seconds": 1.0001879930496216,
            "bytes": 3402352,
            "bits_per_second": 27213700.01354297,
            "jitter_ms": 2.21820227632832,
            "lost_packets": 0,
            "packets": 2524,
            "lost_percent": 0,
            "omitted": false,
            "sender": false
          }
        },
        {
          "streams": [
            {
              "socket": 10,
              "start": 1.000188,
              "end": 2.000182,
              "seconds": 0.9999939799308777,
              "bytes": 3754180,
              "bits_per_second": 30033620.804473236,
              "jitter_ms": 1.7321274896875973,
              "lost_packets": 0,
              "packets": 2785,
              "lost_percent": 0,
              "omitted": false,
              "sender": false
            }
          ],
          "sum": {
            "start": 1.000188,
            "end": 2.000182,
            "seconds": 0.9999939799308777,
            "bytes": 3754180,
            "bits_per_second": 30033620.804473236,
            "jitter_ms": 1.7321274896875973,
            "lost_packets": 0,
            "packets": 2785,
            "lost_percent": 0,
            "omitted": false,
            "sender": false
          }
        },
        {
          "streams": [
            {
              "socket": 10,
              "start": 2.000182,
              "end": 3.000169,
              "seconds": 0.999987006187439,
              "bytes": 3742048,
              "bits_per_second": 29936772.99281695,
              "jitter_ms": 2.6677959278676546,
              "lost_packets": 0,
              "packets": 2776,
              "lost_percent": 0,
              "omitted": false,
              "sender": false
            }
          ],
          "sum": {
            "start": 2.000182,
            "end": 3.000169,
            "seconds": 0.999987006187439,
            "bytes": 3742048,
            "bits_per_second": 29936772.99281695,
            "jitter_ms": 2.6677959278676546,
            "lost_packets": 0,
            "packets": 2776,
            "lost_percent": 0,
            "omitted": false,
            "sender": false
          }
        },
        {
          "streams": [
            {
              "socket": 10,
              "start": 3.000169,
              "end": 4.000184,
              "seconds": 1.0000150203704834,
              "bytes": 3750136,
              "bits_per_second": 30000637.379311826,
              "jitter_ms": 2.631795801848099,
              "lost_packets": 0,
              "packets": 2782,
              "lost_percent": 0,
              "omitted": false,
              "sender": false
            }
          ],
          "sum": {
            "start": 3.000169,
            "end": 4.000184,
            "seconds": 1.0000150203704834,
            "bytes": 3750136,
            "bits_per_second": 30000637.379311826,
            "jitter_ms": 2.631795801848099,
            "lost_packets": 0,
            "packets": 2782,
            "lost_percent": 0,
            "omitted": false,
            "sender": false
          }
        },
        {
          "streams": [
            {
              "socket": 10,
              "start": 4.000184,
              "end": 5.000184,
              "seconds": 1,
              "bytes": 3750136,
              "bits_per_second": 30001088,
              "jitter_ms": 2.6851796207620917,
              "lost_packets": 0,
              "packets": 2782,
              "lost_percent": 0,
              "omitted": false,
              "sender": false
            }
          ],
          "sum": {
            "start": 4.000184,
            "end": 5.000184,
            "seconds": 1,
            "bytes": 3750136,
            "bits_per_second": 30001088,
            "jitter_ms": 2.6851796207620917,
            "lost_packets": 0,
            "packets": 2782,
            "lost_percent": 0,
            "omitted": false,
            "sender": false
          }
        },
        {
          "streams": [
            {
              "socket": 10,
              "start": 5.000184,
              "end": 6.000182,
              "seconds": 0.9999979734420776,
              "bytes": 3751484,
              "bits_per_second": 30011932.820920225,
              "jitter_ms": 2.3454252833587885,
              "lost_packets": 0,
              "packets": 2783,
              "lost_percent": 0,
              "omitted": false,
              "sender": false
            }
          ],
          "sum": {
            "start": 5.000184,
            "end": 6.000182,
            "seconds": 0.9999979734420776,
            "bytes": 3751484,
            "bits_per_second": 30011932.820920225,
            "jitter_ms": 2.3454252833587885,
            "lost_packets": 0,
            "packets": 2783,
            "lost_percent": 0,
            "omitted": false,
            "sender": false
          }
        },
        {
          "streams": [
            {
              "socket": 10,
              "start": 6.000182,
              "end": 7.000196,
              "seconds": 1.0000139474868774,
              "bytes": 3752832,
              "bits_per_second": 30022237.26523971,
              "jitter_ms": 2.342936492389397,
              "lost_packets": 0,
              "packets": 2784,
              "lost_percent": 0,
              "omitted": false,
              "sender": false
            }
          ],
          "sum": {
            "start": 6.000182,
            "end": 7.000196,
            "seconds": 1.0000139474868774,
            "bytes": 3752832,
            "bits_per_second": 30022237.26523971,
            "jitter_ms": 2.342936492389397,
            "lost_packets": 0,
            "packets": 2784,
            "lost_percent": 0,
            "omitted": false,
            "sender": false
          }
        },
        {
          "streams": [
            {
              "socket": 10,
              "start": 7.000196,
              "end": 8.000209,
              "seconds": 1.000012993812561,
              "bytes": 3729916,
              "bits_per_second": 29838940.278403,
              "jitter_ms": 5.970566140355543,
              "lost_packets": 0,
              "packets": 2767,
              "lost_percent": 0,