{
  "udp": {
    "20": {
      "start": {
        "connected": [
          {
            "socket": 5,
            "local_host": "172.17.0.2",
            "local_port": 52421,
            "remote_host": "172.20.25.101",
            "remote_port": 32201
          }
        ],
        "version": "iperf 3.12",
        "system_info": "Linux 728272a7c5f0 6.8.0-87-generic #88~22.04.1-Ubuntu SMP PREEMPT_DYNAMIC Tue Oct 14 14:03:14 UTC 2 x86_64",
        "timestamp": {
          "time": "Fri, 05 Dec 2025 06:02:06 GMT",
          "timesecs": 1764914526
        },
        "connecting_to": {
          "host": "api-int.tenoran.automation.otic.open6g.net",
          "port": 32201
        },
        "cookie": "zd77qirsawmrj7mj3it2qdnumuqi6xqrb4zy",
        "target_bitrate": 20000000,
        "sock_bufsize": 0,
        "sndbuf_actual": 212992,
        "rcvbuf_actual": 212992,
        "test_start": {
          "protocol": "UDP",
          "num_streams": 1,
          "blksize": 1348,
          "omit": 0,
          "duration": 10,
          "bytes": 0,
          "blocks": 0,
          "reverse": 1,
          "tos": 0,
          "target_bitrate": 20000000
        }
      },
      "intervals": [
        {
          "streams": [
            {
              "socket": 5,
              "start": 0,
              "end": 1.000119,
              "seconds": 1.0001189708709717,
              "bytes": 2485712,
              "bits_per_second": 19883330.462857015,
              "jitter_ms": 0.7332955870947424,
              "lost_packets": 0,
              "packets": 1844,
              "lost_percent": 0,
              "omitted": false,
              "sender": false
            }
          ],
          "sum": {
            "start": 0,
            "end": 1.000119,
            "seconds": 1.0001189708709717,
            "bytes": 2485712,
            "bits_per_second": 19883330.462857015,
            "jitter_ms": 0.7332955870947424,
            "lost_packets": 0,
            "packets": 1844,
            "lost_percent": 0,
            "omitted": false,
            "sender": false
          }
        },
        {
          "streams": [
            {
              "socket": 5,
              "start": 1.000119,
              "end": 2.000129,
              "seconds": 1.0000100135803223,
              "bytes": 2487060,
              "bits_per_second": 19896280.766994424,
              "jitter_ms": 0.7856527928125314,
              "lost_packets": 0,
              "packets": 1845,
              "lost_percent": 0,
              "omitted": false,
              "sender": false
            }
          ],
          "sum": {
            "start": 1.000119,
            "end": 2.000129,
            "seconds": 1.0000100135803223,
            "bytes": 2487060,
            "bits_per_second": 19896280.766994424,
            "jitter_ms": 0.7856527928125314,
            "lost_packets": 0,
            "packets": 1845,
            "lost_percent": 0,
            "omitted": false,
            "sender": false
          }
        },
        {
          "streams": [
            {
              "socket": 5,
              "start": 2.000129,
              "end": 3.000122,
              "seconds": 0.9999930262565613,
              "bytes": 2515368,
              "bits_per_second": 20123084.333227336,
              "jitter_ms": 0.7346618037858522,
              "lost_packets": 0,
              "packets": 1866,
              "lost_percent": 0,
              "omitted": false,
              "sender": false
            }
          ],
          "sum": {
            "start": 2.000129,
            "end": 3.000122,
            "seconds": 0.9999930262565613,
            "bytes": 2515368,
            "bits_per_second": 20123084.333227336,
            "jitter_ms": 0.7346618037858522,
            "lost_packets": 0,
            "packets": 1866,
            "lost_percent": 0,
            "omitted": false,
            "sender": false
          }
        },
        {
          "streams": [
            {
              "socket": 5,
              "start": 3.000122,
              "end": 4.000113,
              "seconds": 0.999990999698639,
              "bytes": 2500540,
              "bits_per_second": 20004500.046529,
              "jitter_ms": 0.6797737901167068,
              "lost_packets": 0,
              "packets": 1855,
              "lost_percent": 0,
              "omitted": false,
              "sender": false
            }
          ],
          "sum": {
            "start": 3.000122,
            "end": 4.000113,
            "seconds": 0.999990999698639,
            "bytes": 2500540,
            "bits_per_second": 20004500.046529,
            "jitter_ms": 0.6797737901167068,
            "lost_packets": 0,
            "packets": 1855,
            "lost_percent": 0,
            "omitted": false,
            "sender": false
          }
        },
        {
          "streams": [
            {
              "socket": 5,
              "start": 4.000113,
              "end": 5.000115,
              "seconds": 1.0000020265579224,
              "bytes": 2499192,
              "bits_per_second": 19993495.482023336,
              "jitter_ms": 0.825527597945404,
              "lost_packets": 0,
              "packets": 1854,
              "lost_percent": 0,
              "omitted": false,
              "sender": false
            }
          ],
          "sum": {
            "start": 4.000113,
            "end": 5.000115,
            "seconds": 1.0000020265579224,
            "bytes": 2499192,
            "bits_per_second": 19993495.482023336,
            "jitter_ms": 0.825527597945404,
            "lost_packets": 0,
            "packets": 1854,
            "lost_percent": 0,
            "omitted": false,
            "sender": false
          }
        },
        {
          "streams": [
            {
              "socket": 5,
              "start": 5.000115,
              "end": 6.000125,
              "seconds": 1.0000100135803223,
              "bytes": 2500540,
              "bits_per_second": 20004119.687140737,
              "jitter_ms": 0.801091978085923,
              "lost_packets": 0,
              "packets": 1855,
              "lost_percent": 0,
              "omitted": false,
              "sender": false
            }
          ],
          "sum": {
            "start": 5.000115,
            "end": 6.000125,
            "seconds": 1.0000100135803223,
            "bytes": 2500540,
            "bits_per_second": 20004119.687140737,
            "jitter_ms": 0.801091978085923,
            "lost_packets": 0,
            "packets": 1855,
            "lost_percent": 0,
            "omitted": false,
            "sender": false
          }
        },
        {
          "streams": [
            {
              "socket": 5,
              "start": 6.000125,
              "end": 7.000119,
              "seconds": 0.9999939799308777,
              "bytes": 2484364,
              "bits_per_second": 19875031.649064336,
              "jitter_ms": 0.788528949045126,
              "lost_packets": 0,
              "packets": 1843,
              "lost_percent": 0,
              "omitted": false,
              "sender": false
            }
          ],
          "sum": {
            "start": 6.000125,
            "end": 7.000119,
            "seconds": 0.9999939799308777,
            "bytes": 2484364,
            "bits_per_second": 19875031.649064336,
            "jitter_ms": 0.788528949045126,
            "lost_packets": 0,
            "packets": 1843,
            "lost_percent": 0,
            "omitted": false,
            "sender": false
          }
        },
        {
          "streams": [
            {
              "socket": 5,
              "start": 7.000119,
              "end": 8.000119,
              "seconds": 1,
              "bytes": 2500540,
              "bits_per_second": 20004320,
              "jitter_ms": 0.926512965859086,
              "lost_packets": 0,
              "packets": 1855,
              "lost_percent": 0,