{
  "udp": {
    "20": {
      "start": {
        "connected": [
          {
            "socket": 9,
            "local_host": "172.17.0.2",
            "local_port": 40505,
            "remote_host": "10.100.1.102",
            "remote_port": 32201
          }
        ],
        "version": "iperf 3.12",
        "system_info": "Linux ca8d65bd2627 6.5.0-15-generic #15~22.04.1-Ubuntu SMP PREEMPT_DYNAMIC Fri Jan 12 18:54:30 UTC 2 x86_64",
        "timestamp": {
          "time": "Thu, 29 Feb 2024 16:01:07 GMT",
          "timesecs": 1709222467
        },
        "connecting_to": {
          "host": "api-int.edge.open5g.info",
          "port": 32201
        },
        "cookie": "sx7ccuq5lzmvxoynmccpdr22f6jd73xphhqa",
        "target_bitrate": 20000000,
        "sock_bufsize": 0,
        "sndbuf_actual": 212992,
        "rcvbuf_actual": 212992,
        "test_start": {
          "protocol": "UDP",
          "num_streams": 1,
          "blksize": 1398,
          "omit": 0,
          "duration": 10,
          "bytes": 0,
          "blocks": 0,
          "reverse": 1,
          "tos": 0,
          "target_bitrate": 20000000
        }
      },
      "intervals": [
        {
          "streams": [
            {
              "socket": 9,
              "start": 0,
              "end": 1.00028,
              "seconds": 1.0002800226211548,
              "bytes": 2436714,
              "bits_per_second": 19488254.84779579,
              "jitter_ms": 0.01832011128807678,
              "lost_packets": 48,
              "packets": 1791,
              "lost_percent": 2.680067001675042,
              "omitted": false,
              "sender": false
            }
          ],
          "sum": {
            "start": 0,
            "end": 1.00028,
            "seconds": 1.0002800226211548,
            "bytes": 2436714,
            "bits_per_second": 19488254.84779579,
            "jitter_ms": 0.01832011128807678,
            "lost_packets": 48,
            "packets": 1791,
            "lost_percent": 2.680067001675042,
            "omitted": false,
            "sender": false
          }
        },
        {
          "streams": [
            {
              "socket": 9,
              "start": 1.00028,
              "end": 2.000279,
              "seconds": 0.9999989867210388,
              "bytes": 2428326,
              "bits_per_second": 19426627.68459312,
              "jitter_ms": 0.14180453987192068,
              "lost_packets": 51,
              "packets": 1788,
              "lost_percent": 2.85234899328859,
              "omitted": false,
              "sender": false
            }
          ],
          "sum": {
            "start": 1.00028,
            "end": 2.000279,
            "seconds": 0.9999989867210388,
            "bytes": 2428326,
            "bits_per_second": 19426627.68459312,
            "jitter_ms": 0.14180453987192068,
            "lost_packets": 51,
            "packets": 1788,
            "lost_percent": 2.85234899328859,
            "omitted": false,
            "sender": false
          }
        },
        {
          "streams": [
            {
              "socket": 9,
              "start": 2.000279,
              "end": 3.000264,
              "seconds": 0.9999849796295166,
              "bytes": 2499624,
              "bits_per_second": 19997292.366740014,
              "jitter_ms": 0.15476740857490612,
              "lost_packets": 0,
              "packets": 1788,
              "lost_percent": 0,
              "omitted": false,
              "sender": false
            }
          ],
          "sum": {
            "start": 2.000279,
            "end": 3.000264,
            "seconds": 0.9999849796295166,
            "bytes": 2499624,
            "bits_per_second": 19997292.366740014,
            "jitter_ms": 0.15476740857490612,
            "lost_packets": 0,
            "packets": 1788,
            "lost_percent": 0,
            "omitted": false,
            "sender": false
          }
        },
        {
          "streams": [
            {
              "socket": 9,
              "start": 3.000264,
              "end": 4.000263,
              "seconds": 0.9999989867210388,
              "bytes": 2499624,
              "bits_per_second": 19997012.26255181,
              "jitter_ms": 0.05985680495415,
              "lost_packets": 0,
              "packets": 1788,
              "lost_percent": 0,
              "omitted": false,
              "sender": false
            }
          ],
          "sum": {
            "start": 3.000264,
            "end": 4.000263,
            "seconds": 0.9999989867210388,
            "bytes": 2499624,
            "bits_per_second": 19997012.26255181,
            "jitter_ms": 0.05985680495415,
            "lost_packets": 0,
            "packets": 1788,
            "lost_percent": 0,
            "omitted": false,
            "sender": false
          }
        },
        {
          "streams": [
            {
              "socket": 9,
              "start": 4.000263,
              "end": 5.000168,
              "seconds": 0.999904990196228,
              "bytes": 2478654,
              "bits_per_second": 19831116.150454033,
              "jitter_ms": 0.11027115188847247,
              "lost_packets": 15,
              "packets": 1788,
              "lost_percent": 0.8389261744966443,
              "omitted": false,
              "sender": false
            }
          ],
          "sum": {
            "start": 4.000263,
            "end": 5.000168,
            "seconds": 0.999904990196228,
            "bytes": 2478654,
            "bits_per_second": 19831116.150454033,
            "jitter_ms": 0.11027115188847247,
            "lost_packets": 15,
            "packets": 1788,
            "lost_percent": 0.8389261744966443,
            "omitted": false,
            "sender": false
          }
        },
        {
          "streams": [
            {
              "socket": 9,
              "start": 5.000168,
              "end": 6.000021,
              "seconds": 0.999853014945984,
              "bytes": 2485644,
              "bits_per_second": 19888075.24981487,
              "jitter_ms": 0.12267862363724483,
              "lost_packets": 0,
              "packets": 1778,
              "lost_percent": 0,
              "omitted": false,
              "sender": false
            }
          ],
          "sum": {
            "start": 5.000168,
            "end": 6.000021,
            "seconds": 0.999853014945984,
            "bytes": 2485644,
            "bits_per_second": 19888075.24981487,
            "jitter_ms": 0.12267862363724483,
            "lost_packets": 0,
            "packets": 1778,
            "lost_percent": 0,
            "omitted": false,
            "sender": false
          }
        },
        {
          "streams": [
            {
              "socket": 9,
              "start": 6.000021,
              "end": 7.000283,
              "seconds": 1.0002620220184326,
              "bytes": 2398968,
              "bits_per_second": 19186716.657774236,
              "jitter_ms": 0.130381035357916,
              "lost_packets": 84,
              "packets": 1800,
              "lost_percent": 4.666666666666667,
              "omitted": false,
              "sender": false
            }
          ],
          "sum": {
            "start": 6.000021,
            "end": 7.000283,
            "seconds": 1.0002620220184326,
            "bytes": 2398968,
            "bits_per_second": 19186716.657774236,
            "jitter_ms": 0.130381035357916,
            "lost_packets": 84,
            "packets": 1800,
            "lost_percent": 4.666666666666667,
            "omitted": false,
            "sender": false
          }
        },
        {
          "streams": [
            {
              "socket": 9,
              "start": 7.000283,
              "end": 8.00027,
              "seconds": 0.999987006187439,
              "bytes": 2489838,
              "bits_per_second": 19918962.823269337,