{
  "udp": {
    "20": {
      "start": {
        "connected": [
          {
            "socket": 10,
            "local_host": "172.17.0.2",
            "local_port": 51754,
            "remote_host": "172.20.25.101",
            "remote_port": 32201
          }
        ],
        "version": "iperf 3.12",
        "system_info": "Linux b9c4b122488b 6.8.0-52-generic #53~22.04.1-Ubuntu SMP PREEMPT_DYNAMIC Wed Jan 15 19:18:46 UTC 2 x86_64",
        "timestamp": {
          "time": "Thu, 27 Mar 2025 06:31:42 GMT",
          "timesecs": 1743057102
        },
        "connecting_to": {
          "host": "api-int.tenoran.automation.otic.open6g.net",
          "port": 32201
        },
        "cookie": "zuwoj2q5epurynkgui7gdk24jbwbxqf4dl5z",
        "target_bitrate": 20000000,
        "sock_bufsize": 0,
        "sndbuf_actual": 212992,
        "rcvbuf_actual": 212992,
        "test_start": {
          "protocol": "UDP",
          "num_streams": 1,
          "blksize": 1348,
          "omit": 0,
          "duration": 10,
          "bytes": 0,
          "blocks": 0,
          "reverse": 1,
          "tos": 0,
          "target_bitrate": 20000000
        }
      },
      "intervals": [
        {
          "streams": [
            {
              "socket": 10,
              "start": 0,
              "end": 1.000282,
              "seconds": 1.0002820491790771,
              "bytes": 2501888,
              "bits_per_second": 20009460.34813503,
              "jitter_ms": 0.024884070330251706,
              "lost_packets": 0,
              "packets": 1856,
              "lost_percent": 0,
              "omitted": false,
              "sender": false
            }
          ],
          "sum": {
            "start": 0,
            "end": 1.000282,
            "seconds": 1.0002820491790771,
            "bytes": 2501888,
            "bits_per_second": 20009460.34813503,
            "jitter_ms": 0.024884070330251706,
            "lost_packets": 0,
            "packets": 1856,
            "lost_percent": 0,
            "omitted": false,
            "sender": false
          }
        },
        {
          "streams": [
            {
              "socket": 10,
              "start": 1.000282,
              "end": 2.000281,
              "seconds": 0.9999989867210388,
              "bytes": 2500540,
              "bits_per_second": 20004340.269977126,
              "jitter_ms": 0.02314993419251925,
              "lost_packets": 0,
              "packets": 1855,
              "lost_percent": 0,
              "omitted": false,
              "sender": false
            }
          ],
          "sum": {
            "start": 1.000282,
            "end": 2.000281,
            "seconds": 0.9999989867210388,
            "bytes": 2500540,
            "bits_per_second": 20004340.269977126,
            "jitter_ms": 0.02314993419251925,
            "lost_packets": 0,
            "packets": 1855,
            "lost_percent": 0,
            "omitted": false,
            "sender": false
          }
        },
        {
          "streams": [
            {
              "socket": 10,
              "start": 2.000281,
              "end": 3.000282,
              "seconds": 1.0000009536743164,
              "bytes": 2492452,
              "bits_per_second": 19939596.984118477,
              "jitter_ms": 0.06045899576238298,
              "lost_packets": 6,
              "packets": 1855,
              "lost_percent": 0.32345013477088946,
              "omitted": false,
              "sender": false
            }
          ],
          "sum": {
            "start": 2.000281,
            "end": 3.000282,
            "seconds": 1.0000009536743164,
            "bytes": 2492452,
            "bits_per_second": 19939596.984118477,
            "jitter_ms": 0.06045899576238298,
            "lost_packets": 6,
            "packets": 1855,
            "lost_percent": 0.32345013477088946,
            "omitted": false,
            "sender": false
          }
        },
        {
          "streams": [
            {
              "socket": 10,
              "start": 3.000282,
              "end": 4.0003,
              "seconds": 1.0000180006027222,
              "bytes": 2499192,
              "bits_per_second": 19993176.110779677,
              "jitter_ms": 0.10273546201403126,
              "lost_packets": 0,
              "packets": 1854,
              "lost_percent": 0,
              "omitted": false,
              "sender": false
            }
          ],
          "sum": {
            "start": 3.000282,
            "end": 4.0003,
            "seconds": 1.0000180006027222,
            "bytes": 2499192,
            "bits_per_second": 19993176.110779677,
            "jitter_ms": 0.10273546201403126,
            "lost_packets": 0,
            "packets": 1854,
            "lost_percent": 0,
            "omitted": false,
            "sender": false
          }
        },
        {
          "streams": [
            {
              "socket": 10,
              "start": 4.0003,
              "end": 5.000287,
              "seconds": 0.999987006187439,
              "bytes": 2500540,
              "bits_per_second": 20004579.935762048,
              "jitter_ms": 0.04306140161212521,
              "lost_packets": 0,
              "packets": 1855,
              "lost_percent": 0,
              "omitted": false,
              "sender": false
            }
          ],
          "sum": {
            "start": 4.0003,
            "end": 5.000287,
            "seconds": 0.999987006187439,
            "bytes": 2500540,
            "bits_per_second": 20004579.935762048,
            "jitter_ms": 0.04306140161212521,
            "lost_packets": 0,
            "packets": 1855,
            "lost_percent": 0,
            "omitted": false,
            "sender": false
          }
        },
        {
          "streams": [
            {
              "socket": 10,
              "start": 5.000287,
              "end": 6.00008,
              "seconds": 0.999792993068695,
              "bytes": 2500540,
              "bits_per_second": 20008461.890296042,
              "jitter_ms": 0.10570281660794059,
              "lost_packets": 0,
              "packets": 1855,
              "lost_percent": 0,
              "omitted": false,
              "sender": false
            }
          ],
          "sum": {
            "start": 5.000287,
            "end": 6.00008,
            "seconds": 0.999792993068695,
            "bytes": 2500540,
            "bits_per_second": 20008461.890296042,
            "jitter_ms": 0.10570281660794059,
            "lost_packets": 0,
            "packets": 1855,
            "lost_percent": 0,
            "omitted": false,
            "sender": false
          }
        },
        {
          "streams": [
            {
              "socket": 10,
              "start": 6.00008,
              "end": 7.000282,
              "seconds": 1.000201940536499,
              "bytes": 2499192,
              "bits_per_second": 19989499.309785035,
              "jitter_ms": 0.10642316765790003,
              "lost_packets": 0,
              "packets": 1854,
              "lost_percent": 0,
              "omitted": false,
              "sender": false
            }
          ],
          "sum": {
            "start": 6.00008,
            "end": 7.000282,
            "seconds": 1.000201940536499,
            "bytes": 2499192,
            "bits_per_second": 19989499.309785035,
            "jitter_ms": 0.10642316765790003,
            "lost_packets": 0,
            "packets": 1854,
            "lost_percent": 0,
            "omitted": false,
            "sender": false
          }
        },
        {
          "streams": [
            {
              "socket": 10,
              "start": 7.000282,
              "end": 8.00028,
              "seconds": 0.9999979734420776,
              "bytes": 2500540,
              "bits_per_second": 20004360.539995335,
              "jitter_ms": 0.03783844387636764,