{
  "udp": {
    "30": {
      "start": {
        "connected": [
          {
            "socket": 10,
            "local_host": "172.17.0.2",
            "local_port": 58214,
            "remote_host": "10.100.1.103",
            "remote_port": 32201
          }
        ],
        "version": "iperf 3.12",
        "system_info": "Linux b7c25c2f4958 6.5.0-27-generic #28~22.04.1-Ubuntu SMP PREEMPT_DYNAMIC Fri Mar 15 10:51:06 UTC 2 x86_64",
        "timestamp": {
          "time": "Tue, 06 Aug 2024 22:01:46 GMT",
          "timesecs": 1722981706
        },
        "connecting_to": {
          "host": "api-int.edge.open5g.info",
          "port": 32201
        },
        "cookie": "y26y7kjbpvx6faecsfnjvbrzcxhympswfuor",
        "target_bitrate": 30000000,
        "sock_bufsize": 0,
        "sndbuf_actual": 212992,
        "rcvbuf_actual": 212992,
        "test_start": {
          "protocol": "UDP",
          "num_streams": 1,
          "blksize": 1398,
          "omit": 0,
          "duration": 10,
          "bytes": 0,
          "blocks": 0,
          "reverse": 1,
          "tos": 0,
          "target_bitrate": 30000000
        }
      },
      "intervals": [
        {
          "streams": [
            {
              "socket": 10,
              "start": 0,
              "end": 1.000247,
              "seconds": 1.0002470016479492,
              "bytes": 3755028,
              "bits_per_second": 30032805.84746314,
              "jitter_ms": 0.15397887733743773,
              "lost_packets": 0,
              "packets": 2686,
              "lost_percent": 0,
              "omitted": false,
              "sender": false
            }
          ],
          "sum": {
            "start": 0,
            "end": 1.000247,
            "seconds": 1.0002470016479492,
            "bytes": 3755028,
            "bits_per_second": 30032805.84746314,
            "jitter_ms": 0.15397887733743773,
            "lost_packets": 0,
            "packets": 2686,
            "lost_percent": 0,
            "omitted": false,
            "sender": false
          }
        },
        {
          "streams": [
            {
              "socket": 10,
              "start": 1.000247,
              "end": 2.000265,
              "seconds": 1.0000180006027222,
              "bytes": 3750834,
              "bits_per_second": 30006131.871540952,
              "jitter_ms": 0.18482648959017114,
              "lost_packets": 0,
              "packets": 2683,
              "lost_percent": 0,
              "omitted": false,
              "sender": false
            }
          ],
          "sum": {
            "start": 1.000247,
            "end": 2.000265,
            "seconds": 1.0000180006027222,
            "bytes": 3750834,
            "bits_per_second": 30006131.871540952,
            "jitter_ms": 0.18482648959017114,
            "lost_packets": 0,
            "packets": 2683,
            "lost_percent": 0,
            "omitted": false,
            "sender": false
          }
        },
        {
          "streams": [
            {
              "socket": 10,
              "start": 2.000265,
              "end": 3.000292,
              "seconds": 1.0000269412994385,
              "bytes": 3749436,
              "bits_per_second": 29994679.904347137,
              "jitter_ms": 0.00929921878378185,
              "lost_packets": 0,
              "packets": 2682,
              "lost_percent": 0,
              "omitted": false,
              "sender": false
            }
          ],
          "sum": {
            "start": 2.000265,
            "end": 3.000292,
            "seconds": 1.0000269412994385,
            "bytes": 3749436,
            "bits_per_second": 29994679.904347137,
            "jitter_ms": 0.00929921878378185,
            "lost_packets": 0,
            "packets": 2682,
            "lost_percent": 0,
            "omitted": false,
            "sender": false
          }
        },
        {
          "streams": [
            {
              "socket": 10,
              "start": 3.000292,
              "end": 4.000293,
              "seconds": 1.0000009536743164,
              "bytes": 3750834,
              "bits_per_second": 30006643.383434884,
              "jitter_ms": 0.008830201385249073,
              "lost_packets": 0,
              "packets": 2683,
              "lost_percent": 0,
              "omitted": false,
              "sender": false
            }
          ],
          "sum": {
            "start": 3.000292,
            "end": 4.000293,
            "seconds": 1.0000009536743164,
            "bytes": 3750834,
            "bits_per_second": 30006643.383434884,
            "jitter_ms": 0.008830201385249073,
            "lost_packets": 0,
            "packets": 2683,
            "lost_percent": 0,
            "omitted": false,
            "sender": false
          }
        },
        {
          "streams": [
            {
              "socket": 10,
              "start": 4.000293,
              "end": 5.000208,
              "seconds": 0.9999150037765503,
              "bytes": 3749436,
              "bits_per_second": 29998037.7199171,
              "jitter_ms": 0.01007552558385388,
              "lost_packets": 0,
              "packets": 2682,
              "lost_percent": 0,
              "omitted": false,
              "sender": false
            }
          ],
          "sum": {
            "start": 4.000293,
            "end": 5.000208,
            "seconds": 0.9999150037765503,
            "bytes": 3749436,
            "bits_per_second": 29998037.7199171,
            "jitter_ms": 0.01007552558385388,
            "lost_packets": 0,
            "packets": 2682,
            "lost_percent": 0,
            "omitted": false,
            "sender": false
          }
        },
        {
          "streams": [
            {
              "socket": 10,
              "start": 5.000208,
              "end": 6.000264,
              "seconds": 1.0000560283660889,
              "bytes": 3749436,
              "bits_per_second": 29993807.49597322,
              "jitter_ms": 0.00829177429389848,
              "lost_packets": 0,
              "packets": 2682,
              "lost_percent": 0,
              "omitted": false,
              "sender": false
            }
          ],
          "sum": {
            "start": 5.000208,
            "end": 6.000264,
            "seconds": 1.0000560283660889,
            "bytes": 3749436,
            "bits_per_second": 29993807.49597322,
            "jitter_ms": 0.00829177429389848,
            "lost_packets": 0,
            "packets": 2682,
            "lost_percent": 0,
            "omitted": false,
            "sender": false
          }
        },
        {
          "streams": [
            {
              "socket": 10,
              "start": 6.000264,
              "end": 7.000147,
              "seconds": 0.999882996082306,
              "bytes": 3750834,
              "bits_per_second": 30010183.309017874,
              "jitter_ms": 0.0733094575829361,
              "lost_packets": 0,
              "packets": 2683,
              "lost_percent": 0,
              "omitted": false,
              "sender": false
            }
          ],
          "sum": {
            "start": 6.000264,
            "end": 7.000147,
            "seconds": 0.999882996082306,
            "bytes": 3750834,
            "bits_per_second": 30010183.309017874,
            "jitter_ms": 0.0733094575829361,
            "lost_packets": 0,
            "packets": 2683,
            "lost_percent": 0,
            "omitted": false,
            "sender": false
          }
        },
        {
          "streams": [
            {
              "socket": 10,
              "start": 7.000147,
              "end": 8.000282,
              "seconds": 1.0001349449157715,
              "bytes": 3749436,
              "bits_per_second": 29991440.80754636,
              "jitter_ms": 0.21859570025200312,
              "lost_packets": 0,
              "packets": 2682,