{
  "udp": {
    "70": {
      "start": {
        "connected": [
          {
            "socket": 5,
            "local_host": "172.17.0.2",
            "local_port": 54598,
            "remote_host": "172.20.25.101",
            "remote_port": 32201
          }
        ],
        "version": "iperf 3.12",
        "system_info": "Linux 6d6544463b56 6.8.0-79-generic #79~22.04.1-Ubuntu SMP PREEMPT_DYNAMIC Fri Aug 15 16:54:53 UTC 2 x86_64",
        "timestamp": {
          "time": "Wed, 29 Oct 2025 05:04:23 GMT",
          "timesecs": 1761714263
        },
        "connecting_to": {
          "host": "api-int.tenoran.automation.otic.open6g.net",
          "port": 32201
        },
        "cookie": "tran6wamund4tpwolsoio5fqyai25cdt5ncd",
        "target_bitrate": 70000000,
        "sock_bufsize": 0,
        "sndbuf_actual": 212992,
        "rcvbuf_actual": 212992,
        "test_start": {
          "protocol": "UDP",
          "num_streams": 1,
          "blksize": 1348,
          "omit": 0,
          "duration": 10,
          "bytes": 0,
          "blocks": 0,
          "reverse": 1,
          "tos": 0,
          "target_bitrate": 70000000
        }
      },
      "intervals": [
        {
          "streams": [
            {
              "socket": 5,
              "start": 0,
              "end": 1.000181,
              "seconds": 1.000180959701538,
              "bytes": 4092528,
              "bits_per_second": 32734300.41076761,
              "jitter_ms": 0.21036659994386653,
              "lost_packets": 0,
              "packets": 3036,
              "lost_percent": 0,
              "omitted": false,
              "sender": false
            }
          ],
          "sum": {
            "start": 0,
            "end": 1.000181,
            "seconds": 1.000180959701538,
            "bytes": 4092528,
            "bits_per_second": 32734300.41076761,
            "jitter_ms": 0.21036659994386653,
            "lost_packets": 0,
            "packets": 3036,
            "lost_percent": 0,
            "omitted": false,
            "sender": false
          }
        },
        {
          "streams": [
            {
              "socket": 5,
              "start": 1.000181,
              "end": 2.000206,
              "seconds": 1.0000250339508057,
              "bytes": 9945544,
              "bits_per_second": 79562360.23978777,
              "jitter_ms": 0.19541913091363372,
              "lost_packets": 6,
              "packets": 7384,
              "lost_percent": 0.08125677139761647,
              "omitted": false,
              "sender": false
            }
          ],
          "sum": {
            "start": 1.000181,
            "end": 2.000206,
            "seconds": 1.0000250339508057,
            "bytes": 9945544,
            "bits_per_second": 79562360.23978777,
            "jitter_ms": 0.19541913091363372,
            "lost_packets": 6,
            "packets": 7384,
            "lost_percent": 0.08125677139761647,
            "omitted": false,
            "sender": false
          }
        },
        {
          "streams": [
            {
              "socket": 5,
              "start": 2.000206,
              "end": 3.000209,
              "seconds": 1.0000029802322388,
              "bytes": 12113128,
              "bits_per_second": 96904735.20138407,
              "jitter_ms": 0.4201790029924505,
              "lost_packets": 6,
              "packets": 8992,
              "lost_percent": 0.06672597864768683,
              "omitted": false,
              "sender": false
            }
          ],
          "sum": {
            "start": 2.000206,
            "end": 3.000209,
            "seconds": 1.0000029802322388,
            "bytes": 12113128,
            "bits_per_second": 96904735.20138407,
            "jitter_ms": 0.4201790029924505,
            "lost_packets": 6,
            "packets": 8992,
            "lost_percent": 0.06672597864768683,
            "omitted": false,
            "sender": false
          }
        },
        {
          "streams": [
            {
              "socket": 5,
              "start": 3.000209,
              "end": 4.000085,
              "seconds": 0.9998760223388672,
              "bytes": 8841532,
              "bits_per_second": 70741026.30698767,
              "jitter_ms": 0.19940945515486,
              "lost_packets": 0,
              "packets": 6559,
              "lost_percent": 0,
              "omitted": false,
              "sender": false
            }
          ],
          "sum": {
            "start": 3.000209,
            "end": 4.000085,
            "seconds": 0.9998760223388672,
            "bytes": 8841532,
            "bits_per_second": 70741026.30698767,
            "jitter_ms": 0.19940945515486,
            "lost_packets": 0,
            "packets": 6559,
            "lost_percent": 0,
            "omitted": false,
            "sender": false
          }
        },
        {
          "streams": [
            {
              "socket": 5,
              "start": 4.000085,
              "end": 5.000206,
              "seconds": 1.000120997428894,
              "bytes": 8643376,
              "bits_per_second": 69138642.4020321,
              "jitter_ms": 0.2398516086659673,
              "lost_packets": 0,
              "packets": 6412,
              "lost_percent": 0,
              "omitted": false,
              "sender": false
            }
          ],
          "sum": {
            "start": 4.000085,
            "end": 5.000206,
            "seconds": 1.000120997428894,
            "bytes": 8643376,
            "bits_per_second": 69138642.4020321,
            "jitter_ms": 0.2398516086659673,
            "lost_packets": 0,
            "packets": 6412,
            "lost_percent": 0,
            "omitted": false,
            "sender": false
          }
        },
        {
          "streams": [
            {
              "socket": 5,
              "start": 5.000206,
              "end": 6.000184,
              "seconds": 0.999978005886078,
              "bytes": 8867144,
              "bits_per_second": 70938712.23411837,
              "jitter_ms": 0.17213047390428074,
              "lost_packets": 4,
              "packets": 6582,
              "lost_percent": 0.060771801883925856,
              "omitted": false,
              "sender": false
            }
          ],
          "sum": {
            "start": 5.000206,
            "end": 6.000184,
            "seconds": 0.999978005886078,
            "bytes": 8867144,
            "bits_per_second": 70938712.23411837,
            "jitter_ms": 0.17213047390428074,
            "lost_packets": 4,
            "packets": 6582,
            "lost_percent": 0.060771801883925856,
            "omitted": false,
            "sender": false
          }
        },
        {
          "streams": [
            {
              "socket": 5,
              "start": 6.000184,
              "end": 7.000182,
              "seconds": 0.9999979734420776,
              "bytes": 8755260,
              "bits_per_second": 70042221.94461977,
              "jitter_ms": 0.21098734252421794,
              "lost_packets": 0,
              "packets": 6495,
              "lost_percent": 0,
              "omitted": false,
              "sender": false
            }
          ],
          "sum": {
            "start": 6.000184,
            "end": 7.000182,
            "seconds": 0.9999979734420776,
            "bytes": 8755260,
            "bits_per_second": 70042221.94461977,
            "jitter_ms": 0.21098734252421794,
            "lost_packets": 0,
            "packets": 6495,
            "lost_percent": 0,
            "omitted": false,
            "sender": false
          }
        },
        {
          "streams": [
            {
              "socket": 5,
              "start": 7.000182,
              "end": 8.000207,
              "seconds": 1.0000250339508057,
              "bytes": 8652812,
              "bits_per_second": 69220763.13082105,