{
  "udp": {
    "20": {
      "start": {
        "connected": [
          {
            "socket": 9,
            "local_host": "172.17.0.2",
            "local_port": 40745,
            "remote_host": "10.100.1.102",
            "remote_port": 32201
          }
        ],
        "version": "iperf 3.12",
        "system_info": "Linux dd20d4e1d5b0 6.2.0-37-generic #38~22.04.1-Ubuntu SMP PREEMPT_DYNAMIC Thu Nov  2 18:01:13 UTC 2 x86_64",
        "timestamp": {
          "time": "Sun, 17 Dec 2023 10:01:03 GMT",
          "timesecs": 1702807263
        },
        "connecting_to": {
          "host": "api-int.edge.open5g.info",
          "port": 32201
        },
        "cookie": "qdtxw7zdfvny5txohw5n3fe22dfggo7bkrek",
        "target_bitrate": 20000000,
        "sock_bufsize": 0,
        "sndbuf_actual": 212992,
        "rcvbuf_actual": 212992,
        "test_start": {
          "protocol": "UDP",
          "num_streams": 1,
          "blksize": 1398,
          "omit": 0,
          "duration": 10,
          "bytes": 0,
          "blocks": 0,
          "reverse": 1,
          "tos": 0,
          "target_bitrate": 20000000
        }
      },
      "intervals": [
        {
          "streams": [
            {
              "socket": 9,
              "start": 0,
              "end": 1.000176,
              "seconds": 1.000175952911377,
              "bytes": 2459082,
              "bits_per_second": 19669195.1478493,
              "jitter_ms": 0.015011485240846384,
              "lost_packets": 11,
              "packets": 1770,
              "lost_percent": 0.6214689265536724,
              "omitted": false,
              "sender": false
            }
          ],
          "sum": {
            "start": 0,
            "end": 1.000176,
            "seconds": 1.000175952911377,
            "bytes": 2459082,
            "bits_per_second": 19669195.1478493,
            "jitter_ms": 0.015011485240846384,
            "lost_packets": 11,
            "packets": 1770,
            "lost_percent": 0.6214689265536724,
            "omitted": false,
            "sender": false
          }
        },
        {
          "streams": [
            {
              "socket": 9,
              "start": 1.000176,
              "end": 2.000211,
              "seconds": 1.000035047531128,
              "bytes": 2508012,
              "bits_per_second": 20063392.827615343,
              "jitter_ms": 0.29952826900428653,
              "lost_packets": 0,
              "packets": 1794,
              "lost_percent": 0,
              "omitted": false,
              "sender": false
            }
          ],
          "sum": {
            "start": 1.000176,
            "end": 2.000211,
            "seconds": 1.000035047531128,
            "bytes": 2508012,
            "bits_per_second": 20063392.827615343,
            "jitter_ms": 0.29952826900428653,
            "lost_packets": 0,
            "packets": 1794,
            "lost_percent": 0,
            "omitted": false,
            "sender": false
          }
        },
        {
          "streams": [
            {
              "socket": 9,
              "start": 2.000211,
              "end": 3.000171,
              "seconds": 0.9999600052833557,
              "bytes": 2459082,
              "bits_per_second": 19673442.833771553,
              "jitter_ms": 0.0234594187902508,
              "lost_packets": 0,
              "packets": 1759,
              "lost_percent": 0,
              "omitted": false,
              "sender": false
            }
          ],
          "sum": {
            "start": 2.000211,
            "end": 3.000171,
            "seconds": 0.9999600052833557,
            "bytes": 2459082,
            "bits_per_second": 19673442.833771553,
            "jitter_ms": 0.0234594187902508,
            "lost_packets": 0,
            "packets": 1759,
            "lost_percent": 0,
            "omitted": false,
            "sender": false
          }
        },
        {
          "streams": [
            {
              "socket": 9,
              "start": 3.000171,
              "end": 4.000171,
              "seconds": 1,
              "bytes": 2489838,
              "bits_per_second": 19918704,
              "jitter_ms": 0.01885507007774398,
              "lost_packets": 27,
              "packets": 1808,
              "lost_percent": 1.4933628318584071,
              "omitted": false,
              "sender": false
            }
          ],
          "sum": {
            "start": 3.000171,
            "end": 4.000171,
            "seconds": 1,
            "bytes": 2489838,
            "bits_per_second": 19918704,
            "jitter_ms": 0.01885507007774398,
            "lost_packets": 27,
            "packets": 1808,
            "lost_percent": 1.4933628318584071,
            "omitted": false,
            "sender": false
          }
        },
        {
          "streams": [
            {
              "socket": 9,
              "start": 4.000171,
              "end": 5.000179,
              "seconds": 1.0000079870224,
              "bytes": 2470266,
              "bits_per_second": 19761970.16070166,
              "jitter_ms": 0.02350750036234432,
              "lost_packets": 2,
              "packets": 1769,
              "lost_percent": 0.11305822498586772,
              "omitted": false,
              "sender": false
            }
          ],
          "sum": {
            "start": 4.000171,
            "end": 5.000179,
            "seconds": 1.0000079870224,
            "bytes": 2470266,
            "bits_per_second": 19761970.16070166,
            "jitter_ms": 0.02350750036234432,
            "lost_packets": 2,
            "packets": 1769,
            "lost_percent": 0.11305822498586772,
            "omitted": false,
            "sender": false
          }
        },
        {
          "streams": [
            {
              "socket": 9,
              "start": 5.000179,
              "end": 6.000179,
              "seconds": 1,
              "bytes": 2559738,
              "bits_per_second": 20477904,
              "jitter_ms": 0.0368010754751624,
              "lost_packets": 0,
              "packets": 1831,
              "lost_percent": 0,
              "omitted": false,
              "sender": false
            }
          ],
          "sum": {
            "start": 5.000179,
            "end": 6.000179,
            "seconds": 1,
            "bytes": 2559738,
            "bits_per_second": 20477904,
            "jitter_ms": 0.0368010754751624,
            "lost_packets": 0,
            "packets": 1831,
            "lost_percent": 0,
            "omitted": false,
            "sender": false
          }
        },
        {
          "streams": [
            {
              "socket": 9,
              "start": 6.000179,
              "end": 7.000179,
              "seconds": 1,
              "bytes": 2439510,
              "bits_per_second": 19516080,
              "jitter_ms": 0.02335857551674164,
              "lost_packets": 0,
              "packets": 1745,
              "lost_percent": 0,
              "omitted": false,
              "sender": false
            }
          ],
          "sum": {
            "start": 6.000179,
            "end": 7.000179,
            "seconds": 1,
            "bytes": 2439510,
            "bits_per_second": 19516080,
            "jitter_ms": 0.02335857551674164,
            "lost_packets": 0,
            "packets": 1745,
            "lost_percent": 0,
            "omitted": false,
            "sender": false
          }
        },
        {
          "streams": [
            {
              "socket": 9,
              "start": 7.000179,
              "end": 8.00021,
              "seconds": 1.0000309944152832,
              "bytes": 2541564,
              "bits_per_second": 20331881.82521122,
              "jitter_ms": 0.31029221424313014,
              "lost_packets": 0,
              "packets": 1818,
              "lost_percent": 0,
              "omitted": false,