{
  "udp": {
    "10": {
      "start": {
        "connected": [
          {
            "socket": 10,
            "local_host": "172.17.0.2",
            "local_port": 39499,
            "remote_host": "10.100.1.103",
            "remote_port": 32201
          }
        ],
        "version": "iperf 3.12",
        "system_info": "Linux c1f77ffc6acd 6.5.0-27-generic #28~22.04.1-Ubuntu SMP PREEMPT_DYNAMIC Fri Mar 15 10:51:06 UTC 2 x86_64",
        "timestamp": {
          "time": "Tue, 09 Jul 2024 22:00:42 GMT",
          "timesecs": 1720562442
        },
        "connecting_to": {
          "host": "api-int.edge.open5g.info",
          "port": 32201
        },
        "cookie": "6n27fwoogl73tm5fzvxll5pzv4o2ef37bwdc",
        "target_bitrate": 10000000,
        "sock_bufsize": 0,
        "sndbuf_actual": 212992,
        "rcvbuf_actual": 212992,
        "test_start": {
          "protocol": "UDP",
          "num_streams": 1,
          "blksize": 1398,
          "omit": 0,
          "duration": 10,
          "bytes": 0,
          "blocks": 0,
          "reverse": 1,
          "tos": 0,
          "target_bitrate": 10000000
        }
      },
      "intervals": [
        {
          "streams": [
            {
              "socket": 10,
              "start": 0,
              "end": 1.000276,
              "seconds": 1.00027596950531,
              "bytes": 1251210,
              "bits_per_second": 10006918.395680666,
              "jitter_ms": 0.17013809979911274,
              "lost_packets": 0,
              "packets": 895,
              "lost_percent": 0,
              "omitted": false,
              "sender": false
            }
          ],
          "sum": {
            "start": 0,
            "end": 1.000276,
            "seconds": 1.00027596950531,
            "bytes": 1251210,
            "bits_per_second": 10006918.395680666,
            "jitter_ms": 0.17013809979911274,
            "lost_packets": 0,
            "packets": 895,
            "lost_percent": 0,
            "omitted": false,
            "sender": false
          }
        },
        {
          "streams": [
            {
              "socket": 10,
              "start": 1.000276,
              "end": 2.000311,
              "seconds": 1.000035047531128,
              "bytes": 1249812,
              "bits_per_second": 9998145.589681225,
              "jitter_ms": 0.22547828012964669,
              "lost_packets": 0,
              "packets": 894,
              "lost_percent": 0,
              "omitted": false,
              "sender": false
            }
          ],
          "sum": {
            "start": 1.000276,
            "end": 2.000311,
            "seconds": 1.000035047531128,
            "bytes": 1249812,
            "bits_per_second": 9998145.589681225,
            "jitter_ms": 0.22547828012964669,
            "lost_packets": 0,
            "packets": 894,
            "lost_percent": 0,
            "omitted": false,
            "sender": false
          }
        },
        {
          "streams": [
            {
              "socket": 10,
              "start": 2.000311,
              "end": 3.000248,
              "seconds": 0.9999369978904724,
              "bytes": 1251210,
              "bits_per_second": 10010310.67068928,
              "jitter_ms": 0.2833179541000645,
              "lost_packets": 0,
              "packets": 895,
              "lost_percent": 0,
              "omitted": false,
              "sender": false
            }
          ],
          "sum": {
            "start": 2.000311,
            "end": 3.000248,
            "seconds": 0.9999369978904724,
            "bytes": 1251210,
            "bits_per_second": 10010310.67068928,
            "jitter_ms": 0.2833179541000645,
            "lost_packets": 0,
            "packets": 895,
            "lost_percent": 0,
            "omitted": false,
            "sender": false
          }
        },
        {
          "streams": [
            {
              "socket": 10,
              "start": 3.000248,
              "end": 4.000287,
              "seconds": 1.000038981437683,
              "bytes": 1249812,
              "bits_per_second": 9998106.2594439,
              "jitter_ms": 0.25704004891718135,
              "lost_packets": 0,
              "packets": 894,
              "lost_percent": 0,
              "omitted": false,
              "sender": false
            }
          ],
          "sum": {
            "start": 3.000248,
            "end": 4.000287,
            "seconds": 1.000038981437683,
            "bytes": 1249812,
            "bits_per_second": 9998106.2594439,
            "jitter_ms": 0.25704004891718135,
            "lost_packets": 0,
            "packets": 894,
            "lost_percent": 0,
            "omitted": false,
            "sender": false
          }
        },
        {
          "streams": [
            {
              "socket": 10,
              "start": 4.000287,
              "end": 5.000278,
              "seconds": 0.999990999698639,
              "bytes": 1249812,
              "bits_per_second": 9998585.990287097,
              "jitter_ms": 0.3230405288629374,
              "lost_packets": 0,
              "packets": 894,
              "lost_percent": 0,
              "omitted": false,
              "sender": false
            }
          ],
          "sum": {
            "start": 4.000287,
            "end": 5.000278,
            "seconds": 0.999990999698639,
            "bytes": 1249812,
            "bits_per_second": 9998585.990287097,
            "jitter_ms": 0.3230405288629374,
            "lost_packets": 0,
            "packets": 894,
            "lost_percent": 0,
            "omitted": false,
            "sender": false
          }
        },
        {
          "streams": [
            {
              "socket": 10,
              "start": 5.000278,
              "end": 6.000277,
              "seconds": 0.9999989867210388,
              "bytes": 1249812,
              "bits_per_second": 9998506.131275905,
              "jitter_ms": 0.3897250066161548,
              "lost_packets": 0,
              "packets": 894,
              "lost_percent": 0,
              "omitted": false,
              "sender": false
            }
          ],
          "sum": {
            "start": 5.000278,
            "end": 6.000277,
            "seconds": 0.9999989867210388,
            "bytes": 1249812,
            "bits_per_second": 9998506.131275905,
            "jitter_ms": 0.3897250066161548,
            "lost_packets": 0,
            "packets": 894,
            "lost_percent": 0,
            "omitted": false,
            "sender": false
          }
        },
        {
          "streams": [
            {
              "socket": 10,
              "start": 6.000277,
              "end": 7.000095,
              "seconds": 0.9998180270195007,
              "bytes": 1249812,
              "bits_per_second": 10000315.787269743,
              "jitter_ms": 0.07988300742941035,
              "lost_packets": 0,
              "packets": 894,
              "lost_percent": 0,
              "omitted": false,
              "sender": false
            }
          ],
          "sum": {
            "start": 6.000277,
            "end": 7.000095,
            "seconds": 0.9998180270195007,
            "bytes": 1249812,
            "bits_per_second": 10000315.787269743,
            "jitter_ms": 0.07988300742941035,
            "lost_packets": 0,
            "packets": 894,
            "lost_percent": 0,
            "omitted": false,
            "sender": false
          }
        },
        {
          "streams": [
            {
              "socket": 10,
              "start": 7.000095,
              "end": 8.000252,
              "seconds": 1.0001569986343384,
              "bytes": 1249812,
              "bits_per_second": 9996926.496192517,
              "jitter_ms": 0.3072017356731947,
              "lost_packets": 0,
              "packets": 894,
              "lost_percent": 0,