{
  "udp": {
    "10": {
      "start": {
        "connected": [
          {
            "socket": 10,
            "local_host": "172.17.0.2",
            "local_port": 34565,
            "remote_host": "172.20.25.101",
            "remote_port": 32201
          }
        ],
        "version": "iperf 3.12",
        "system_info": "Linux 21141a8e0c4c 6.8.0-78-generic #78~22.04.1-Ubuntu SMP PREEMPT_DYNAMIC Wed Aug 13 14:32:06 UTC 2 x86_64",
        "timestamp": {
          "time": "Mon, 08 Sep 2025 19:49:26 GMT",
          "timesecs": 1757360966
        },
        "connecting_to": {
          "host": "api-int.tenoran.automation.otic.open6g.net",
          "port": 32201
        },
        "cookie": "pzu5ojutlyrc7rncmhfodpnij2rly3p3dkp3",
        "target_bitrate": 10000000,
        "sock_bufsize": 0,
        "sndbuf_actual": 212992,
        "rcvbuf_actual": 212992,
        "test_start": {
          "protocol": "UDP",
          "num_streams": 1,
          "blksize": 1348,
          "omit": 0,
          "duration": 10,
          "bytes": 0,
          "blocks": 0,
          "reverse": 1,
          "tos": 0,
          "target_bitrate": 10000000
        }
      },
      "intervals": [
        {
          "streams": [
            {
              "socket": 10,
              "start": 0,
              "end": 1.000295,
              "seconds": 1.0002950429916382,
              "bytes": 1250944,
              "bits_per_second": 10004600.212823065,
              "jitter_ms": 0.177791367069693,
              "lost_packets": 0,
              "packets": 928,
              "lost_percent": 0,
              "omitted": false,
              "sender": false
            }
          ],
          "sum": {
            "start": 0,
            "end": 1.000295,
            "seconds": 1.0002950429916382,
            "bytes": 1250944,
            "bits_per_second": 10004600.212823065,
            "jitter_ms": 0.177791367069693,
            "lost_packets": 0,
            "packets": 928,
            "lost_percent": 0,
            "omitted": false,
            "sender": false
          }
        },
        {
          "streams": [
            {
              "socket": 10,
              "start": 1.000295,
              "end": 2.000298,
              "seconds": 1.0000029802322388,
              "bytes": 1250944,
              "bits_per_second": 10007522.175259784,
              "jitter_ms": 0.25437975234735133,
              "lost_packets": 0,
              "packets": 928,
              "lost_percent": 0,
              "omitted": false,
              "sender": false
            }
          ],
          "sum": {
            "start": 1.000295,
            "end": 2.000298,
            "seconds": 1.0000029802322388,
            "bytes": 1250944,
            "bits_per_second": 10007522.175259784,
            "jitter_ms": 0.25437975234735133,
            "lost_packets": 0,
            "packets": 928,
            "lost_percent": 0,
            "omitted": false,
            "sender": false
          }
        },
        {
          "streams": [
            {
              "socket": 10,
              "start": 2.000298,
              "end": 3.000288,
              "seconds": 0.9999899864196777,
              "bytes": 1249596,
              "bits_per_second": 9996868.104441734,
              "jitter_ms": 0.16364924637012382,
              "lost_packets": 0,
              "packets": 927,
              "lost_percent": 0,
              "omitted": false,
              "sender": false
            }
          ],
          "sum": {
            "start": 2.000298,
            "end": 3.000288,
            "seconds": 0.9999899864196777,
            "bytes": 1249596,
            "bits_per_second": 9996868.104441734,
            "jitter_ms": 0.16364924637012382,
            "lost_packets": 0,
            "packets": 927,
            "lost_percent": 0,
            "omitted": false,
            "sender": false
          }
        },
        {
          "streams": [
            {
              "socket": 10,
              "start": 3.000288,
              "end": 4.000296,
              "seconds": 1.0000079870224,
              "bytes": 1249596,
              "bits_per_second": 9996688.15622777,
              "jitter_ms": 0.2130422629458234,
              "lost_packets": 0,
              "packets": 927,
              "lost_percent": 0,
              "omitted": false,
              "sender": false
            }
          ],
          "sum": {
            "start": 3.000288,
            "end": 4.000296,
            "seconds": 1.0000079870224,
            "bytes": 1249596,
            "bits_per_second": 9996688.15622777,
            "jitter_ms": 0.2130422629458234,
            "lost_packets": 0,
            "packets": 927,
            "lost_percent": 0,
            "omitted": false,
            "sender": false
          }
        },
        {
          "streams": [
            {
              "socket": 10,
              "start": 4.000296,
              "end": 5.000296,
              "seconds": 1,
              "bytes": 1234768,
              "bits_per_second": 9878144,
              "jitter_ms": 0.03245526047318422,
              "lost_packets": 11,
              "packets": 927,
              "lost_percent": 1.186623516720604,
              "omitted": false,
              "sender": false
            }
          ],
          "sum": {
            "start": 4.000296,
            "end": 5.000296,
            "seconds": 1,
            "bytes": 1234768,
            "bits_per_second": 9878144,
            "jitter_ms": 0.03245526047318422,
            "lost_packets": 11,
            "packets": 927,
            "lost_percent": 1.186623516720604,
            "omitted": false,
            "sender": false
          }
        },
        {
          "streams": [
            {
              "socket": 10,
              "start": 5.000296,
              "end": 6.000292,
              "seconds": 0.9999960064888,
              "bytes": 1250944,
              "bits_per_second": 10007591.9654306,
              "jitter_ms": 0.020145628476930317,
              "lost_packets": 0,
              "packets": 928,
              "lost_percent": 0,
              "omitted": false,
              "sender": false
            }
          ],
          "sum": {
            "start": 5.000296,
            "end": 6.000292,
            "seconds": 0.9999960064888,
            "bytes": 1250944,
            "bits_per_second": 10007591.9654306,
            "jitter_ms": 0.020145628476930317,
            "lost_packets": 0,
            "packets": 928,
            "lost_percent": 0,
            "omitted": false,
            "sender": false
          }
        },
        {
          "streams": [
            {
              "socket": 10,
              "start": 6.000292,
              "end": 7.000285,
              "seconds": 0.9999930262565613,
              "bytes": 1249596,
              "bits_per_second": 9996837.715381425,
              "jitter_ms": 0.7883902263370466,
              "lost_packets": 0,
              "packets": 927,
              "lost_percent": 0,
              "omitted": false,
              "sender": false
            }
          ],
          "sum": {
            "start": 6.000292,
            "end": 7.000285,
            "seconds": 0.9999930262565613,
            "bytes": 1249596,
            "bits_per_second": 9996837.715381425,
            "jitter_ms": 0.7883902263370466,
            "lost_packets": 0,
            "packets": 927,
            "lost_percent": 0,
            "omitted": false,
            "sender": false
          }
        },
        {
          "streams": [
            {
              "socket": 10,
              "start": 7.000285,
              "end": 8.000278,
              "seconds": 0.9999930262565613,
              "bytes": 1249596,
              "bits_per_second": 9996837.715381425,
              "jitter_ms": 0.3461661310798009,
              "lost_packets": 0,
              "packets": 927,
              "lost_percent": 0,