{
  "udp": {
    "30": {
      "start": {
        "connected": [
          {
            "socket": 10,
            "local_host": "172.17.0.2",
            "local_port": 40176,
            "remote_host": "172.20.25.101",
            "remote_port": 32201
          }
        ],
        "version": "iperf 3.12",
        "system_info": "Linux ac1f66d10905 6.8.0-60-generic #63~22.04.1-Ubuntu SMP PREEMPT_DYNAMIC Tue Apr 22 19:00:15 UTC 2 x86_64",
        "timestamp": {
          "time": "Wed, 25 Jun 2025 22:55:39 GMT",
          "timesecs": 1750892139
        },
        "connecting_to": {
          "host": "api-int.tenoran.automation.otic.open6g.net",
          "port": 32201
        },
        "cookie": "qvoefvsktqmkl4nkrheg43hm4gqldrqclhfk",
        "target_bitrate": 30000000,
        "sock_bufsize": 0,
        "sndbuf_actual": 212992,
        "rcvbuf_actual": 212992,
        "test_start": {
          "protocol": "UDP",
          "num_streams": 1,
          "blksize": 1348,
          "omit": 0,
          "duration": 10,
          "bytes": 0,
          "blocks": 0,
          "reverse": 1,
          "tos": 0,
          "target_bitrate": 30000000
        }
      },
      "intervals": [
        {
          "streams": [
            {
              "socket": 10,
              "start": 0,
              "end": 1.000199,
              "seconds": 1.00019896030426,
              "bytes": 3531760,
              "bits_per_second": 28248459.677867606,
              "jitter_ms": 0.637270110951849,
              "lost_packets": 0,
              "packets": 2620,
              "lost_percent": 0,
              "omitted": false,
              "sender": false
            }
          ],
          "sum": {
            "start": 0,
            "end": 1.000199,
            "seconds": 1.00019896030426,
            "bytes": 3531760,
            "bits_per_second": 28248459.677867606,
            "jitter_ms": 0.637270110951849,
            "lost_packets": 0,
            "packets": 2620,
            "lost_percent": 0,
            "omitted": false,
            "sender": false
          }
        },
        {
          "streams": [
            {
              "socket": 10,
              "start": 1.000199,
              "end": 2.00008,
              "seconds": 0.9998810291290283,
              "bytes": 3798664,
              "bits_per_second": 30392927.87310044,
              "jitter_ms": 0.493606077015182,
              "lost_packets": 0,
              "packets": 2818,
              "lost_percent": 0,
              "omitted": false,
              "sender": false
            }
          ],
          "sum": {
            "start": 1.000199,
            "end": 2.00008,
            "seconds": 0.9998810291290283,
            "bytes": 3798664,
            "bits_per_second": 30392927.87310044,
            "jitter_ms": 0.493606077015182,
            "lost_packets": 0,
            "packets": 2818,
            "lost_percent": 0,
            "omitted": false,
            "sender": false
          }
        },
        {
          "streams": [
            {
              "socket": 10,
              "start": 2.00008,
              "end": 3.000036,
              "seconds": 0.9999560117721558,
              "bytes": 3735308,
              "bits_per_second": 29883778.53445902,
              "jitter_ms": 0.49433537848608844,
              "lost_packets": 5,
              "packets": 2776,
              "lost_percent": 0.18011527377521613,
              "omitted": false,
              "sender": false
            }
          ],
          "sum": {
            "start": 2.00008,
            "end": 3.000036,
            "seconds": 0.9999560117721558,
            "bytes": 3735308,
            "bits_per_second": 29883778.53445902,
            "jitter_ms": 0.49433537848608844,
            "lost_packets": 5,
            "packets": 2776,
            "lost_percent": 0.18011527377521613,
            "omitted": false,
            "sender": false
          }
        },
        {
          "streams": [
            {
              "socket": 10,
              "start": 3.000036,
              "end": 4.000082,
              "seconds": 1.0000460147857666,
              "bytes": 3751484,
              "bits_per_second": 30010491.0736825,
              "jitter_ms": 0.09956835793448554,
              "lost_packets": 4,
              "packets": 2787,
              "lost_percent": 0.14352350197344815,
              "omitted": false,
              "sender": false
            }
          ],
          "sum": {
            "start": 3.000036,
            "end": 4.000082,
            "seconds": 1.0000460147857666,
            "bytes": 3751484,
            "bits_per_second": 30010491.0736825,
            "jitter_ms": 0.09956835793448554,
            "lost_packets": 4,
            "packets": 2787,
            "lost_percent": 0.14352350197344815,
            "omitted": false,
            "sender": false
          }
        },
        {
          "streams": [
            {
              "socket": 10,
              "start": 4.000082,
              "end": 5.000134,
              "seconds": 1.0000519752502441,
              "bytes": 3688128,
              "bits_per_second": 29503490.548695657,
              "jitter_ms": 0.6498517991705206,
              "lost_packets": 11,
              "packets": 2747,
              "lost_percent": 0.4004368401892974,
              "omitted": false,
              "sender": false
            }
          ],
          "sum": {
            "start": 4.000082,
            "end": 5.000134,
            "seconds": 1.0000519752502441,
            "bytes": 3688128,
            "bits_per_second": 29503490.548695657,
            "jitter_ms": 0.6498517991705206,
            "lost_packets": 11,
            "packets": 2747,
            "lost_percent": 0.4004368401892974,
            "omitted": false,
            "sender": false
          }
        },
        {
          "streams": [
            {
              "socket": 10,
              "start": 5.000134,
              "end": 6.000087,
              "seconds": 0.9999529719352722,
              "bytes": 3797316,
              "bits_per_second": 30379956.71057061,
              "jitter_ms": 0.4678715884053674,
              "lost_packets": 0,
              "packets": 2817,
              "lost_percent": 0,
              "omitted": false,
              "sender": false
            }
          ],
          "sum": {
            "start": 5.000134,
            "end": 6.000087,
            "seconds": 0.9999529719352722,
            "bytes": 3797316,
            "bits_per_second": 30379956.71057061,
            "jitter_ms": 0.4678715884053674,
            "lost_packets": 0,
            "packets": 2817,
            "lost_percent": 0,
            "omitted": false,
            "sender": false
          }
        },
        {
          "streams": [
            {
              "socket": 10,
              "start": 6.000087,
              "end": 7.000179,
              "seconds": 1.0000920295715332,
              "bytes": 3743396,
              "bits_per_second": 29944412.22857279,
              "jitter_ms": 0.0916417750230893,
              "lost_packets": 0,
              "packets": 2777,
              "lost_percent": 0,
              "omitted": false,
              "sender": false
            }
          ],
          "sum": {
            "start": 6.000087,
            "end": 7.000179,
            "seconds": 1.0000920295715332,
            "bytes": 3743396,
            "bits_per_second": 29944412.22857279,
            "jitter_ms": 0.0916417750230893,
            "lost_packets": 0,
            "packets": 2777,
            "lost_percent": 0,
            "omitted": false,
            "sender": false
          }
        },
        {
          "streams": [
            {
              "socket": 10,
              "start": 7.000179,
              "end": 8.000176,
              "seconds": 0.9999970197677612,
              "bytes": 3698912,
              "bits_per_second": 29591384.18919715,