{
  "udp": {
    "30": {
      "start": {
        "connected": [
          {
            "socket": 9,
            "local_host": "172.17.0.2",
            "local_port": 44143,
            "remote_host": "10.100.1.103",
            "remote_port": 32201
          }
        ],
        "version": "iperf 3.12",
        "system_info": "Linux e6d34eac041f 6.5.0-15-generic #15~22.04.1-Ubuntu SMP PREEMPT_DYNAMIC Fri Jan 12 18:54:30 UTC 2 x86_64",
        "timestamp": {
          "time": "Tue, 27 Feb 2024 22:01:29 GMT",
          "timesecs": 1709071289
        },
        "connecting_to": {
          "host": "api-int.edge.open5g.info",
          "port": 32201
        },
        "cookie": "xcfxkkpay6ft67rd3stnudd4jaktjfvnp3qc",
        "target_bitrate": 30000000,
        "sock_bufsize": 0,
        "sndbuf_actual": 212992,
        "rcvbuf_actual": 212992,
        "test_start": {
          "protocol": "UDP",
          "num_streams": 1,
          "blksize": 1398,
          "omit": 0,
          "duration": 10,
          "bytes": 0,
          "blocks": 0,
          "reverse": 1,
          "tos": 0,
          "target_bitrate": 30000000
        }
      },
      "intervals": [
        {
          "streams": [
            {
              "socket": 9,
              "start": 0,
              "end": 1.000258,
              "seconds": 1.000257968902588,
              "bytes": 3736854,
              "bits_per_second": 29887122.051922753,
              "jitter_ms": 0.009201043696402624,
              "lost_packets": 1,
              "packets": 2674,
              "lost_percent": 0.037397157816005985,
              "omitted": false,
              "sender": false
            }
          ],
          "sum": {
            "start": 0,
            "end": 1.000258,
            "seconds": 1.000257968902588,
            "bytes": 3736854,
            "bits_per_second": 29887122.051922753,
            "jitter_ms": 0.009201043696402624,
            "lost_packets": 1,
            "packets": 2674,
            "lost_percent": 0.037397157816005985,
            "omitted": false,
            "sender": false
          }
        },
        {
          "streams": [
            {
              "socket": 9,
              "start": 1.000258,
              "end": 2.00026,
              "seconds": 1.0000020265579224,
              "bytes": 3769008,
              "bits_per_second": 30152002.895219658,
              "jitter_ms": 0.03459914421200926,
              "lost_packets": 0,
              "packets": 2696,
              "lost_percent": 0,
              "omitted": false,
              "sender": false
            }
          ],
          "sum": {
            "start": 1.000258,
            "end": 2.00026,
            "seconds": 1.0000020265579224,
            "bytes": 3769008,
            "bits_per_second": 30152002.895219658,
            "jitter_ms": 0.03459914421200926,
            "lost_packets": 0,
            "packets": 2696,
            "lost_percent": 0,
            "omitted": false,
            "sender": false
          }
        },
        {
          "streams": [
            {
              "socket": 9,
              "start": 2.00026,
              "end": 3.000262,
              "seconds": 1.0000020265579224,
              "bytes": 3749436,
              "bits_per_second": 29995427.212529346,
              "jitter_ms": 0.015905840802697222,
              "lost_packets": 0,
              "packets": 2682,
              "lost_percent": 0,
              "omitted": false,
              "sender": false
            }
          ],
          "sum": {
            "start": 2.00026,
            "end": 3.000262,
            "seconds": 1.0000020265579224,
            "bytes": 3749436,
            "bits_per_second": 29995427.212529346,
            "jitter_ms": 0.015905840802697222,
            "lost_packets": 0,
            "packets": 2682,
            "lost_percent": 0,
            "omitted": false,
            "sender": false
          }
        },
        {
          "streams": [
            {
              "socket": 9,
              "start": 3.000262,
              "end": 4.00026,
              "seconds": 0.9999979734420776,
              "bytes": 3749436,
              "bits_per_second": 29995548.787717033,
              "jitter_ms": 0.020247666466892657,
              "lost_packets": 0,
              "packets": 2682,
              "lost_percent": 0,
              "omitted": false,
              "sender": false
            }
          ],
          "sum": {
            "start": 3.000262,
            "end": 4.00026,
            "seconds": 0.9999979734420776,
            "bytes": 3749436,
            "bits_per_second": 29995548.787717033,
            "jitter_ms": 0.020247666466892657,
            "lost_packets": 0,
            "packets": 2682,
            "lost_percent": 0,
            "omitted": false,
            "sender": false
          }
        },
        {
          "streams": [
            {
              "socket": 9,
              "start": 4.00026,
              "end": 5.000258,
              "seconds": 0.9999979734420776,
              "bytes": 3749436,
              "bits_per_second": 29995548.787717033,
              "jitter_ms": 0.011164308856164106,
              "lost_packets": 0,
              "packets": 2682,
              "lost_percent": 0,
              "omitted": false,
              "sender": false
            }
          ],
          "sum": {
            "start": 4.00026,
            "end": 5.000258,
            "seconds": 0.9999979734420776,
            "bytes": 3749436,
            "bits_per_second": 29995548.787717033,
            "jitter_ms": 0.011164308856164106,
            "lost_packets": 0,
            "packets": 2682,
            "lost_percent": 0,
            "omitted": false,
            "sender": false
          }
        },
        {
          "streams": [
            {
              "socket": 9,
              "start": 5.000258,
              "end": 6.000283,
              "seconds": 1.0000250339508057,
              "bytes": 3601248,
              "bits_per_second": 28809262.79033256,
              "jitter_ms": 0.01159665808354768,
              "lost_packets": 2,
              "packets": 2578,
              "lost_percent": 0.07757951900698215,
              "omitted": false,
              "sender": false
            }
          ],
          "sum": {
            "start": 5.000258,
            "end": 6.000283,
            "seconds": 1.0000250339508057,
            "bytes": 3601248,
            "bits_per_second": 28809262.79033256,
            "jitter_ms": 0.01159665808354768,
            "lost_packets": 2,
            "packets": 2578,
            "lost_percent": 0.07757951900698215,
            "omitted": false,
            "sender": false
          }
        },
        {
          "streams": [
            {
              "socket": 9,
              "start": 6.000283,
              "end": 7.000259,
              "seconds": 0.9999759793281555,
              "bytes": 3897624,
              "bits_per_second": 31181741.006368253,
              "jitter_ms": 0.010840653324059223,
              "lost_packets": 0,
              "packets": 2788,
              "lost_percent": 0,
              "omitted": false,
              "sender": false
            }
          ],
          "sum": {
            "start": 6.000283,
            "end": 7.000259,
            "seconds": 0.9999759793281555,
            "bytes": 3897624,
            "bits_per_second": 31181741.006368253,
            "jitter_ms": 0.010840653324059223,
            "lost_packets": 0,
            "packets": 2788,
            "lost_percent": 0,
            "omitted": false,
            "sender": false
          }
        },
        {
          "streams": [
            {
              "socket": 9,
              "start": 7.000259,
              "end": 8.000009,
              "seconds": 0.999750018119812,
              "bytes": 3634800,
              "bits_per_second": 29085670.890695784,