{
  "udp": {
    "50": {
      "start": {
        "connected": [
          {
            "socket": 5,
            "local_host": "172.17.0.2",
            "local_port": 46973,
            "remote_host": "172.20.25.101",
            "remote_port": 32201
          }
        ],
        "version": "iperf 3.12",
        "system_info": "Linux f635b20ae6a7 6.8.0-87-generic #88~22.04.1-Ubuntu SMP PREEMPT_DYNAMIC Tue Oct 14 14:03:14 UTC 2 x86_64",
        "timestamp": {
          "time": "Tue, 18 Nov 2025 05:02:18 GMT",
          "timesecs": 1763442138
        },
        "connecting_to": {
          "host": "api-int.tenoran.automation.otic.open6g.net",
          "port": 32201
        },
        "cookie": "upnsixanrhmmatvqh57go6kbhjygjhazbtd5",
        "target_bitrate": 50000000,
        "sock_bufsize": 0,
        "sndbuf_actual": 212992,
        "rcvbuf_actual": 212992,
        "test_start": {
          "protocol": "UDP",
          "num_streams": 1,
          "blksize": 1348,
          "omit": 0,
          "duration": 10,
          "bytes": 0,
          "blocks": 0,
          "reverse": 1,
          "tos": 0,
          "target_bitrate": 50000000
        }
      },
      "intervals": [
        {
          "streams": [
            {
              "socket": 5,
              "start": 0,
              "end": 1.000191,
              "seconds": 1.0001909732818604,
              "bytes": 6219672,
              "bits_per_second": 49747875.48495306,
              "jitter_ms": 0.25714176456798554,
              "lost_packets": 0,
              "packets": 4614,
              "lost_percent": 0,
              "omitted": false,
              "sender": false
            }
          ],
          "sum": {
            "start": 0,
            "end": 1.000191,
            "seconds": 1.0001909732818604,
            "bytes": 6219672,
            "bits_per_second": 49747875.48495306,
            "jitter_ms": 0.25714176456798554,
            "lost_packets": 0,
            "packets": 4614,
            "lost_percent": 0,
            "omitted": false,
            "sender": false
          }
        },
        {
          "streams": [
            {
              "socket": 5,
              "start": 1.000191,
              "end": 2.000185,
              "seconds": 0.9999939799308777,
              "bytes": 6250676,
              "bits_per_second": 50005709.03782492,
              "jitter_ms": 0.25058739149984643,
              "lost_packets": 0,
              "packets": 4637,
              "lost_percent": 0,
              "omitted": false,
              "sender": false
            }
          ],
          "sum": {
            "start": 1.000191,
            "end": 2.000185,
            "seconds": 0.9999939799308777,
            "bytes": 6250676,
            "bits_per_second": 50005709.03782492,
            "jitter_ms": 0.25058739149984643,
            "lost_packets": 0,
            "packets": 4637,
            "lost_percent": 0,
            "omitted": false,
            "sender": false
          }
        },
        {
          "streams": [
            {
              "socket": 5,
              "start": 2.000185,
              "end": 3.000213,
              "seconds": 1.0000280141830444,
              "bytes": 6261460,
              "bits_per_second": 50090276.76181805,
              "jitter_ms": 0.21959338997922087,
              "lost_packets": 0,
              "packets": 4645,
              "lost_percent": 0,
              "omitted": false,
              "sender": false
            }
          ],
          "sum": {
            "start": 2.000185,
            "end": 3.000213,
            "seconds": 1.0000280141830444,
            "bytes": 6261460,
            "bits_per_second": 50090276.76181805,
            "jitter_ms": 0.21959338997922087,
            "lost_packets": 0,
            "packets": 4645,
            "lost_percent": 0,
            "omitted": false,
            "sender": false
          }
        },
        {
          "streams": [
            {
              "socket": 5,
              "start": 3.000213,
              "end": 4.000196,
              "seconds": 0.999983012676239,
              "bytes": 6188668,
              "bits_per_second": 49510185.045542836,
              "jitter_ms": 0.5029411142306168,
              "lost_packets": 0,
              "packets": 4591,
              "lost_percent": 0,
              "omitted": false,
              "sender": false
            }
          ],
          "sum": {
            "start": 3.000213,
            "end": 4.000196,
            "seconds": 0.999983012676239,
            "bytes": 6188668,
            "bits_per_second": 49510185.045542836,
            "jitter_ms": 0.5029411142306168,
            "lost_packets": 0,
            "packets": 4591,
            "lost_percent": 0,
            "omitted": false,
            "sender": false
          }
        },
        {
          "streams": [
            {
              "socket": 5,
              "start": 4.000196,
              "end": 5.000195,
              "seconds": 0.9999989867210388,
              "bytes": 6324816,
              "bits_per_second": 50598579.27047584,
              "jitter_ms": 0.20008216557192207,
              "lost_packets": 0,
              "packets": 4692,
              "lost_percent": 0,
              "omitted": false,
              "sender": false
            }
          ],
          "sum": {
            "start": 4.000196,
            "end": 5.000195,
            "seconds": 0.9999989867210388,
            "bytes": 6324816,
            "bits_per_second": 50598579.27047584,
            "jitter_ms": 0.20008216557192207,
            "lost_packets": 0,
            "packets": 4692,
            "lost_percent": 0,
            "omitted": false,
            "sender": false
          }
        },
        {
          "streams": [
            {
              "socket": 5,
              "start": 5.000195,
              "end": 6.0002,
              "seconds": 1.0000050067901611,
              "bytes": 6249328,
              "bits_per_second": 49994373.6886617,
              "jitter_ms": 0.2092260516825503,
              "lost_packets": 0,
              "packets": 4636,
              "lost_percent": 0,
              "omitted": false,
              "sender": false
            }
          ],
          "sum": {
            "start": 5.000195,
            "end": 6.0002,
            "seconds": 1.0000050067901611,
            "bytes": 6249328,
            "bits_per_second": 49994373.6886617,
            "jitter_ms": 0.2092260516825503,
            "lost_packets": 0,
            "packets": 4636,
            "lost_percent": 0,
            "omitted": false,
            "sender": false
          }
        },
        {
          "streams": [
            {
              "socket": 5,
              "start": 6.0002,
              "end": 7.000194,
              "seconds": 0.9999939799308777,
              "bytes": 6225064,
              "bits_per_second": 49800811.8043294,
              "jitter_ms": 0.21658302628531467,
              "lost_packets": 0,
              "packets": 4618,
              "lost_percent": 0,
              "omitted": false,
              "sender": false
            }
          ],
          "sum": {
            "start": 6.0002,
            "end": 7.000194,
            "seconds": 0.9999939799308777,
            "bytes": 6225064,
            "bits_per_second": 49800811.8043294,
            "jitter_ms": 0.21658302628531467,
            "lost_packets": 0,
            "packets": 4618,
            "lost_percent": 0,
            "omitted": false,
            "sender": false
          }
        },
        {
          "streams": [
            {
              "socket": 5,
              "start": 7.000194,
              "end": 8.000195,
              "seconds": 1.0000009536743164,
              "bytes": 6200800,
              "bits_per_second": 49606352.6916955,
              "jitter_ms": 0.4125213499147593,
              "lost_packets": 0,
              "packets": 4600,