{
  "udp": {
    "30": {
      "start": {
        "connected": [
          {
            "socket": 10,
            "local_host": "172.17.0.2",
            "local_port": 56650,
            "remote_host": "10.100.1.103",
            "remote_port": 32201
          }
        ],
        "version": "iperf 3.12",
        "system_info": "Linux 9ed01d735f38 6.8.0-47-generic #47~22.04.1-Ubuntu SMP PREEMPT_DYNAMIC Wed Oct  2 16:16:55 UTC 2 x86_64",
        "timestamp": {
          "time": "Tue, 24 Dec 2024 09:01:29 GMT",
          "timesecs": 1735030889
        },
        "connecting_to": {
          "host": "api-int.edge.open5g.info",
          "port": 32201
        },
        "cookie": "55bv5owbxxwrmb7lvgoksu7l4hhlqcved7w6",
        "target_bitrate": 30000000,
        "sock_bufsize": 0,
        "sndbuf_actual": 212992,
        "rcvbuf_actual": 212992,
        "test_start": {
          "protocol": "UDP",
          "num_streams": 1,
          "blksize": 1398,
          "omit": 0,
          "duration": 10,
          "bytes": 0,
          "blocks": 0,
          "reverse": 1,
          "tos": 0,
          "target_bitrate": 30000000
        }
      },
      "intervals": [
        {
          "streams": [
            {
              "socket": 10,
              "start": 0,
              "end": 1.000204,
              "seconds": 1.0002039670944214,
              "bytes": 3564900,
              "bits_per_second": 28513384.207871,
              "jitter_ms": 0.1606903239224106,
              "lost_packets": 0,
              "packets": 2550,
              "lost_percent": 0,
              "omitted": false,
              "sender": false
            }
          ],
          "sum": {
            "start": 0,
            "end": 1.000204,
            "seconds": 1.0002039670944214,
            "bytes": 3564900,
            "bits_per_second": 28513384.207871,
            "jitter_ms": 0.1606903239224106,
            "lost_packets": 0,
            "packets": 2550,
            "lost_percent": 0,
            "omitted": false,
            "sender": false
          }
        },
        {
          "streams": [
            {
              "socket": 10,
              "start": 1.000204,
              "end": 2.000203,
              "seconds": 0.9999989867210388,
              "bytes": 3780192,
              "bits_per_second": 30241566.643143233,
              "jitter_ms": 0.12859683766041072,
              "lost_packets": 0,
              "packets": 2704,
              "lost_percent": 0,
              "omitted": false,
              "sender": false
            }
          ],
          "sum": {
            "start": 1.000204,
            "end": 2.000203,
            "seconds": 0.9999989867210388,
            "bytes": 3780192,
            "bits_per_second": 30241566.643143233,
            "jitter_ms": 0.12859683766041072,
            "lost_packets": 0,
            "packets": 2704,
            "lost_percent": 0,
            "omitted": false,
            "sender": false
          }
        },
        {
          "streams": [
            {
              "socket": 10,
              "start": 2.000203,
              "end": 3.000196,
              "seconds": 0.9999930262565613,
              "bytes": 3774600,
              "bits_per_second": 30197010.586204443,
              "jitter_ms": 0.0978140979103338,
              "lost_packets": 0,
              "packets": 2700,
              "lost_percent": 0,
              "omitted": false,
              "sender": false
            }
          ],
          "sum": {
            "start": 2.000203,
            "end": 3.000196,
            "seconds": 0.9999930262565613,
            "bytes": 3774600,
            "bits_per_second": 30197010.586204443,
            "jitter_ms": 0.0978140979103338,
            "lost_packets": 0,
            "packets": 2700,
            "lost_percent": 0,
            "omitted": false,
            "sender": false
          }
        },
        {
          "streams": [
            {
              "socket": 10,
              "start": 3.000196,
              "end": 4.000087,
              "seconds": 0.9998909831047058,
              "bytes": 3766212,
              "bits_per_second": 30132981.00403502,
              "jitter_ms": 0.04184539523286705,
              "lost_packets": 0,
              "packets": 2694,
              "lost_percent": 0,
              "omitted": false,
              "sender": false
            }
          ],
          "sum": {
            "start": 3.000196,
            "end": 4.000087,
            "seconds": 0.9998909831047058,
            "bytes": 3766212,
            "bits_per_second": 30132981.00403502,
            "jitter_ms": 0.04184539523286705,
            "lost_packets": 0,
            "packets": 2694,
            "lost_percent": 0,
            "omitted": false,
            "sender": false
          }
        },
        {
          "streams": [
            {
              "socket": 10,
              "start": 4.000087,
              "end": 5.00018,
              "seconds": 1.0000929832458496,
              "bytes": 3753630,
              "bits_per_second": 30026248.06199451,
              "jitter_ms": 0.11723181625723973,
              "lost_packets": 0,
              "packets": 2685,
              "lost_percent": 0,
              "omitted": false,
              "sender": false
            }
          ],
          "sum": {
            "start": 4.000087,
            "end": 5.00018,
            "seconds": 1.0000929832458496,
            "bytes": 3753630,
            "bits_per_second": 30026248.06199451,
            "jitter_ms": 0.11723181625723973,
            "lost_packets": 0,
            "packets": 2685,
            "lost_percent": 0,
            "omitted": false,
            "sender": false
          }
        },
        {
          "streams": [
            {
              "socket": 10,
              "start": 5.00018,
              "end": 6.000214,
              "seconds": 1.000033974647522,
              "bytes": 3710292,
              "bits_per_second": 29681327.587357234,
              "jitter_ms": 0.03964006125729296,
              "lost_packets": 0,
              "packets": 2654,
              "lost_percent": 0,
              "omitted": false,
              "sender": false
            }
          ],
          "sum": {
            "start": 5.00018,
            "end": 6.000214,
            "seconds": 1.000033974647522,
            "bytes": 3710292,
            "bits_per_second": 29681327.587357234,
            "jitter_ms": 0.03964006125729296,
            "lost_packets": 0,
            "packets": 2654,
            "lost_percent": 0,
            "omitted": false,
            "sender": false
          }
        },
        {
          "streams": [
            {
              "socket": 10,
              "start": 6.000214,
              "end": 7.000064,
              "seconds": 0.9998499751091003,
              "bytes": 3795570,
              "bits_per_second": 30369116.123333123,
              "jitter_ms": 0.06894711123415515,
              "lost_packets": 0,
              "packets": 2715,
              "lost_percent": 0,
              "omitted": false,
              "sender": false
            }
          ],
          "sum": {
            "start": 6.000214,
            "end": 7.000064,
            "seconds": 0.9998499751091003,
            "bytes": 3795570,
            "bits_per_second": 30369116.123333123,
            "jitter_ms": 0.06894711123415515,
            "lost_packets": 0,
            "packets": 2715,
            "lost_percent": 0,
            "omitted": false,
            "sender": false
          }
        },
        {
          "streams": [
            {
              "socket": 10,
              "start": 7.000064,
              "end": 8.000083,
              "seconds": 1.0000189542770386,
              "bytes": 3735456,
              "bits_per_second": 29883081.587792818,
              "jitter_ms": 0.044100405855267255,
              "lost_packets": 6,
              "packets": 2678,