{
  "udp": {
    "20": {
      "start": {
        "connected": [
          {
            "socket": 10,
            "local_host": "172.17.0.2",
            "local_port": 35782,
            "remote_host": "10.100.1.101",
            "remote_port": 32201
          }
        ],
        "version": "iperf 3.12",
        "system_info": "Linux 84925bae272a 6.8.0-47-generic #47~22.04.1-Ubuntu SMP PREEMPT_DYNAMIC Wed Oct  2 16:16:55 UTC 2 x86_64",
        "timestamp": {
          "time": "Thu, 16 Jan 2025 10:01:38 GMT",
          "timesecs": 1737021698
        },
        "connecting_to": {
          "host": "api-int.edge.open5g.info",
          "port": 32201
        },
        "cookie": "rzsbviy5yhdocnuu3msefj75n3tvsyu2ecan",
        "target_bitrate": 20000000,
        "sock_bufsize": 0,
        "sndbuf_actual": 212992,
        "rcvbuf_actual": 212992,
        "test_start": {
          "protocol": "UDP",
          "num_streams": 1,
          "blksize": 1398,
          "omit": 0,
          "duration": 10,
          "bytes": 0,
          "blocks": 0,
          "reverse": 1,
          "tos": 0,
          "target_bitrate": 20000000
        }
      },
      "intervals": [
        {
          "streams": [
            {
              "socket": 10,
              "start": 0,
              "end": 1.000176,
              "seconds": 1.000175952911377,
              "bytes": 1613292,
              "bits_per_second": 12904065.492108066,
              "jitter_ms": 1.2248344964906257,
              "lost_packets": 0,
              "packets": 1154,
              "lost_percent": 0,
              "omitted": false,
              "sender": false
            }
          ],
          "sum": {
            "start": 0,
            "end": 1.000176,
            "seconds": 1.000175952911377,
            "bytes": 1613292,
            "bits_per_second": 12904065.492108066,
            "jitter_ms": 1.2248344964906257,
            "lost_packets": 0,
            "packets": 1154,
            "lost_percent": 0,
            "omitted": false,
            "sender": false
          }
        },
        {
          "streams": [
            {
              "socket": 10,
              "start": 1.000176,
              "end": 2.00015,
              "seconds": 0.999974012374878,
              "bytes": 1579740,
              "bits_per_second": 12638248.438062608,
              "jitter_ms": 0.664519605572413,
              "lost_packets": 0,
              "packets": 1130,
              "lost_percent": 0,
              "omitted": false,
              "sender": false
            }
          ],
          "sum": {
            "start": 1.000176,
            "end": 2.00015,
            "seconds": 0.999974012374878,
            "bytes": 1579740,
            "bits_per_second": 12638248.438062608,
            "jitter_ms": 0.664519605572413,
            "lost_packets": 0,
            "packets": 1130,
            "lost_percent": 0,
            "omitted": false,
            "sender": false
          }
        },
        {
          "streams": [
            {
              "socket": 10,
              "start": 2.00015,
              "end": 3.000198,
              "seconds": 1.000048041343689,
              "bytes": 1734918,
              "bits_per_second": 13878677.2496963,
              "jitter_ms": 0.800979124731958,
              "lost_packets": 0,
              "packets": 1241,
              "lost_percent": 0,
              "omitted": false,
              "sender": false
            }
          ],
          "sum": {
            "start": 2.00015,
            "end": 3.000198,
            "seconds": 1.000048041343689,
            "bytes": 1734918,
            "bits_per_second": 13878677.2496963,
            "jitter_ms": 0.800979124731958,
            "lost_packets": 0,
            "packets": 1241,
            "lost_percent": 0,
            "omitted": false,
            "sender": false
          }
        },
        {
          "streams": [
            {
              "socket": 10,
              "start": 3.000198,
              "end": 4.000145,
              "seconds": 0.9999470114707947,
              "bytes": 2190666,
              "bits_per_second": 17526256.69056451,
              "jitter_ms": 0.685238969066885,
              "lost_packets": 0,
              "packets": 1567,
              "lost_percent": 0,
              "omitted": false,
              "sender": false
            }
          ],
          "sum": {
            "start": 3.000198,
            "end": 4.000145,
            "seconds": 0.9999470114707947,
            "bytes": 2190666,
            "bits_per_second": 17526256.69056451,
            "jitter_ms": 0.685238969066885,
            "lost_packets": 0,
            "packets": 1567,
            "lost_percent": 0,
            "omitted": false,
            "sender": false
          }
        },
        {
          "streams": [
            {
              "socket": 10,
              "start": 4.000145,
              "end": 5.000208,
              "seconds": 1.0000629425048828,
              "bytes": 2031294,
              "bits_per_second": 16249329.226515818,
              "jitter_ms": 1.2289334289349632,
              "lost_packets": 0,
              "packets": 1453,
              "lost_percent": 0,
              "omitted": false,
              "sender": false
            }
          ],
          "sum": {
            "start": 4.000145,
            "end": 5.000208,
            "seconds": 1.0000629425048828,
            "bytes": 2031294,
            "bits_per_second": 16249329.226515818,
            "jitter_ms": 1.2289334289349632,
            "lost_packets": 0,
            "packets": 1453,
            "lost_percent": 0,
            "omitted": false,
            "sender": false
          }
        },
        {
          "streams": [
            {
              "socket": 10,
              "start": 5.000208,
              "end": 6.000189,
              "seconds": 0.9999809861183167,
              "bytes": 1701366,
              "bits_per_second": 13611186.801495414,
              "jitter_ms": 0.829185822119744,
              "lost_packets": 0,
              "packets": 1217,
              "lost_percent": 0,
              "omitted": false,
              "sender": false
            }
          ],
          "sum": {
            "start": 5.000208,
            "end": 6.000189,
            "seconds": 0.9999809861183167,
            "bytes": 1701366,
            "bits_per_second": 13611186.801495414,
            "jitter_ms": 0.829185822119744,
            "lost_packets": 0,
            "packets": 1217,
            "lost_percent": 0,
            "omitted": false,
            "sender": false
          }
        },
        {
          "streams": [
            {
              "socket": 10,
              "start": 6.000189,
              "end": 7.000171,
              "seconds": 0.9999819993972778,
              "bytes": 1758684,
              "bits_per_second": 14069725.26353488,
              "jitter_ms": 0.862440658508667,
              "lost_packets": 0,
              "packets": 1258,
              "lost_percent": 0,
              "omitted": false,
              "sender": false
            }
          ],
          "sum": {
            "start": 6.000189,
            "end": 7.000171,
            "seconds": 0.9999819993972778,
            "bytes": 1758684,
            "bits_per_second": 14069725.26353488,
            "jitter_ms": 0.862440658508667,
            "lost_packets": 0,
            "packets": 1258,
            "lost_percent": 0,
            "omitted": false,
            "sender": false
          }
        },
        {
          "streams": [
            {
              "socket": 10,
              "start": 7.000171,
              "end": 8.000173,
              "seconds": 1.0000020265579224,
              "bytes": 2094204,
              "bits_per_second": 16753598.047863148,
              "jitter_ms": 0.633180617272678,
              "lost_packets": 0,
              "packets": 1498,
              "lost_percent": 0,