{
  "udp": {
    "30": {
      "start": {
        "connected": [
          {
            "socket": 5,
            "local_host": "172.17.0.2",
            "local_port": 35386,
            "remote_host": "172.20.25.101",
            "remote_port": 32201
          }
        ],
        "version": "iperf 3.12",
        "system_info": "Linux ab9fd3f5c213 6.8.0-87-generic #88~22.04.1-Ubuntu SMP PREEMPT_DYNAMIC Tue Oct 14 14:03:14 UTC 2 x86_64",
        "timestamp": {
          "time": "Thu, 20 Nov 2025 05:02:10 GMT",
          "timesecs": 1763614930
        },
        "connecting_to": {
          "host": "api-int.tenoran.automation.otic.open6g.net",
          "port": 32201
        },
        "cookie": "kfgaewvsczbzomhzss44h5wnh7zc4tt4o346",
        "target_bitrate": 30000000,
        "sock_bufsize": 0,
        "sndbuf_actual": 212992,
        "rcvbuf_actual": 212992,
        "test_start": {
          "protocol": "UDP",
          "num_streams": 1,
          "blksize": 1348,
          "omit": 0,
          "duration": 10,
          "bytes": 0,
          "blocks": 0,
          "reverse": 1,
          "tos": 0,
          "target_bitrate": 30000000
        }
      },
      "intervals": [
        {
          "streams": [
            {
              "socket": 5,
              "start": 0,
              "end": 1.000175,
              "seconds": 1.0001749992370605,
              "bytes": 3713740,
              "bits_per_second": 29704721.696366042,
              "jitter_ms": 0.5178281084337893,
              "lost_packets": 0,
              "packets": 2755,
              "lost_percent": 0,
              "omitted": false,
              "sender": false
            }
          ],
          "sum": {
            "start": 0,
            "end": 1.000175,
            "seconds": 1.0001749992370605,
            "bytes": 3713740,
            "bits_per_second": 29704721.696366042,
            "jitter_ms": 0.5178281084337893,
            "lost_packets": 0,
            "packets": 2755,
            "lost_percent": 0,
            "omitted": false,
            "sender": false
          }
        },
        {
          "streams": [
            {
              "socket": 5,
              "start": 1.000175,
              "end": 2.000186,
              "seconds": 1.0000109672546387,
              "bytes": 3771704,
              "bits_per_second": 30173301.081723746,
              "jitter_ms": 0.528124923793268,
              "lost_packets": 0,
              "packets": 2798,
              "lost_percent": 0,
              "omitted": false,
              "sender": false
            }
          ],
          "sum": {
            "start": 1.000175,
            "end": 2.000186,
            "seconds": 1.0000109672546387,
            "bytes": 3771704,
            "bits_per_second": 30173301.081723746,
            "jitter_ms": 0.528124923793268,
            "lost_packets": 0,
            "packets": 2798,
            "lost_percent": 0,
            "omitted": false,
            "sender": false
          }
        },
        {
          "streams": [
            {
              "socket": 5,
              "start": 2.000186,
              "end": 3.000196,
              "seconds": 1.0000100135803223,
              "bytes": 3746092,
              "bits_per_second": 29968435.9086599,
              "jitter_ms": 0.524227095120762,
              "lost_packets": 0,
              "packets": 2779,
              "lost_percent": 0,
              "omitted": false,
              "sender": false
            }
          ],
          "sum": {
            "start": 2.000186,
            "end": 3.000196,
            "seconds": 1.0000100135803223,
            "bytes": 3746092,
            "bits_per_second": 29968435.9086599,
            "jitter_ms": 0.524227095120762,
            "lost_packets": 0,
            "packets": 2779,
            "lost_percent": 0,
            "omitted": false,
            "sender": false
          }
        },
        {
          "streams": [
            {
              "socket": 5,
              "start": 3.000196,
              "end": 4.000243,
              "seconds": 1.000046968460083,
              "bytes": 3735308,
              "bits_per_second": 29881060.532601137,
              "jitter_ms": 0.7836765749237447,
              "lost_packets": 0,
              "packets": 2771,
              "lost_percent": 0,
              "omitted": false,
              "sender": false
            }
          ],
          "sum": {
            "start": 3.000196,
            "end": 4.000243,
            "seconds": 1.000046968460083,
            "bytes": 3735308,
            "bits_per_second": 29881060.532601137,
            "jitter_ms": 0.7836765749237447,
            "lost_packets": 0,
            "packets": 2771,
            "lost_percent": 0,
            "omitted": false,
            "sender": false
          }
        },
        {
          "streams": [
            {
              "socket": 5,
              "start": 4.000243,
              "end": 5.000185,
              "seconds": 0.9999420046806335,
              "bytes": 3764964,
              "bits_per_second": 30121458.9036289,
              "jitter_ms": 0.4570327062548117,
              "lost_packets": 0,
              "packets": 2793,
              "lost_percent": 0,
              "omitted": false,
              "sender": false
            }
          ],
          "sum": {
            "start": 4.000243,
            "end": 5.000185,
            "seconds": 0.9999420046806335,
            "bytes": 3764964,
            "bits_per_second": 30121458.9036289,
            "jitter_ms": 0.4570327062548117,
            "lost_packets": 0,
            "packets": 2793,
            "lost_percent": 0,
            "omitted": false,
            "sender": false
          }
        },
        {
          "streams": [
            {
              "socket": 5,
              "start": 5.000185,
              "end": 6.000154,
              "seconds": 0.9999690055847168,
              "bytes": 3735308,
              "bits_per_second": 29883390.21820649,
              "jitter_ms": 0.7499147177197916,
              "lost_packets": 0,
              "packets": 2771,
              "lost_percent": 0,
              "omitted": false,
              "sender": false
            }
          ],
          "sum": {
            "start": 5.000185,
            "end": 6.000154,
            "seconds": 0.9999690055847168,
            "bytes": 3735308,
            "bits_per_second": 29883390.21820649,
            "jitter_ms": 0.7499147177197916,
            "lost_packets": 0,
            "packets": 2771,
            "lost_percent": 0,
            "omitted": false,
            "sender": false
          }
        },
        {
          "streams": [
            {
              "socket": 5,
              "start": 6.000154,
              "end": 7.00013,
              "seconds": 0.9999759793281555,
              "bytes": 3746092,
              "bits_per_second": 29969455.886465207,
              "jitter_ms": 0.5451840595674905,
              "lost_packets": 0,
              "packets": 2779,
              "lost_percent": 0,
              "omitted": false,
              "sender": false
            }
          ],
          "sum": {
            "start": 6.000154,
            "end": 7.00013,
            "seconds": 0.9999759793281555,
            "bytes": 3746092,
            "bits_per_second": 29969455.886465207,
            "jitter_ms": 0.5451840595674905,
            "lost_packets": 0,
            "packets": 2779,
            "lost_percent": 0,
            "omitted": false,
            "sender": false
          }
        },
        {
          "streams": [
            {
              "socket": 5,
              "start": 7.00013,
              "end": 8.000177,
              "seconds": 1.000046968460083,
              "bytes": 3750136,
              "bits_per_second": 29999678.9612762,
              "jitter_ms": 0.526017140054239,
              "lost_packets": 0,
              "packets": 2782,