{
  "udp": {
    "30": {
      "start": {
        "connected": [
          {
            "socket": 5,
            "local_host": "172.17.0.2",
            "local_port": 49492,
            "remote_host": "172.20.25.101",
            "remote_port": 32201
          }
        ],
        "version": "iperf 3.12",
        "system_info": "Linux c571d041e409 6.8.0-87-generic #88~22.04.1-Ubuntu SMP PREEMPT_DYNAMIC Tue Oct 14 14:03:14 UTC 2 x86_64",
        "timestamp": {
          "time": "Sun, 16 Nov 2025 06:32:07 GMT",
          "timesecs": 1763274727
        },
        "connecting_to": {
          "host": "api-int.tenoran.automation.otic.open6g.net",
          "port": 32201
        },
        "cookie": "bg75hvo7u6mclgh7soibfntlu3w4lhrtbr3k",
        "target_bitrate": 30000000,
        "sock_bufsize": 0,
        "sndbuf_actual": 212992,
        "rcvbuf_actual": 212992,
        "test_start": {
          "protocol": "UDP",
          "num_streams": 1,
          "blksize": 1348,
          "omit": 0,
          "duration": 10,
          "bytes": 0,
          "blocks": 0,
          "reverse": 1,
          "tos": 0,
          "target_bitrate": 30000000
        }
      },
      "intervals": [
        {
          "streams": [
            {
              "socket": 5,
              "start": 0,
              "end": 1.000194,
              "seconds": 1.0001939535140991,
              "bytes": 3747440,
              "bits_per_second": 29973706.494294856,
              "jitter_ms": 0.417730718278798,
              "lost_packets": 0,
              "packets": 2780,
              "lost_percent": 0,
              "omitted": false,
              "sender": false
            }
          ],
          "sum": {
            "start": 0,
            "end": 1.000194,
            "seconds": 1.0001939535140991,
            "bytes": 3747440,
            "bits_per_second": 29973706.494294856,
            "jitter_ms": 0.417730718278798,
            "lost_packets": 0,
            "packets": 2780,
            "lost_percent": 0,
            "omitted": false,
            "sender": false
          }
        },
        {
          "streams": [
            {
              "socket": 5,
              "start": 1.000194,
              "end": 2.000223,
              "seconds": 1.0000289678573608,
              "bytes": 3727220,
              "bits_per_second": 29816896.268401954,
              "jitter_ms": 0.3775325119356583,
              "lost_packets": 0,
              "packets": 2765,
              "lost_percent": 0,
              "omitted": false,
              "sender": false
            }
          ],
          "sum": {
            "start": 1.000194,
            "end": 2.000223,
            "seconds": 1.0000289678573608,
            "bytes": 3727220,
            "bits_per_second": 29816896.268401954,
            "jitter_ms": 0.3775325119356583,
            "lost_packets": 0,
            "packets": 2765,
            "lost_percent": 0,
            "omitted": false,
            "sender": false
          }
        },
        {
          "streams": [
            {
              "socket": 5,
              "start": 2.000223,
              "end": 3.000193,
              "seconds": 0.999970018863678,
              "bytes": 3773052,
              "bits_per_second": 30185320.99022353,
              "jitter_ms": 0.5159650541893088,
              "lost_packets": 0,
              "packets": 2799,
              "lost_percent": 0,
              "omitted": false,
              "sender": false
            }
          ],
          "sum": {
            "start": 2.000223,
            "end": 3.000193,
            "seconds": 0.999970018863678,
            "bytes": 3773052,
            "bits_per_second": 30185320.99022353,
            "jitter_ms": 0.5159650541893088,
            "lost_packets": 0,
            "packets": 2799,
            "lost_percent": 0,
            "omitted": false,
            "sender": false
          }
        },
        {
          "streams": [
            {
              "socket": 5,
              "start": 3.000193,
              "end": 4.000206,
              "seconds": 1.000012993812561,
              "bytes": 3748788,
              "bits_per_second": 29989914.316674646,
              "jitter_ms": 0.542578766983926,
              "lost_packets": 0,
              "packets": 2781,
              "lost_percent": 0,
              "omitted": false,
              "sender": false
            }
          ],
          "sum": {
            "start": 3.000193,
            "end": 4.000206,
            "seconds": 1.000012993812561,
            "bytes": 3748788,
            "bits_per_second": 29989914.316674646,
            "jitter_ms": 0.542578766983926,
            "lost_packets": 0,
            "packets": 2781,
            "lost_percent": 0,
            "omitted": false,
            "sender": false
          }
        },
        {
          "streams": [
            {
              "socket": 5,
              "start": 4.000206,
              "end": 5.000204,
              "seconds": 0.9999979734420776,
              "bytes": 3731264,
              "bits_per_second": 29850172.49310355,
              "jitter_ms": 0.464552548110851,
              "lost_packets": 0,
              "packets": 2768,
              "lost_percent": 0,
              "omitted": false,
              "sender": false
            }
          ],
          "sum": {
            "start": 4.000206,
            "end": 5.000204,
            "seconds": 0.9999979734420776,
            "bytes": 3731264,
            "bits_per_second": 29850172.49310355,
            "jitter_ms": 0.464552548110851,
            "lost_packets": 0,
            "packets": 2768,
            "lost_percent": 0,
            "omitted": false,
            "sender": false
          }
        },
        {
          "streams": [
            {
              "socket": 5,
              "start": 5.000204,
              "end": 6.000183,
              "seconds": 0.999979019165039,
              "bytes": 3750136,
              "bits_per_second": 30001717.4610826,
              "jitter_ms": 0.565941201686804,
              "lost_packets": 0,
              "packets": 2782,
              "lost_percent": 0,
              "omitted": false,
              "sender": false
            }
          ],
          "sum": {
            "start": 5.000204,
            "end": 6.000183,
            "seconds": 0.999979019165039,
            "bytes": 3750136,
            "bits_per_second": 30001717.4610826,
            "jitter_ms": 0.565941201686804,
            "lost_packets": 0,
            "packets": 2782,
            "lost_percent": 0,
            "omitted": false,
            "sender": false
          }
        },
        {
          "streams": [
            {
              "socket": 5,
              "start": 6.000183,
              "end": 7.000185,
              "seconds": 1.0000020265579224,
              "bytes": 3769008,
              "bits_per_second": 30152002.895219658,
              "jitter_ms": 0.5294285744713647,
              "lost_packets": 0,
              "packets": 2796,
              "lost_percent": 0,
              "omitted": false,
              "sender": false
            }
          ],
          "sum": {
            "start": 6.000183,
            "end": 7.000185,
            "seconds": 1.0000020265579224,
            "bytes": 3769008,
            "bits_per_second": 30152002.895219658,
            "jitter_ms": 0.5294285744713647,
            "lost_packets": 0,
            "packets": 2796,
            "lost_percent": 0,
            "omitted": false,
            "sender": false
          }
        },
        {
          "streams": [
            {
              "socket": 5,
              "start": 7.000185,
              "end": 8.000181,
              "seconds": 0.9999960064888,
              "bytes": 3750136,
              "bits_per_second": 30001207.8101594,
              "jitter_ms": 0.5230901890020555,
              "lost_packets": 0,
              "packets": 2782,