{
  "udp": {
    "20": {
      "start": {
        "connected": [
          {
            "socket": 9,
            "local_host": "172.17.0.2",
            "local_port": 46880,
            "remote_host": "10.100.1.103",
            "remote_port": 32201
          }
        ],
        "version": "iperf 3.12",
        "system_info": "Linux a8d26d62b551 6.5.0-27-generic #28~22.04.1-Ubuntu SMP PREEMPT_DYNAMIC Fri Mar 15 10:51:06 UTC 2 x86_64",
        "timestamp": {
          "time": "Wed, 24 Apr 2024 10:01:06 GMT",
          "timesecs": 1713952866
        },
        "connecting_to": {
          "host": "api-int.edge.open5g.info",
          "port": 32201
        },
        "cookie": "cgvzxldq33ygbo4g773jmnszryyt3g4p3nsa",
        "target_bitrate": 20000000,
        "sock_bufsize": 0,
        "sndbuf_actual": 212992,
        "rcvbuf_actual": 212992,
        "test_start": {
          "protocol": "UDP",
          "num_streams": 1,
          "blksize": 1398,
          "omit": 0,
          "duration": 10,
          "bytes": 0,
          "blocks": 0,
          "reverse": 1,
          "tos": 0,
          "target_bitrate": 20000000
        }
      },
      "intervals": [
        {
          "streams": [
            {
              "socket": 9,
              "start": 0,
              "end": 1.000306,
              "seconds": 1.0003060102462769,
              "bytes": 2502420,
              "bits_per_second": 20013235.744800936,
              "jitter_ms": 0.01814841559287552,
              "lost_packets": 0,
              "packets": 1790,
              "lost_percent": 0,
              "omitted": false,
              "sender": false
            }
          ],
          "sum": {
            "start": 0,
            "end": 1.000306,
            "seconds": 1.0003060102462769,
            "bytes": 2502420,
            "bits_per_second": 20013235.744800936,
            "jitter_ms": 0.01814841559287552,
            "lost_packets": 0,
            "packets": 1790,
            "lost_percent": 0,
            "omitted": false,
            "sender": false
          }
        },
        {
          "streams": [
            {
              "socket": 9,
              "start": 1.000306,
              "end": 2.00031,
              "seconds": 1.0000040531158447,
              "bytes": 2501022,
              "bits_per_second": 20008094.904873516,
              "jitter_ms": 0.17131202125004705,
              "lost_packets": 0,
              "packets": 1789,
              "lost_percent": 0,
              "omitted": false,
              "sender": false
            }
          ],
          "sum": {
            "start": 1.000306,
            "end": 2.00031,
            "seconds": 1.0000040531158447,
            "bytes": 2501022,
            "bits_per_second": 20008094.904873516,
            "jitter_ms": 0.17131202125004705,
            "lost_packets": 0,
            "packets": 1789,
            "lost_percent": 0,
            "omitted": false,
            "sender": false
          }
        },
        {
          "streams": [
            {
              "socket": 9,
              "start": 2.00031,
              "end": 3.000266,
              "seconds": 0.9999560117721558,
              "bytes": 2499624,
              "bits_per_second": 19997871.67093546,
              "jitter_ms": 0.10178983144509028,
              "lost_packets": 0,
              "packets": 1788,
              "lost_percent": 0,
              "omitted": false,
              "sender": false
            }
          ],
          "sum": {
            "start": 2.00031,
            "end": 3.000266,
            "seconds": 0.9999560117721558,
            "bytes": 2499624,
            "bits_per_second": 19997871.67093546,
            "jitter_ms": 0.10178983144509028,
            "lost_packets": 0,
            "packets": 1788,
            "lost_percent": 0,
            "omitted": false,
            "sender": false
          }
        },
        {
          "streams": [
            {
              "socket": 9,
              "start": 3.000266,
              "end": 4.000266,
              "seconds": 1,
              "bytes": 2401764,
              "bits_per_second": 19214112,
              "jitter_ms": 0.0967591904041694,
              "lost_packets": 70,
              "packets": 1788,
              "lost_percent": 3.9149888143176734,
              "omitted": false,
              "sender": false
            }
          ],
          "sum": {
            "start": 3.000266,
            "end": 4.000266,
            "seconds": 1,
            "bytes": 2401764,
            "bits_per_second": 19214112,
            "jitter_ms": 0.0967591904041694,
            "lost_packets": 70,
            "packets": 1788,
            "lost_percent": 3.9149888143176734,
            "omitted": false,
            "sender": false
          }
        },
        {
          "streams": [
            {
              "socket": 9,
              "start": 4.000266,
              "end": 5.000271,
              "seconds": 1.0000050067901611,
              "bytes": 2501022,
              "bits_per_second": 20008075.823762823,
              "jitter_ms": 0.06836620247135404,
              "lost_packets": 0,
              "packets": 1789,
              "lost_percent": 0,
              "omitted": false,
              "sender": false
            }
          ],
          "sum": {
            "start": 4.000266,
            "end": 5.000271,
            "seconds": 1.0000050067901611,
            "bytes": 2501022,
            "bits_per_second": 20008075.823762823,
            "jitter_ms": 0.06836620247135404,
            "lost_packets": 0,
            "packets": 1789,
            "lost_percent": 0,
            "omitted": false,
            "sender": false
          }
        },
        {
          "streams": [
            {
              "socket": 9,
              "start": 5.000271,
              "end": 6.000272,
              "seconds": 1.0000009536743164,
              "bytes": 2499624,
              "bits_per_second": 19996972.92940051,
              "jitter_ms": 0.07073130841878307,
              "lost_packets": 0,
              "packets": 1788,
              "lost_percent": 0,
              "omitted": false,
              "sender": false
            }
          ],
          "sum": {
            "start": 5.000271,
            "end": 6.000272,
            "seconds": 1.0000009536743164,
            "bytes": 2499624,
            "bits_per_second": 19996972.92940051,
            "jitter_ms": 0.07073130841878307,
            "lost_packets": 0,
            "packets": 1788,
            "lost_percent": 0,
            "omitted": false,
            "sender": false
          }
        },
        {
          "streams": [
            {
              "socket": 9,
              "start": 6.000272,
              "end": 7.000266,
              "seconds": 0.9999939799308777,
              "bytes": 2501022,
              "bits_per_second": 20008296.451327655,
              "jitter_ms": 0.1681935150380309,
              "lost_packets": 0,
              "packets": 1789,
              "lost_percent": 0,
              "omitted": false,
              "sender": false
            }
          ],
          "sum": {
            "start": 6.000272,
            "end": 7.000266,
            "seconds": 0.9999939799308777,
            "bytes": 2501022,
            "bits_per_second": 20008296.451327655,
            "jitter_ms": 0.1681935150380309,
            "lost_packets": 0,
            "packets": 1789,
            "lost_percent": 0,
            "omitted": false,
            "sender": false
          }
        },
        {
          "streams": [
            {
              "socket": 9,
              "start": 7.000266,
              "end": 8.000266,
              "seconds": 1,
              "bytes": 2498226,
              "bits_per_second": 19985808,
              "jitter_ms": 0.15042491231784136,
              "lost_packets": 0,
              "packets": 1787,
              "lost_percent": 0,