{
  "udp": {
    "10": {
      "start": {
        "connected": [
          {
            "socket": 10,
            "local_host": "172.17.0.2",
            "local_port": 44564,
            "remote_host": "10.100.1.103",
            "remote_port": 32201
          }
        ],
        "version": "iperf 3.12",
        "system_info": "Linux 5e7b31176657 6.5.0-27-generic #28~22.04.1-Ubuntu SMP PREEMPT_DYNAMIC Fri Mar 15 10:51:06 UTC 2 x86_64",
        "timestamp": {
          "time": "Thu, 15 Aug 2024 22:01:11 GMT",
          "timesecs": 1723759271
        },
        "connecting_to": {
          "host": "api-int.edge.open5g.info",
          "port": 32201
        },
        "cookie": "zvj4w6rouvos73znr6fj5xyz6qvb5vpqhagh",
        "target_bitrate": 10000000,
        "sock_bufsize": 0,
        "sndbuf_actual": 212992,
        "rcvbuf_actual": 212992,
        "test_start": {
          "protocol": "UDP",
          "num_streams": 1,
          "blksize": 1398,
          "omit": 0,
          "duration": 10,
          "bytes": 0,
          "blocks": 0,
          "reverse": 1,
          "tos": 0,
          "target_bitrate": 10000000
        }
      },
      "intervals": [
        {
          "streams": [
            {
              "socket": 10,
              "start": 0,
              "end": 1.000132,
              "seconds": 1.0001319646835327,
              "bytes": 1251210,
              "bits_per_second": 10008359.250038886,
              "jitter_ms": 0.14467287489645628,
              "lost_packets": 0,
              "packets": 895,
              "lost_percent": 0,
              "omitted": false,
              "sender": false
            }
          ],
          "sum": {
            "start": 0,
            "end": 1.000132,
            "seconds": 1.0001319646835327,
            "bytes": 1251210,
            "bits_per_second": 10008359.250038886,
            "jitter_ms": 0.14467287489645628,
            "lost_packets": 0,
            "packets": 895,
            "lost_percent": 0,
            "omitted": false,
            "sender": false
          }
        },
        {
          "streams": [
            {
              "socket": 10,
              "start": 1.000132,
              "end": 2.0003,
              "seconds": 1.000167965888977,
              "bytes": 1249812,
              "bits_per_second": 9996816.87576652,
              "jitter_ms": 0.01504619222553545,
              "lost_packets": 0,
              "packets": 894,
              "lost_percent": 0,
              "omitted": false,
              "sender": false
            }
          ],
          "sum": {
            "start": 1.000132,
            "end": 2.0003,
            "seconds": 1.000167965888977,
            "bytes": 1249812,
            "bits_per_second": 9996816.87576652,
            "jitter_ms": 0.01504619222553545,
            "lost_packets": 0,
            "packets": 894,
            "lost_percent": 0,
            "omitted": false,
            "sender": false
          }
        },
        {
          "streams": [
            {
              "socket": 10,
              "start": 2.0003,
              "end": 3.000294,
              "seconds": 0.9999939799308777,
              "bytes": 1249812,
              "bits_per_second": 9998556.1919994,
              "jitter_ms": 0.1917391130694161,
              "lost_packets": 0,
              "packets": 894,
              "lost_percent": 0,
              "omitted": false,
              "sender": false
            }
          ],
          "sum": {
            "start": 2.0003,
            "end": 3.000294,
            "seconds": 0.9999939799308777,
            "bytes": 1249812,
            "bits_per_second": 9998556.1919994,
            "jitter_ms": 0.1917391130694161,
            "lost_packets": 0,
            "packets": 894,
            "lost_percent": 0,
            "omitted": false,
            "sender": false
          }
        },
        {
          "streams": [
            {
              "socket": 10,
              "start": 3.000294,
              "end": 4.00031,
              "seconds": 1.0000159740448,
              "bytes": 1251210,
              "bits_per_second": 10009520.107477378,
              "jitter_ms": 0.18240258972780043,
              "lost_packets": 0,
              "packets": 895,
              "lost_percent": 0,
              "omitted": false,
              "sender": false
            }
          ],
          "sum": {
            "start": 3.000294,
            "end": 4.00031,
            "seconds": 1.0000159740448,
            "bytes": 1251210,
            "bits_per_second": 10009520.107477378,
            "jitter_ms": 0.18240258972780043,
            "lost_packets": 0,
            "packets": 895,
            "lost_percent": 0,
            "omitted": false,
            "sender": false
          }
        },
        {
          "streams": [
            {
              "socket": 10,
              "start": 4.00031,
              "end": 5.000293,
              "seconds": 0.999983012676239,
              "bytes": 1249812,
              "bits_per_second": 9998665.85057398,
              "jitter_ms": 0.14905576121899017,
              "lost_packets": 0,
              "packets": 894,
              "lost_percent": 0,
              "omitted": false,
              "sender": false
            }
          ],
          "sum": {
            "start": 4.00031,
            "end": 5.000293,
            "seconds": 0.999983012676239,
            "bytes": 1249812,
            "bits_per_second": 9998665.85057398,
            "jitter_ms": 0.14905576121899017,
            "lost_packets": 0,
            "packets": 894,
            "lost_percent": 0,
            "omitted": false,
            "sender": false
          }
        },
        {
          "streams": [
            {
              "socket": 10,
              "start": 5.000293,
              "end": 6.000292,
              "seconds": 0.9999989867210388,
              "bytes": 1249812,
              "bits_per_second": 9998506.131275905,
              "jitter_ms": 0.1324178659340147,
              "lost_packets": 0,
              "packets": 894,
              "lost_percent": 0,
              "omitted": false,
              "sender": false
            }
          ],
          "sum": {
            "start": 5.000293,
            "end": 6.000292,
            "seconds": 0.9999989867210388,
            "bytes": 1249812,
            "bits_per_second": 9998506.131275905,
            "jitter_ms": 0.1324178659340147,
            "lost_packets": 0,
            "packets": 894,
            "lost_percent": 0,
            "omitted": false,
            "sender": false
          }
        },
        {
          "streams": [
            {
              "socket": 10,
              "start": 6.000292,
              "end": 7.000276,
              "seconds": 0.9999840259552002,
              "bytes": 1249812,
              "bits_per_second": 9998655.718974393,
              "jitter_ms": 0.3787046325890145,
              "lost_packets": 0,
              "packets": 894,
              "lost_percent": 0,
              "omitted": false,
              "sender": false
            }
          ],
          "sum": {
            "start": 6.000292,
            "end": 7.000276,
            "seconds": 0.9999840259552002,
            "bytes": 1249812,
            "bits_per_second": 9998655.718974393,
            "jitter_ms": 0.3787046325890145,
            "lost_packets": 0,
            "packets": 894,
            "lost_percent": 0,
            "omitted": false,
            "sender": false
          }
        },
        {
          "streams": [
            {
              "socket": 10,
              "start": 7.000276,
              "end": 8.000234,
              "seconds": 0.9999579787254333,
              "bytes": 1249812,
              "bits_per_second": 9998916.16720163,
              "jitter_ms": 0.11550093762628715,
              "lost_packets": 0,
              "packets": 894,
              "lost_percent": 0,