{
  "udp": {
    "20": {
      "start": {
        "connected": [
          {
            "socket": 9,
            "local_host": "172.17.0.2",
            "local_port": 59634,
            "remote_host": "10.100.1.102",
            "remote_port": 32201
          }
        ],
        "version": "iperf 3.12",
        "system_info": "Linux b369360ac059 6.5.0-26-generic #26~22.04.1-Ubuntu SMP PREEMPT_DYNAMIC Tue Mar 12 10:22:43 UTC 2 x86_64",
        "timestamp": {
          "time": "Sun, 14 Apr 2024 04:01:07 GMT",
          "timesecs": 1713067267
        },
        "connecting_to": {
          "host": "api-int.edge.open5g.info",
          "port": 32201
        },
        "cookie": "lsqj7bsd3azow5op7tmpk7ubb2kjjlkixfeg",
        "target_bitrate": 20000000,
        "sock_bufsize": 0,
        "sndbuf_actual": 212992,
        "rcvbuf_actual": 212992,
        "test_start": {
          "protocol": "UDP",
          "num_streams": 1,
          "blksize": 1398,
          "omit": 0,
          "duration": 10,
          "bytes": 0,
          "blocks": 0,
          "reverse": 1,
          "tos": 0,
          "target_bitrate": 20000000
        }
      },
      "intervals": [
        {
          "streams": [
            {
              "socket": 9,
              "start": 0,
              "end": 1.000279,
              "seconds": 1.0002789497375488,
              "bytes": 2502420,
              "bits_per_second": 20013777.162113268,
              "jitter_ms": 0.01823371795792216,
              "lost_packets": 0,
              "packets": 1790,
              "lost_percent": 0,
              "omitted": false,
              "sender": false
            }
          ],
          "sum": {
            "start": 0,
            "end": 1.000279,
            "seconds": 1.0002789497375488,
            "bytes": 2502420,
            "bits_per_second": 20013777.162113268,
            "jitter_ms": 0.01823371795792216,
            "lost_packets": 0,
            "packets": 1790,
            "lost_percent": 0,
            "omitted": false,
            "sender": false
          }
        },
        {
          "streams": [
            {
              "socket": 9,
              "start": 1.000279,
              "end": 2.00024,
              "seconds": 0.999961018562317,
              "bytes": 2501022,
              "bits_per_second": 20008955.977870554,
              "jitter_ms": 0.021714487615736563,
              "lost_packets": 0,
              "packets": 1789,
              "lost_percent": 0,
              "omitted": false,
              "sender": false
            }
          ],
          "sum": {
            "start": 1.000279,
            "end": 2.00024,
            "seconds": 0.999961018562317,
            "bytes": 2501022,
            "bits_per_second": 20008955.977870554,
            "jitter_ms": 0.021714487615736563,
            "lost_packets": 0,
            "packets": 1789,
            "lost_percent": 0,
            "omitted": false,
            "sender": false
          }
        },
        {
          "streams": [
            {
              "socket": 9,
              "start": 2.00024,
              "end": 3.000265,
              "seconds": 1.0000250339508057,
              "bytes": 2501022,
              "bits_per_second": 20007675.12884509,
              "jitter_ms": 0.04694389006090467,
              "lost_packets": 0,
              "packets": 1789,
              "lost_percent": 0,
              "omitted": false,
              "sender": false
            }
          ],
          "sum": {
            "start": 2.00024,
            "end": 3.000265,
            "seconds": 1.0000250339508057,
            "bytes": 2501022,
            "bits_per_second": 20007675.12884509,
            "jitter_ms": 0.04694389006090467,
            "lost_packets": 0,
            "packets": 1789,
            "lost_percent": 0,
            "omitted": false,
            "sender": false
          }
        },
        {
          "streams": [
            {
              "socket": 9,
              "start": 3.000265,
              "end": 4.000281,
              "seconds": 1.0000159740448,
              "bytes": 2499624,
              "bits_per_second": 19996672.572256483,
              "jitter_ms": 0.1387086487928269,
              "lost_packets": 0,
              "packets": 1788,
              "lost_percent": 0,
              "omitted": false,
              "sender": false
            }
          ],
          "sum": {
            "start": 3.000265,
            "end": 4.000281,
            "seconds": 1.0000159740448,
            "bytes": 2499624,
            "bits_per_second": 19996672.572256483,
            "jitter_ms": 0.1387086487928269,
            "lost_packets": 0,
            "packets": 1788,
            "lost_percent": 0,
            "omitted": false,
            "sender": false
          }
        },
        {
          "streams": [
            {
              "socket": 9,
              "start": 4.000281,
              "end": 5.000282,
              "seconds": 1.0000009536743164,
              "bytes": 2491236,
              "bits_per_second": 19929868.993395813,
              "jitter_ms": 0.00857793538357791,
              "lost_packets": 6,
              "packets": 1788,
              "lost_percent": 0.33557046979865773,
              "omitted": false,
              "sender": false
            }
          ],
          "sum": {
            "start": 4.000281,
            "end": 5.000282,
            "seconds": 1.0000009536743164,
            "bytes": 2491236,
            "bits_per_second": 19929868.993395813,
            "jitter_ms": 0.00857793538357791,
            "lost_packets": 6,
            "packets": 1788,
            "lost_percent": 0.33557046979865773,
            "omitted": false,
            "sender": false
          }
        },
        {
          "streams": [
            {
              "socket": 9,
              "start": 5.000282,
              "end": 6.000195,
              "seconds": 0.999912977218628,
              "bytes": 2499624,
              "bits_per_second": 19998732.345312607,
              "jitter_ms": 0.007812745283233563,
              "lost_packets": 0,
              "packets": 1788,
              "lost_percent": 0,
              "omitted": false,
              "sender": false
            }
          ],
          "sum": {
            "start": 5.000282,
            "end": 6.000195,
            "seconds": 0.999912977218628,
            "bytes": 2499624,
            "bits_per_second": 19998732.345312607,
            "jitter_ms": 0.007812745283233563,
            "lost_packets": 0,
            "packets": 1788,
            "lost_percent": 0,
            "omitted": false,
            "sender": false
          }
        },
        {
          "streams": [
            {
              "socket": 9,
              "start": 6.000195,
              "end": 7.000281,
              "seconds": 1.0000859498977661,
              "bytes": 2501022,
              "bits_per_second": 20006456.447113708,
              "jitter_ms": 0.059210464071710774,
              "lost_packets": 0,
              "packets": 1789,
              "lost_percent": 0,
              "omitted": false,
              "sender": false
            }
          ],
          "sum": {
            "start": 6.000195,
            "end": 7.000281,
            "seconds": 1.0000859498977661,
            "bytes": 2501022,
            "bits_per_second": 20006456.447113708,
            "jitter_ms": 0.059210464071710774,
            "lost_packets": 0,
            "packets": 1789,
            "lost_percent": 0,
            "omitted": false,
            "sender": false
          }
        },
        {
          "streams": [
            {
              "socket": 9,
              "start": 7.000281,
              "end": 8.000235,
              "seconds": 0.9999539852142334,
              "bytes": 2498226,
              "bits_per_second": 19986727.6849926,
              "jitter_ms": 0.008241454511951825,
              "lost_packets": 0,