{
  "udp": {
    "20": {
      "start": {
        "connected": [
          {
            "socket": 10,
            "local_host": "172.17.0.2",
            "local_port": 56920,
            "remote_host": "172.20.25.101",
            "remote_port": 32201
          }
        ],
        "version": "iperf 3.12",
        "system_info": "Linux 12373b4866b4 6.8.0-60-generic #63~22.04.1-Ubuntu SMP PREEMPT_DYNAMIC Tue Apr 22 19:00:15 UTC 2 x86_64",
        "timestamp": {
          "time": "Sat, 05 Jul 2025 06:31:22 GMT",
          "timesecs": 1751697082
        },
        "connecting_to": {
          "host": "api-int.tenoran.automation.otic.open6g.net",
          "port": 32201
        },
        "cookie": "avmoyaylb7jhwipxaysn3ohj2tdd6jhj2o33",
        "target_bitrate": 20000000,
        "sock_bufsize": 0,
        "sndbuf_actual": 212992,
        "rcvbuf_actual": 212992,
        "test_start": {
          "protocol": "UDP",
          "num_streams": 1,
          "blksize": 1348,
          "omit": 0,
          "duration": 10,
          "bytes": 0,
          "blocks": 0,
          "reverse": 1,
          "tos": 0,
          "target_bitrate": 20000000
        }
      },
      "intervals": [
        {
          "streams": [
            {
              "socket": 10,
              "start": 0,
              "end": 1.000076,
              "seconds": 1.0000760555267334,
              "bytes": 2441228,
              "bits_per_second": 19528338.761909235,
              "jitter_ms": 0.07780717186881293,
              "lost_packets": 0,
              "packets": 1811,
              "lost_percent": 0,
              "omitted": false,
              "sender": false
            }
          ],
          "sum": {
            "start": 0,
            "end": 1.000076,
            "seconds": 1.0000760555267334,
            "bytes": 2441228,
            "bits_per_second": 19528338.761909235,
            "jitter_ms": 0.07780717186881293,
            "lost_packets": 0,
            "packets": 1811,
            "lost_percent": 0,
            "omitted": false,
            "sender": false
          }
        },
        {
          "streams": [
            {
              "socket": 10,
              "start": 1.000076,
              "end": 2.000143,
              "seconds": 1.0000669956207275,
              "bytes": 2515368,
              "bits_per_second": 20121595.941189893,
              "jitter_ms": 0.13325551395459115,
              "lost_packets": 0,
              "packets": 1866,
              "lost_percent": 0,
              "omitted": false,
              "sender": false
            }
          ],
          "sum": {
            "start": 1.000076,
            "end": 2.000143,
            "seconds": 1.0000669956207275,
            "bytes": 2515368,
            "bits_per_second": 20121595.941189893,
            "jitter_ms": 0.13325551395459115,
            "lost_packets": 0,
            "packets": 1866,
            "lost_percent": 0,
            "omitted": false,
            "sender": false
          }
        },
        {
          "streams": [
            {
              "socket": 10,
              "start": 2.000143,
              "end": 3.000043,
              "seconds": 0.999899983406067,
              "bytes": 2534240,
              "bits_per_second": 20275947.931250848,
              "jitter_ms": 0.2417843837962004,
              "lost_packets": 0,
              "packets": 1880,
              "lost_percent": 0,
              "omitted": false,
              "sender": false
            }
          ],
          "sum": {
            "start": 2.000143,
            "end": 3.000043,
            "seconds": 0.999899983406067,
            "bytes": 2534240,
            "bits_per_second": 20275947.931250848,
            "jitter_ms": 0.2417843837962004,
            "lost_packets": 0,
            "packets": 1880,
            "lost_percent": 0,
            "omitted": false,
            "sender": false
          }
        },
        {
          "streams": [
            {
              "socket": 10,
              "start": 3.000043,
              "end": 4.000077,
              "seconds": 1.000033974647522,
              "bytes": 2431792,
              "bits_per_second": 19453675.06824655,
              "jitter_ms": 0.08002459993868133,
              "lost_packets": 0,
              "packets": 1804,
              "lost_percent": 0,
              "omitted": false,
              "sender": false
            }
          ],
          "sum": {
            "start": 3.000043,
            "end": 4.000077,
            "seconds": 1.000033974647522,
            "bytes": 2431792,
            "bits_per_second": 19453675.06824655,
            "jitter_ms": 0.08002459993868133,
            "lost_packets": 0,
            "packets": 1804,
            "lost_percent": 0,
            "omitted": false,
            "sender": false
          }
        },
        {
          "streams": [
            {
              "socket": 10,
              "start": 4.000077,
              "end": 5.000115,
              "seconds": 1.0000380277633667,
              "bytes": 2567940,
              "bits_per_second": 20542738.8055898,
              "jitter_ms": 0.15066746282277557,
              "lost_packets": 0,
              "packets": 1905,
              "lost_percent": 0,
              "omitted": false,
              "sender": false
            }
          ],
          "sum": {
            "start": 4.000077,
            "end": 5.000115,
            "seconds": 1.0000380277633667,
            "bytes": 2567940,
            "bits_per_second": 20542738.8055898,
            "jitter_ms": 0.15066746282277557,
            "lost_packets": 0,
            "packets": 1905,
            "lost_percent": 0,
            "omitted": false,
            "sender": false
          }
        },
        {
          "streams": [
            {
              "socket": 10,
              "start": 5.000115,
              "end": 6.000278,
              "seconds": 1.000162959098816,
              "bytes": 2462796,
              "bits_per_second": 19699157.842990473,
              "jitter_ms": 0.0728308088862513,
              "lost_packets": 0,
              "packets": 1827,
              "lost_percent": 0,
              "omitted": false,
              "sender": false
            }
          ],
          "sum": {
            "start": 5.000115,
            "end": 6.000278,
            "seconds": 1.000162959098816,
            "bytes": 2462796,
            "bits_per_second": 19699157.842990473,
            "jitter_ms": 0.0728308088862513,
            "lost_packets": 0,
            "packets": 1827,
            "lost_percent": 0,
            "omitted": false,
            "sender": false
          }
        },
        {
          "streams": [
            {
              "socket": 10,
              "start": 6.000278,
              "end": 7.0002,
              "seconds": 0.999921977519989,
              "bytes": 2458752,
              "bits_per_second": 19671550.823180888,
              "jitter_ms": 0.2679337877439064,
              "lost_packets": 0,
              "packets": 1824,
              "lost_percent": 0,
              "omitted": false,
              "sender": false
            }
          ],
          "sum": {
            "start": 6.000278,
            "end": 7.0002,
            "seconds": 0.999921977519989,
            "bytes": 2458752,
            "bits_per_second": 19671550.823180888,
            "jitter_ms": 0.2679337877439064,
            "lost_packets": 0,
            "packets": 1824,
            "lost_percent": 0,
            "omitted": false,
            "sender": false
          }
        },
        {
          "streams": [
            {
              "socket": 10,
              "start": 7.0002,
              "end": 8.00001,
              "seconds": 0.999809980392456,
              "bytes": 2590856,
              "bits_per_second": 20730787.256058473,
              "jitter_ms": 0.06816540720385796,
              "lost_packets": 0,