{
  "udp": {
    "20": {
      "start": {
        "connected": [
          {
            "socket": 10,
            "local_host": "172.17.0.2",
            "local_port": 38349,
            "remote_host": "172.20.25.101",
            "remote_port": 32201
          }
        ],
        "version": "iperf 3.12",
        "system_info": "Linux 8106a17d9aac 6.8.0-59-generic #61~22.04.1-Ubuntu SMP PREEMPT_DYNAMIC Tue Apr 15 17:03:15 UTC 2 x86_64",
        "timestamp": {
          "time": "Thu, 29 May 2025 05:30:57 GMT",
          "timesecs": 1748496657
        },
        "connecting_to": {
          "host": "api-int.tenoran.automation.otic.open6g.net",
          "port": 32201
        },
        "cookie": "75ywvt44tuqykz2xyar4zo3bzz7v3lgre447",
        "target_bitrate": 20000000,
        "sock_bufsize": 0,
        "sndbuf_actual": 212992,
        "rcvbuf_actual": 212992,
        "test_start": {
          "protocol": "UDP",
          "num_streams": 1,
          "blksize": 1348,
          "omit": 0,
          "duration": 10,
          "bytes": 0,
          "blocks": 0,
          "reverse": 1,
          "tos": 0,
          "target_bitrate": 20000000
        }
      },
      "intervals": [
        {
          "streams": [
            {
              "socket": 10,
              "start": 0,
              "end": 1.000221,
              "seconds": 1.0002210140228271,
              "bytes": 2491104,
              "bits_per_second": 19924428.42192194,
              "jitter_ms": 0.11518914087058339,
              "lost_packets": 0,
              "packets": 1848,
              "lost_percent": 0,
              "omitted": false,
              "sender": false
            }
          ],
          "sum": {
            "start": 0,
            "end": 1.000221,
            "seconds": 1.0002210140228271,
            "bytes": 2491104,
            "bits_per_second": 19924428.42192194,
            "jitter_ms": 0.11518914087058339,
            "lost_packets": 0,
            "packets": 1848,
            "lost_percent": 0,
            "omitted": false,
            "sender": false
          }
        },
        {
          "streams": [
            {
              "socket": 10,
              "start": 1.000221,
              "end": 2.000192,
              "seconds": 0.9999709725379944,
              "bytes": 2511324,
              "bits_per_second": 20091175.195824645,
              "jitter_ms": 0.14431352769311084,
              "lost_packets": 0,
              "packets": 1863,
              "lost_percent": 0,
              "omitted": false,
              "sender": false
            }
          ],
          "sum": {
            "start": 1.000221,
            "end": 2.000192,
            "seconds": 0.9999709725379944,
            "bytes": 2511324,
            "bits_per_second": 20091175.195824645,
            "jitter_ms": 0.14431352769311084,
            "lost_packets": 0,
            "packets": 1863,
            "lost_percent": 0,
            "omitted": false,
            "sender": false
          }
        },
        {
          "streams": [
            {
              "socket": 10,
              "start": 2.000192,
              "end": 3.000007,
              "seconds": 0.9998149871826172,
              "bytes": 2480320,
              "bits_per_second": 19846231.8072611,
              "jitter_ms": 0.04213163391472228,
              "lost_packets": 0,
              "packets": 1840,
              "lost_percent": 0,
              "omitted": false,
              "sender": false
            }
          ],
          "sum": {
            "start": 2.000192,
            "end": 3.000007,
            "seconds": 0.9998149871826172,
            "bytes": 2480320,
            "bits_per_second": 19846231.8072611,
            "jitter_ms": 0.04213163391472228,
            "lost_packets": 0,
            "packets": 1840,
            "lost_percent": 0,
            "omitted": false,
            "sender": false
          }
        },
        {
          "streams": [
            {
              "socket": 10,
              "start": 3.000007,
              "end": 4.000095,
              "seconds": 1.0000879764556885,
              "bytes": 2520760,
              "bits_per_second": 20164306.01582531,
              "jitter_ms": 0.03615873023354736,
              "lost_packets": 0,
              "packets": 1870,
              "lost_percent": 0,
              "omitted": false,
              "sender": false
            }
          ],
          "sum": {
            "start": 3.000007,
            "end": 4.000095,
            "seconds": 1.0000879764556885,
            "bytes": 2520760,
            "bits_per_second": 20164306.01582531,
            "jitter_ms": 0.03615873023354736,
            "lost_packets": 0,
            "packets": 1870,
            "lost_percent": 0,
            "omitted": false,
            "sender": false
          }
        },
        {
          "streams": [
            {
              "socket": 10,
              "start": 4.000095,
              "end": 5.000088,
              "seconds": 0.9999930262565613,
              "bytes": 2499192,
              "bits_per_second": 19993675.43076285,
              "jitter_ms": 0.02120366877119473,
              "lost_packets": 0,
              "packets": 1854,
              "lost_percent": 0,
              "omitted": false,
              "sender": false
            }
          ],
          "sum": {
            "start": 4.000095,
            "end": 5.000088,
            "seconds": 0.9999930262565613,
            "bytes": 2499192,
            "bits_per_second": 19993675.43076285,
            "jitter_ms": 0.02120366877119473,
            "lost_packets": 0,
            "packets": 1854,
            "lost_percent": 0,
            "omitted": false,
            "sender": false
          }
        },
        {
          "streams": [
            {
              "socket": 10,
              "start": 5.000088,
              "end": 6.000205,
              "seconds": 1.0001169443130493,
              "bytes": 2492452,
              "bits_per_second": 19937284.447966162,
              "jitter_ms": 0.012296306197765275,
              "lost_packets": 0,
              "packets": 1849,
              "lost_percent": 0,
              "omitted": false,
              "sender": false
            }
          ],
          "sum": {
            "start": 5.000088,
            "end": 6.000205,
            "seconds": 1.0001169443130493,
            "bytes": 2492452,
            "bits_per_second": 19937284.447966162,
            "jitter_ms": 0.012296306197765275,
            "lost_packets": 0,
            "packets": 1849,
            "lost_percent": 0,
            "omitted": false,
            "sender": false
          }
        },
        {
          "streams": [
            {
              "socket": 10,
              "start": 6.000205,
              "end": 7.000211,
              "seconds": 1.0000059604644775,
              "bytes": 2496496,
              "bits_per_second": 19971848.95850373,
              "jitter_ms": 0.01936396343945802,
              "lost_packets": 0,
              "packets": 1852,
              "lost_percent": 0,
              "omitted": false,
              "sender": false
            }
          ],
          "sum": {
            "start": 6.000205,
            "end": 7.000211,
            "seconds": 1.0000059604644775,
            "bytes": 2496496,
            "bits_per_second": 19971848.95850373,
            "jitter_ms": 0.01936396343945802,
            "lost_packets": 0,
            "packets": 1852,
            "lost_percent": 0,
            "omitted": false,
            "sender": false
          }
        },
        {
          "streams": [
            {
              "socket": 10,
              "start": 7.000211,
              "end": 8.000195,
              "seconds": 0.9999840259552002,
              "bytes": 2511324,
              "bits_per_second": 20090912.93314326,
              "jitter_ms": 0.0375258746976446,
              "lost_packets": 0,