{
  "udp": {
    "30": {
      "start": {
        "connected": [
          {
            "socket": 5,
            "local_host": "172.17.0.2",
            "local_port": 39400,
            "remote_host": "172.20.25.101",
            "remote_port": 32201
          }
        ],
        "version": "iperf 3.12",
        "system_info": "Linux dbd1a234d522 6.8.0-87-generic #88~22.04.1-Ubuntu SMP PREEMPT_DYNAMIC Tue Oct 14 14:03:14 UTC 2 x86_64",
        "timestamp": {
          "time": "Sat, 13 Dec 2025 06:32:17 GMT",
          "timesecs": 1765607537
        },
        "connecting_to": {
          "host": "api-int.tenoran.automation.otic.open6g.net",
          "port": 32201
        },
        "cookie": "scp6kc5ic5tulpvvcvukzbyhfa4livmuox77",
        "target_bitrate": 30000000,
        "sock_bufsize": 0,
        "sndbuf_actual": 212992,
        "rcvbuf_actual": 212992,
        "test_start": {
          "protocol": "UDP",
          "num_streams": 1,
          "blksize": 1348,
          "omit": 0,
          "duration": 10,
          "bytes": 0,
          "blocks": 0,
          "reverse": 1,
          "tos": 0,
          "target_bitrate": 30000000
        }
      },
      "intervals": [
        {
          "streams": [
            {
              "socket": 5,
              "start": 0,
              "end": 1.000205,
              "seconds": 1.0002050399780273,
              "bytes": 3724524,
              "bits_per_second": 29790083.841863632,
              "jitter_ms": 0.54612425557743,
              "lost_packets": 0,
              "packets": 2763,
              "lost_percent": 0,
              "omitted": false,
              "sender": false
            }
          ],
          "sum": {
            "start": 0,
            "end": 1.000205,
            "seconds": 1.0002050399780273,
            "bytes": 3724524,
            "bits_per_second": 29790083.841863632,
            "jitter_ms": 0.54612425557743,
            "lost_packets": 0,
            "packets": 2763,
            "lost_percent": 0,
            "omitted": false,
            "sender": false
          }
        },
        {
          "streams": [
            {
              "socket": 5,
              "start": 1.000205,
              "end": 2.000289,
              "seconds": 1.0000840425491333,
              "bytes": 3724524,
              "bits_per_second": 29793688.062507145,
              "jitter_ms": 0.4074456787583402,
              "lost_packets": 0,
              "packets": 2763,
              "lost_percent": 0,
              "omitted": false,
              "sender": false
            }
          ],
          "sum": {
            "start": 1.000205,
            "end": 2.000289,
            "seconds": 1.0000840425491333,
            "bytes": 3724524,
            "bits_per_second": 29793688.062507145,
            "jitter_ms": 0.4074456787583402,
            "lost_packets": 0,
            "packets": 2763,
            "lost_percent": 0,
            "omitted": false,
            "sender": false
          }
        },
        {
          "streams": [
            {
              "socket": 5,
              "start": 2.000289,
              "end": 3.000205,
              "seconds": 0.9999160170555115,
              "bytes": 3794620,
              "bits_per_second": 30359509.68101624,
              "jitter_ms": 0.5485716033065255,
              "lost_packets": 0,
              "packets": 2815,
              "lost_percent": 0,
              "omitted": false,
              "sender": false
            }
          ],
          "sum": {
            "start": 2.000289,
            "end": 3.000205,
            "seconds": 0.9999160170555115,
            "bytes": 3794620,
            "bits_per_second": 30359509.68101624,
            "jitter_ms": 0.5485716033065255,
            "lost_packets": 0,
            "packets": 2815,
            "lost_percent": 0,
            "omitted": false,
            "sender": false
          }
        },
        {
          "streams": [
            {
              "socket": 5,
              "start": 3.000205,
              "end": 4.000227,
              "seconds": 1.000022053718567,
              "bytes": 3764964,
              "bits_per_second": 30119047.76299713,
              "jitter_ms": 0.4269031613350404,
              "lost_packets": 0,
              "packets": 2793,
              "lost_percent": 0,
              "omitted": false,
              "sender": false
            }
          ],
          "sum": {
            "start": 3.000205,
            "end": 4.000227,
            "seconds": 1.000022053718567,
            "bytes": 3764964,
            "bits_per_second": 30119047.76299713,
            "jitter_ms": 0.4269031613350404,
            "lost_packets": 0,
            "packets": 2793,
            "lost_percent": 0,
            "omitted": false,
            "sender": false
          }
        },
        {
          "streams": [
            {
              "socket": 5,
              "start": 4.000227,
              "end": 5.000224,
              "seconds": 0.9999970197677612,
              "bytes": 3750136,
              "bits_per_second": 30001177.41047612,
              "jitter_ms": 0.47971951806454044,
              "lost_packets": 0,
              "packets": 2782,
              "lost_percent": 0,
              "omitted": false,
              "sender": false
            }
          ],
          "sum": {
            "start": 4.000227,
            "end": 5.000224,
            "seconds": 0.9999970197677612,
            "bytes": 3750136,
            "bits_per_second": 30001177.41047612,
            "jitter_ms": 0.47971951806454044,
            "lost_packets": 0,
            "packets": 2782,
            "lost_percent": 0,
            "omitted": false,
            "sender": false
          }
        },
        {
          "streams": [
            {
              "socket": 5,
              "start": 5.000224,
              "end": 6.000225,
              "seconds": 1.0000009536743164,
              "bytes": 3750136,
              "bits_per_second": 30001059.388760194,
              "jitter_ms": 0.4796353128816306,
              "lost_packets": 0,
              "packets": 2782,
              "lost_percent": 0,
              "omitted": false,
              "sender": false
            }
          ],
          "sum": {
            "start": 5.000224,
            "end": 6.000225,
            "seconds": 1.0000009536743164,
            "bytes": 3750136,
            "bits_per_second": 30001059.388760194,
            "jitter_ms": 0.4796353128816306,
            "lost_packets": 0,
            "packets": 2782,
            "lost_percent": 0,
            "omitted": false,
            "sender": false
          }
        },
        {
          "streams": [
            {
              "socket": 5,
              "start": 6.000225,
              "end": 7.00021,
              "seconds": 0.9999849796295166,
              "bytes": 3750136,
              "bits_per_second": 30001538.634225357,
              "jitter_ms": 0.3952957828448898,
              "lost_packets": 0,
              "packets": 2782,
              "lost_percent": 0,
              "omitted": false,
              "sender": false
            }
          ],
          "sum": {
            "start": 6.000225,
            "end": 7.00021,
            "seconds": 0.9999849796295166,
            "bytes": 3750136,
            "bits_per_second": 30001538.634225357,
            "jitter_ms": 0.3952957828448898,
            "lost_packets": 0,
            "packets": 2782,
            "lost_percent": 0,
            "omitted": false,
            "sender": false
          }
        },
        {
          "streams": [
            {
              "socket": 5,
              "start": 7.00021,
              "end": 8.000206,
              "seconds": 0.9999960064888,
              "bytes": 3748788,
              "bits_per_second": 29990423.7670932,
              "jitter_ms": 0.421169400091247,
              "lost_packets": 0,
              "packets": 2781,