{
  "udp": {
    "10": {
      "start": {
        "connected": [
          {
            "socket": 9,
            "local_host": "172.17.0.2",
            "local_port": 44097,
            "remote_host": "10.100.1.101",
            "remote_port": 32201
          }
        ],
        "version": "iperf 3.12",
        "system_info": "Linux f77ab2804511 6.5.0-27-generic #28~22.04.1-Ubuntu SMP PREEMPT_DYNAMIC Fri Mar 15 10:51:06 UTC 2 x86_64",
        "timestamp": {
          "time": "Sat, 25 May 2024 22:00:42 GMT",
          "timesecs": 1716674442
        },
        "connecting_to": {
          "host": "api-int.edge.open5g.info",
          "port": 32201
        },
        "cookie": "asn6p3wvir4735ck7j7imd42kcvvpi52h4u5",
        "target_bitrate": 10000000,
        "sock_bufsize": 0,
        "sndbuf_actual": 212992,
        "rcvbuf_actual": 212992,
        "test_start": {
          "protocol": "UDP",
          "num_streams": 1,
          "blksize": 1398,
          "omit": 0,
          "duration": 10,
          "bytes": 0,
          "blocks": 0,
          "reverse": 1,
          "tos": 0,
          "target_bitrate": 10000000
        }
      },
      "intervals": [
        {
          "streams": [
            {
              "socket": 9,
              "start": 0,
              "end": 1.000276,
              "seconds": 1.00027596950531,
              "bytes": 1251210,
              "bits_per_second": 10006918.395680666,
              "jitter_ms": 0.25427793268332816,
              "lost_packets": 0,
              "packets": 895,
              "lost_percent": 0,
              "omitted": false,
              "sender": false
            }
          ],
          "sum": {
            "start": 0,
            "end": 1.000276,
            "seconds": 1.00027596950531,
            "bytes": 1251210,
            "bits_per_second": 10006918.395680666,
            "jitter_ms": 0.25427793268332816,
            "lost_packets": 0,
            "packets": 895,
            "lost_percent": 0,
            "omitted": false,
            "sender": false
          }
        },
        {
          "streams": [
            {
              "socket": 9,
              "start": 1.000276,
              "end": 2.000299,
              "seconds": 1.0000230073928833,
              "bytes": 1249812,
              "bits_per_second": 9998265.96596677,
              "jitter_ms": 0.00955070929361152,
              "lost_packets": 0,
              "packets": 894,
              "lost_percent": 0,
              "omitted": false,
              "sender": false
            }
          ],
          "sum": {
            "start": 1.000276,
            "end": 2.000299,
            "seconds": 1.0000230073928833,
            "bytes": 1249812,
            "bits_per_second": 9998265.96596677,
            "jitter_ms": 0.00955070929361152,
            "lost_packets": 0,
            "packets": 894,
            "lost_percent": 0,
            "omitted": false,
            "sender": false
          }
        },
        {
          "streams": [
            {
              "socket": 9,
              "start": 2.000299,
              "end": 3.000244,
              "seconds": 0.9999449849128723,
              "bytes": 1251210,
              "bits_per_second": 10010230.713714883,
              "jitter_ms": 0.030903782994277616,
              "lost_packets": 0,
              "packets": 895,
              "lost_percent": 0,
              "omitted": false,
              "sender": false
            }
          ],
          "sum": {
            "start": 2.000299,
            "end": 3.000244,
            "seconds": 0.9999449849128723,
            "bytes": 1251210,
            "bits_per_second": 10010230.713714883,
            "jitter_ms": 0.030903782994277616,
            "lost_packets": 0,
            "packets": 895,
            "lost_percent": 0,
            "omitted": false,
            "sender": false
          }
        },
        {
          "streams": [
            {
              "socket": 9,
              "start": 3.000244,
              "end": 4.000191,
              "seconds": 0.9999470114707947,
              "bytes": 1249812,
              "bits_per_second": 9999025.83367241,
              "jitter_ms": 0.25192879943399027,
              "lost_packets": 0,
              "packets": 894,
              "lost_percent": 0,
              "omitted": false,
              "sender": false
            }
          ],
          "sum": {
            "start": 3.000244,
            "end": 4.000191,
            "seconds": 0.9999470114707947,
            "bytes": 1249812,
            "bits_per_second": 9999025.83367241,
            "jitter_ms": 0.25192879943399027,
            "lost_packets": 0,
            "packets": 894,
            "lost_percent": 0,
            "omitted": false,
            "sender": false
          }
        },
        {
          "streams": [
            {
              "socket": 9,
              "start": 4.000191,
              "end": 5.000274,
              "seconds": 1.0000829696655273,
              "bytes": 1249812,
              "bits_per_second": 9997666.496954694,
              "jitter_ms": 0.2605484015501323,
              "lost_packets": 0,
              "packets": 894,
              "lost_percent": 0,
              "omitted": false,
              "sender": false
            }
          ],
          "sum": {
            "start": 4.000191,
            "end": 5.000274,
            "seconds": 1.0000829696655273,
            "bytes": 1249812,
            "bits_per_second": 9997666.496954694,
            "jitter_ms": 0.2605484015501323,
            "lost_packets": 0,
            "packets": 894,
            "lost_percent": 0,
            "omitted": false,
            "sender": false
          }
        },
        {
          "streams": [
            {
              "socket": 9,
              "start": 5.000274,
              "end": 6.000288,
              "seconds": 1.0000139474868774,
              "bytes": 1249812,
              "bits_per_second": 9998356.54805325,
              "jitter_ms": 0.11637256257700085,
              "lost_packets": 0,
              "packets": 894,
              "lost_percent": 0,
              "omitted": false,
              "sender": false
            }
          ],
          "sum": {
            "start": 5.000274,
            "end": 6.000288,
            "seconds": 1.0000139474868774,
            "bytes": 1249812,
            "bits_per_second": 9998356.54805325,
            "jitter_ms": 0.11637256257700085,
            "lost_packets": 0,
            "packets": 894,
            "lost_percent": 0,
            "omitted": false,
            "sender": false
          }
        },
        {
          "streams": [
            {
              "socket": 9,
              "start": 6.000288,
              "end": 7.000154,
              "seconds": 0.999866008758545,
              "bytes": 1249812,
              "bits_per_second": 9999835.890425306,
              "jitter_ms": 0.012508868471136688,
              "lost_packets": 0,
              "packets": 894,
              "lost_percent": 0,
              "omitted": false,
              "sender": false
            }
          ],
          "sum": {
            "start": 6.000288,
            "end": 7.000154,
            "seconds": 0.999866008758545,
            "bytes": 1249812,
            "bits_per_second": 9999835.890425306,
            "jitter_ms": 0.012508868471136688,
            "lost_packets": 0,
            "packets": 894,
            "lost_percent": 0,
            "omitted": false,
            "sender": false
          }
        },
        {
          "streams": [
            {
              "socket": 9,
              "start": 7.000154,
              "end": 8.000272,
              "seconds": 1.0001180171966553,
              "bytes": 1249812,
              "bits_per_second": 9997316.144774517,
              "jitter_ms": 0.253305906031709,
              "lost_packets": 0,
              "packets": 894,
              "lost_percent": 0,