{
  "udp": {
    "10": {
      "start": {
        "connected": [
          {
            "socket": 9,
            "local_host": "172.17.0.2",
            "local_port": 38672,
            "remote_host": "10.100.1.102",
            "remote_port": 32201
          }
        ],
        "version": "iperf 3.12",
        "system_info": "Linux 5db65939afa7 6.2.0-37-generic #38~22.04.1-Ubuntu SMP PREEMPT_DYNAMIC Thu Nov  2 18:01:13 UTC 2 x86_64",
        "timestamp": {
          "time": "Mon, 01 Jan 2024 04:00:43 GMT",
          "timesecs": 1704081643
        },
        "connecting_to": {
          "host": "api-int.edge.open5g.info",
          "port": 32201
        },
        "cookie": "x6xpveqwtfbgy42kmxffbsv4drphuivancnq",
        "target_bitrate": 10000000,
        "sock_bufsize": 0,
        "sndbuf_actual": 212992,
        "rcvbuf_actual": 212992,
        "test_start": {
          "protocol": "UDP",
          "num_streams": 1,
          "blksize": 1398,
          "omit": 0,
          "duration": 10,
          "bytes": 0,
          "blocks": 0,
          "reverse": 1,
          "tos": 0,
          "target_bitrate": 10000000
        }
      },
      "intervals": [
        {
          "streams": [
            {
              "socket": 9,
              "start": 0,
              "end": 1.000275,
              "seconds": 1.0002750158309937,
              "bytes": 1251210,
              "bits_per_second": 10006927.936397878,
              "jitter_ms": 0.10914466857374916,
              "lost_packets": 0,
              "packets": 895,
              "lost_percent": 0,
              "omitted": false,
              "sender": false
            }
          ],
          "sum": {
            "start": 0,
            "end": 1.000275,
            "seconds": 1.0002750158309937,
            "bytes": 1251210,
            "bits_per_second": 10006927.936397878,
            "jitter_ms": 0.10914466857374916,
            "lost_packets": 0,
            "packets": 895,
            "lost_percent": 0,
            "omitted": false,
            "sender": false
          }
        },
        {
          "streams": [
            {
              "socket": 9,
              "start": 1.000275,
              "end": 2.000293,
              "seconds": 1.0000180006027222,
              "bytes": 1249812,
              "bits_per_second": 9998316.024285356,
              "jitter_ms": 0.05528221435930565,
              "lost_packets": 0,
              "packets": 894,
              "lost_percent": 0,
              "omitted": false,
              "sender": false
            }
          ],
          "sum": {
            "start": 1.000275,
            "end": 2.000293,
            "seconds": 1.0000180006027222,
            "bytes": 1249812,
            "bits_per_second": 9998316.024285356,
            "jitter_ms": 0.05528221435930565,
            "lost_packets": 0,
            "packets": 894,
            "lost_percent": 0,
            "omitted": false,
            "sender": false
          }
        },
        {
          "streams": [
            {
              "socket": 9,
              "start": 2.000293,
              "end": 3.000272,
              "seconds": 0.999979019165039,
              "bytes": 1251210,
              "bits_per_second": 10009890.0158504,
              "jitter_ms": 0.04414465174916288,
              "lost_packets": 0,
              "packets": 895,
              "lost_percent": 0,
              "omitted": false,
              "sender": false
            }
          ],
          "sum": {
            "start": 2.000293,
            "end": 3.000272,
            "seconds": 0.999979019165039,
            "bytes": 1251210,
            "bits_per_second": 10009890.0158504,
            "jitter_ms": 0.04414465174916288,
            "lost_packets": 0,
            "packets": 895,
            "lost_percent": 0,
            "omitted": false,
            "sender": false
          }
        },
        {
          "streams": [
            {
              "socket": 9,
              "start": 3.000272,
              "end": 4.000191,
              "seconds": 0.9999189972877502,
              "bytes": 1249812,
              "bits_per_second": 9999305.97090426,
              "jitter_ms": 0.09942942033974496,
              "lost_packets": 0,
              "packets": 894,
              "lost_percent": 0,
              "omitted": false,
              "sender": false
            }
          ],
          "sum": {
            "start": 3.000272,
            "end": 4.000191,
            "seconds": 0.9999189972877502,
            "bytes": 1249812,
            "bits_per_second": 9999305.97090426,
            "jitter_ms": 0.09942942033974496,
            "lost_packets": 0,
            "packets": 894,
            "lost_percent": 0,
            "omitted": false,
            "sender": false
          }
        },
        {
          "streams": [
            {
              "socket": 9,
              "start": 4.000191,
              "end": 5.000271,
              "seconds": 1.0000799894332886,
              "bytes": 1249812,
              "bits_per_second": 9997696.289939577,
              "jitter_ms": 0.178138699316627,
              "lost_packets": 0,
              "packets": 894,
              "lost_percent": 0,
              "omitted": false,
              "sender": false
            }
          ],
          "sum": {
            "start": 4.000191,
            "end": 5.000271,
            "seconds": 1.0000799894332886,
            "bytes": 1249812,
            "bits_per_second": 9997696.289939577,
            "jitter_ms": 0.178138699316627,
            "lost_packets": 0,
            "packets": 894,
            "lost_percent": 0,
            "omitted": false,
            "sender": false
          }
        },
        {
          "streams": [
            {
              "socket": 9,
              "start": 5.000271,
              "end": 6.000275,
              "seconds": 1.0000040531158447,
              "bytes": 1249812,
              "bits_per_second": 9998455.47510169,
              "jitter_ms": 0.056945843991217944,
              "lost_packets": 0,
              "packets": 894,
              "lost_percent": 0,
              "omitted": false,
              "sender": false
            }
          ],
          "sum": {
            "start": 5.000271,
            "end": 6.000275,
            "seconds": 1.0000040531158447,
            "bytes": 1249812,
            "bits_per_second": 9998455.47510169,
            "jitter_ms": 0.056945843991217944,
            "lost_packets": 0,
            "packets": 894,
            "lost_percent": 0,
            "omitted": false,
            "sender": false
          }
        },
        {
          "streams": [
            {
              "socket": 9,
              "start": 6.000275,
              "end": 7.000286,
              "seconds": 1.0000109672546387,
              "bytes": 1249812,
              "bits_per_second": 9998386.34515098,
              "jitter_ms": 0.281833965331208,
              "lost_packets": 0,
              "packets": 894,
              "lost_percent": 0,
              "omitted": false,
              "sender": false
            }
          ],
          "sum": {
            "start": 6.000275,
            "end": 7.000286,
            "seconds": 1.0000109672546387,
            "bytes": 1249812,
            "bits_per_second": 9998386.34515098,
            "jitter_ms": 0.281833965331208,
            "lost_packets": 0,
            "packets": 894,
            "lost_percent": 0,
            "omitted": false,
            "sender": false
          }
        },
        {
          "streams": [
            {
              "socket": 9,
              "start": 7.000286,
              "end": 8.000269,
              "seconds": 0.999983012676239,
              "bytes": 1249812,
              "bits_per_second": 9998665.85057398,
              "jitter_ms": 0.06527436380890134,
              "lost_packets": 0,
              "packets": 894,
              "lost_percent": 0,