{
  "udp": {
    "20": {
      "start": {
        "connected": [
          {
            "socket": 10,
            "local_host": "172.17.0.2",
            "local_port": 48032,
            "remote_host": "172.20.25.101",
            "remote_port": 32201
          }
        ],
        "version": "iperf 3.12",
        "system_info": "Linux 3249e81c947c 6.8.0-79-generic #79~22.04.1-Ubuntu SMP PREEMPT_DYNAMIC Fri Aug 15 16:54:53 UTC 2 x86_64",
        "timestamp": {
          "time": "Tue, 23 Sep 2025 06:01:30 GMT",
          "timesecs": 1758607290
        },
        "connecting_to": {
          "host": "api-int.tenoran.automation.otic.open6g.net",
          "port": 32201
        },
        "cookie": "5tavmz3aotzt3vl6hfeokv2pqp54wno54phe",
        "target_bitrate": 20000000,
        "sock_bufsize": 0,
        "sndbuf_actual": 212992,
        "rcvbuf_actual": 212992,
        "test_start": {
          "protocol": "UDP",
          "num_streams": 1,
          "blksize": 1348,
          "omit": 0,
          "duration": 10,
          "bytes": 0,
          "blocks": 0,
          "reverse": 1,
          "tos": 0,
          "target_bitrate": 20000000
        }
      },
      "intervals": [
        {
          "streams": [
            {
              "socket": 10,
              "start": 0,
              "end": 1.00023,
              "seconds": 1.0002299547195435,
              "bytes": 2491104,
              "bits_per_second": 19924250.324604493,
              "jitter_ms": 0.750118701668436,
              "lost_packets": 0,
              "packets": 1848,
              "lost_percent": 0,
              "omitted": false,
              "sender": false
            }
          ],
          "sum": {
            "start": 0,
            "end": 1.00023,
            "seconds": 1.0002299547195435,
            "bytes": 2491104,
            "bits_per_second": 19924250.324604493,
            "jitter_ms": 0.750118701668436,
            "lost_packets": 0,
            "packets": 1848,
            "lost_percent": 0,
            "omitted": false,
            "sender": false
          }
        },
        {
          "streams": [
            {
              "socket": 10,
              "start": 1.00023,
              "end": 2.000159,
              "seconds": 0.9999290108680725,
              "bytes": 2484364,
              "bits_per_second": 19876323.00291589,
              "jitter_ms": 0.852223414352517,
              "lost_packets": 0,
              "packets": 1843,
              "lost_percent": 0,
              "omitted": false,
              "sender": false
            }
          ],
          "sum": {
            "start": 1.00023,
            "end": 2.000159,
            "seconds": 0.9999290108680725,
            "bytes": 2484364,
            "bits_per_second": 19876323.00291589,
            "jitter_ms": 0.852223414352517,
            "lost_packets": 0,
            "packets": 1843,
            "lost_percent": 0,
            "omitted": false,
            "sender": false
          }
        },
        {
          "streams": [
            {
              "socket": 10,
              "start": 2.000159,
              "end": 3.000137,
              "seconds": 0.999978005886078,
              "bytes": 2501888,
              "bits_per_second": 20015544.224159878,
              "jitter_ms": 1.0177438947089883,
              "lost_packets": 0,
              "packets": 1856,
              "lost_percent": 0,
              "omitted": false,
              "sender": false
            }
          ],
          "sum": {
            "start": 2.000159,
            "end": 3.000137,
            "seconds": 0.999978005886078,
            "bytes": 2501888,
            "bits_per_second": 20015544.224159878,
            "jitter_ms": 1.0177438947089883,
            "lost_packets": 0,
            "packets": 1856,
            "lost_percent": 0,
            "omitted": false,
            "sender": false
          }
        },
        {
          "streams": [
            {
              "socket": 10,
              "start": 3.000137,
              "end": 4.000184,
              "seconds": 1.000046968460083,
              "bytes": 2511324,
              "bits_per_second": 20089648.4201501,
              "jitter_ms": 0.80518452528913,
              "lost_packets": 0,
              "packets": 1863,
              "lost_percent": 0,
              "omitted": false,
              "sender": false
            }
          ],
          "sum": {
            "start": 3.000137,
            "end": 4.000184,
            "seconds": 1.000046968460083,
            "bytes": 2511324,
            "bits_per_second": 20089648.4201501,
            "jitter_ms": 0.80518452528913,
            "lost_packets": 0,
            "packets": 1863,
            "lost_percent": 0,
            "omitted": false,
            "sender": false
          }
        },
        {
          "streams": [
            {
              "socket": 10,
              "start": 4.000184,
              "end": 5.000219,
              "seconds": 1.000035047531128,
              "bytes": 2499192,
              "bits_per_second": 19992835.30048247,
              "jitter_ms": 0.846919399629305,
              "lost_packets": 0,
              "packets": 1854,
              "lost_percent": 0,
              "omitted": false,
              "sender": false
            }
          ],
          "sum": {
            "start": 4.000184,
            "end": 5.000219,
            "seconds": 1.000035047531128,
            "bytes": 2499192,
            "bits_per_second": 19992835.30048247,
            "jitter_ms": 0.846919399629305,
            "lost_packets": 0,
            "packets": 1854,
            "lost_percent": 0,
            "omitted": false,
            "sender": false
          }
        },
        {
          "streams": [
            {
              "socket": 10,
              "start": 5.000219,
              "end": 6.000204,
              "seconds": 0.9999849796295166,
              "bytes": 2488408,
              "bits_per_second": 19907563.018971965,
              "jitter_ms": 0.7863437455641598,
              "lost_packets": 0,
              "packets": 1846,
              "lost_percent": 0,
              "omitted": false,
              "sender": false
            }
          ],
          "sum": {
            "start": 5.000219,
            "end": 6.000204,
            "seconds": 0.9999849796295166,
            "bytes": 2488408,
            "bits_per_second": 19907563.018971965,
            "jitter_ms": 0.7863437455641598,
            "lost_packets": 0,
            "packets": 1846,
            "lost_percent": 0,
            "omitted": false,
            "sender": false
          }
        },
        {
          "streams": [
            {
              "socket": 10,
              "start": 6.000204,
              "end": 7.000213,
              "seconds": 1.0000089406967163,
              "bytes": 2514020,
              "bits_per_second": 20111980.1848848,
              "jitter_ms": 0.7809150335902746,
              "lost_packets": 0,
              "packets": 1865,
              "lost_percent": 0,
              "omitted": false,
              "sender": false
            }
          ],
          "sum": {
            "start": 6.000204,
            "end": 7.000213,
            "seconds": 1.0000089406967163,
            "bytes": 2514020,
            "bits_per_second": 20111980.1848848,
            "jitter_ms": 0.7809150335902746,
            "lost_packets": 0,
            "packets": 1865,
            "lost_percent": 0,
            "omitted": false,
            "sender": false
          }
        },
        {
          "streams": [
            {
              "socket": 10,
              "start": 7.000213,
              "end": 8.000204,
              "seconds": 0.999990999698639,
              "bytes": 2500540,
              "bits_per_second": 20004500.046529,
              "jitter_ms": 0.7803095630979868,
              "lost_packets": 0,
              "packets": 1855,