{
  "udp": {
    "20": {
      "start": {
        "connected": [
          {
            "socket": 10,
            "local_host": "172.17.0.2",
            "local_port": 38071,
            "remote_host": "10.100.1.101",
            "remote_port": 32201
          }
        ],
        "version": "iperf 3.12",
        "system_info": "Linux 0cf32e052c95 6.8.0-40-generic #40~22.04.3-Ubuntu SMP PREEMPT_DYNAMIC Tue Jul 30 17:30:19 UTC 2 x86_64",
        "timestamp": {
          "time": "Thu, 26 Sep 2024 22:01:15 GMT",
          "timesecs": 1727388075
        },
        "connecting_to": {
          "host": "api-int.edge.open5g.info",
          "port": 32201
        },
        "cookie": "6wtoxx43zu2otuifkavr2r5zusuh5rbuxzyn",
        "target_bitrate": 20000000,
        "sock_bufsize": 0,
        "sndbuf_actual": 212992,
        "rcvbuf_actual": 212992,
        "test_start": {
          "protocol": "UDP",
          "num_streams": 1,
          "blksize": 1398,
          "omit": 0,
          "duration": 10,
          "bytes": 0,
          "blocks": 0,
          "reverse": 1,
          "tos": 0,
          "target_bitrate": 20000000
        }
      },
      "intervals": [
        {
          "streams": [
            {
              "socket": 10,
              "start": 0,
              "end": 1.000284,
              "seconds": 1.00028395652771,
              "bytes": 2503818,
              "bits_per_second": 20024857.810908128,
              "jitter_ms": 0.07147065366814027,
              "lost_packets": 0,
              "packets": 1791,
              "lost_percent": 0,
              "omitted": false,
              "sender": false
            }
          ],
          "sum": {
            "start": 0,
            "end": 1.000284,
            "seconds": 1.00028395652771,
            "bytes": 2503818,
            "bits_per_second": 20024857.810908128,
            "jitter_ms": 0.07147065366814027,
            "lost_packets": 0,
            "packets": 1791,
            "lost_percent": 0,
            "omitted": false,
            "sender": false
          }
        },
        {
          "streams": [
            {
              "socket": 10,
              "start": 1.000284,
              "end": 2.000286,
              "seconds": 1.0000020265579224,
              "bytes": 2499624,
              "bits_per_second": 19996951.475019567,
              "jitter_ms": 0.010191710142936666,
              "lost_packets": 0,
              "packets": 1788,
              "lost_percent": 0,
              "omitted": false,
              "sender": false
            }
          ],
          "sum": {
            "start": 1.000284,
            "end": 2.000286,
            "seconds": 1.0000020265579224,
            "bytes": 2499624,
            "bits_per_second": 19996951.475019567,
            "jitter_ms": 0.010191710142936666,
            "lost_packets": 0,
            "packets": 1788,
            "lost_percent": 0,
            "omitted": false,
            "sender": false
          }
        },
        {
          "streams": [
            {
              "socket": 10,
              "start": 2.000286,
              "end": 3.000279,
              "seconds": 0.9999930262565613,
              "bytes": 2499624,
              "bits_per_second": 19997131.45486428,
              "jitter_ms": 0.25094137263376287,
              "lost_packets": 0,
              "packets": 1788,
              "lost_percent": 0,
              "omitted": false,
              "sender": false
            }
          ],
          "sum": {
            "start": 2.000286,
            "end": 3.000279,
            "seconds": 0.9999930262565613,
            "bytes": 2499624,
            "bits_per_second": 19997131.45486428,
            "jitter_ms": 0.25094137263376287,
            "lost_packets": 0,
            "packets": 1788,
            "lost_percent": 0,
            "omitted": false,
            "sender": false
          }
        },
        {
          "streams": [
            {
              "socket": 10,
              "start": 3.000279,
              "end": 4.000288,
              "seconds": 1.0000089406967163,
              "bytes": 2499624,
              "bits_per_second": 19996813.214557756,
              "jitter_ms": 0.00886311462550392,
              "lost_packets": 0,
              "packets": 1788,
              "lost_percent": 0,
              "omitted": false,
              "sender": false
            }
          ],
          "sum": {
            "start": 3.000279,
            "end": 4.000288,
            "seconds": 1.0000089406967163,
            "bytes": 2499624,
            "bits_per_second": 19996813.214557756,
            "jitter_ms": 0.00886311462550392,
            "lost_packets": 0,
            "packets": 1788,
            "lost_percent": 0,
            "omitted": false,
            "sender": false
          }
        },
        {
          "streams": [
            {
              "socket": 10,
              "start": 4.000288,
              "end": 5.000283,
              "seconds": 0.999994993209839,
              "bytes": 2501022,
              "bits_per_second": 20008276.1772403,
              "jitter_ms": 0.1642674273237161,
              "lost_packets": 0,
              "packets": 1789,
              "lost_percent": 0,
              "omitted": false,
              "sender": false
            }
          ],
          "sum": {
            "start": 4.000288,
            "end": 5.000283,
            "seconds": 0.999994993209839,
            "bytes": 2501022,
            "bits_per_second": 20008276.1772403,
            "jitter_ms": 0.1642674273237161,
            "lost_packets": 0,
            "packets": 1789,
            "lost_percent": 0,
            "omitted": false,
            "sender": false
          }
        },
        {
          "streams": [
            {
              "socket": 10,
              "start": 5.000283,
              "end": 6.000284,
              "seconds": 1.0000009536743164,
              "bytes": 2499624,
              "bits_per_second": 19996972.92940051,
              "jitter_ms": 0.21896825290992858,
              "lost_packets": 0,
              "packets": 1788,
              "lost_percent": 0,
              "omitted": false,
              "sender": false
            }
          ],
          "sum": {
            "start": 5.000283,
            "end": 6.000284,
            "seconds": 1.0000009536743164,
            "bytes": 2499624,
            "bits_per_second": 19996972.92940051,
            "jitter_ms": 0.21896825290992858,
            "lost_packets": 0,
            "packets": 1788,
            "lost_percent": 0,
            "omitted": false,
            "sender": false
          }
        },
        {
          "streams": [
            {
              "socket": 10,
              "start": 6.000284,
              "end": 7.000275,
              "seconds": 0.999990999698639,
              "bytes": 2499624,
              "bits_per_second": 19997171.980574194,
              "jitter_ms": 0.15452607746155753,
              "lost_packets": 0,
              "packets": 1788,
              "lost_percent": 0,
              "omitted": false,
              "sender": false
            }
          ],
          "sum": {
            "start": 6.000284,
            "end": 7.000275,
            "seconds": 0.999990999698639,
            "bytes": 2499624,
            "bits_per_second": 19997171.980574194,
            "jitter_ms": 0.15452607746155753,
            "lost_packets": 0,
            "packets": 1788,
            "lost_percent": 0,
            "omitted": false,
            "sender": false
          }
        },
        {
          "streams": [
            {
              "socket": 10,
              "start": 7.000275,
              "end": 8.00011,
              "seconds": 0.9998350143432617,
              "bytes": 2501022,
              "bits_per_second": 20011477.606775258,
              "jitter_ms": 0.1303192377994679,
              "lost_packets": 0,
              "packets": 1789,