{
  "udp": {
    "10": {
      "start": {
        "connected": [
          {
            "socket": 10,
            "local_host": "172.17.0.2",
            "local_port": 50440,
            "remote_host": "172.20.25.101",
            "remote_port": 32201
          }
        ],
        "version": "iperf 3.12",
        "system_info": "Linux e1ea2f2b3f76 6.8.0-60-generic #63~22.04.1-Ubuntu SMP PREEMPT_DYNAMIC Tue Apr 22 19:00:15 UTC 2 x86_64",
        "timestamp": {
          "time": "Tue, 24 Jun 2025 22:33:49 GMT",
          "timesecs": 1750804429
        },
        "connecting_to": {
          "host": "api-int.tenoran.automation.otic.open6g.net",
          "port": 32201
        },
        "cookie": "e3kcgjnsafzle7wnfg3jkdpvu2x63sbsuoq5",
        "target_bitrate": 10000000,
        "sock_bufsize": 0,
        "sndbuf_actual": 212992,
        "rcvbuf_actual": 212992,
        "test_start": {
          "protocol": "UDP",
          "num_streams": 1,
          "blksize": 1348,
          "omit": 0,
          "duration": 10,
          "bytes": 0,
          "blocks": 0,
          "reverse": 1,
          "tos": 0,
          "target_bitrate": 10000000
        }
      },
      "intervals": [
        {
          "streams": [
            {
              "socket": 10,
              "start": 0,
              "end": 1.000283,
              "seconds": 1.0002830028533936,
              "bytes": 1250944,
              "bits_per_second": 10004720.635512745,
              "jitter_ms": 0.0295297488520288,
              "lost_packets": 0,
              "packets": 928,
              "lost_percent": 0,
              "omitted": false,
              "sender": false
            }
          ],
          "sum": {
            "start": 0,
            "end": 1.000283,
            "seconds": 1.0002830028533936,
            "bytes": 1250944,
            "bits_per_second": 10004720.635512745,
            "jitter_ms": 0.0295297488520288,
            "lost_packets": 0,
            "packets": 928,
            "lost_percent": 0,
            "omitted": false,
            "sender": false
          }
        },
        {
          "streams": [
            {
              "socket": 10,
              "start": 1.000283,
              "end": 2.000281,
              "seconds": 0.9999979734420776,
              "bytes": 1250944,
              "bits_per_second": 10007572.28092489,
              "jitter_ms": 0.18925805463375178,
              "lost_packets": 0,
              "packets": 928,
              "lost_percent": 0,
              "omitted": false,
              "sender": false
            }
          ],
          "sum": {
            "start": 1.000283,
            "end": 2.000281,
            "seconds": 0.9999979734420776,
            "bytes": 1250944,
            "bits_per_second": 10007572.28092489,
            "jitter_ms": 0.18925805463375178,
            "lost_packets": 0,
            "packets": 928,
            "lost_percent": 0,
            "omitted": false,
            "sender": false
          }
        },
        {
          "streams": [
            {
              "socket": 10,
              "start": 2.000281,
              "end": 3.000295,
              "seconds": 1.0000139474868774,
              "bytes": 1249596,
              "bits_per_second": 9996628.57215417,
              "jitter_ms": 0.12748158716700245,
              "lost_packets": 0,
              "packets": 927,
              "lost_percent": 0,
              "omitted": false,
              "sender": false
            }
          ],
          "sum": {
            "start": 2.000281,
            "end": 3.000295,
            "seconds": 1.0000139474868774,
            "bytes": 1249596,
            "bits_per_second": 9996628.57215417,
            "jitter_ms": 0.12748158716700245,
            "lost_packets": 0,
            "packets": 927,
            "lost_percent": 0,
            "omitted": false,
            "sender": false
          }
        },
        {
          "streams": [
            {
              "socket": 10,
              "start": 3.000295,
              "end": 4.000286,
              "seconds": 0.999990999698639,
              "bytes": 1249596,
              "bits_per_second": 9996857.974734437,
              "jitter_ms": 0.22512480158012557,
              "lost_packets": 0,
              "packets": 927,
              "lost_percent": 0,
              "omitted": false,
              "sender": false
            }
          ],
          "sum": {
            "start": 3.000295,
            "end": 4.000286,
            "seconds": 0.999990999698639,
            "bytes": 1249596,
            "bits_per_second": 9996857.974734437,
            "jitter_ms": 0.22512480158012557,
            "lost_packets": 0,
            "packets": 927,
            "lost_percent": 0,
            "omitted": false,
            "sender": false
          }
        },
        {
          "streams": [
            {
              "socket": 10,
              "start": 4.000286,
              "end": 5.000297,
              "seconds": 1.0000109672546387,
              "bytes": 1249596,
              "bits_per_second": 9996658.364102185,
              "jitter_ms": 0.02795844344265989,
              "lost_packets": 0,
              "packets": 927,
              "lost_percent": 0,
              "omitted": false,
              "sender": false
            }
          ],
          "sum": {
            "start": 4.000286,
            "end": 5.000297,
            "seconds": 1.0000109672546387,
            "bytes": 1249596,
            "bits_per_second": 9996658.364102185,
            "jitter_ms": 0.02795844344265989,
            "lost_packets": 0,
            "packets": 927,
            "lost_percent": 0,
            "omitted": false,
            "sender": false
          }
        },
        {
          "streams": [
            {
              "socket": 10,
              "start": 5.000297,
              "end": 6.000297,
              "seconds": 1,
              "bytes": 1250944,
              "bits_per_second": 10007552,
              "jitter_ms": 0.04036739203956138,
              "lost_packets": 0,
              "packets": 928,
              "lost_percent": 0,
              "omitted": false,
              "sender": false
            }
          ],
          "sum": {
            "start": 5.000297,
            "end": 6.000297,
            "seconds": 1,
            "bytes": 1250944,
            "bits_per_second": 10007552,
            "jitter_ms": 0.04036739203956138,
            "lost_packets": 0,
            "packets": 928,
            "lost_percent": 0,
            "omitted": false,
            "sender": false
          }
        },
        {
          "streams": [
            {
              "socket": 10,
              "start": 6.000297,
              "end": 7.000294,
              "seconds": 0.9999970197677612,
              "bytes": 1249596,
              "bits_per_second": 9996797.792779066,
              "jitter_ms": 0.10363640989212006,
              "lost_packets": 0,
              "packets": 927,
              "lost_percent": 0,
              "omitted": false,
              "sender": false
            }
          ],
          "sum": {
            "start": 6.000297,
            "end": 7.000294,
            "seconds": 0.9999970197677612,
            "bytes": 1249596,
            "bits_per_second": 9996797.792779066,
            "jitter_ms": 0.10363640989212006,
            "lost_packets": 0,
            "packets": 927,
            "lost_percent": 0,
            "omitted": false,
            "sender": false
          }
        },
        {
          "streams": [
            {
              "socket": 10,
              "start": 7.000294,
              "end": 8.000085,
              "seconds": 0.9997910261154175,
              "bytes": 1249596,
              "bits_per_second": 9998857.50009318,
              "jitter_ms": 0.37759882609633316,
              "lost_packets": 0,
              "packets": 927,
              "lost_percent": 0,