{
  "udp": {
    "30": {
      "start": {
        "connected": [
          {
            "socket": 10,
            "local_host": "172.17.0.2",
            "local_port": 60784,
            "remote_host": "10.100.1.102",
            "remote_port": 32201
          }
        ],
        "version": "iperf 3.12",
        "system_info": "Linux 1a9791756480 6.8.0-47-generic #47~22.04.1-Ubuntu SMP PREEMPT_DYNAMIC Wed Oct  2 16:16:55 UTC 2 x86_64",
        "timestamp": {
          "time": "Mon, 09 Dec 2024 09:01:28 GMT",
          "timesecs": 1733734888
        },
        "connecting_to": {
          "host": "api-int.edge.open5g.info",
          "port": 32201
        },
        "cookie": "ioia77rk22bcujh3mfc77fqbsyedo523se3v",
        "target_bitrate": 30000000,
        "sock_bufsize": 0,
        "sndbuf_actual": 212992,
        "rcvbuf_actual": 212992,
        "test_start": {
          "protocol": "UDP",
          "num_streams": 1,
          "blksize": 1398,
          "omit": 0,
          "duration": 10,
          "bytes": 0,
          "blocks": 0,
          "reverse": 1,
          "tos": 0,
          "target_bitrate": 30000000
        }
      },
      "intervals": [
        {
          "streams": [
            {
              "socket": 10,
              "start": 0,
              "end": 1.000115,
              "seconds": 1.0001150369644165,
              "bytes": 3645984,
              "bits_per_second": 29164517.00249536,
              "jitter_ms": 0.03538501401376454,
              "lost_packets": 0,
              "packets": 2608,
              "lost_percent": 0,
              "omitted": false,
              "sender": false
            }
          ],
          "sum": {
            "start": 0,
            "end": 1.000115,
            "seconds": 1.0001150369644165,
            "bytes": 3645984,
            "bits_per_second": 29164517.00249536,
            "jitter_ms": 0.03538501401376454,
            "lost_packets": 0,
            "packets": 2608,
            "lost_percent": 0,
            "omitted": false,
            "sender": false
          }
        },
        {
          "streams": [
            {
              "socket": 10,
              "start": 1.000115,
              "end": 2.000008,
              "seconds": 0.9998930096626282,
              "bytes": 3623616,
              "bits_per_second": 28992029.86705657,
              "jitter_ms": 0.22675897975200932,
              "lost_packets": 0,
              "packets": 2592,
              "lost_percent": 0,
              "omitted": false,
              "sender": false
            }
          ],
          "sum": {
            "start": 1.000115,
            "end": 2.000008,
            "seconds": 0.9998930096626282,
            "bytes": 3623616,
            "bits_per_second": 28992029.86705657,
            "jitter_ms": 0.22675897975200932,
            "lost_packets": 0,
            "packets": 2592,
            "lost_percent": 0,
            "omitted": false,
            "sender": false
          }
        },
        {
          "streams": [
            {
              "socket": 10,
              "start": 2.000008,
              "end": 3.000094,
              "seconds": 1.0000859498977661,
              "bytes": 3785784,
              "bits_per_second": 30283669.121735,
              "jitter_ms": 0.6270962139183972,
              "lost_packets": 0,
              "packets": 2708,
              "lost_percent": 0,
              "omitted": false,
              "sender": false
            }
          ],
          "sum": {
            "start": 2.000008,
            "end": 3.000094,
            "seconds": 1.0000859498977661,
            "bytes": 3785784,
            "bits_per_second": 30283669.121735,
            "jitter_ms": 0.6270962139183972,
            "lost_packets": 0,
            "packets": 2708,
            "lost_percent": 0,
            "omitted": false,
            "sender": false
          }
        },
        {
          "streams": [
            {
              "socket": 10,
              "start": 3.000094,
              "end": 4.000117,
              "seconds": 1.0000230073928833,
              "bytes": 3826326,
              "bits_per_second": 30609903.7459184,
              "jitter_ms": 0.01461027865659831,
              "lost_packets": 0,
              "packets": 2737,
              "lost_percent": 0,
              "omitted": false,
              "sender": false
            }
          ],
          "sum": {
            "start": 3.000094,
            "end": 4.000117,
            "seconds": 1.0000230073928833,
            "bytes": 3826326,
            "bits_per_second": 30609903.7459184,
            "jitter_ms": 0.01461027865659831,
            "lost_packets": 0,
            "packets": 2737,
            "lost_percent": 0,
            "omitted": false,
            "sender": false
          }
        },
        {
          "streams": [
            {
              "socket": 10,
              "start": 4.000117,
              "end": 5.000116,
              "seconds": 0.9999989867210388,
              "bytes": 3766212,
              "bits_per_second": 30129726.529818,
              "jitter_ms": 0.03330870048833798,
              "lost_packets": 0,
              "packets": 2694,
              "lost_percent": 0,
              "omitted": false,
              "sender": false
            }
          ],
          "sum": {
            "start": 4.000117,
            "end": 5.000116,
            "seconds": 0.9999989867210388,
            "bytes": 3766212,
            "bits_per_second": 30129726.529818,
            "jitter_ms": 0.03330870048833798,
            "lost_packets": 0,
            "packets": 2694,
            "lost_percent": 0,
            "omitted": false,
            "sender": false
          }
        },
        {
          "streams": [
            {
              "socket": 10,
              "start": 5.000116,
              "end": 6.000116,
              "seconds": 1,
              "bytes": 3673944,
              "bits_per_second": 29391552,
              "jitter_ms": 0.06494853830709413,
              "lost_packets": 0,
              "packets": 2628,
              "lost_percent": 0,
              "omitted": false,
              "sender": false
            }
          ],
          "sum": {
            "start": 5.000116,
            "end": 6.000116,
            "seconds": 1,
            "bytes": 3673944,
            "bits_per_second": 29391552,
            "jitter_ms": 0.06494853830709413,
            "lost_packets": 0,
            "packets": 2628,
            "lost_percent": 0,
            "omitted": false,
            "sender": false
          }
        },
        {
          "streams": [
            {
              "socket": 10,
              "start": 6.000116,
              "end": 7.000115,
              "seconds": 0.9999989867210388,
              "bytes": 3798366,
              "bits_per_second": 30386958.790466037,
              "jitter_ms": 0.05577106190662476,
              "lost_packets": 0,
              "packets": 2717,
              "lost_percent": 0,
              "omitted": false,
              "sender": false
            }
          ],
          "sum": {
            "start": 6.000116,
            "end": 7.000115,
            "seconds": 0.9999989867210388,
            "bytes": 3798366,
            "bits_per_second": 30386958.790466037,
            "jitter_ms": 0.05577106190662476,
            "lost_packets": 0,
            "packets": 2717,
            "lost_percent": 0,
            "omitted": false,
            "sender": false
          }
        },
        {
          "streams": [
            {
              "socket": 10,
              "start": 7.000115,
              "end": 8.000091,
              "seconds": 0.9999759793281555,
              "bytes": 3727068,
              "bits_per_second": 29817260.2306233,
              "jitter_ms": 0.08735181633628465,
              "lost_packets": 0,
              "packets": 2666,
              "lost_percent": 0,
              "omitted": false,