{
  "udp": {
    "60": {
      "start": {
        "connected": [
          {
            "socket": 10,
            "local_host": "172.17.0.2",
            "local_port": 38755,
            "remote_host": "172.20.25.101",
            "remote_port": 32201
          }
        ],
        "version": "iperf 3.12",
        "system_info": "Linux d48e9418cfa7 6.8.0-59-generic #61~22.04.1-Ubuntu SMP PREEMPT_DYNAMIC Tue Apr 15 17:03:15 UTC 2 x86_64",
        "timestamp": {
          "time": "Mon, 26 May 2025 06:31:44 GMT",
          "timesecs": 1748241104
        },
        "connecting_to": {
          "host": "api-int.tenoran.automation.otic.open6g.net",
          "port": 32201
        },
        "cookie": "ttd4iru7hphlog6fkvy2ve5obbzjtiuecovh",
        "target_bitrate": 60000000,
        "sock_bufsize": 0,
        "sndbuf_actual": 212992,
        "rcvbuf_actual": 212992,
        "test_start": {
          "protocol": "UDP",
          "num_streams": 1,
          "blksize": 1348,
          "omit": 0,
          "duration": 10,
          "bytes": 0,
          "blocks": 0,
          "reverse": 1,
          "tos": 0,
          "target_bitrate": 60000000
        }
      },
      "intervals": [
        {
          "streams": [
            {
              "socket": 10,
              "start": 0,
              "end": 1.000181,
              "seconds": 1.000180959701538,
              "bytes": 4488840,
              "bits_per_second": 35904222.7825613,
              "jitter_ms": 0.07459959745031942,
              "lost_packets": 0,
              "packets": 3330,
              "lost_percent": 0,
              "omitted": false,
              "sender": false
            }
          ],
          "sum": {
            "start": 0,
            "end": 1.000181,
            "seconds": 1.000180959701538,
            "bytes": 4488840,
            "bits_per_second": 35904222.7825613,
            "jitter_ms": 0.07459959745031942,
            "lost_packets": 0,
            "packets": 3330,
            "lost_percent": 0,
            "omitted": false,
            "sender": false
          }
        },
        {
          "streams": [
            {
              "socket": 10,
              "start": 1.000181,
              "end": 2.000083,
              "seconds": 0.9999020099639893,
              "bytes": 7926240,
              "bits_per_second": 63416134.14926895,
              "jitter_ms": 0.0876334220054177,
              "lost_packets": 85,
              "packets": 5965,
              "lost_percent": 1.4249790444258172,
              "omitted": false,
              "sender": false
            }
          ],
          "sum": {
            "start": 1.000181,
            "end": 2.000083,
            "seconds": 0.9999020099639893,
            "bytes": 7926240,
            "bits_per_second": 63416134.14926895,
            "jitter_ms": 0.0876334220054177,
            "lost_packets": 85,
            "packets": 5965,
            "lost_percent": 1.4249790444258172,
            "omitted": false,
            "sender": false
          }
        },
        {
          "streams": [
            {
              "socket": 10,
              "start": 2.000083,
              "end": 3.000109,
              "seconds": 1.000025987625122,
              "bytes": 7622940,
              "bits_per_second": 60981935.224328175,
              "jitter_ms": 0.09110540199035726,
              "lost_packets": 0,
              "packets": 5655,
              "lost_percent": 0,
              "omitted": false,
              "sender": false
            }
          ],
          "sum": {
            "start": 2.000083,
            "end": 3.000109,
            "seconds": 1.000025987625122,
            "bytes": 7622940,
            "bits_per_second": 60981935.224328175,
            "jitter_ms": 0.09110540199035726,
            "lost_packets": 0,
            "packets": 5655,
            "lost_percent": 0,
            "omitted": false,
            "sender": false
          }
        },
        {
          "streams": [
            {
              "socket": 10,
              "start": 3.000109,
              "end": 4.000104,
              "seconds": 0.999994993209839,
              "bytes": 7635072,
              "bits_per_second": 61080881.81915812,
              "jitter_ms": 0.058585632501605166,
              "lost_packets": 157,
              "packets": 5821,
              "lost_percent": 2.697131077134513,
              "omitted": false,
              "sender": false
            }
          ],
          "sum": {
            "start": 3.000109,
            "end": 4.000104,
            "seconds": 0.999994993209839,
            "bytes": 7635072,
            "bits_per_second": 61080881.81915812,
            "jitter_ms": 0.058585632501605166,
            "lost_packets": 157,
            "packets": 5821,
            "lost_percent": 2.697131077134513,
            "omitted": false,
            "sender": false
          }
        },
        {
          "streams": [
            {
              "socket": 10,
              "start": 4.000104,
              "end": 5.000107,
              "seconds": 1.0000029802322388,
              "bytes": 7908716,
              "bits_per_second": 63269539.44207882,
              "jitter_ms": 0.0707159644129484,
              "lost_packets": 6,
              "packets": 5873,
              "lost_percent": 0.10216243827686021,
              "omitted": false,
              "sender": false
            }
          ],
          "sum": {
            "start": 4.000104,
            "end": 5.000107,
            "seconds": 1.0000029802322388,
            "bytes": 7908716,
            "bits_per_second": 63269539.44207882,
            "jitter_ms": 0.0707159644129484,
            "lost_packets": 6,
            "packets": 5873,
            "lost_percent": 0.10216243827686021,
            "omitted": false,
            "sender": false
          }
        },
        {
          "streams": [
            {
              "socket": 10,
              "start": 5.000107,
              "end": 6.000087,
              "seconds": 0.9999799728393555,
              "bytes": 8128440,
              "bits_per_second": 65028822.34267158,
              "jitter_ms": 0.06766506745226196,
              "lost_packets": 79,
              "packets": 6109,
              "lost_percent": 1.293174005565559,
              "omitted": false,
              "sender": false
            }
          ],
          "sum": {
            "start": 5.000107,
            "end": 6.000087,
            "seconds": 0.9999799728393555,
            "bytes": 8128440,
            "bits_per_second": 65028822.34267158,
            "jitter_ms": 0.06766506745226196,
            "lost_packets": 79,
            "packets": 6109,
            "lost_percent": 1.293174005565559,
            "omitted": false,
            "sender": false
          }
        },
        {
          "streams": [
            {
              "socket": 10,
              "start": 6.000087,
              "end": 7.000109,
              "seconds": 1.000022053718567,
              "bytes": 7738868,
              "bits_per_second": 61909578.66357556,
              "jitter_ms": 0.08192760219439477,
              "lost_packets": 88,
              "packets": 5829,
              "lost_percent": 1.5096929147366616,
              "omitted": false,
              "sender": false
            }
          ],
          "sum": {
            "start": 6.000087,
            "end": 7.000109,
            "seconds": 1.000022053718567,
            "bytes": 7738868,
            "bits_per_second": 61909578.66357556,
            "jitter_ms": 0.08192760219439477,
            "lost_packets": 88,
            "packets": 5829,
            "lost_percent": 1.5096929147366616,
            "omitted": false,
            "sender": false
          }
        },
        {
          "streams": [
            {
              "socket": 10,
              "start": 7.000109,
              "end": 8.000113,
              "seconds": 1.0000040531158447,