{
  "udp": {
    "70": {
      "start": {
        "connected": [
          {
            "socket": 5,
            "local_host": "172.17.0.2",
            "local_port": 45188,
            "remote_host": "172.20.25.101",
            "remote_port": 32201
          }
        ],
        "version": "iperf 3.12",
        "system_info": "Linux bc5fb2bacada 6.8.0-79-generic #79~22.04.1-Ubuntu SMP PREEMPT_DYNAMIC Fri Aug 15 16:54:53 UTC 2 x86_64",
        "timestamp": {
          "time": "Tue, 28 Oct 2025 06:33:10 GMT",
          "timesecs": 1761633190
        },
        "connecting_to": {
          "host": "api-int.tenoran.automation.otic.open6g.net",
          "port": 32201
        },
        "cookie": "xbocl5rok7g57ae5qfaauxioauwihnssni5y",
        "target_bitrate": 70000000,
        "sock_bufsize": 0,
        "sndbuf_actual": 212992,
        "rcvbuf_actual": 212992,
        "test_start": {
          "protocol": "UDP",
          "num_streams": 1,
          "blksize": 1348,
          "omit": 0,
          "duration": 10,
          "bytes": 0,
          "blocks": 0,
          "reverse": 1,
          "tos": 0,
          "target_bitrate": 70000000
        }
      },
      "intervals": [
        {
          "streams": [
            {
              "socket": 5,
              "start": 0,
              "end": 1.000197,
              "seconds": 1.0001970529556274,
              "bytes": 4317644,
              "bits_per_second": 34534346.90487173,
              "jitter_ms": 0.22303931556660658,
              "lost_packets": 0,
              "packets": 3203,
              "lost_percent": 0,
              "omitted": false,
              "sender": false
            }
          ],
          "sum": {
            "start": 0,
            "end": 1.000197,
            "seconds": 1.0001970529556274,
            "bytes": 4317644,
            "bits_per_second": 34534346.90487173,
            "jitter_ms": 0.22303931556660658,
            "lost_packets": 0,
            "packets": 3203,
            "lost_percent": 0,
            "omitted": false,
            "sender": false
          }
        },
        {
          "streams": [
            {
              "socket": 5,
              "start": 1.000197,
              "end": 2.000178,
              "seconds": 0.9999809861183167,
              "bytes": 9837704,
              "bits_per_second": 78703128.4519725,
              "jitter_ms": 0.460501114979001,
              "lost_packets": 0,
              "packets": 7298,
              "lost_percent": 0,
              "omitted": false,
              "sender": false
            }
          ],
          "sum": {
            "start": 1.000197,
            "end": 2.000178,
            "seconds": 0.9999809861183167,
            "bytes": 9837704,
            "bits_per_second": 78703128.4519725,
            "jitter_ms": 0.460501114979001,
            "lost_packets": 0,
            "packets": 7298,
            "lost_percent": 0,
            "omitted": false,
            "sender": false
          }
        },
        {
          "streams": [
            {
              "socket": 5,
              "start": 2.000178,
              "end": 3.000014,
              "seconds": 0.999836027622223,
              "bytes": 10854096,
              "bits_per_second": 86847008.5104883,
              "jitter_ms": 0.17761798682902785,
              "lost_packets": 0,
              "packets": 8052,
              "lost_percent": 0,
              "omitted": false,
              "sender": false
            }
          ],
          "sum": {
            "start": 2.000178,
            "end": 3.000014,
            "seconds": 0.999836027622223,
            "bytes": 10854096,
            "bits_per_second": 86847008.5104883,
            "jitter_ms": 0.17761798682902785,
            "lost_packets": 0,
            "packets": 8052,
            "lost_percent": 0,
            "omitted": false,
            "sender": false
          }
        },
        {
          "streams": [
            {
              "socket": 5,
              "start": 3.000014,
              "end": 4.000178,
              "seconds": 1.0001640319824219,
              "bytes": 10004856,
              "bits_per_second": 80025721.22230317,
              "jitter_ms": 0.1641913442353155,
              "lost_packets": 0,
              "packets": 7422,
              "lost_percent": 0,
              "omitted": false,
              "sender": false
            }
          ],
          "sum": {
            "start": 3.000014,
            "end": 4.000178,
            "seconds": 1.0001640319824219,
            "bytes": 10004856,
            "bits_per_second": 80025721.22230317,
            "jitter_ms": 0.1641913442353155,
            "lost_packets": 0,
            "packets": 7422,
            "lost_percent": 0,
            "omitted": false,
            "sender": false
          }
        },
        {
          "streams": [
            {
              "socket": 5,
              "start": 4.000178,
              "end": 5.000178,
              "seconds": 1,
              "bytes": 8743128,
              "bits_per_second": 69945024,
              "jitter_ms": 0.15452195155065876,
              "lost_packets": 0,
              "packets": 6486,
              "lost_percent": 0,
              "omitted": false,
              "sender": false
            }
          ],
          "sum": {
            "start": 4.000178,
            "end": 5.000178,
            "seconds": 1,
            "bytes": 8743128,
            "bits_per_second": 69945024,
            "jitter_ms": 0.15452195155065876,
            "lost_packets": 0,
            "packets": 6486,
            "lost_percent": 0,
            "omitted": false,
            "sender": false
          }
        },
        {
          "streams": [
            {
              "socket": 5,
              "start": 5.000178,
              "end": 6.000163,
              "seconds": 0.9999849796295166,
              "bytes": 8752564,
              "bits_per_second": 70021563.74982935,
              "jitter_ms": 0.17895140921342081,
              "lost_packets": 0,
              "packets": 6493,
              "lost_percent": 0,
              "omitted": false,
              "sender": false
            }
          ],
          "sum": {
            "start": 5.000178,
            "end": 6.000163,
            "seconds": 0.9999849796295166,
            "bytes": 8752564,
            "bits_per_second": 70021563.74982935,
            "jitter_ms": 0.17895140921342081,
            "lost_packets": 0,
            "packets": 6493,
            "lost_percent": 0,
            "omitted": false,
            "sender": false
          }
        },
        {
          "streams": [
            {
              "socket": 5,
              "start": 6.000163,
              "end": 7.00014,
              "seconds": 0.9999769926071167,
              "bytes": 8658204,
              "bits_per_second": 69267225.65827465,
              "jitter_ms": 0.2622917774208138,
              "lost_packets": 0,
              "packets": 6423,
              "lost_percent": 0,
              "omitted": false,
              "sender": false
            }
          ],
          "sum": {
            "start": 6.000163,
            "end": 7.00014,
            "seconds": 0.9999769926071167,
            "bytes": 8658204,
            "bits_per_second": 69267225.65827465,
            "jitter_ms": 0.2622917774208138,
            "lost_packets": 0,
            "packets": 6423,
            "lost_percent": 0,
            "omitted": false,
            "sender": false
          }
        },
        {
          "streams": [
            {
              "socket": 5,
              "start": 7.00014,
              "end": 8.000201,
              "seconds": 1.00006103515625,
              "bytes": 8844228,
              "bits_per_second": 70749505.7928593,
              "jitter_ms": 0.18626159453352795,
              "lost_packets": 0,
              "packets": 6561,
              "lost_percent": 0,