{
  "udp": {
    "50": {
      "start": {
        "connected": [
          {
            "socket": 10,
            "local_host": "172.17.0.2",
            "local_port": 44925,
            "remote_host": "172.20.25.101",
            "remote_port": 32201
          }
        ],
        "version": "iperf 3.12",
        "system_info": "Linux 005b0eeea353 6.8.0-60-generic #63~22.04.1-Ubuntu SMP PREEMPT_DYNAMIC Tue Apr 22 19:00:15 UTC 2 x86_64",
        "timestamp": {
          "time": "Fri, 20 Jun 2025 06:31:44 GMT",
          "timesecs": 1750401104
        },
        "connecting_to": {
          "host": "api-int.tenoran.automation.otic.open6g.net",
          "port": 32201
        },
        "cookie": "untji5nqs6g4bzbx65a5bn54klc6xeksxshf",
        "target_bitrate": 50000000,
        "sock_bufsize": 0,
        "sndbuf_actual": 212992,
        "rcvbuf_actual": 212992,
        "test_start": {
          "protocol": "UDP",
          "num_streams": 1,
          "blksize": 1348,
          "omit": 0,
          "duration": 10,
          "bytes": 0,
          "blocks": 0,
          "reverse": 1,
          "tos": 0,
          "target_bitrate": 50000000
        }
      },
      "intervals": [
        {
          "streams": [
            {
              "socket": 10,
              "start": 0,
              "end": 1.000204,
              "seconds": 1.0002039670944214,
              "bytes": 6013428,
              "bits_per_second": 48097613.66949123,
              "jitter_ms": 0.07189430958923312,
              "lost_packets": 0,
              "packets": 4461,
              "lost_percent": 0,
              "omitted": false,
              "sender": false
            }
          ],
          "sum": {
            "start": 0,
            "end": 1.000204,
            "seconds": 1.0002039670944214,
            "bytes": 6013428,
            "bits_per_second": 48097613.66949123,
            "jitter_ms": 0.07189430958923312,
            "lost_packets": 0,
            "packets": 4461,
            "lost_percent": 0,
            "omitted": false,
            "sender": false
          }
        },
        {
          "streams": [
            {
              "socket": 10,
              "start": 1.000204,
              "end": 2.000179,
              "seconds": 0.999975025653839,
              "bytes": 6164404,
              "bits_per_second": 49316463.64643454,
              "jitter_ms": 0.03878777105755213,
              "lost_packets": 0,
              "packets": 4573,
              "lost_percent": 0,
              "omitted": false,
              "sender": false
            }
          ],
          "sum": {
            "start": 1.000204,
            "end": 2.000179,
            "seconds": 0.999975025653839,
            "bytes": 6164404,
            "bits_per_second": 49316463.64643454,
            "jitter_ms": 0.03878777105755213,
            "lost_packets": 0,
            "packets": 4573,
            "lost_percent": 0,
            "omitted": false,
            "sender": false
          }
        },
        {
          "streams": [
            {
              "socket": 10,
              "start": 2.000179,
              "end": 3.000181,
              "seconds": 1.0000020265579224,
              "bytes": 6230456,
              "bits_per_second": 49843546.98916497,
              "jitter_ms": 0.0827861205639407,
              "lost_packets": 0,
              "packets": 4622,
              "lost_percent": 0,
              "omitted": false,
              "sender": false
            }
          ],
          "sum": {
            "start": 2.000179,
            "end": 3.000181,
            "seconds": 1.0000020265579224,
            "bytes": 6230456,
            "bits_per_second": 49843546.98916497,
            "jitter_ms": 0.0827861205639407,
            "lost_packets": 0,
            "packets": 4622,
            "lost_percent": 0,
            "omitted": false,
            "sender": false
          }
        },
        {
          "streams": [
            {
              "socket": 10,
              "start": 3.000181,
              "end": 4.000182,
              "seconds": 1.0000009536743164,
              "bytes": 6266852,
              "bits_per_second": 50134768.18775922,
              "jitter_ms": 0.0401078631635761,
              "lost_packets": 0,
              "packets": 4649,
              "lost_percent": 0,
              "omitted": false,
              "sender": false
            }
          ],
          "sum": {
            "start": 3.000181,
            "end": 4.000182,
            "seconds": 1.0000009536743164,
            "bytes": 6266852,
            "bits_per_second": 50134768.18775922,
            "jitter_ms": 0.0401078631635761,
            "lost_packets": 0,
            "packets": 4649,
            "lost_percent": 0,
            "omitted": false,
            "sender": false
          }
        },
        {
          "streams": [
            {
              "socket": 10,
              "start": 4.000182,
              "end": 5.000178,
              "seconds": 0.9999960064888,
              "bytes": 6233152,
              "bits_per_second": 49865415.138093844,
              "jitter_ms": 0.049714662853107425,
              "lost_packets": 0,
              "packets": 4624,
              "lost_percent": 0,
              "omitted": false,
              "sender": false
            }
          ],
          "sum": {
            "start": 4.000182,
            "end": 5.000178,
            "seconds": 0.9999960064888,
            "bytes": 6233152,
            "bits_per_second": 49865415.138093844,
            "jitter_ms": 0.049714662853107425,
            "lost_packets": 0,
            "packets": 4624,
            "lost_percent": 0,
            "omitted": false,
            "sender": false
          }
        },
        {
          "streams": [
            {
              "socket": 10,
              "start": 5.000178,
              "end": 6.000205,
              "seconds": 1.0000269412994385,
              "bytes": 6071392,
              "bits_per_second": 48569827.46573457,
              "jitter_ms": 0.19409716326893964,
              "lost_packets": 0,
              "packets": 4504,
              "lost_percent": 0,
              "omitted": false,
              "sender": false
            }
          ],
          "sum": {
            "start": 5.000178,
            "end": 6.000205,
            "seconds": 1.0000269412994385,
            "bytes": 6071392,
            "bits_per_second": 48569827.46573457,
            "jitter_ms": 0.19409716326893964,
            "lost_packets": 0,
            "packets": 4504,
            "lost_percent": 0,
            "omitted": false,
            "sender": false
          }
        },
        {
          "streams": [
            {
              "socket": 10,
              "start": 6.000205,
              "end": 7.000147,
              "seconds": 0.9999420046806335,
              "bytes": 6434004,
              "bits_per_second": 51475017.3100683,
              "jitter_ms": 0.08213694168605426,
              "lost_packets": 0,
              "packets": 4773,
              "lost_percent": 0,
              "omitted": false,
              "sender": false
            }
          ],
          "sum": {
            "start": 6.000205,
            "end": 7.000147,
            "seconds": 0.9999420046806335,
            "bytes": 6434004,
            "bits_per_second": 51475017.3100683,
            "jitter_ms": 0.08213694168605426,
            "lost_packets": 0,
            "packets": 4773,
            "lost_percent": 0,
            "omitted": false,
            "sender": false
          }
        },
        {
          "streams": [
            {
              "socket": 10,
              "start": 7.000147,
              "end": 8.00018,
              "seconds": 1.0000330209732056,
              "bytes": 6252024,
              "bits_per_second": 50014540.471199214,
              "jitter_ms": 0.07206057176788247,
              "lost_packets": 0,