{
  "udp": {
    "20": {
      "start": {
        "connected": [
          {
            "socket": 10,
            "local_host": "172.17.0.2",
            "local_port": 45906,
            "remote_host": "10.100.1.103",
            "remote_port": 32201
          }
        ],
        "version": "iperf 3.12",
        "system_info": "Linux e8c6d0cb7ac7 6.8.0-47-generic #47~22.04.1-Ubuntu SMP PREEMPT_DYNAMIC Wed Oct  2 16:16:55 UTC 2 x86_64",
        "timestamp": {
          "time": "Tue, 03 Dec 2024 04:01:04 GMT",
          "timesecs": 1733198464
        },
        "connecting_to": {
          "host": "api-int.edge.open5g.info",
          "port": 32201
        },
        "cookie": "eea33okxl7dvuptupc5oivn6ppsztu6fpesd",
        "target_bitrate": 20000000,
        "sock_bufsize": 0,
        "sndbuf_actual": 212992,
        "rcvbuf_actual": 212992,
        "test_start": {
          "protocol": "UDP",
          "num_streams": 1,
          "blksize": 1398,
          "omit": 0,
          "duration": 10,
          "bytes": 0,
          "blocks": 0,
          "reverse": 1,
          "tos": 0,
          "target_bitrate": 20000000
        }
      },
      "intervals": [
        {
          "streams": [
            {
              "socket": 10,
              "start": 0,
              "end": 1.000145,
              "seconds": 1.0001449584960938,
              "bytes": 2503818,
              "bits_per_second": 20027640.82330595,
              "jitter_ms": 0.03415879002428894,
              "lost_packets": 0,
              "packets": 1791,
              "lost_percent": 0,
              "omitted": false,
              "sender": false
            }
          ],
          "sum": {
            "start": 0,
            "end": 1.000145,
            "seconds": 1.0001449584960938,
            "bytes": 2503818,
            "bits_per_second": 20027640.82330595,
            "jitter_ms": 0.03415879002428894,
            "lost_packets": 0,
            "packets": 1791,
            "lost_percent": 0,
            "omitted": false,
            "sender": false
          }
        },
        {
          "streams": [
            {
              "socket": 10,
              "start": 1.000145,
              "end": 2.00018,
              "seconds": 1.000035047531128,
              "bytes": 2499624,
              "bits_per_second": 19996291.17936245,
              "jitter_ms": 0.022950006529185128,
              "lost_packets": 0,
              "packets": 1788,
              "lost_percent": 0,
              "omitted": false,
              "sender": false
            }
          ],
          "sum": {
            "start": 1.000145,
            "end": 2.00018,
            "seconds": 1.000035047531128,
            "bytes": 2499624,
            "bits_per_second": 19996291.17936245,
            "jitter_ms": 0.022950006529185128,
            "lost_packets": 0,
            "packets": 1788,
            "lost_percent": 0,
            "omitted": false,
            "sender": false
          }
        },
        {
          "streams": [
            {
              "socket": 10,
              "start": 2.00018,
              "end": 3.000201,
              "seconds": 1.000020980834961,
              "bytes": 2452092,
              "bits_per_second": 19616324.43313453,
              "jitter_ms": 0.05661688282357806,
              "lost_packets": 0,
              "packets": 1754,
              "lost_percent": 0,
              "omitted": false,
              "sender": false
            }
          ],
          "sum": {
            "start": 2.00018,
            "end": 3.000201,
            "seconds": 1.000020980834961,
            "bytes": 2452092,
            "bits_per_second": 19616324.43313453,
            "jitter_ms": 0.05661688282357806,
            "lost_packets": 0,
            "packets": 1754,
            "lost_percent": 0,
            "omitted": false,
            "sender": false
          }
        },
        {
          "streams": [
            {
              "socket": 10,
              "start": 3.000201,
              "end": 4.000169,
              "seconds": 0.9999679923057556,
              "bytes": 2446500,
              "bits_per_second": 19572626.47464376,
              "jitter_ms": 0.5468537643949356,
              "lost_packets": 0,
              "packets": 1750,
              "lost_percent": 0,
              "omitted": false,
              "sender": false
            }
          ],
          "sum": {
            "start": 3.000201,
            "end": 4.000169,
            "seconds": 0.9999679923057556,
            "bytes": 2446500,
            "bits_per_second": 19572626.47464376,
            "jitter_ms": 0.5468537643949356,
            "lost_packets": 0,
            "packets": 1750,
            "lost_percent": 0,
            "omitted": false,
            "sender": false
          }
        },
        {
          "streams": [
            {
              "socket": 10,
              "start": 4.000169,
              "end": 5.000167,
              "seconds": 0.9999979734420776,
              "bytes": 2501022,
              "bits_per_second": 20008216.547809757,
              "jitter_ms": 0.5489848014668872,
              "lost_packets": 0,
              "packets": 1789,
              "lost_percent": 0,
              "omitted": false,
              "sender": false
            }
          ],
          "sum": {
            "start": 4.000169,
            "end": 5.000167,
            "seconds": 0.9999979734420776,
            "bytes": 2501022,
            "bits_per_second": 20008216.547809757,
            "jitter_ms": 0.5489848014668872,
            "lost_packets": 0,
            "packets": 1789,
            "lost_percent": 0,
            "omitted": false,
            "sender": false
          }
        },
        {
          "streams": [
            {
              "socket": 10,
              "start": 5.000167,
              "end": 6.000169,
              "seconds": 1.0000020265579224,
              "bytes": 2499624,
              "bits_per_second": 19996951.475019567,
              "jitter_ms": 0.5410743256878636,
              "lost_packets": 0,
              "packets": 1788,
              "lost_percent": 0,
              "omitted": false,
              "sender": false
            }
          ],
          "sum": {
            "start": 5.000167,
            "end": 6.000169,
            "seconds": 1.0000020265579224,
            "bytes": 2499624,
            "bits_per_second": 19996951.475019567,
            "jitter_ms": 0.5410743256878636,
            "lost_packets": 0,
            "packets": 1788,
            "lost_percent": 0,
            "omitted": false,
            "sender": false
          }
        },
        {
          "streams": [
            {
              "socket": 10,
              "start": 6.000169,
              "end": 7.000168,
              "seconds": 0.9999989867210388,
              "bytes": 2499624,
              "bits_per_second": 19997012.26255181,
              "jitter_ms": 0.5613956933799634,
              "lost_packets": 0,
              "packets": 1788,
              "lost_percent": 0,
              "omitted": false,
              "sender": false
            }
          ],
          "sum": {
            "start": 6.000169,
            "end": 7.000168,
            "seconds": 0.9999989867210388,
            "bytes": 2499624,
            "bits_per_second": 19997012.26255181,
            "jitter_ms": 0.5613956933799634,
            "lost_packets": 0,
            "packets": 1788,
            "lost_percent": 0,
            "omitted": false,
            "sender": false
          }
        },
        {
          "streams": [
            {
              "socket": 10,
              "start": 7.000168,
              "end": 8.000031,
              "seconds": 0.999863028526306,
              "bytes": 2501022,
              "bits_per_second": 20010916.92478115,
              "jitter_ms": 0.38768032100165456,
              "lost_packets": 0,
              "packets": 1789,