{
  "udp": {
    "50": {
      "start": {
        "connected": [
          {
            "socket": 10,
            "local_host": "172.17.0.2",
            "local_port": 48905,
            "remote_host": "172.20.25.101",
            "remote_port": 32201
          }
        ],
        "version": "iperf 3.12",
        "system_info": "Linux e3de4c5dabe5 6.8.0-60-generic #63~22.04.1-Ubuntu SMP PREEMPT_DYNAMIC Tue Apr 22 19:00:15 UTC 2 x86_64",
        "timestamp": {
          "time": "Mon, 23 Jun 2025 04:31:45 GMT",
          "timesecs": 1750653105
        },
        "connecting_to": {
          "host": "api-int.tenoran.automation.otic.open6g.net",
          "port": 32201
        },
        "cookie": "bestwqzcghlop3ta7hr2namj44wv6k5deyvp",
        "target_bitrate": 50000000,
        "sock_bufsize": 0,
        "sndbuf_actual": 212992,
        "rcvbuf_actual": 212992,
        "test_start": {
          "protocol": "UDP",
          "num_streams": 1,
          "blksize": 1348,
          "omit": 0,
          "duration": 10,
          "bytes": 0,
          "blocks": 0,
          "reverse": 1,
          "tos": 0,
          "target_bitrate": 50000000
        }
      },
      "intervals": [
        {
          "streams": [
            {
              "socket": 10,
              "start": 0,
              "end": 1.000013,
              "seconds": 1.000012993812561,
              "bytes": 5908284,
              "bits_per_second": 47265657.83890147,
              "jitter_ms": 0.0381536587642724,
              "lost_packets": 0,
              "packets": 4383,
              "lost_percent": 0,
              "omitted": false,
              "sender": false
            }
          ],
          "sum": {
            "start": 0,
            "end": 1.000013,
            "seconds": 1.000012993812561,
            "bytes": 5908284,
            "bits_per_second": 47265657.83890147,
            "jitter_ms": 0.0381536587642724,
            "lost_packets": 0,
            "packets": 4383,
            "lost_percent": 0,
            "omitted": false,
            "sender": false
          }
        },
        {
          "streams": [
            {
              "socket": 10,
              "start": 1.000013,
              "end": 2.000146,
              "seconds": 1.0001330375671387,
              "bytes": 6204844,
              "bits_per_second": 49632149.05963724,
              "jitter_ms": 0.0632008189797028,
              "lost_packets": 0,
              "packets": 4603,
              "lost_percent": 0,
              "omitted": false,
              "sender": false
            }
          ],
          "sum": {
            "start": 1.000013,
            "end": 2.000146,
            "seconds": 1.0001330375671387,
            "bytes": 6204844,
            "bits_per_second": 49632149.05963724,
            "jitter_ms": 0.0632008189797028,
            "lost_packets": 0,
            "packets": 4603,
            "lost_percent": 0,
            "omitted": false,
            "sender": false
          }
        },
        {
          "streams": [
            {
              "socket": 10,
              "start": 2.000146,
              "end": 3.000087,
              "seconds": 0.9999409914016724,
              "bytes": 6274940,
              "bits_per_second": 50202482.3781177,
              "jitter_ms": 0.06681306546928086,
              "lost_packets": 0,
              "packets": 4655,
              "lost_percent": 0,
              "omitted": false,
              "sender": false
            }
          ],
          "sum": {
            "start": 2.000146,
            "end": 3.000087,
            "seconds": 0.9999409914016724,
            "bytes": 6274940,
            "bits_per_second": 50202482.3781177,
            "jitter_ms": 0.06681306546928086,
            "lost_packets": 0,
            "packets": 4655,
            "lost_percent": 0,
            "omitted": false,
            "sender": false
          }
        },
        {
          "streams": [
            {
              "socket": 10,
              "start": 3.000087,
              "end": 4.000073,
              "seconds": 0.9999859929084778,
              "bytes": 6264156,
              "bits_per_second": 50113949.9506835,
              "jitter_ms": 0.06699460001704767,
              "lost_packets": 7,
              "packets": 4654,
              "lost_percent": 0.15040825096691018,
              "omitted": false,
              "sender": false
            }
          ],
          "sum": {
            "start": 3.000087,
            "end": 4.000073,
            "seconds": 0.9999859929084778,
            "bytes": 6264156,
            "bits_per_second": 50113949.9506835,
            "jitter_ms": 0.06699460001704767,
            "lost_packets": 7,
            "packets": 4654,
            "lost_percent": 0.15040825096691018,
            "omitted": false,
            "sender": false
          }
        },
        {
          "streams": [
            {
              "socket": 10,
              "start": 4.000073,
              "end": 5.00015,
              "seconds": 1.00007700920105,
              "bytes": 6206192,
              "bits_per_second": 49645712.82331993,
              "jitter_ms": 0.05874245316216235,
              "lost_packets": 0,
              "packets": 4604,
              "lost_percent": 0,
              "omitted": false,
              "sender": false
            }
          ],
          "sum": {
            "start": 4.000073,
            "end": 5.00015,
            "seconds": 1.00007700920105,
            "bytes": 6206192,
            "bits_per_second": 49645712.82331993,
            "jitter_ms": 0.05874245316216235,
            "lost_packets": 0,
            "packets": 4604,
            "lost_percent": 0,
            "omitted": false,
            "sender": false
          }
        },
        {
          "streams": [
            {
              "socket": 10,
              "start": 5.00015,
              "end": 6.00021,
              "seconds": 1.000059962272644,
              "bytes": 6245284,
              "bits_per_second": 49959276.3282517,
              "jitter_ms": 0.056266485430212974,
              "lost_packets": 1,
              "packets": 4634,
              "lost_percent": 0.02157962883038412,
              "omitted": false,
              "sender": false
            }
          ],
          "sum": {
            "start": 5.00015,
            "end": 6.00021,
            "seconds": 1.000059962272644,
            "bytes": 6245284,
            "bits_per_second": 49959276.3282517,
            "jitter_ms": 0.056266485430212974,
            "lost_packets": 1,
            "packets": 4634,
            "lost_percent": 0.02157962883038412,
            "omitted": false,
            "sender": false
          }
        },
        {
          "streams": [
            {
              "socket": 10,
              "start": 6.00021,
              "end": 7.000038,
              "seconds": 0.9998279809951782,
              "bytes": 6260112,
              "bits_per_second": 50089512.34806612,
              "jitter_ms": 0.0722775063491142,
              "lost_packets": 9,
              "packets": 4653,
              "lost_percent": 0.19342359767891681,
              "omitted": false,
              "sender": false
            }
          ],
          "sum": {
            "start": 6.00021,
            "end": 7.000038,
            "seconds": 0.9998279809951782,
            "bytes": 6260112,
            "bits_per_second": 50089512.34806612,
            "jitter_ms": 0.0722775063491142,
            "lost_packets": 9,
            "packets": 4653,
            "lost_percent": 0.19342359767891681,
            "omitted": false,
            "sender": false
          }
        },
        {
          "streams": [
            {
              "socket": 10,
              "start": 7.000038,
              "end": 8.000103,
              "seconds": 1.0000649690628052,
              "bytes": 6230456,
              "bits_per_second": 49840409.91527798,