{
  "udp": {
    "60": {
      "start": {
        "connected": [
          {
            "socket": 10,
            "local_host": "172.17.0.2",
            "local_port": 36204,
            "remote_host": "172.20.25.101",
            "remote_port": 32201
          }
        ],
        "version": "iperf 3.12",
        "system_info": "Linux 94cdbbbf5fcb 6.8.0-59-generic #61~22.04.1-Ubuntu SMP PREEMPT_DYNAMIC Tue Apr 15 17:03:15 UTC 2 x86_64",
        "timestamp": {
          "time": "Tue, 27 May 2025 06:31:48 GMT",
          "timesecs": 1748327508
        },
        "connecting_to": {
          "host": "api-int.tenoran.automation.otic.open6g.net",
          "port": 32201
        },
        "cookie": "eurwkutxeelabtgcivcnm5yl3g6sxfka4zcd",
        "target_bitrate": 60000000,
        "sock_bufsize": 0,
        "sndbuf_actual": 212992,
        "rcvbuf_actual": 212992,
        "test_start": {
          "protocol": "UDP",
          "num_streams": 1,
          "blksize": 1348,
          "omit": 0,
          "duration": 10,
          "bytes": 0,
          "blocks": 0,
          "reverse": 1,
          "tos": 0,
          "target_bitrate": 60000000
        }
      },
      "intervals": [
        {
          "streams": [
            {
              "socket": 10,
              "start": 0,
              "end": 1.000202,
              "seconds": 1.000201940536499,
              "bytes": 7147096,
              "bits_per_second": 57165224.0239915,
              "jitter_ms": 0.04082019376657566,
              "lost_packets": 34,
              "packets": 5336,
              "lost_percent": 0.6371814092953523,
              "omitted": false,
              "sender": false
            }
          ],
          "sum": {
            "start": 0,
            "end": 1.000202,
            "seconds": 1.000201940536499,
            "bytes": 7147096,
            "bits_per_second": 57165224.0239915,
            "jitter_ms": 0.04082019376657566,
            "lost_packets": 34,
            "packets": 5336,
            "lost_percent": 0.6371814092953523,
            "omitted": false,
            "sender": false
          }
        },
        {
          "streams": [
            {
              "socket": 10,
              "start": 1.000202,
              "end": 2.000199,
              "seconds": 0.9999970197677612,
              "bytes": 7213148,
              "bits_per_second": 57705355.97536223,
              "jitter_ms": 0.04246902838478375,
              "lost_packets": 193,
              "packets": 5544,
              "lost_percent": 3.481240981240981,
              "omitted": false,
              "sender": false
            }
          ],
          "sum": {
            "start": 1.000202,
            "end": 2.000199,
            "seconds": 0.9999970197677612,
            "bytes": 7213148,
            "bits_per_second": 57705355.97536223,
            "jitter_ms": 0.04246902838478375,
            "lost_packets": 193,
            "packets": 5544,
            "lost_percent": 3.481240981240981,
            "omitted": false,
            "sender": false
          }
        },
        {
          "streams": [
            {
              "socket": 10,
              "start": 2.000199,
              "end": 3.000013,
              "seconds": 0.999813973903656,
              "bytes": 7325032,
              "bits_per_second": 58611159.20514913,
              "jitter_ms": 0.3935771074121332,
              "lost_packets": 120,
              "packets": 5554,
              "lost_percent": 2.16060496939143,
              "omitted": false,
              "sender": false
            }
          ],
          "sum": {
            "start": 2.000199,
            "end": 3.000013,
            "seconds": 0.999813973903656,
            "bytes": 7325032,
            "bits_per_second": 58611159.20514913,
            "jitter_ms": 0.3935771074121332,
            "lost_packets": 120,
            "packets": 5554,
            "lost_percent": 2.16060496939143,
            "omitted": false,
            "sender": false
          }
        },
        {
          "streams": [
            {
              "socket": 10,
              "start": 3.000013,
              "end": 4.000086,
              "seconds": 1.000072956085205,
              "bytes": 7351992,
              "bits_per_second": 58811645.33259206,
              "jitter_ms": 0.5600952389402724,
              "lost_packets": 83,
              "packets": 5537,
              "lost_percent": 1.4990066823189452,
              "omitted": false,
              "sender": false
            }
          ],
          "sum": {
            "start": 3.000013,
            "end": 4.000086,
            "seconds": 1.000072956085205,
            "bytes": 7351992,
            "bits_per_second": 58811645.33259206,
            "jitter_ms": 0.5600952389402724,
            "lost_packets": 83,
            "packets": 5537,
            "lost_percent": 1.4990066823189452,
            "omitted": false,
            "sender": false
          }
        },
        {
          "streams": [
            {
              "socket": 10,
              "start": 4.000086,
              "end": 5.000203,
              "seconds": 1.0001169443130493,
              "bytes": 7583848,
              "bits_per_second": 60663689.7264779,
              "jitter_ms": 0.4143513045589143,
              "lost_packets": 0,
              "packets": 5626,
              "lost_percent": 0,
              "omitted": false,
              "sender": false
            }
          ],
          "sum": {
            "start": 4.000086,
            "end": 5.000203,
            "seconds": 1.0001169443130493,
            "bytes": 7583848,
            "bits_per_second": 60663689.7264779,
            "jitter_ms": 0.4143513045589143,
            "lost_packets": 0,
            "packets": 5626,
            "lost_percent": 0,
            "omitted": false,
            "sender": false
          }
        },
        {
          "streams": [
            {
              "socket": 10,
              "start": 5.000203,
              "end": 6.000206,
              "seconds": 1.0000029802322388,
              "bytes": 7400520,
              "bits_per_second": 59203983.55837954,
              "jitter_ms": 0.7304333366904786,
              "lost_packets": 0,
              "packets": 5490,
              "lost_percent": 0,
              "omitted": false,
              "sender": false
            }
          ],
          "sum": {
            "start": 5.000203,
            "end": 6.000206,
            "seconds": 1.0000029802322388,
            "bytes": 7400520,
            "bits_per_second": 59203983.55837954,
            "jitter_ms": 0.7304333366904786,
            "lost_packets": 0,
            "packets": 5490,
            "lost_percent": 0,
            "omitted": false,
            "sender": false
          }
        },
        {
          "streams": [
            {
              "socket": 10,
              "start": 6.000206,
              "end": 7.000192,
              "seconds": 0.9999859929084778,
              "bytes": 7597328,
              "bits_per_second": 60779475.3436738,
              "jitter_ms": 0.41615856253445366,
              "lost_packets": 0,
              "packets": 5636,
              "lost_percent": 0,
              "omitted": false,
              "sender": false
            }
          ],
          "sum": {
            "start": 6.000206,
            "end": 7.000192,
            "seconds": 0.9999859929084778,
            "bytes": 7597328,
            "bits_per_second": 60779475.3436738,
            "jitter_ms": 0.41615856253445366,
            "lost_packets": 0,
            "packets": 5636,
            "lost_percent": 0,
            "omitted": false,
            "sender": false
          }
        },
        {
          "streams": [
            {
              "socket": 10,
              "start": 7.000192,
              "end": 8.00002,
              "seconds": 0.9998279809951782,
              "bytes": 7453092,