{
  "udp": {
    "30": {
      "start": {
        "connected": [
          {
            "socket": 10,
            "local_host": "172.17.0.2",
            "local_port": 41508,
            "remote_host": "172.20.25.101",
            "remote_port": 32201
          }
        ],
        "version": "iperf 3.12",
        "system_info": "Linux 41a0e36abb03 6.8.0-60-generic #63~22.04.1-Ubuntu SMP PREEMPT_DYNAMIC Tue Apr 22 19:00:15 UTC 2 x86_64",
        "timestamp": {
          "time": "Tue, 29 Jul 2025 05:01:36 GMT",
          "timesecs": 1753765296
        },
        "connecting_to": {
          "host": "api-int.tenoran.automation.otic.open6g.net",
          "port": 32201
        },
        "cookie": "7w4uun7aztv4o3usqt7el5lo3ftxp67pdm4o",
        "target_bitrate": 30000000,
        "sock_bufsize": 0,
        "sndbuf_actual": 212992,
        "rcvbuf_actual": 212992,
        "test_start": {
          "protocol": "UDP",
          "num_streams": 1,
          "blksize": 1348,
          "omit": 0,
          "duration": 10,
          "bytes": 0,
          "blocks": 0,
          "reverse": 1,
          "tos": 0,
          "target_bitrate": 30000000
        }
      },
      "intervals": [
        {
          "streams": [
            {
              "socket": 10,
              "start": 0,
              "end": 1.000121,
              "seconds": 1.000120997428894,
              "bytes": 2977732,
              "bits_per_second": 23818973.965391293,
              "jitter_ms": 0.23936530800428474,
              "lost_packets": 0,
              "packets": 2209,
              "lost_percent": 0,
              "omitted": false,
              "sender": false
            }
          ],
          "sum": {
            "start": 0,
            "end": 1.000121,
            "seconds": 1.000120997428894,
            "bytes": 2977732,
            "bits_per_second": 23818973.965391293,
            "jitter_ms": 0.23936530800428474,
            "lost_packets": 0,
            "packets": 2209,
            "lost_percent": 0,
            "omitted": false,
            "sender": false
          }
        },
        {
          "streams": [
            {
              "socket": 10,
              "start": 1.000121,
              "end": 2.000131,
              "seconds": 1.0000100135803223,
              "bytes": 3188020,
              "bits_per_second": 25503904.61460261,
              "jitter_ms": 0.2122637515944871,
              "lost_packets": 0,
              "packets": 2365,
              "lost_percent": 0,
              "omitted": false,
              "sender": false
            }
          ],
          "sum": {
            "start": 1.000121,
            "end": 2.000131,
            "seconds": 1.0000100135803223,
            "bytes": 3188020,
            "bits_per_second": 25503904.61460261,
            "jitter_ms": 0.2122637515944871,
            "lost_packets": 0,
            "packets": 2365,
            "lost_percent": 0,
            "omitted": false,
            "sender": false
          }
        },
        {
          "streams": [
            {
              "socket": 10,
              "start": 2.000131,
              "end": 3.000105,
              "seconds": 0.999974012374878,
              "bytes": 3190716,
              "bits_per_second": 25526391.37028965,
              "jitter_ms": 6.43849379544124,
              "lost_packets": 19,
              "packets": 2386,
              "lost_percent": 0.796311818943839,
              "omitted": false,
              "sender": false
            }
          ],
          "sum": {
            "start": 2.000131,
            "end": 3.000105,
            "seconds": 0.999974012374878,
            "bytes": 3190716,
            "bits_per_second": 25526391.37028965,
            "jitter_ms": 6.43849379544124,
            "lost_packets": 19,
            "packets": 2386,
            "lost_percent": 0.796311818943839,
            "omitted": false,
            "sender": false
          }
        },
        {
          "streams": [
            {
              "socket": 10,
              "start": 3.000105,
              "end": 4.000097,
              "seconds": 0.9999920129776,
              "bytes": 3221720,
              "bits_per_second": 25773965.857242636,
              "jitter_ms": 0.2420093838793221,
              "lost_packets": 11,
              "packets": 2401,
              "lost_percent": 0.45814244064972925,
              "omitted": false,
              "sender": false
            }
          ],
          "sum": {
            "start": 3.000105,
            "end": 4.000097,
            "seconds": 0.9999920129776,
            "bytes": 3221720,
            "bits_per_second": 25773965.857242636,
            "jitter_ms": 0.2420093838793221,
            "lost_packets": 11,
            "packets": 2401,
            "lost_percent": 0.45814244064972925,
            "omitted": false,
            "sender": false
          }
        },
        {
          "streams": [
            {
              "socket": 10,
              "start": 4.000097,
              "end": 5.000122,
              "seconds": 1.0000250339508057,
              "bytes": 3179932,
              "bits_per_second": 25438819.165852446,
              "jitter_ms": 1.0851758158003328,
              "lost_packets": 0,
              "packets": 2359,
              "lost_percent": 0,
              "omitted": false,
              "sender": false
            }
          ],
          "sum": {
            "start": 4.000097,
            "end": 5.000122,
            "seconds": 1.0000250339508057,
            "bytes": 3179932,
            "bits_per_second": 25438819.165852446,
            "jitter_ms": 1.0851758158003328,
            "lost_packets": 0,
            "packets": 2359,
            "lost_percent": 0,
            "omitted": false,
            "sender": false
          }
        },
        {
          "streams": [
            {
              "socket": 10,
              "start": 5.000122,
              "end": 6.000123,
              "seconds": 1.0000009536743164,
              "bytes": 3244636,
              "bits_per_second": 25957063.245415453,
              "jitter_ms": 0.22121862002557713,
              "lost_packets": 0,
              "packets": 2407,
              "lost_percent": 0,
              "omitted": false,
              "sender": false
            }
          ],
          "sum": {
            "start": 5.000122,
            "end": 6.000123,
            "seconds": 1.0000009536743164,
            "bytes": 3244636,
            "bits_per_second": 25957063.245415453,
            "jitter_ms": 0.22121862002557713,
            "lost_packets": 0,
            "packets": 2407,
            "lost_percent": 0,
            "omitted": false,
            "sender": false
          }
        },
        {
          "streams": [
            {
              "socket": 10,
              "start": 6.000123,
              "end": 7.000108,
              "seconds": 0.9999849796295166,
              "bytes": 3147580,
              "bits_per_second": 25181018.228222936,
              "jitter_ms": 0.5986155013387413,
              "lost_packets": 0,
              "packets": 2335,
              "lost_percent": 0,
              "omitted": false,
              "sender": false
            }
          ],
          "sum": {
            "start": 6.000123,
            "end": 7.000108,
            "seconds": 0.9999849796295166,
            "bytes": 3147580,
            "bits_per_second": 25181018.228222936,
            "jitter_ms": 0.5986155013387413,
            "lost_packets": 0,
            "packets": 2335,
            "lost_percent": 0,
            "omitted": false,
            "sender": false
          }
        },
        {
          "streams": [
            {
              "socket": 10,
              "start": 7.000108,
              "end": 8.000131,
              "seconds": 1.0000230073928833,
              "bytes": 3178584,
              "bits_per_second": 25428086.9660129,