{
  "udp": {
    "10": {
      "start": {
        "connected": [
          {
            "socket": 10,
            "local_host": "172.17.0.2",
            "local_port": 54630,
            "remote_host": "10.100.1.101",
            "remote_port": 32201
          }
        ],
        "version": "iperf 3.12",
        "system_info": "Linux c608a75d1be8 6.5.0-27-generic #28~22.04.1-Ubuntu SMP PREEMPT_DYNAMIC Fri Mar 15 10:51:06 UTC 2 x86_64",
        "timestamp": {
          "time": "Mon, 01 Jul 2024 04:00:42 GMT",
          "timesecs": 1719806442
        },
        "connecting_to": {
          "host": "api-int.edge.open5g.info",
          "port": 32201
        },
        "cookie": "e75suyyuhxeh3jjwwy26zqosnul3urg25qqq",
        "target_bitrate": 10000000,
        "sock_bufsize": 0,
        "sndbuf_actual": 212992,
        "rcvbuf_actual": 212992,
        "test_start": {
          "protocol": "UDP",
          "num_streams": 1,
          "blksize": 1398,
          "omit": 0,
          "duration": 10,
          "bytes": 0,
          "blocks": 0,
          "reverse": 1,
          "tos": 0,
          "target_bitrate": 10000000
        }
      },
      "intervals": [
        {
          "streams": [
            {
              "socket": 10,
              "start": 0,
              "end": 1.000216,
              "seconds": 1.000216007232666,
              "bytes": 1251210,
              "bits_per_second": 10007518.303665372,
              "jitter_ms": 0.16993882239982652,
              "lost_packets": 0,
              "packets": 895,
              "lost_percent": 0,
              "omitted": false,
              "sender": false
            }
          ],
          "sum": {
            "start": 0,
            "end": 1.000216,
            "seconds": 1.000216007232666,
            "bytes": 1251210,
            "bits_per_second": 10007518.303665372,
            "jitter_ms": 0.16993882239982652,
            "lost_packets": 0,
            "packets": 895,
            "lost_percent": 0,
            "omitted": false,
            "sender": false
          }
        },
        {
          "streams": [
            {
              "socket": 10,
              "start": 1.000216,
              "end": 2.000183,
              "seconds": 0.9999669790267944,
              "bytes": 1249812,
              "bits_per_second": 9998826.17097108,
              "jitter_ms": 0.013277820950082182,
              "lost_packets": 0,
              "packets": 894,
              "lost_percent": 0,
              "omitted": false,
              "sender": false
            }
          ],
          "sum": {
            "start": 1.000216,
            "end": 2.000183,
            "seconds": 0.9999669790267944,
            "bytes": 1249812,
            "bits_per_second": 9998826.17097108,
            "jitter_ms": 0.013277820950082182,
            "lost_packets": 0,
            "packets": 894,
            "lost_percent": 0,
            "omitted": false,
            "sender": false
          }
        },
        {
          "streams": [
            {
              "socket": 10,
              "start": 2.000183,
              "end": 3.000295,
              "seconds": 1.0001120567321777,
              "bytes": 1251210,
              "bits_per_second": 10008558.473643634,
              "jitter_ms": 0.24284956450793174,
              "lost_packets": 0,
              "packets": 895,
              "lost_percent": 0,
              "omitted": false,
              "sender": false
            }
          ],
          "sum": {
            "start": 2.000183,
            "end": 3.000295,
            "seconds": 1.0001120567321777,
            "bytes": 1251210,
            "bits_per_second": 10008558.473643634,
            "jitter_ms": 0.24284956450793174,
            "lost_packets": 0,
            "packets": 895,
            "lost_percent": 0,
            "omitted": false,
            "sender": false
          }
        },
        {
          "streams": [
            {
              "socket": 10,
              "start": 3.000295,
              "end": 4.000213,
              "seconds": 0.999917984008789,
              "bytes": 1249812,
              "bits_per_second": 9999316.103821686,
              "jitter_ms": 0.1469412486748398,
              "lost_packets": 0,
              "packets": 894,
              "lost_percent": 0,
              "omitted": false,
              "sender": false
            }
          ],
          "sum": {
            "start": 3.000295,
            "end": 4.000213,
            "seconds": 0.999917984008789,
            "bytes": 1249812,
            "bits_per_second": 9999316.103821686,
            "jitter_ms": 0.1469412486748398,
            "lost_packets": 0,
            "packets": 894,
            "lost_percent": 0,
            "omitted": false,
            "sender": false
          }
        },
        {
          "streams": [
            {
              "socket": 10,
              "start": 4.000213,
              "end": 5.000244,
              "seconds": 1.0000309944152832,
              "bytes": 1249812,
              "bits_per_second": 9998186.112067563,
              "jitter_ms": 0.22457443589773182,
              "lost_packets": 0,
              "packets": 894,
              "lost_percent": 0,
              "omitted": false,
              "sender": false
            }
          ],
          "sum": {
            "start": 4.000213,
            "end": 5.000244,
            "seconds": 1.0000309944152832,
            "bytes": 1249812,
            "bits_per_second": 9998186.112067563,
            "jitter_ms": 0.22457443589773182,
            "lost_packets": 0,
            "packets": 894,
            "lost_percent": 0,
            "omitted": false,
            "sender": false
          }
        },
        {
          "streams": [
            {
              "socket": 10,
              "start": 5.000244,
              "end": 6.000317,
              "seconds": 1.000072956085205,
              "bytes": 1249812,
              "bits_per_second": 9997766.602087917,
              "jitter_ms": 0.0957333008662822,
              "lost_packets": 0,
              "packets": 894,
              "lost_percent": 0,
              "omitted": false,
              "sender": false
            }
          ],
          "sum": {
            "start": 5.000244,
            "end": 6.000317,
            "seconds": 1.000072956085205,
            "bytes": 1249812,
            "bits_per_second": 9997766.602087917,
            "jitter_ms": 0.0957333008662822,
            "lost_packets": 0,
            "packets": 894,
            "lost_percent": 0,
            "omitted": false,
            "sender": false
          }
        },
        {
          "streams": [
            {
              "socket": 10,
              "start": 6.000317,
              "end": 7.000317,
              "seconds": 1,
              "bytes": 1249812,
              "bits_per_second": 9998496,
              "jitter_ms": 0.32572491633697614,
              "lost_packets": 0,
              "packets": 894,
              "lost_percent": 0,
              "omitted": false,
              "sender": false
            }
          ],
          "sum": {
            "start": 6.000317,
            "end": 7.000317,
            "seconds": 1,
            "bytes": 1249812,
            "bits_per_second": 9998496,
            "jitter_ms": 0.32572491633697614,
            "lost_packets": 0,
            "packets": 894,
            "lost_percent": 0,
            "omitted": false,
            "sender": false
          }
        },
        {
          "streams": [
            {
              "socket": 10,
              "start": 7.000317,
              "end": 8.000294,
              "seconds": 0.9999769926071167,
              "bytes": 1249812,
              "bits_per_second": 9998726.04461844,
              "jitter_ms": 0.07110112715940207,
              "lost_packets": 0,
              "packets": 894,
              "lost_percent": 0,
              "omitted": false,