{
  "udp": {
    "50": {
      "start": {
        "connected": [
          {
            "socket": 10,
            "local_host": "172.17.0.2",
            "local_port": 45396,
            "remote_host": "172.20.25.101",
            "remote_port": 32201
          }
        ],
        "version": "iperf 3.12",
        "system_info": "Linux 4d959169f037 6.8.0-60-generic #63~22.04.1-Ubuntu SMP PREEMPT_DYNAMIC Tue Apr 22 19:00:15 UTC 2 x86_64",
        "timestamp": {
          "time": "Tue, 24 Jun 2025 04:31:42 GMT",
          "timesecs": 1750739502
        },
        "connecting_to": {
          "host": "api-int.tenoran.automation.otic.open6g.net",
          "port": 32201
        },
        "cookie": "jf6pdmmek6s2gru3zd2il64ud4w62sv7exyf",
        "target_bitrate": 50000000,
        "sock_bufsize": 0,
        "sndbuf_actual": 212992,
        "rcvbuf_actual": 212992,
        "test_start": {
          "protocol": "UDP",
          "num_streams": 1,
          "blksize": 1348,
          "omit": 0,
          "duration": 10,
          "bytes": 0,
          "blocks": 0,
          "reverse": 1,
          "tos": 0,
          "target_bitrate": 50000000
        }
      },
      "intervals": [
        {
          "streams": [
            {
              "socket": 10,
              "start": 0,
              "end": 1.000157,
              "seconds": 1.0001569986343384,
              "bytes": 5916372,
              "bits_per_second": 47323546.2678639,
              "jitter_ms": 0.06000947763353823,
              "lost_packets": 0,
              "packets": 4389,
              "lost_percent": 0,
              "omitted": false,
              "sender": false
            }
          ],
          "sum": {
            "start": 0,
            "end": 1.000157,
            "seconds": 1.0001569986343384,
            "bytes": 5916372,
            "bits_per_second": 47323546.2678639,
            "jitter_ms": 0.06000947763353823,
            "lost_packets": 0,
            "packets": 4389,
            "lost_percent": 0,
            "omitted": false,
            "sender": false
          }
        },
        {
          "streams": [
            {
              "socket": 10,
              "start": 1.000157,
              "end": 2.000083,
              "seconds": 0.999925971031189,
              "bytes": 6198104,
              "bits_per_second": 49588502.985740915,
              "jitter_ms": 0.3806148595822687,
              "lost_packets": 0,
              "packets": 4598,
              "lost_percent": 0,
              "omitted": false,
              "sender": false
            }
          ],
          "sum": {
            "start": 1.000157,
            "end": 2.000083,
            "seconds": 0.999925971031189,
            "bytes": 6198104,
            "bits_per_second": 49588502.985740915,
            "jitter_ms": 0.3806148595822687,
            "lost_packets": 0,
            "packets": 4598,
            "lost_percent": 0,
            "omitted": false,
            "sender": false
          }
        },
        {
          "streams": [
            {
              "socket": 10,
              "start": 2.000083,
              "end": 3.000181,
              "seconds": 1.0000979900360107,
              "bytes": 6301900,
              "bits_per_second": 50410260.2967782,
              "jitter_ms": 0.06800877081459696,
              "lost_packets": 0,
              "packets": 4675,
              "lost_percent": 0,
              "omitted": false,
              "sender": false
            }
          ],
          "sum": {
            "start": 2.000083,
            "end": 3.000181,
            "seconds": 1.0000979900360107,
            "bytes": 6301900,
            "bits_per_second": 50410260.2967782,
            "jitter_ms": 0.06800877081459696,
            "lost_packets": 0,
            "packets": 4675,
            "lost_percent": 0,
            "omitted": false,
            "sender": false
          }
        },
        {
          "streams": [
            {
              "socket": 10,
              "start": 3.000181,
              "end": 4.000015,
              "seconds": 0.9998340010643005,
              "bytes": 6039040,
              "bits_per_second": 48320341.125199415,
              "jitter_ms": 0.9426849777668688,
              "lost_packets": 0,
              "packets": 4480,
              "lost_percent": 0,
              "omitted": false,
              "sender": false
            }
          ],
          "sum": {
            "start": 3.000181,
            "end": 4.000015,
            "seconds": 0.9998340010643005,
            "bytes": 6039040,
            "bits_per_second": 48320341.125199415,
            "jitter_ms": 0.9426849777668688,
            "lost_packets": 0,
            "packets": 4480,
            "lost_percent": 0,
            "omitted": false,
            "sender": false
          }
        },
        {
          "streams": [
            {
              "socket": 10,
              "start": 4.000015,
              "end": 5.000145,
              "seconds": 1.0001300573349,
              "bytes": 6456920,
              "bits_per_second": 51648642.71517727,
              "jitter_ms": 0.057166512180300645,
              "lost_packets": 0,
              "packets": 4790,
              "lost_percent": 0,
              "omitted": false,
              "sender": false
            }
          ],
          "sum": {
            "start": 4.000015,
            "end": 5.000145,
            "seconds": 1.0001300573349,
            "bytes": 6456920,
            "bits_per_second": 51648642.71517727,
            "jitter_ms": 0.057166512180300645,
            "lost_packets": 0,
            "packets": 4790,
            "lost_percent": 0,
            "omitted": false,
            "sender": false
          }
        },
        {
          "streams": [
            {
              "socket": 10,
              "start": 5.000145,
              "end": 6.00016,
              "seconds": 1.0000150203704834,
              "bytes": 6257416,
              "bits_per_second": 50058576.10164108,
              "jitter_ms": 0.10088568179762332,
              "lost_packets": 0,
              "packets": 4642,
              "lost_percent": 0,
              "omitted": false,
              "sender": false
            }
          ],
          "sum": {
            "start": 5.000145,
            "end": 6.00016,
            "seconds": 1.0000150203704834,
            "bytes": 6257416,
            "bits_per_second": 50058576.10164108,
            "jitter_ms": 0.10088568179762332,
            "lost_packets": 0,
            "packets": 4642,
            "lost_percent": 0,
            "omitted": false,
            "sender": false
          }
        },
        {
          "streams": [
            {
              "socket": 10,
              "start": 6.00016,
              "end": 7.00018,
              "seconds": 1.0000200271606445,
              "bytes": 6239892,
              "bits_per_second": 49918136.28146561,
              "jitter_ms": 0.0624666667275174,
              "lost_packets": 0,
              "packets": 4629,
              "lost_percent": 0,
              "omitted": false,
              "sender": false
            }
          ],
          "sum": {
            "start": 6.00016,
            "end": 7.00018,
            "seconds": 1.0000200271606445,
            "bytes": 6239892,
            "bits_per_second": 49918136.28146561,
            "jitter_ms": 0.0624666667275174,
            "lost_packets": 0,
            "packets": 4629,
            "lost_percent": 0,
            "omitted": false,
            "sender": false
          }
        },
        {
          "streams": [
            {
              "socket": 10,
              "start": 7.00018,
              "end": 8.000187,
              "seconds": 1.0000070333480835,
              "bytes": 6249328,
              "bits_per_second": 49994272.37288022,
              "jitter_ms": 0.0916597423285049,
              "lost_packets": 0,
              "packets": 4636,