{
  "udp": {
    "20": {
      "start": {
        "connected": [
          {
            "socket": 10,
            "local_host": "172.17.0.2",
            "local_port": 34127,
            "remote_host": "172.20.25.101",
            "remote_port": 32201
          }
        ],
        "version": "iperf 3.12",
        "system_info": "Linux 05fd757814bd 6.8.0-60-generic #63~22.04.1-Ubuntu SMP PREEMPT_DYNAMIC Tue Apr 22 19:00:15 UTC 2 x86_64",
        "timestamp": {
          "time": "Tue, 08 Jul 2025 19:34:58 GMT",
          "timesecs": 1752003298
        },
        "connecting_to": {
          "host": "api-int.tenoran.automation.otic.open6g.net",
          "port": 32201
        },
        "cookie": "ekwmddekxkpaxeyzzs744qtkkqbzbvdfsykf",
        "target_bitrate": 20000000,
        "sock_bufsize": 0,
        "sndbuf_actual": 212992,
        "rcvbuf_actual": 212992,
        "test_start": {
          "protocol": "UDP",
          "num_streams": 1,
          "blksize": 1348,
          "omit": 0,
          "duration": 10,
          "bytes": 0,
          "blocks": 0,
          "reverse": 1,
          "tos": 0,
          "target_bitrate": 20000000
        }
      },
      "intervals": [
        {
          "streams": [
            {
              "socket": 10,
              "start": 0,
              "end": 1.000197,
              "seconds": 1.0001970529556274,
              "bytes": 2437184,
              "bits_per_second": 19493630.72245023,
              "jitter_ms": 0.06041904813314213,
              "lost_packets": 0,
              "packets": 1808,
              "lost_percent": 0,
              "omitted": false,
              "sender": false
            }
          ],
          "sum": {
            "start": 0,
            "end": 1.000197,
            "seconds": 1.0001970529556274,
            "bytes": 2437184,
            "bits_per_second": 19493630.72245023,
            "jitter_ms": 0.06041904813314213,
            "lost_packets": 0,
            "packets": 1808,
            "lost_percent": 0,
            "omitted": false,
            "sender": false
          }
        },
        {
          "streams": [
            {
              "socket": 10,
              "start": 1.000197,
              "end": 2.000204,
              "seconds": 1.0000070333480835,
              "bytes": 2485712,
              "bits_per_second": 19885556.13796185,
              "jitter_ms": 0.05943565905290142,
              "lost_packets": 0,
              "packets": 1844,
              "lost_percent": 0,
              "omitted": false,
              "sender": false
            }
          ],
          "sum": {
            "start": 1.000197,
            "end": 2.000204,
            "seconds": 1.0000070333480835,
            "bytes": 2485712,
            "bits_per_second": 19885556.13796185,
            "jitter_ms": 0.05943565905290142,
            "lost_packets": 0,
            "packets": 1844,
            "lost_percent": 0,
            "omitted": false,
            "sender": false
          }
        },
        {
          "streams": [
            {
              "socket": 10,
              "start": 2.000204,
              "end": 3.000203,
              "seconds": 0.9999989867210388,
              "bytes": 2520760,
              "bits_per_second": 20166100.4338853,
              "jitter_ms": 0.05917393560607738,
              "lost_packets": 0,
              "packets": 1870,
              "lost_percent": 0,
              "omitted": false,
              "sender": false
            }
          ],
          "sum": {
            "start": 2.000204,
            "end": 3.000203,
            "seconds": 0.9999989867210388,
            "bytes": 2520760,
            "bits_per_second": 20166100.4338853,
            "jitter_ms": 0.05917393560607738,
            "lost_packets": 0,
            "packets": 1870,
            "lost_percent": 0,
            "omitted": false,
            "sender": false
          }
        },
        {
          "streams": [
            {
              "socket": 10,
              "start": 3.000203,
              "end": 4.000209,
              "seconds": 1.0000059604644775,
              "bytes": 2514020,
              "bits_per_second": 20112040.122899275,
              "jitter_ms": 0.06840682693465674,
              "lost_packets": 0,
              "packets": 1865,
              "lost_percent": 0,
              "omitted": false,
              "sender": false
            }
          ],
          "sum": {
            "start": 3.000203,
            "end": 4.000209,
            "seconds": 1.0000059604644775,
            "bytes": 2514020,
            "bits_per_second": 20112040.122899275,
            "jitter_ms": 0.06840682693465674,
            "lost_packets": 0,
            "packets": 1865,
            "lost_percent": 0,
            "omitted": false,
            "sender": false
          }
        },
        {
          "streams": [
            {
              "socket": 10,
              "start": 4.000209,
              "end": 5.000085,
              "seconds": 0.9998760223388672,
              "bytes": 2501888,
              "bits_per_second": 20017585.73346076,
              "jitter_ms": 0.07870353346483808,
              "lost_packets": 0,
              "packets": 1856,
              "lost_percent": 0,
              "omitted": false,
              "sender": false
            }
          ],
          "sum": {
            "start": 4.000209,
            "end": 5.000085,
            "seconds": 0.9998760223388672,
            "bytes": 2501888,
            "bits_per_second": 20017585.73346076,
            "jitter_ms": 0.07870353346483808,
            "lost_packets": 0,
            "packets": 1856,
            "lost_percent": 0,
            "omitted": false,
            "sender": false
          }
        },
        {
          "streams": [
            {
              "socket": 10,
              "start": 5.000085,
              "end": 6.000207,
              "seconds": 1.0001219511032104,
              "bytes": 2441228,
              "bits_per_second": 19527442.60683122,
              "jitter_ms": 0.0318740935373985,
              "lost_packets": 19,
              "packets": 1830,
              "lost_percent": 1.0382513661202186,
              "omitted": false,
              "sender": false
            }
          ],
          "sum": {
            "start": 5.000085,
            "end": 6.000207,
            "seconds": 1.0001219511032104,
            "bytes": 2441228,
            "bits_per_second": 19527442.60683122,
            "jitter_ms": 0.0318740935373985,
            "lost_packets": 19,
            "packets": 1830,
            "lost_percent": 1.0382513661202186,
            "omitted": false,
            "sender": false
          }
        },
        {
          "streams": [
            {
              "socket": 10,
              "start": 6.000207,
              "end": 7.000205,
              "seconds": 0.9999979734420776,
              "bytes": 2496496,
              "bits_per_second": 19972008.474432,
              "jitter_ms": 0.0658090869293099,
              "lost_packets": 0,
              "packets": 1852,
              "lost_percent": 0,
              "omitted": false,
              "sender": false
            }
          ],
          "sum": {
            "start": 6.000207,
            "end": 7.000205,
            "seconds": 0.9999979734420776,
            "bytes": 2496496,
            "bits_per_second": 19972008.474432,
            "jitter_ms": 0.0658090869293099,
            "lost_packets": 0,
            "packets": 1852,
            "lost_percent": 0,
            "omitted": false,
            "sender": false
          }
        },
        {
          "streams": [
            {
              "socket": 10,
              "start": 7.000205,
              "end": 8.00007,
              "seconds": 0.9998649954795837,
              "bytes": 2559852,
              "bits_per_second": 20481581.106034588,
              "jitter_ms": 0.03859481173204491,