{
  "udp": {
    "20": {
      "start": {
        "connected": [
          {
            "socket": 9,
            "local_host": "172.17.0.2",
            "local_port": 48041,
            "remote_host": "10.100.1.101",
            "remote_port": 32201
          }
        ],
        "version": "iperf 3.12",
        "system_info": "Linux c0acd59bb790 6.2.0-36-generic #37~22.04.1-Ubuntu SMP PREEMPT_DYNAMIC Mon Oct  9 15:34:04 UTC 2 x86_64",
        "timestamp": {
          "time": "Sat, 18 Nov 2023 04:01:01 GMT",
          "timesecs": 1700280061
        },
        "connecting_to": {
          "host": "api-int.edge.open5g.info",
          "port": 32201
        },
        "cookie": "a5lkzlf5yljcfrm3ewmidw623y5hmg4zd3ks",
        "target_bitrate": 20000000,
        "sock_bufsize": 0,
        "sndbuf_actual": 212992,
        "rcvbuf_actual": 212992,
        "test_start": {
          "protocol": "UDP",
          "num_streams": 1,
          "blksize": 1398,
          "omit": 0,
          "duration": 10,
          "bytes": 0,
          "blocks": 0,
          "reverse": 1,
          "tos": 0,
          "target_bitrate": 20000000
        }
      },
      "intervals": [
        {
          "streams": [
            {
              "socket": 9,
              "start": 0,
              "end": 1.000171,
              "seconds": 1.0001709461212158,
              "bytes": 2421336,
              "bits_per_second": 19367377.22198578,
              "jitter_ms": 0.3547774985493112,
              "lost_packets": 0,
              "packets": 1732,
              "lost_percent": 0,
              "omitted": false,
              "sender": false
            }
          ],
          "sum": {
            "start": 0,
            "end": 1.000171,
            "seconds": 1.0001709461212158,
            "bytes": 2421336,
            "bits_per_second": 19367377.22198578,
            "jitter_ms": 0.3547774985493112,
            "lost_packets": 0,
            "packets": 1732,
            "lost_percent": 0,
            "omitted": false,
            "sender": false
          }
        },
        {
          "streams": [
            {
              "socket": 9,
              "start": 1.000171,
              "end": 2.000258,
              "seconds": 1.000087022781372,
              "bytes": 2582106,
              "bits_per_second": 20655050.540052623,
              "jitter_ms": 0.03825751262314012,
              "lost_packets": 0,
              "packets": 1847,
              "lost_percent": 0,
              "omitted": false,
              "sender": false
            }
          ],
          "sum": {
            "start": 1.000171,
            "end": 2.000258,
            "seconds": 1.000087022781372,
            "bytes": 2582106,
            "bits_per_second": 20655050.540052623,
            "jitter_ms": 0.03825751262314012,
            "lost_packets": 0,
            "packets": 1847,
            "lost_percent": 0,
            "omitted": false,
            "sender": false
          }
        },
        {
          "streams": [
            {
              "socket": 9,
              "start": 2.000258,
              "end": 3.000257,
              "seconds": 0.9999989867210388,
              "bytes": 2499624,
              "bits_per_second": 19997012.26255181,
              "jitter_ms": 0.23397562041016778,
              "lost_packets": 0,
              "packets": 1788,
              "lost_percent": 0,
              "omitted": false,
              "sender": false
            }
          ],
          "sum": {
            "start": 2.000258,
            "end": 3.000257,
            "seconds": 0.9999989867210388,
            "bytes": 2499624,
            "bits_per_second": 19997012.26255181,
            "jitter_ms": 0.23397562041016778,
            "lost_packets": 0,
            "packets": 1788,
            "lost_percent": 0,
            "omitted": false,
            "sender": false
          }
        },
        {
          "streams": [
            {
              "socket": 9,
              "start": 3.000257,
              "end": 4.000006,
              "seconds": 0.9997490048408508,
              "bytes": 2485644,
              "bits_per_second": 19890144.329941593,
              "jitter_ms": 0.13592276276310106,
              "lost_packets": 0,
              "packets": 1778,
              "lost_percent": 0,
              "omitted": false,
              "sender": false
            }
          ],
          "sum": {
            "start": 3.000257,
            "end": 4.000006,
            "seconds": 0.9997490048408508,
            "bytes": 2485644,
            "bits_per_second": 19890144.329941593,
            "jitter_ms": 0.13592276276310106,
            "lost_packets": 0,
            "packets": 1778,
            "lost_percent": 0,
            "omitted": false,
            "sender": false
          }
        },
        {
          "streams": [
            {
              "socket": 9,
              "start": 4.000006,
              "end": 5.000009,
              "seconds": 1.0000029802322388,
              "bytes": 2499624,
              "bits_per_second": 19996932.40449737,
              "jitter_ms": 0.13581944694161788,
              "lost_packets": 0,
              "packets": 1788,
              "lost_percent": 0,
              "omitted": false,
              "sender": false
            }
          ],
          "sum": {
            "start": 4.000006,
            "end": 5.000009,
            "seconds": 1.0000029802322388,
            "bytes": 2499624,
            "bits_per_second": 19996932.40449737,
            "jitter_ms": 0.13581944694161788,
            "lost_packets": 0,
            "packets": 1788,
            "lost_percent": 0,
            "omitted": false,
            "sender": false
          }
        },
        {
          "streams": [
            {
              "socket": 9,
              "start": 5.000009,
              "end": 6.000259,
              "seconds": 1.000249981880188,
              "bytes": 2515002,
              "bits_per_second": 20114987.6175754,
              "jitter_ms": 0.02704768490741783,
              "lost_packets": 0,
              "packets": 1799,
              "lost_percent": 0,
              "omitted": false,
              "sender": false
            }
          ],
          "sum": {
            "start": 5.000009,
            "end": 6.000259,
            "seconds": 1.000249981880188,
            "bytes": 2515002,
            "bits_per_second": 20114987.6175754,
            "jitter_ms": 0.02704768490741783,
            "lost_packets": 0,
            "packets": 1799,
            "lost_percent": 0,
            "omitted": false,
            "sender": false
          }
        },
        {
          "streams": [
            {
              "socket": 9,
              "start": 6.000259,
              "end": 7.000261,
              "seconds": 1.0000020265579224,
              "bytes": 2499624,
              "bits_per_second": 19996951.475019567,
              "jitter_ms": 0.231642292719393,
              "lost_packets": 0,
              "packets": 1788,
              "lost_percent": 0,
              "omitted": false,
              "sender": false
            }
          ],
          "sum": {
            "start": 6.000259,
            "end": 7.000261,
            "seconds": 1.0000020265579224,
            "bytes": 2499624,
            "bits_per_second": 19996951.475019567,
            "jitter_ms": 0.231642292719393,
            "lost_packets": 0,
            "packets": 1788,
            "lost_percent": 0,
            "omitted": false,
            "sender": false
          }
        },
        {
          "streams": [
            {
              "socket": 9,
              "start": 7.000261,
              "end": 8.000228,
              "seconds": 0.9999669790267944,
              "bytes": 2466072,
              "bits_per_second": 19729227.47829193,
              "jitter_ms": 0.04177777049954524,
              "lost_packets": 1,
              "packets": 1765,