{
  "udp": {
    "30": {
      "start": {
        "connected": [
          {
            "socket": 10,
            "local_host": "172.17.0.2",
            "local_port": 43321,
            "remote_host": "10.100.1.102",
            "remote_port": 32201
          }
        ],
        "version": "iperf 3.12",
        "system_info": "Linux 1308f2224d4c 6.5.0-27-generic #28~22.04.1-Ubuntu SMP PREEMPT_DYNAMIC Fri Mar 15 10:51:06 UTC 2 x86_64",
        "timestamp": {
          "time": "Wed, 07 Aug 2024 10:01:46 GMT",
          "timesecs": 1723024906
        },
        "connecting_to": {
          "host": "api-int.edge.open5g.info",
          "port": 32201
        },
        "cookie": "anrz72ovota5u7qm7bilgewvjiou3qwlrovb",
        "target_bitrate": 30000000,
        "sock_bufsize": 0,
        "sndbuf_actual": 212992,
        "rcvbuf_actual": 212992,
        "test_start": {
          "protocol": "UDP",
          "num_streams": 1,
          "blksize": 1398,
          "omit": 0,
          "duration": 10,
          "bytes": 0,
          "blocks": 0,
          "reverse": 1,
          "tos": 0,
          "target_bitrate": 30000000
        }
      },
      "intervals": [
        {
          "streams": [
            {
              "socket": 10,
              "start": 0,
              "end": 1.000214,
              "seconds": 1.0002139806747437,
              "bytes": 3755028,
              "bits_per_second": 30033797.34777841,
              "jitter_ms": 0.08271538519805964,
              "lost_packets": 0,
              "packets": 2686,
              "lost_percent": 0,
              "omitted": false,
              "sender": false
            }
          ],
          "sum": {
            "start": 0,
            "end": 1.000214,
            "seconds": 1.0002139806747437,
            "bytes": 3755028,
            "bits_per_second": 30033797.34777841,
            "jitter_ms": 0.08271538519805964,
            "lost_packets": 0,
            "packets": 2686,
            "lost_percent": 0,
            "omitted": false,
            "sender": false
          }
        },
        {
          "streams": [
            {
              "socket": 10,
              "start": 1.000214,
              "end": 2.000203,
              "seconds": 0.9999889731407166,
              "bytes": 3750834,
              "bits_per_second": 30007002.88299831,
              "jitter_ms": 0.009483261272143844,
              "lost_packets": 0,
              "packets": 2683,
              "lost_percent": 0,
              "omitted": false,
              "sender": false
            }
          ],
          "sum": {
            "start": 1.000214,
            "end": 2.000203,
            "seconds": 0.9999889731407166,
            "bytes": 3750834,
            "bits_per_second": 30007002.88299831,
            "jitter_ms": 0.009483261272143844,
            "lost_packets": 0,
            "packets": 2683,
            "lost_percent": 0,
            "omitted": false,
            "sender": false
          }
        },
        {
          "streams": [
            {
              "socket": 10,
              "start": 2.000203,
              "end": 3.000296,
              "seconds": 1.0000929832458496,
              "bytes": 3749436,
              "bits_per_second": 29992699.181478314,
              "jitter_ms": 0.00876692999432038,
              "lost_packets": 0,
              "packets": 2682,
              "lost_percent": 0,
              "omitted": false,
              "sender": false
            }
          ],
          "sum": {
            "start": 2.000203,
            "end": 3.000296,
            "seconds": 1.0000929832458496,
            "bytes": 3749436,
            "bits_per_second": 29992699.181478314,
            "jitter_ms": 0.00876692999432038,
            "lost_packets": 0,
            "packets": 2682,
            "lost_percent": 0,
            "omitted": false,
            "sender": false
          }
        },
        {
          "streams": [
            {
              "socket": 10,
              "start": 3.000296,
              "end": 4.000283,
              "seconds": 0.999987006187439,
              "bytes": 3750834,
              "bits_per_second": 30007061.906137917,
              "jitter_ms": 0.007831310691300376,
              "lost_packets": 0,
              "packets": 2683,
              "lost_percent": 0,
              "omitted": false,
              "sender": false
            }
          ],
          "sum": {
            "start": 3.000296,
            "end": 4.000283,
            "seconds": 0.999987006187439,
            "bytes": 3750834,
            "bits_per_second": 30007061.906137917,
            "jitter_ms": 0.007831310691300376,
            "lost_packets": 0,
            "packets": 2683,
            "lost_percent": 0,
            "omitted": false,
            "sender": false
          }
        },
        {
          "streams": [
            {
              "socket": 10,
              "start": 4.000283,
              "end": 5.000213,
              "seconds": 0.9999300241470337,
              "bytes": 3643188,
              "bits_per_second": 29147543.624226976,
              "jitter_ms": 0.02823320069146583,
              "lost_packets": 0,
              "packets": 2606,
              "lost_percent": 0,
              "omitted": false,
              "sender": false
            }
          ],
          "sum": {
            "start": 4.000283,
            "end": 5.000213,
            "seconds": 0.9999300241470337,
            "bytes": 3643188,
            "bits_per_second": 29147543.624226976,
            "jitter_ms": 0.02823320069146583,
            "lost_packets": 0,
            "packets": 2606,
            "lost_percent": 0,
            "omitted": false,
            "sender": false
          }
        },
        {
          "streams": [
            {
              "socket": 10,
              "start": 5.000213,
              "end": 6.000278,
              "seconds": 1.0000649690628052,
              "bytes": 3857082,
              "bits_per_second": 30854651.402215216,
              "jitter_ms": 0.11701534694118677,
              "lost_packets": 0,
              "packets": 2759,
              "lost_percent": 0,
              "omitted": false,
              "sender": false
            }
          ],
          "sum": {
            "start": 5.000213,
            "end": 6.000278,
            "seconds": 1.0000649690628052,
            "bytes": 3857082,
            "bits_per_second": 30854651.402215216,
            "jitter_ms": 0.11701534694118677,
            "lost_packets": 0,
            "packets": 2759,
            "lost_percent": 0,
            "omitted": false,
            "sender": false
          }
        },
        {
          "streams": [
            {
              "socket": 10,
              "start": 6.000278,
              "end": 7.000194,
              "seconds": 0.9999160170555115,
              "bytes": 3749436,
              "bits_per_second": 29998007.3209836,
              "jitter_ms": 0.0385531749162533,
              "lost_packets": 0,
              "packets": 2682,
              "lost_percent": 0,
              "omitted": false,
              "sender": false
            }
          ],
          "sum": {
            "start": 6.000278,
            "end": 7.000194,
            "seconds": 0.9999160170555115,
            "bytes": 3749436,
            "bits_per_second": 29998007.3209836,
            "jitter_ms": 0.0385531749162533,
            "lost_packets": 0,
            "packets": 2682,
            "lost_percent": 0,
            "omitted": false,
            "sender": false
          }
        },
        {
          "streams": [
            {
              "socket": 10,
              "start": 7.000194,
              "end": 8.000278,
              "seconds": 1.0000840425491333,
              "bytes": 3640392,
              "bits_per_second": 29120688.6230956,
              "jitter_ms": 0.01275880427596425,
              "lost_packets": 4,
              "packets": 2608,