{
  "udp": {
    "10": {
      "start": {
        "connected": [
          {
            "socket": 5,
            "local_host": "172.17.0.2",
            "local_port": 40636,
            "remote_host": "172.20.25.101",
            "remote_port": 32201
          }
        ],
        "version": "iperf 3.12",
        "system_info": "Linux 36ef74c5b1fd 6.8.0-87-generic #88~22.04.1-Ubuntu SMP PREEMPT_DYNAMIC Tue Oct 14 14:03:14 UTC 2 x86_64",
        "timestamp": {
          "time": "Sun, 07 Dec 2025 06:01:53 GMT",
          "timesecs": 1765087313
        },
        "connecting_to": {
          "host": "api-int.tenoran.automation.otic.open6g.net",
          "port": 32201
        },
        "cookie": "2tcygdin5jpriaoo53cbz3rcujyec4afjvqr",
        "target_bitrate": 10000000,
        "sock_bufsize": 0,
        "sndbuf_actual": 212992,
        "rcvbuf_actual": 212992,
        "test_start": {
          "protocol": "UDP",
          "num_streams": 1,
          "blksize": 1348,
          "omit": 0,
          "duration": 10,
          "bytes": 0,
          "blocks": 0,
          "reverse": 1,
          "tos": 0,
          "target_bitrate": 10000000
        }
      },
      "intervals": [
        {
          "streams": [
            {
              "socket": 5,
              "start": 0,
              "end": 1.000231,
              "seconds": 1.0002310276031494,
              "bytes": 1256336,
              "bits_per_second": 10048366.549960395,
              "jitter_ms": 1.69652823706329,
              "lost_packets": 0,
              "packets": 932,
              "lost_percent": 0,
              "omitted": false,
              "sender": false
            }
          ],
          "sum": {
            "start": 0,
            "end": 1.000231,
            "seconds": 1.0002310276031494,
            "bytes": 1256336,
            "bits_per_second": 10048366.549960395,
            "jitter_ms": 1.69652823706329,
            "lost_packets": 0,
            "packets": 932,
            "lost_percent": 0,
            "omitted": false,
            "sender": false
          }
        },
        {
          "streams": [
            {
              "socket": 5,
              "start": 1.000231,
              "end": 2.000297,
              "seconds": 1.0000660419464111,
              "bytes": 1244204,
              "bits_per_second": 9952974.686179144,
              "jitter_ms": 1.6102528884899634,
              "lost_packets": 0,
              "packets": 923,
              "lost_percent": 0,
              "omitted": false,
              "sender": false
            }
          ],
          "sum": {
            "start": 1.000231,
            "end": 2.000297,
            "seconds": 1.0000660419464111,
            "bytes": 1244204,
            "bits_per_second": 9952974.686179144,
            "jitter_ms": 1.6102528884899634,
            "lost_packets": 0,
            "packets": 923,
            "lost_percent": 0,
            "omitted": false,
            "sender": false
          }
        },
        {
          "streams": [
            {
              "socket": 5,
              "start": 2.000297,
              "end": 3.000212,
              "seconds": 0.9999150037765503,
              "bytes": 1259032,
              "bits_per_second": 10073112.176493388,
              "jitter_ms": 1.6183366101721732,
              "lost_packets": 0,
              "packets": 934,
              "lost_percent": 0,
              "omitted": false,
              "sender": false
            }
          ],
          "sum": {
            "start": 2.000297,
            "end": 3.000212,
            "seconds": 0.9999150037765503,
            "bytes": 1259032,
            "bits_per_second": 10073112.176493388,
            "jitter_ms": 1.6183366101721732,
            "lost_packets": 0,
            "packets": 934,
            "lost_percent": 0,
            "omitted": false,
            "sender": false
          }
        },
        {
          "streams": [
            {
              "socket": 5,
              "start": 3.000212,
              "end": 4.00018,
              "seconds": 0.9999679923057556,
              "bytes": 1249596,
              "bits_per_second": 9997087.98373552,
              "jitter_ms": 1.6752166463306568,
              "lost_packets": 0,
              "packets": 927,
              "lost_percent": 0,
              "omitted": false,
              "sender": false
            }
          ],
          "sum": {
            "start": 3.000212,
            "end": 4.00018,
            "seconds": 0.9999679923057556,
            "bytes": 1249596,
            "bits_per_second": 9997087.98373552,
            "jitter_ms": 1.6752166463306568,
            "lost_packets": 0,
            "packets": 927,
            "lost_percent": 0,
            "omitted": false,
            "sender": false
          }
        },
        {
          "streams": [
            {
              "socket": 5,
              "start": 4.00018,
              "end": 5.000212,
              "seconds": 1.0000319480895996,
              "bytes": 1244204,
              "bits_per_second": 9953314.010632176,
              "jitter_ms": 1.5446788976712735,
              "lost_packets": 0,
              "packets": 923,
              "lost_percent": 0,
              "omitted": false,
              "sender": false
            }
          ],
          "sum": {
            "start": 4.00018,
            "end": 5.000212,
            "seconds": 1.0000319480895996,
            "bytes": 1244204,
            "bits_per_second": 9953314.010632176,
            "jitter_ms": 1.5446788976712735,
            "lost_packets": 0,
            "packets": 923,
            "lost_percent": 0,
            "omitted": false,
            "sender": false
          }
        },
        {
          "streams": [
            {
              "socket": 5,
              "start": 5.000212,
              "end": 6.000022,
              "seconds": 0.999809980392456,
              "bytes": 1250944,
              "bits_per_second": 10009453.992519388,
              "jitter_ms": 1.7955206051376336,
              "lost_packets": 0,
              "packets": 928,
              "lost_percent": 0,
              "omitted": false,
              "sender": false
            }
          ],
          "sum": {
            "start": 5.000212,
            "end": 6.000022,
            "seconds": 0.999809980392456,
            "bytes": 1250944,
            "bits_per_second": 10009453.992519388,
            "jitter_ms": 1.7955206051376336,
            "lost_packets": 0,
            "packets": 928,
            "lost_percent": 0,
            "omitted": false,
            "sender": false
          }
        },
        {
          "streams": [
            {
              "socket": 5,
              "start": 6.000022,
              "end": 7.000221,
              "seconds": 1.00019896030426,
              "bytes": 1254988,
              "bits_per_second": 10037906.854997994,
              "jitter_ms": 1.634368289692826,
              "lost_packets": 0,
              "packets": 931,
              "lost_percent": 0,
              "omitted": false,
              "sender": false
            }
          ],
          "sum": {
            "start": 6.000022,
            "end": 7.000221,
            "seconds": 1.00019896030426,
            "bytes": 1254988,
            "bits_per_second": 10037906.854997994,
            "jitter_ms": 1.634368289692826,
            "lost_packets": 0,
            "packets": 931,
            "lost_percent": 0,
            "omitted": false,
            "sender": false
          }
        },
        {
          "streams": [
            {
              "socket": 5,
              "start": 7.000221,
              "end": 8.000216,
              "seconds": 0.999994993209839,
              "bytes": 1238812,
              "bits_per_second": 9910545.6200223,
              "jitter_ms": 1.8891112538654484,
              "lost_packets": 0,
              "packets": 919,
              "lost_percent": 0,