{
  "udp": {
    "30": {
      "start": {
        "connected": [
          {
            "socket": 10,
            "local_host": "172.17.0.2",
            "local_port": 55133,
            "remote_host": "10.100.1.103",
            "remote_port": 32201
          }
        ],
        "version": "iperf 3.12",
        "system_info": "Linux bd07c95ee96f 6.8.0-47-generic #47~22.04.1-Ubuntu SMP PREEMPT_DYNAMIC Wed Oct  2 16:16:55 UTC 2 x86_64",
        "timestamp": {
          "time": "Thu, 07 Nov 2024 04:02:10 GMT",
          "timesecs": 1730952130
        },
        "connecting_to": {
          "host": "api-int.edge.open5g.info",
          "port": 32201
        },
        "cookie": "vhbt4mu5rykp5a5zitv7sp5ef6no5hwnmqhx",
        "target_bitrate": 30000000,
        "sock_bufsize": 0,
        "sndbuf_actual": 212992,
        "rcvbuf_actual": 212992,
        "test_start": {
          "protocol": "UDP",
          "num_streams": 1,
          "blksize": 1398,
          "omit": 0,
          "duration": 10,
          "bytes": 0,
          "blocks": 0,
          "reverse": 1,
          "tos": 0,
          "target_bitrate": 30000000
        }
      },
      "intervals": [
        {
          "streams": [
            {
              "socket": 10,
              "start": 0,
              "end": 1.000171,
              "seconds": 1.0001709461212158,
              "bytes": 3755028,
              "bits_per_second": 30035089.617929444,
              "jitter_ms": 0.26952170725234714,
              "lost_packets": 0,
              "packets": 2686,
              "lost_percent": 0,
              "omitted": false,
              "sender": false
            }
          ],
          "sum": {
            "start": 0,
            "end": 1.000171,
            "seconds": 1.0001709461212158,
            "bytes": 3755028,
            "bits_per_second": 30035089.617929444,
            "jitter_ms": 0.26952170725234714,
            "lost_packets": 0,
            "packets": 2686,
            "lost_percent": 0,
            "omitted": false,
            "sender": false
          }
        },
        {
          "streams": [
            {
              "socket": 10,
              "start": 1.000171,
              "end": 2.000277,
              "seconds": 1.0001059770584106,
              "bytes": 3748038,
              "bits_per_second": 29981126.68838573,
              "jitter_ms": 0.1627231109378606,
              "lost_packets": 2,
              "packets": 2683,
              "lost_percent": 0.07454342154304883,
              "omitted": false,
              "sender": false
            }
          ],
          "sum": {
            "start": 1.000171,
            "end": 2.000277,
            "seconds": 1.0001059770584106,
            "bytes": 3748038,
            "bits_per_second": 29981126.68838573,
            "jitter_ms": 0.1627231109378606,
            "lost_packets": 2,
            "packets": 2683,
            "lost_percent": 0.07454342154304883,
            "omitted": false,
            "sender": false
          }
        },
        {
          "streams": [
            {
              "socket": 10,
              "start": 2.000277,
              "end": 3.000274,
              "seconds": 0.9999970197677612,
              "bytes": 3749436,
              "bits_per_second": 29995577.39378677,
              "jitter_ms": 0.0948894876866498,
              "lost_packets": 0,
              "packets": 2682,
              "lost_percent": 0,
              "omitted": false,
              "sender": false
            }
          ],
          "sum": {
            "start": 2.000277,
            "end": 3.000274,
            "seconds": 0.9999970197677612,
            "bytes": 3749436,
            "bits_per_second": 29995577.39378677,
            "jitter_ms": 0.0948894876866498,
            "lost_packets": 0,
            "packets": 2682,
            "lost_percent": 0,
            "omitted": false,
            "sender": false
          }
        },
        {
          "streams": [
            {
              "socket": 10,
              "start": 3.000274,
              "end": 4.000255,
              "seconds": 0.9999809861183167,
              "bytes": 3597054,
              "bits_per_second": 28776979.16207699,
              "jitter_ms": 0.033156349573775744,
              "lost_packets": 110,
              "packets": 2683,
              "lost_percent": 4.099888184867686,
              "omitted": false,
              "sender": false
            }
          ],
          "sum": {
            "start": 3.000274,
            "end": 4.000255,
            "seconds": 0.9999809861183167,
            "bytes": 3597054,
            "bits_per_second": 28776979.16207699,
            "jitter_ms": 0.033156349573775744,
            "lost_packets": 110,
            "packets": 2683,
            "lost_percent": 4.099888184867686,
            "omitted": false,
            "sender": false
          }
        },
        {
          "streams": [
            {
              "socket": 10,
              "start": 4.000255,
              "end": 5.000123,
              "seconds": 0.9998679757118225,
              "bytes": 3732660,
              "bits_per_second": 29865222.934799228,
              "jitter_ms": 0.17453657671088324,
              "lost_packets": 12,
              "packets": 2682,
              "lost_percent": 0.447427293064877,
              "omitted": false,
              "sender": false
            }
          ],
          "sum": {
            "start": 4.000255,
            "end": 5.000123,
            "seconds": 0.9998679757118225,
            "bytes": 3732660,
            "bits_per_second": 29865222.934799228,
            "jitter_ms": 0.17453657671088324,
            "lost_packets": 12,
            "packets": 2682,
            "lost_percent": 0.447427293064877,
            "omitted": false,
            "sender": false
          }
        },
        {
          "streams": [
            {
              "socket": 10,
              "start": 5.000123,
              "end": 6.000099,
              "seconds": 0.9999759793281555,
              "bytes": 3735456,
              "bits_per_second": 29884365.842545185,
              "jitter_ms": 0.06654039209357715,
              "lost_packets": 12,
              "packets": 2684,
              "lost_percent": 0.44709388971684055,
              "omitted": false,
              "sender": false
            }
          ],
          "sum": {
            "start": 5.000123,
            "end": 6.000099,
            "seconds": 0.9999759793281555,
            "bytes": 3735456,
            "bits_per_second": 29884365.842545185,
            "jitter_ms": 0.06654039209357715,
            "lost_packets": 12,
            "packets": 2684,
            "lost_percent": 0.44709388971684055,
            "omitted": false,
            "sender": false
          }
        },
        {
          "streams": [
            {
              "socket": 10,
              "start": 6.000099,
              "end": 7.000278,
              "seconds": 1.0001790523529053,
              "bytes": 3748038,
              "bits_per_second": 29978936.200935625,
              "jitter_ms": 0.032935744146302376,
              "lost_packets": 0,
              "packets": 2681,
              "lost_percent": 0,
              "omitted": false,
              "sender": false
            }
          ],
          "sum": {
            "start": 6.000099,
            "end": 7.000278,
            "seconds": 1.0001790523529053,
            "bytes": 3748038,
            "bits_per_second": 29978936.200935625,
            "jitter_ms": 0.032935744146302376,
            "lost_packets": 0,
            "packets": 2681,
            "lost_percent": 0,
            "omitted": false,
            "sender": false
          }
        },
        {
          "streams": [
            {
              "socket": 10,
              "start": 7.000278,
              "end": 8.000288,
              "seconds": 1.0000100135803223,
              "bytes": 3749436,