{
  "udp": {
    "20": {
      "start": {
        "connected": [
          {
            "socket": 5,
            "local_host": "172.17.0.2",
            "local_port": 33535,
            "remote_host": "172.20.25.101",
            "remote_port": 32201
          }
        ],
        "version": "iperf 3.12",
        "system_info": "Linux 7d95e99f3493 6.8.0-87-generic #88~22.04.1-Ubuntu SMP PREEMPT_DYNAMIC Tue Oct 14 14:03:14 UTC 2 x86_64",
        "timestamp": {
          "time": "Wed, 17 Dec 2025 07:32:05 GMT",
          "timesecs": 1765956725
        },
        "connecting_to": {
          "host": "api-int.tenoran.automation.otic.open6g.net",
          "port": 32201
        },
        "cookie": "3uod3pukbdjc5iuh3wta3viywnvfx7pkhgnw",
        "target_bitrate": 20000000,
        "sock_bufsize": 0,
        "sndbuf_actual": 212992,
        "rcvbuf_actual": 212992,
        "test_start": {
          "protocol": "UDP",
          "num_streams": 1,
          "blksize": 1348,
          "omit": 0,
          "duration": 10,
          "bytes": 0,
          "blocks": 0,
          "reverse": 1,
          "tos": 0,
          "target_bitrate": 20000000
        }
      },
      "intervals": [
        {
          "streams": [
            {
              "socket": 5,
              "start": 0,
              "end": 1.0002,
              "seconds": 1.0002000331878662,
              "bytes": 2465492,
              "bits_per_second": 19719991.34726611,
              "jitter_ms": 0.871155109988918,
              "lost_packets": 0,
              "packets": 1829,
              "lost_percent": 0,
              "omitted": false,
              "sender": false
            }
          ],
          "sum": {
            "start": 0,
            "end": 1.0002,
            "seconds": 1.0002000331878662,
            "bytes": 2465492,
            "bits_per_second": 19719991.34726611,
            "jitter_ms": 0.871155109988918,
            "lost_packets": 0,
            "packets": 1829,
            "lost_percent": 0,
            "omitted": false,
            "sender": false
          }
        },
        {
          "streams": [
            {
              "socket": 5,
              "start": 1.0002,
              "end": 2.000171,
              "seconds": 0.9999709725379944,
              "bytes": 2530196,
              "bits_per_second": 20242155.578401964,
              "jitter_ms": 0.8203543328494132,
              "lost_packets": 0,
              "packets": 1877,
              "lost_percent": 0,
              "omitted": false,
              "sender": false
            }
          ],
          "sum": {
            "start": 1.0002,
            "end": 2.000171,
            "seconds": 0.9999709725379944,
            "bytes": 2530196,
            "bits_per_second": 20242155.578401964,
            "jitter_ms": 0.8203543328494132,
            "lost_packets": 0,
            "packets": 1877,
            "lost_percent": 0,
            "omitted": false,
            "sender": false
          }
        },
        {
          "streams": [
            {
              "socket": 5,
              "start": 2.000171,
              "end": 3.000149,
              "seconds": 0.999978005886078,
              "bytes": 2500540,
              "bits_per_second": 20004759.986970138,
              "jitter_ms": 0.756707029459674,
              "lost_packets": 0,
              "packets": 1855,
              "lost_percent": 0,
              "omitted": false,
              "sender": false
            }
          ],
          "sum": {
            "start": 2.000171,
            "end": 3.000149,
            "seconds": 0.999978005886078,
            "bytes": 2500540,
            "bits_per_second": 20004759.986970138,
            "jitter_ms": 0.756707029459674,
            "lost_packets": 0,
            "packets": 1855,
            "lost_percent": 0,
            "omitted": false,
            "sender": false
          }
        },
        {
          "streams": [
            {
              "socket": 5,
              "start": 3.000149,
              "end": 4.000174,
              "seconds": 1.0000250339508057,
              "bytes": 2492452,
              "bits_per_second": 19939116.84512979,
              "jitter_ms": 0.7232679363585972,
              "lost_packets": 0,
              "packets": 1849,
              "lost_percent": 0,
              "omitted": false,
              "sender": false
            }
          ],
          "sum": {
            "start": 3.000149,
            "end": 4.000174,
            "seconds": 1.0000250339508057,
            "bytes": 2492452,
            "bits_per_second": 19939116.84512979,
            "jitter_ms": 0.7232679363585972,
            "lost_packets": 0,
            "packets": 1849,
            "lost_percent": 0,
            "omitted": false,
            "sender": false
          }
        },
        {
          "streams": [
            {
              "socket": 5,
              "start": 4.000174,
              "end": 5.00008,
              "seconds": 0.9999060034751892,
              "bytes": 2492452,
              "bits_per_second": 19941490.430800043,
              "jitter_ms": 0.73672521150796,
              "lost_packets": 0,
              "packets": 1849,
              "lost_percent": 0,
              "omitted": false,
              "sender": false
            }
          ],
          "sum": {
            "start": 4.000174,
            "end": 5.00008,
            "seconds": 0.9999060034751892,
            "bytes": 2492452,
            "bits_per_second": 19941490.430800043,
            "jitter_ms": 0.73672521150796,
            "lost_packets": 0,
            "packets": 1849,
            "lost_percent": 0,
            "omitted": false,
            "sender": false
          }
        },
        {
          "streams": [
            {
              "socket": 5,
              "start": 5.00008,
              "end": 6.000175,
              "seconds": 1.000095009803772,
              "bytes": 2515368,
              "bits_per_second": 20121032.304669045,
              "jitter_ms": 0.751802990214403,
              "lost_packets": 0,
              "packets": 1866,
              "lost_percent": 0,
              "omitted": false,
              "sender": false
            }
          ],
          "sum": {
            "start": 5.00008,
            "end": 6.000175,
            "seconds": 1.000095009803772,
            "bytes": 2515368,
            "bits_per_second": 20121032.304669045,
            "jitter_ms": 0.751802990214403,
            "lost_packets": 0,
            "packets": 1866,
            "lost_percent": 0,
            "omitted": false,
            "sender": false
          }
        },
        {
          "streams": [
            {
              "socket": 5,
              "start": 6.000175,
              "end": 7.000175,
              "seconds": 1,
              "bytes": 2499192,
              "bits_per_second": 19993536,
              "jitter_ms": 0.818622873902193,
              "lost_packets": 0,
              "packets": 1854,
              "lost_percent": 0,
              "omitted": false,
              "sender": false
            }
          ],
          "sum": {
            "start": 6.000175,
            "end": 7.000175,
            "seconds": 1,
            "bytes": 2499192,
            "bits_per_second": 19993536,
            "jitter_ms": 0.818622873902193,
            "lost_packets": 0,
            "packets": 1854,
            "lost_percent": 0,
            "omitted": false,
            "sender": false
          }
        },
        {
          "streams": [
            {
              "socket": 5,
              "start": 7.000175,
              "end": 8.000172,
              "seconds": 0.9999970197677612,
              "bytes": 2500540,
              "bits_per_second": 20004379.617697053,
              "jitter_ms": 0.755204816343382,
              "lost_packets": 0,
              "packets": 1855,
              "lost_percent": 0,
              "omitted": false,