{
  "udp": {
    "20": {
      "start": {
        "connected": [
          {
            "socket": 10,
            "local_host": "172.17.0.2",
            "local_port": 45856,
            "remote_host": "10.100.1.103",
            "remote_port": 32201
          }
        ],
        "version": "iperf 3.12",
        "system_info": "Linux 55578f39a3c7 6.8.0-47-generic #47~22.04.1-Ubuntu SMP PREEMPT_DYNAMIC Wed Oct  2 16:16:55 UTC 2 x86_64",
        "timestamp": {
          "time": "Sun, 01 Dec 2024 10:01:04 GMT",
          "timesecs": 1733047264
        },
        "connecting_to": {
          "host": "api-int.edge.open5g.info",
          "port": 32201
        },
        "cookie": "uu5d5s4i5sww73hisvnhvivzduoaklsjlf2w",
        "target_bitrate": 20000000,
        "sock_bufsize": 0,
        "sndbuf_actual": 212992,
        "rcvbuf_actual": 212992,
        "test_start": {
          "protocol": "UDP",
          "num_streams": 1,
          "blksize": 1398,
          "omit": 0,
          "duration": 10,
          "bytes": 0,
          "blocks": 0,
          "reverse": 1,
          "tos": 0,
          "target_bitrate": 20000000
        }
      },
      "intervals": [
        {
          "streams": [
            {
              "socket": 10,
              "start": 0,
              "end": 1.000201,
              "seconds": 1.0002009868621826,
              "bytes": 2502420,
              "bits_per_second": 20015337.18018463,
              "jitter_ms": 0.0736197086841142,
              "lost_packets": 0,
              "packets": 1790,
              "lost_percent": 0,
              "omitted": false,
              "sender": false
            }
          ],
          "sum": {
            "start": 0,
            "end": 1.000201,
            "seconds": 1.0002009868621826,
            "bytes": 2502420,
            "bits_per_second": 20015337.18018463,
            "jitter_ms": 0.0736197086841142,
            "lost_packets": 0,
            "packets": 1790,
            "lost_percent": 0,
            "omitted": false,
            "sender": false
          }
        },
        {
          "streams": [
            {
              "socket": 10,
              "start": 1.000201,
              "end": 2.000213,
              "seconds": 1.0000120401382446,
              "bytes": 2501022,
              "bits_per_second": 20007935.101695385,
              "jitter_ms": 0.1900374348914347,
              "lost_packets": 0,
              "packets": 1789,
              "lost_percent": 0,
              "omitted": false,
              "sender": false
            }
          ],
          "sum": {
            "start": 1.000201,
            "end": 2.000213,
            "seconds": 1.0000120401382446,
            "bytes": 2501022,
            "bits_per_second": 20007935.101695385,
            "jitter_ms": 0.1900374348914347,
            "lost_packets": 0,
            "packets": 1789,
            "lost_percent": 0,
            "omitted": false,
            "sender": false
          }
        },
        {
          "streams": [
            {
              "socket": 10,
              "start": 2.000213,
              "end": 3.000154,
              "seconds": 0.9999409914016724,
              "bytes": 2501022,
              "bits_per_second": 20009356.724093728,
              "jitter_ms": 0.1328995548536415,
              "lost_packets": 0,
              "packets": 1789,
              "lost_percent": 0,
              "omitted": false,
              "sender": false
            }
          ],
          "sum": {
            "start": 2.000213,
            "end": 3.000154,
            "seconds": 0.9999409914016724,
            "bytes": 2501022,
            "bits_per_second": 20009356.724093728,
            "jitter_ms": 0.1328995548536415,
            "lost_packets": 0,
            "packets": 1789,
            "lost_percent": 0,
            "omitted": false,
            "sender": false
          }
        },
        {
          "streams": [
            {
              "socket": 10,
              "start": 3.000154,
              "end": 4.000203,
              "seconds": 1.0000489950180054,
              "bytes": 2474460,
              "bits_per_second": 19794710.1578194,
              "jitter_ms": 0.12805835498606374,
              "lost_packets": 0,
              "packets": 1770,
              "lost_percent": 0,
              "omitted": false,
              "sender": false
            }
          ],
          "sum": {
            "start": 3.000154,
            "end": 4.000203,
            "seconds": 1.0000489950180054,
            "bytes": 2474460,
            "bits_per_second": 19794710.1578194,
            "jitter_ms": 0.12805835498606374,
            "lost_packets": 0,
            "packets": 1770,
            "lost_percent": 0,
            "omitted": false,
            "sender": false
          }
        },
        {
          "streams": [
            {
              "socket": 10,
              "start": 4.000203,
              "end": 5.000204,
              "seconds": 1.0000009536743164,
              "bytes": 2524788,
              "bits_per_second": 20198284.73741461,
              "jitter_ms": 0.12408623653526049,
              "lost_packets": 0,
              "packets": 1806,
              "lost_percent": 0,
              "omitted": false,
              "sender": false
            }
          ],
          "sum": {
            "start": 4.000203,
            "end": 5.000204,
            "seconds": 1.0000009536743164,
            "bytes": 2524788,
            "bits_per_second": 20198284.73741461,
            "jitter_ms": 0.12408623653526049,
            "lost_packets": 0,
            "packets": 1806,
            "lost_percent": 0,
            "omitted": false,
            "sender": false
          }
        },
        {
          "streams": [
            {
              "socket": 10,
              "start": 5.000204,
              "end": 6.000279,
              "seconds": 1.0000749826431274,
              "bytes": 2499624,
              "bits_per_second": 19995492.685107835,
              "jitter_ms": 0.05790391526175064,
              "lost_packets": 0,
              "packets": 1788,
              "lost_percent": 0,
              "omitted": false,
              "sender": false
            }
          ],
          "sum": {
            "start": 5.000204,
            "end": 6.000279,
            "seconds": 1.0000749826431274,
            "bytes": 2499624,
            "bits_per_second": 19995492.685107835,
            "jitter_ms": 0.05790391526175064,
            "lost_packets": 0,
            "packets": 1788,
            "lost_percent": 0,
            "omitted": false,
            "sender": false
          }
        },
        {
          "streams": [
            {
              "socket": 10,
              "start": 6.000279,
              "end": 7.000205,
              "seconds": 0.999925971031189,
              "bytes": 2495430,
              "bits_per_second": 19964917.982290626,
              "jitter_ms": 0.0736456189660312,
              "lost_packets": 0,
              "packets": 1785,
              "lost_percent": 0,
              "omitted": false,
              "sender": false
            }
          ],
          "sum": {
            "start": 6.000279,
            "end": 7.000205,
            "seconds": 0.999925971031189,
            "bytes": 2495430,
            "bits_per_second": 19964917.982290626,
            "jitter_ms": 0.0736456189660312,
            "lost_packets": 0,
            "packets": 1785,
            "lost_percent": 0,
            "omitted": false,
            "sender": false
          }
        },
        {
          "streams": [
            {
              "socket": 10,
              "start": 7.000205,
              "end": 8.000075,
              "seconds": 0.999870002269745,
              "bytes": 2503818,
              "bits_per_second": 20033148.26380416,
              "jitter_ms": 0.19591281722317808,
              "lost_packets": 0,
              "packets": 1791,