{
  "udp": {
    "60": {
      "start": {
        "connected": [
          {
            "socket": 10,
            "local_host": "172.17.0.2",
            "local_port": 43304,
            "remote_host": "172.20.25.101",
            "remote_port": 32201
          }
        ],
        "version": "iperf 3.12",
        "system_info": "Linux 8e8c85ab64b1 6.8.0-60-generic #63~22.04.1-Ubuntu SMP PREEMPT_DYNAMIC Tue Apr 22 19:00:15 UTC 2 x86_64",
        "timestamp": {
          "time": "Sun, 22 Jun 2025 05:01:55 GMT",
          "timesecs": 1750568515
        },
        "connecting_to": {
          "host": "api-int.tenoran.automation.otic.open6g.net",
          "port": 32201
        },
        "cookie": "tacdbosutdrugnlq2yodznlngp42eymctawx",
        "target_bitrate": 60000000,
        "sock_bufsize": 0,
        "sndbuf_actual": 212992,
        "rcvbuf_actual": 212992,
        "test_start": {
          "protocol": "UDP",
          "num_streams": 1,
          "blksize": 1348,
          "omit": 0,
          "duration": 10,
          "bytes": 0,
          "blocks": 0,
          "reverse": 1,
          "tos": 0,
          "target_bitrate": 60000000
        }
      },
      "intervals": [
        {
          "streams": [
            {
              "socket": 10,
              "start": 0,
              "end": 1.0002,
              "seconds": 1.0002000331878662,
              "bytes": 5968944,
              "bits_per_second": 47742002.0151418,
              "jitter_ms": 0.07101651791401838,
              "lost_packets": 0,
              "packets": 4428,
              "lost_percent": 0,
              "omitted": false,
              "sender": false
            }
          ],
          "sum": {
            "start": 0,
            "end": 1.0002,
            "seconds": 1.0002000331878662,
            "bytes": 5968944,
            "bits_per_second": 47742002.0151418,
            "jitter_ms": 0.07101651791401838,
            "lost_packets": 0,
            "packets": 4428,
            "lost_percent": 0,
            "omitted": false,
            "sender": false
          }
        },
        {
          "streams": [
            {
              "socket": 10,
              "start": 1.0002,
              "end": 2.000205,
              "seconds": 1.0000050067901611,
              "bytes": 6339644,
              "bits_per_second": 50716898.07113373,
              "jitter_ms": 0.0769572897350409,
              "lost_packets": 0,
              "packets": 4703,
              "lost_percent": 0,
              "omitted": false,
              "sender": false
            }
          ],
          "sum": {
            "start": 1.0002,
            "end": 2.000205,
            "seconds": 1.0000050067901611,
            "bytes": 6339644,
            "bits_per_second": 50716898.07113373,
            "jitter_ms": 0.0769572897350409,
            "lost_packets": 0,
            "packets": 4703,
            "lost_percent": 0,
            "omitted": false,
            "sender": false
          }
        },
        {
          "streams": [
            {
              "socket": 10,
              "start": 2.000205,
              "end": 3.000128,
              "seconds": 0.9999229907989502,
              "bytes": 6351776,
              "bits_per_second": 50818121.46293271,
              "jitter_ms": 0.11701338660900361,
              "lost_packets": 0,
              "packets": 4712,
              "lost_percent": 0,
              "omitted": false,
              "sender": false
            }
          ],
          "sum": {
            "start": 2.000205,
            "end": 3.000128,
            "seconds": 0.9999229907989502,
            "bytes": 6351776,
            "bits_per_second": 50818121.46293271,
            "jitter_ms": 0.11701338660900361,
            "lost_packets": 0,
            "packets": 4712,
            "lost_percent": 0,
            "omitted": false,
            "sender": false
          }
        },
        {
          "streams": [
            {
              "socket": 10,
              "start": 3.000128,
              "end": 4.000018,
              "seconds": 0.9998900294303894,
              "bytes": 6342340,
              "bits_per_second": 50744300.37961724,
              "jitter_ms": 0.04051454455817091,
              "lost_packets": 0,
              "packets": 4705,
              "lost_percent": 0,
              "omitted": false,
              "sender": false
            }
          ],
          "sum": {
            "start": 3.000128,
            "end": 4.000018,
            "seconds": 0.9998900294303894,
            "bytes": 6342340,
            "bits_per_second": 50744300.37961724,
            "jitter_ms": 0.04051454455817091,
            "lost_packets": 0,
            "packets": 4705,
            "lost_percent": 0,
            "omitted": false,
            "sender": false
          }
        },
        {
          "streams": [
            {
              "socket": 10,
              "start": 4.000018,
              "end": 5.00021,
              "seconds": 1.0001920461654663,
              "bytes": 6358516,
              "bits_per_second": 50858360.84681746,
              "jitter_ms": 0.0756561645018774,
              "lost_packets": 0,
              "packets": 4717,
              "lost_percent": 0,
              "omitted": false,
              "sender": false
            }
          ],
          "sum": {
            "start": 4.000018,
            "end": 5.00021,
            "seconds": 1.0001920461654663,
            "bytes": 6358516,
            "bits_per_second": 50858360.84681746,
            "jitter_ms": 0.0756561645018774,
            "lost_packets": 0,
            "packets": 4717,
            "lost_percent": 0,
            "omitted": false,
            "sender": false
          }
        },
        {
          "streams": [
            {
              "socket": 10,
              "start": 5.00021,
              "end": 6.000139,
              "seconds": 0.9999290108680725,
              "bytes": 6351776,
              "bits_per_second": 50817815.5126097,
              "jitter_ms": 0.113916638091355,
              "lost_packets": 0,
              "packets": 4712,
              "lost_percent": 0,
              "omitted": false,
              "sender": false
            }
          ],
          "sum": {
            "start": 5.00021,
            "end": 6.000139,
            "seconds": 0.9999290108680725,
            "bytes": 6351776,
            "bits_per_second": 50817815.5126097,
            "jitter_ms": 0.113916638091355,
            "lost_packets": 0,
            "packets": 4712,
            "lost_percent": 0,
            "omitted": false,
            "sender": false
          }
        },
        {
          "streams": [
            {
              "socket": 10,
              "start": 6.000139,
              "end": 7.000149,
              "seconds": 1.0000100135803223,
              "bytes": 6359864,
              "bits_per_second": 50878402.525029644,
              "jitter_ms": 0.11324510979835643,
              "lost_packets": 0,
              "packets": 4718,
              "lost_percent": 0,
              "omitted": false,
              "sender": false
            }
          ],
          "sum": {
            "start": 6.000139,
            "end": 7.000149,
            "seconds": 1.0000100135803223,
            "bytes": 6359864,
            "bits_per_second": 50878402.525029644,
            "jitter_ms": 0.11324510979835643,
            "lost_packets": 0,
            "packets": 4718,
            "lost_percent": 0,
            "omitted": false,
            "sender": false
          }
        },
        {
          "streams": [
            {
              "socket": 10,
              "start": 7.000149,
              "end": 8.00014,
              "seconds": 0.999990999698639,
              "bytes": 6340992,
              "bits_per_second": 50728392.5708207,
              "jitter_ms": 0.11731022656678207,
              "lost_packets": 5,
              "packets": 4709,