{
  "udp": {
    "50": {
      "start": {
        "connected": [
          {
            "socket": 10,
            "local_host": "172.17.0.2",
            "local_port": 52735,
            "remote_host": "172.20.25.101",
            "remote_port": 32201
          }
        ],
        "version": "iperf 3.12",
        "system_info": "Linux 0ffb2ffa4cfd 6.8.0-59-generic #61~22.04.1-Ubuntu SMP PREEMPT_DYNAMIC Tue Apr 15 17:03:15 UTC 2 x86_64",
        "timestamp": {
          "time": "Fri, 09 May 2025 04:31:27 GMT",
          "timesecs": 1746765087
        },
        "connecting_to": {
          "host": "api-int.tenoran.automation.otic.open6g.net",
          "port": 32201
        },
        "cookie": "kdu7zpwz3stwctbjgeo7ti3psywrlaq4esrv",
        "target_bitrate": 50000000,
        "sock_bufsize": 0,
        "sndbuf_actual": 212992,
        "rcvbuf_actual": 212992,
        "test_start": {
          "protocol": "UDP",
          "num_streams": 1,
          "blksize": 1348,
          "omit": 0,
          "duration": 10,
          "bytes": 0,
          "blocks": 0,
          "reverse": 1,
          "tos": 0,
          "target_bitrate": 50000000
        }
      },
      "intervals": [
        {
          "streams": [
            {
              "socket": 10,
              "start": 0,
              "end": 1.0002,
              "seconds": 1.0002000331878662,
              "bytes": 5982424,
              "bits_per_second": 47849820.44787698,
              "jitter_ms": 0.5615546376953482,
              "lost_packets": 46,
              "packets": 4484,
              "lost_percent": 1.0258697591436217,
              "omitted": false,
              "sender": false
            }
          ],
          "sum": {
            "start": 0,
            "end": 1.0002,
            "seconds": 1.0002000331878662,
            "bytes": 5982424,
            "bits_per_second": 47849820.44787698,
            "jitter_ms": 0.5615546376953482,
            "lost_packets": 46,
            "packets": 4484,
            "lost_percent": 1.0258697591436217,
            "omitted": false,
            "sender": false
          }
        },
        {
          "streams": [
            {
              "socket": 10,
              "start": 1.0002,
              "end": 2.000195,
              "seconds": 0.999994993209839,
              "bytes": 6276288,
              "bits_per_second": 50210555.39371473,
              "jitter_ms": 0.03604055125187031,
              "lost_packets": 0,
              "packets": 4656,
              "lost_percent": 0,
              "omitted": false,
              "sender": false
            }
          ],
          "sum": {
            "start": 1.0002,
            "end": 2.000195,
            "seconds": 0.999994993209839,
            "bytes": 6276288,
            "bits_per_second": 50210555.39371473,
            "jitter_ms": 0.03604055125187031,
            "lost_packets": 0,
            "packets": 4656,
            "lost_percent": 0,
            "omitted": false,
            "sender": false
          }
        },
        {
          "streams": [
            {
              "socket": 10,
              "start": 2.000195,
              "end": 3.000215,
              "seconds": 1.0000200271606445,
              "bytes": 6261460,
              "bits_per_second": 50090676.825968415,
              "jitter_ms": 0.0702047694011806,
              "lost_packets": 0,
              "packets": 4645,
              "lost_percent": 0,
              "omitted": false,
              "sender": false
            }
          ],
          "sum": {
            "start": 2.000195,
            "end": 3.000215,
            "seconds": 1.0000200271606445,
            "bytes": 6261460,
            "bits_per_second": 50090676.825968415,
            "jitter_ms": 0.0702047694011806,
            "lost_packets": 0,
            "packets": 4645,
            "lost_percent": 0,
            "omitted": false,
            "sender": false
          }
        },
        {
          "streams": [
            {
              "socket": 10,
              "start": 3.000215,
              "end": 4.000168,
              "seconds": 0.9999529719352722,
              "bytes": 6198104,
              "bits_per_second": 49587163.988357715,
              "jitter_ms": 0.058190172622668,
              "lost_packets": 0,
              "packets": 4598,
              "lost_percent": 0,
              "omitted": false,
              "sender": false
            }
          ],
          "sum": {
            "start": 3.000215,
            "end": 4.000168,
            "seconds": 0.9999529719352722,
            "bytes": 6198104,
            "bits_per_second": 49587163.988357715,
            "jitter_ms": 0.058190172622668,
            "lost_packets": 0,
            "packets": 4598,
            "lost_percent": 0,
            "omitted": false,
            "sender": false
          }
        },
        {
          "streams": [
            {
              "socket": 10,
              "start": 4.000168,
              "end": 5.000226,
              "seconds": 1.0000580549240112,
              "bytes": 6288420,
              "bits_per_second": 50304439.57958278,
              "jitter_ms": 0.2441604499287067,
              "lost_packets": 0,
              "packets": 4665,
              "lost_percent": 0,
              "omitted": false,
              "sender": false
            }
          ],
          "sum": {
            "start": 4.000168,
            "end": 5.000226,
            "seconds": 1.0000580549240112,
            "bytes": 6288420,
            "bits_per_second": 50304439.57958278,
            "jitter_ms": 0.2441604499287067,
            "lost_packets": 0,
            "packets": 4665,
            "lost_percent": 0,
            "omitted": false,
            "sender": false
          }
        },
        {
          "streams": [
            {
              "socket": 10,
              "start": 5.000226,
              "end": 6.000167,
              "seconds": 0.9999409914016724,
              "bytes": 6207540,
              "bits_per_second": 49663250.55880387,
              "jitter_ms": 0.05457000281449369,
              "lost_packets": 0,
              "packets": 4605,
              "lost_percent": 0,
              "omitted": false,
              "sender": false
            }
          ],
          "sum": {
            "start": 5.000226,
            "end": 6.000167,
            "seconds": 0.9999409914016724,
            "bytes": 6207540,
            "bits_per_second": 49663250.55880387,
            "jitter_ms": 0.05457000281449369,
            "lost_packets": 0,
            "packets": 4605,
            "lost_percent": 0,
            "omitted": false,
            "sender": false
          }
        },
        {
          "streams": [
            {
              "socket": 10,
              "start": 6.000167,
              "end": 7.000168,
              "seconds": 1.0000009536743164,
              "bytes": 6299204,
              "bits_per_second": 50393583.94093329,
              "jitter_ms": 0.03434977342180257,
              "lost_packets": 0,
              "packets": 4673,
              "lost_percent": 0,
              "omitted": false,
              "sender": false
            }
          ],
          "sum": {
            "start": 6.000167,
            "end": 7.000168,
            "seconds": 1.0000009536743164,
            "bytes": 6299204,
            "bits_per_second": 50393583.94093329,
            "jitter_ms": 0.03434977342180257,
            "lost_packets": 0,
            "packets": 4673,
            "lost_percent": 0,
            "omitted": false,
            "sender": false
          }
        },
        {
          "streams": [
            {
              "socket": 10,
              "start": 7.000168,
              "end": 8.000167,
              "seconds": 0.9999989867210388,
              "bytes": 6204844,
              "bits_per_second": 49638802.29795403,
              "jitter_ms": 0.05949418366958558,