{
  "udp": {
    "50": {
      "start": {
        "connected": [
          {
            "socket": 10,
            "local_host": "172.17.0.2",
            "local_port": 39707,
            "remote_host": "172.20.25.101",
            "remote_port": 32201
          }
        ],
        "version": "iperf 3.12",
        "system_info": "Linux 99b160775862 6.8.0-59-generic #61~22.04.1-Ubuntu SMP PREEMPT_DYNAMIC Tue Apr 15 17:03:15 UTC 2 x86_64",
        "timestamp": {
          "time": "Mon, 19 May 2025 04:31:29 GMT",
          "timesecs": 1747629089
        },
        "connecting_to": {
          "host": "api-int.tenoran.automation.otic.open6g.net",
          "port": 32201
        },
        "cookie": "6ntpg3z5v6m6ywdpy5qa2wikjetsonlkql37",
        "target_bitrate": 50000000,
        "sock_bufsize": 0,
        "sndbuf_actual": 212992,
        "rcvbuf_actual": 212992,
        "test_start": {
          "protocol": "UDP",
          "num_streams": 1,
          "blksize": 1348,
          "omit": 0,
          "duration": 10,
          "bytes": 0,
          "blocks": 0,
          "reverse": 1,
          "tos": 0,
          "target_bitrate": 50000000
        }
      },
      "intervals": [
        {
          "streams": [
            {
              "socket": 10,
              "start": 0,
              "end": 1.000183,
              "seconds": 1.0001829862594604,
              "bytes": 5889412,
              "bits_per_second": 47106676.125540175,
              "jitter_ms": 0.011640529929583851,
              "lost_packets": 18,
              "packets": 4387,
              "lost_percent": 0.4103031684522453,
              "omitted": false,
              "sender": false
            }
          ],
          "sum": {
            "start": 0,
            "end": 1.000183,
            "seconds": 1.0001829862594604,
            "bytes": 5889412,
            "bits_per_second": 47106676.125540175,
            "jitter_ms": 0.011640529929583851,
            "lost_packets": 18,
            "packets": 4387,
            "lost_percent": 0.4103031684522453,
            "omitted": false,
            "sender": false
          }
        },
        {
          "streams": [
            {
              "socket": 10,
              "start": 1.000183,
              "end": 2.000182,
              "seconds": 0.9999989867210388,
              "bytes": 6159012,
              "bits_per_second": 49272145.92642884,
              "jitter_ms": 0.039242700768836916,
              "lost_packets": 56,
              "packets": 4625,
              "lost_percent": 1.2108108108108109,
              "omitted": false,
              "sender": false
            }
          ],
          "sum": {
            "start": 1.000183,
            "end": 2.000182,
            "seconds": 0.9999989867210388,
            "bytes": 6159012,
            "bits_per_second": 49272145.92642884,
            "jitter_ms": 0.039242700768836916,
            "lost_packets": 56,
            "packets": 4625,
            "lost_percent": 1.2108108108108109,
            "omitted": false,
            "sender": false
          }
        },
        {
          "streams": [
            {
              "socket": 10,
              "start": 2.000182,
              "end": 3.000189,
              "seconds": 1.0000070333480835,
              "bytes": 6210236,
              "bits_per_second": 49681538.5724459,
              "jitter_ms": 0.040105052957648046,
              "lost_packets": 26,
              "packets": 4633,
              "lost_percent": 0.5611914526224908,
              "omitted": false,
              "sender": false
            }
          ],
          "sum": {
            "start": 2.000182,
            "end": 3.000189,
            "seconds": 1.0000070333480835,
            "bytes": 6210236,
            "bits_per_second": 49681538.5724459,
            "jitter_ms": 0.040105052957648046,
            "lost_packets": 26,
            "packets": 4633,
            "lost_percent": 0.5611914526224908,
            "omitted": false,
            "sender": false
          }
        },
        {
          "streams": [
            {
              "socket": 10,
              "start": 3.000189,
              "end": 4.000211,
              "seconds": 1.000022053718567,
              "bytes": 6265504,
              "bits_per_second": 50122926.60308295,
              "jitter_ms": 0.022438707348313953,
              "lost_packets": 22,
              "packets": 4670,
              "lost_percent": 0.47109207708779444,
              "omitted": false,
              "sender": false
            }
          ],
          "sum": {
            "start": 3.000189,
            "end": 4.000211,
            "seconds": 1.000022053718567,
            "bytes": 6265504,
            "bits_per_second": 50122926.60308295,
            "jitter_ms": 0.022438707348313953,
            "lost_packets": 22,
            "packets": 4670,
            "lost_percent": 0.47109207708779444,
            "omitted": false,
            "sender": false
          }
        },
        {
          "streams": [
            {
              "socket": 10,
              "start": 4.000211,
              "end": 5.000213,
              "seconds": 1.0000020265579224,
              "bytes": 6252024,
              "bits_per_second": 50016090.63949527,
              "jitter_ms": 0.027856033915113012,
              "lost_packets": 0,
              "packets": 4638,
              "lost_percent": 0,
              "omitted": false,
              "sender": false
            }
          ],
          "sum": {
            "start": 4.000211,
            "end": 5.000213,
            "seconds": 1.0000020265579224,
            "bytes": 6252024,
            "bits_per_second": 50016090.63949527,
            "jitter_ms": 0.027856033915113012,
            "lost_packets": 0,
            "packets": 4638,
            "lost_percent": 0,
            "omitted": false,
            "sender": false
          }
        },
        {
          "streams": [
            {
              "socket": 10,
              "start": 5.000213,
              "end": 6.000209,
              "seconds": 0.9999960064888,
              "bytes": 6253372,
              "bits_per_second": 50027175.7840868,
              "jitter_ms": 0.03115246866217625,
              "lost_packets": 0,
              "packets": 4639,
              "lost_percent": 0,
              "omitted": false,
              "sender": false
            }
          ],
          "sum": {
            "start": 5.000213,
            "end": 6.000209,
            "seconds": 0.9999960064888,
            "bytes": 6253372,
            "bits_per_second": 50027175.7840868,
            "jitter_ms": 0.03115246866217625,
            "lost_packets": 0,
            "packets": 4639,
            "lost_percent": 0,
            "omitted": false,
            "sender": false
          }
        },
        {
          "streams": [
            {
              "socket": 10,
              "start": 6.000209,
              "end": 7.000211,
              "seconds": 1.0000020265579224,
              "bytes": 6218324,
              "bits_per_second": 49746491.185854174,
              "jitter_ms": 0.033512585978647445,
              "lost_packets": 7,
              "packets": 4620,
              "lost_percent": 0.15151515151515152,
              "omitted": false,
              "sender": false
            }
          ],
          "sum": {
            "start": 6.000209,
            "end": 7.000211,
            "seconds": 1.0000020265579224,
            "bytes": 6218324,
            "bits_per_second": 49746491.185854174,
            "jitter_ms": 0.033512585978647445,
            "lost_packets": 7,
            "packets": 4620,
            "lost_percent": 0.15151515151515152,
            "omitted": false,
            "sender": false
          }
        },
        {
          "streams": [
            {
              "socket": 10,
              "start": 7.000211,
              "end": 8.000187,