{
  "udp": {
    "20": {
      "start": {
        "connected": [
          {
            "socket": 10,
            "local_host": "172.17.0.2",
            "local_port": 41564,
            "remote_host": "10.100.1.103",
            "remote_port": 32201
          }
        ],
        "version": "iperf 3.12",
        "system_info": "Linux d2619188bbd6 6.8.0-47-generic #47~22.04.1-Ubuntu SMP PREEMPT_DYNAMIC Wed Oct  2 16:16:55 UTC 2 x86_64",
        "timestamp": {
          "time": "Wed, 18 Dec 2024 04:01:14 GMT",
          "timesecs": 1734494474
        },
        "connecting_to": {
          "host": "api-int.edge.open5g.info",
          "port": 32201
        },
        "cookie": "tx44yrgdqcnt6p73o2thylbrv7as2x3dvdjd",
        "target_bitrate": 20000000,
        "sock_bufsize": 0,
        "sndbuf_actual": 212992,
        "rcvbuf_actual": 212992,
        "test_start": {
          "protocol": "UDP",
          "num_streams": 1,
          "blksize": 1398,
          "omit": 0,
          "duration": 10,
          "bytes": 0,
          "blocks": 0,
          "reverse": 1,
          "tos": 0,
          "target_bitrate": 20000000
        }
      },
      "intervals": [
        {
          "streams": [
            {
              "socket": 10,
              "start": 0,
              "end": 1.000179,
              "seconds": 1.0001790523529053,
              "bytes": 2189268,
              "bits_per_second": 17511008.61270615,
              "jitter_ms": 3.7371045155477245,
              "lost_packets": 44,
              "packets": 1610,
              "lost_percent": 2.732919254658385,
              "omitted": false,
              "sender": false
            }
          ],
          "sum": {
            "start": 0,
            "end": 1.000179,
            "seconds": 1.0001790523529053,
            "bytes": 2189268,
            "bits_per_second": 17511008.61270615,
            "jitter_ms": 3.7371045155477245,
            "lost_packets": 44,
            "packets": 1610,
            "lost_percent": 2.732919254658385,
            "omitted": false,
            "sender": false
          }
        },
        {
          "streams": [
            {
              "socket": 10,
              "start": 1.000179,
              "end": 2.000278,
              "seconds": 1.0000989437103271,
              "bytes": 2494032,
              "bits_per_second": 19950282.045072388,
              "jitter_ms": 1.2875916519561743,
              "lost_packets": 35,
              "packets": 1819,
              "lost_percent": 1.9241341396371632,
              "omitted": false,
              "sender": false
            }
          ],
          "sum": {
            "start": 1.000179,
            "end": 2.000278,
            "seconds": 1.0000989437103271,
            "bytes": 2494032,
            "bits_per_second": 19950282.045072388,
            "jitter_ms": 1.2875916519561743,
            "lost_packets": 35,
            "packets": 1819,
            "lost_percent": 1.9241341396371632,
            "omitted": false,
            "sender": false
          }
        },
        {
          "streams": [
            {
              "socket": 10,
              "start": 2.000278,
              "end": 3.000273,
              "seconds": 0.999994993209839,
              "bytes": 2354232,
              "bits_per_second": 18833950.297637045,
              "jitter_ms": 0.004625080204217639,
              "lost_packets": 15,
              "packets": 1699,
              "lost_percent": 0.8828722778104767,
              "omitted": false,
              "sender": false
            }
          ],
          "sum": {
            "start": 2.000278,
            "end": 3.000273,
            "seconds": 0.999994993209839,
            "bytes": 2354232,
            "bits_per_second": 18833950.297637045,
            "jitter_ms": 0.004625080204217639,
            "lost_packets": 15,
            "packets": 1699,
            "lost_percent": 0.8828722778104767,
            "omitted": false,
            "sender": false
          }
        },
        {
          "streams": [
            {
              "socket": 10,
              "start": 3.000273,
              "end": 4.00007,
              "seconds": 0.999796986579895,
              "bytes": 2499624,
              "bits_per_second": 20001052.482070085,
              "jitter_ms": 0.3692113132718594,
              "lost_packets": 25,
              "packets": 1813,
              "lost_percent": 1.3789299503585217,
              "omitted": false,
              "sender": false
            }
          ],
          "sum": {
            "start": 3.000273,
            "end": 4.00007,
            "seconds": 0.999796986579895,
            "bytes": 2499624,
            "bits_per_second": 20001052.482070085,
            "jitter_ms": 0.3692113132718594,
            "lost_packets": 25,
            "packets": 1813,
            "lost_percent": 1.3789299503585217,
            "omitted": false,
            "sender": false
          }
        },
        {
          "streams": [
            {
              "socket": 10,
              "start": 4.00007,
              "end": 5.00028,
              "seconds": 1.0002100467681885,
              "bytes": 2463276,
              "bits_per_second": 19702069.643944666,
              "jitter_ms": 1.4927412456949423,
              "lost_packets": 85,
              "packets": 1847,
              "lost_percent": 4.60205739036275,
              "omitted": false,
              "sender": false
            }
          ],
          "sum": {
            "start": 4.00007,
            "end": 5.00028,
            "seconds": 1.0002100467681885,
            "bytes": 2463276,
            "bits_per_second": 19702069.643944666,
            "jitter_ms": 1.4927412456949423,
            "lost_packets": 85,
            "packets": 1847,
            "lost_percent": 4.60205739036275,
            "omitted": false,
            "sender": false
          }
        },
        {
          "streams": [
            {
              "socket": 10,
              "start": 5.00028,
              "end": 6.000326,
              "seconds": 1.0000460147857666,
              "bytes": 2373804,
              "bits_per_second": 18989558.199547645,
              "jitter_ms": 0.047492299530740856,
              "lost_packets": 26,
              "packets": 1724,
              "lost_percent": 1.5081206496519721,
              "omitted": false,
              "sender": false
            }
          ],
          "sum": {
            "start": 5.00028,
            "end": 6.000326,
            "seconds": 1.0000460147857666,
            "bytes": 2373804,
            "bits_per_second": 18989558.199547645,
            "jitter_ms": 0.047492299530740856,
            "lost_packets": 26,
            "packets": 1724,
            "lost_percent": 1.5081206496519721,
            "omitted": false,
            "sender": false
          }
        },
        {
          "streams": [
            {
              "socket": 10,
              "start": 6.000326,
              "end": 7.000318,
              "seconds": 0.9999920129776,
              "bytes": 2591892,
              "bits_per_second": 20735301.613318454,
              "jitter_ms": 1.0544294739120672,
              "lost_packets": 5,
              "packets": 1859,
              "lost_percent": 0.2689618074233459,
              "omitted": false,
              "sender": false
            }
          ],
          "sum": {
            "start": 6.000326,
            "end": 7.000318,
            "seconds": 0.9999920129776,
            "bytes": 2591892,
            "bits_per_second": 20735301.613318454,
            "jitter_ms": 1.0544294739120672,
            "lost_packets": 5,
            "packets": 1859,
            "lost_percent": 0.2689618074233459,
            "omitted": false,
            "sender": false
          }
        },
        {
          "streams": [
            {
              "socket": 10,
              "start": 7.000318,
              "end": 8.000184,