{
  "udp": {
    "10": {
      "start": {
        "connected": [
          {
            "socket": 10,
            "local_host": "172.17.0.2",
            "local_port": 59130,
            "remote_host": "172.20.25.101",
            "remote_port": 32201
          }
        ],
        "version": "iperf 3.12",
        "system_info": "Linux 69ac151569f7 6.8.0-79-generic #79~22.04.1-Ubuntu SMP PREEMPT_DYNAMIC Fri Aug 15 16:54:53 UTC 2 x86_64",
        "timestamp": {
          "time": "Thu, 18 Sep 2025 05:01:23 GMT",
          "timesecs": 1758171683
        },
        "connecting_to": {
          "host": "api-int.tenoran.automation.otic.open6g.net",
          "port": 32201
        },
        "cookie": "nnoj7wvz3o4bwm7cle3wvxhennsafmlt57mn",
        "target_bitrate": 10000000,
        "sock_bufsize": 0,
        "sndbuf_actual": 212992,
        "rcvbuf_actual": 212992,
        "test_start": {
          "protocol": "UDP",
          "num_streams": 1,
          "blksize": 1348,
          "omit": 0,
          "duration": 10,
          "bytes": 0,
          "blocks": 0,
          "reverse": 1,
          "tos": 0,
          "target_bitrate": 10000000
        }
      },
      "intervals": [
        {
          "streams": [
            {
              "socket": 10,
              "start": 0,
              "end": 1.000096,
              "seconds": 1.0000959634780884,
              "bytes": 1257684,
              "bits_per_second": 10060506.558799287,
              "jitter_ms": 1.7008806732713713,
              "lost_packets": 0,
              "packets": 933,
              "lost_percent": 0,
              "omitted": false,
              "sender": false
            }
          ],
          "sum": {
            "start": 0,
            "end": 1.000096,
            "seconds": 1.0000959634780884,
            "bytes": 1257684,
            "bits_per_second": 10060506.558799287,
            "jitter_ms": 1.7008806732713713,
            "lost_packets": 0,
            "packets": 933,
            "lost_percent": 0,
            "omitted": false,
            "sender": false
          }
        },
        {
          "streams": [
            {
              "socket": 10,
              "start": 1.000096,
              "end": 2.000075,
              "seconds": 0.999979019165039,
              "bytes": 1240160,
              "bits_per_second": 9921488.161105676,
              "jitter_ms": 1.7179390411219209,
              "lost_packets": 0,
              "packets": 920,
              "lost_percent": 0,
              "omitted": false,
              "sender": false
            }
          ],
          "sum": {
            "start": 1.000096,
            "end": 2.000075,
            "seconds": 0.999979019165039,
            "bytes": 1240160,
            "bits_per_second": 9921488.161105676,
            "jitter_ms": 1.7179390411219209,
            "lost_packets": 0,
            "packets": 920,
            "lost_percent": 0,
            "omitted": false,
            "sender": false
          }
        },
        {
          "streams": [
            {
              "socket": 10,
              "start": 2.000075,
              "end": 3.000159,
              "seconds": 1.0000840425491333,
              "bytes": 1260380,
              "bits_per_second": 10082192.666827427,
              "jitter_ms": 1.583409538611027,
              "lost_packets": 0,
              "packets": 935,
              "lost_percent": 0,
              "omitted": false,
              "sender": false
            }
          ],
          "sum": {
            "start": 2.000075,
            "end": 3.000159,
            "seconds": 1.0000840425491333,
            "bytes": 1260380,
            "bits_per_second": 10082192.666827427,
            "jitter_ms": 1.583409538611027,
            "lost_packets": 0,
            "packets": 935,
            "lost_percent": 0,
            "omitted": false,
            "sender": false
          }
        },
        {
          "streams": [
            {
              "socket": 10,
              "start": 3.000159,
              "end": 4.000175,
              "seconds": 1.0000159740448,
              "bytes": 1244204,
              "bits_per_second": 9953473.00277634,
              "jitter_ms": 1.5592966423680585,
              "lost_packets": 0,
              "packets": 923,
              "lost_percent": 0,
              "omitted": false,
              "sender": false
            }
          ],
          "sum": {
            "start": 3.000159,
            "end": 4.000175,
            "seconds": 1.0000159740448,
            "bytes": 1244204,
            "bits_per_second": 9953473.00277634,
            "jitter_ms": 1.5592966423680585,
            "lost_packets": 0,
            "packets": 923,
            "lost_percent": 0,
            "omitted": false,
            "sender": false
          }
        },
        {
          "streams": [
            {
              "socket": 10,
              "start": 4.000175,
              "end": 5.000156,
              "seconds": 0.9999809861183167,
              "bytes": 1256336,
              "bits_per_second": 10050879.106226139,
              "jitter_ms": 1.5527399162110176,
              "lost_packets": 0,
              "packets": 932,
              "lost_percent": 0,
              "omitted": false,
              "sender": false
            }
          ],
          "sum": {
            "start": 4.000175,
            "end": 5.000156,
            "seconds": 0.9999809861183167,
            "bytes": 1256336,
            "bits_per_second": 10050879.106226139,
            "jitter_ms": 1.5527399162110176,
            "lost_packets": 0,
            "packets": 932,
            "lost_percent": 0,
            "omitted": false,
            "sender": false
          }
        },
        {
          "streams": [
            {
              "socket": 10,
              "start": 5.000156,
              "end": 6.000108,
              "seconds": 0.9999520182609558,
              "bytes": 1249596,
              "bits_per_second": 9997247.6853296,
              "jitter_ms": 1.5469036317852682,
              "lost_packets": 0,
              "packets": 927,
              "lost_percent": 0,
              "omitted": false,
              "sender": false
            }
          ],
          "sum": {
            "start": 5.000156,
            "end": 6.000108,
            "seconds": 0.9999520182609558,
            "bytes": 1249596,
            "bits_per_second": 9997247.6853296,
            "jitter_ms": 1.5469036317852682,
            "lost_packets": 0,
            "packets": 927,
            "lost_percent": 0,
            "omitted": false,
            "sender": false
          }
        },
        {
          "streams": [
            {
              "socket": 10,
              "start": 6.000108,
              "end": 7.000074,
              "seconds": 0.999966025352478,
              "bytes": 1249596,
              "bits_per_second": 9997107.648208586,
              "jitter_ms": 1.6386359600090183,
              "lost_packets": 0,
              "packets": 927,
              "lost_percent": 0,
              "omitted": false,
              "sender": false
            }
          ],
          "sum": {
            "start": 6.000108,
            "end": 7.000074,
            "seconds": 0.999966025352478,
            "bytes": 1249596,
            "bits_per_second": 9997107.648208586,
            "jitter_ms": 1.6386359600090183,
            "lost_packets": 0,
            "packets": 927,
            "lost_percent": 0,
            "omitted": false,
            "sender": false
          }
        },
        {
          "streams": [
            {
              "socket": 10,
              "start": 7.000074,
              "end": 8.000167,
              "seconds": 1.0000929832458496,
              "bytes": 1250944,
              "bits_per_second": 10006621.551848121,
              "jitter_ms": 1.4792116499340593,
              "lost_packets": 0,
              "packets": 928,