{
  "udp": {
    "10": {
      "start": {
        "connected": [
          {
            "socket": 10,
            "local_host": "172.17.0.2",
            "local_port": 60223,
            "remote_host": "10.100.1.103",
            "remote_port": 32201
          }
        ],
        "version": "iperf 3.12",
        "system_info": "Linux ec8f3e53271e 6.8.0-47-generic #47~22.04.1-Ubuntu SMP PREEMPT_DYNAMIC Wed Oct  2 16:16:55 UTC 2 x86_64",
        "timestamp": {
          "time": "Thu, 05 Dec 2024 10:00:42 GMT",
          "timesecs": 1733392842
        },
        "connecting_to": {
          "host": "api-int.edge.open5g.info",
          "port": 32201
        },
        "cookie": "bedh7rviknbq5ktx7orrm7vr33ffiaja5bpi",
        "target_bitrate": 10000000,
        "sock_bufsize": 0,
        "sndbuf_actual": 212992,
        "rcvbuf_actual": 212992,
        "test_start": {
          "protocol": "UDP",
          "num_streams": 1,
          "blksize": 1398,
          "omit": 0,
          "duration": 10,
          "bytes": 0,
          "blocks": 0,
          "reverse": 1,
          "tos": 0,
          "target_bitrate": 10000000
        }
      },
      "intervals": [
        {
          "streams": [
            {
              "socket": 10,
              "start": 0,
              "end": 1.000122,
              "seconds": 1.0001219511032104,
              "bytes": 1251210,
              "bits_per_second": 10008459.457327742,
              "jitter_ms": 0.03661691500724712,
              "lost_packets": 0,
              "packets": 895,
              "lost_percent": 0,
              "omitted": false,
              "sender": false
            }
          ],
          "sum": {
            "start": 0,
            "end": 1.000122,
            "seconds": 1.0001219511032104,
            "bytes": 1251210,
            "bits_per_second": 10008459.457327742,
            "jitter_ms": 0.03661691500724712,
            "lost_packets": 0,
            "packets": 895,
            "lost_percent": 0,
            "omitted": false,
            "sender": false
          }
        },
        {
          "streams": [
            {
              "socket": 10,
              "start": 1.000122,
              "end": 2.000181,
              "seconds": 1.0000590085983276,
              "bytes": 1251210,
              "bits_per_second": 10009089.377665289,
              "jitter_ms": 0.10373292958835578,
              "lost_packets": 0,
              "packets": 895,
              "lost_percent": 0,
              "omitted": false,
              "sender": false
            }
          ],
          "sum": {
            "start": 1.000122,
            "end": 2.000181,
            "seconds": 1.0000590085983276,
            "bytes": 1251210,
            "bits_per_second": 10009089.377665289,
            "jitter_ms": 0.10373292958835578,
            "lost_packets": 0,
            "packets": 895,
            "lost_percent": 0,
            "omitted": false,
            "sender": false
          }
        },
        {
          "streams": [
            {
              "socket": 10,
              "start": 2.000181,
              "end": 3.000159,
              "seconds": 0.999978005886078,
              "bytes": 1248414,
              "bits_per_second": 9987531.666909283,
              "jitter_ms": 0.01759191733138046,
              "lost_packets": 0,
              "packets": 893,
              "lost_percent": 0,
              "omitted": false,
              "sender": false
            }
          ],
          "sum": {
            "start": 2.000181,
            "end": 3.000159,
            "seconds": 0.999978005886078,
            "bytes": 1248414,
            "bits_per_second": 9987531.666909283,
            "jitter_ms": 0.01759191733138046,
            "lost_packets": 0,
            "packets": 893,
            "lost_percent": 0,
            "omitted": false,
            "sender": false
          }
        },
        {
          "streams": [
            {
              "socket": 10,
              "start": 3.000159,
              "end": 4.000285,
              "seconds": 1.0001260042190552,
              "bytes": 1251210,
              "bits_per_second": 10008418.896992907,
              "jitter_ms": 0.0308798867651215,
              "lost_packets": 0,
              "packets": 895,
              "lost_percent": 0,
              "omitted": false,
              "sender": false
            }
          ],
          "sum": {
            "start": 3.000159,
            "end": 4.000285,
            "seconds": 1.0001260042190552,
            "bytes": 1251210,
            "bits_per_second": 10008418.896992907,
            "jitter_ms": 0.0308798867651215,
            "lost_packets": 0,
            "packets": 895,
            "lost_percent": 0,
            "omitted": false,
            "sender": false
          }
        },
        {
          "streams": [
            {
              "socket": 10,
              "start": 4.000285,
              "end": 5.000114,
              "seconds": 0.9998289942741394,
              "bytes": 1249812,
              "bits_per_second": 10000206.092501603,
              "jitter_ms": 0.38183339785127574,
              "lost_packets": 0,
              "packets": 894,
              "lost_percent": 0,
              "omitted": false,
              "sender": false
            }
          ],
          "sum": {
            "start": 4.000285,
            "end": 5.000114,
            "seconds": 0.9998289942741394,
            "bytes": 1249812,
            "bits_per_second": 10000206.092501603,
            "jitter_ms": 0.38183339785127574,
            "lost_packets": 0,
            "packets": 894,
            "lost_percent": 0,
            "omitted": false,
            "sender": false
          }
        },
        {
          "streams": [
            {
              "socket": 10,
              "start": 5.000114,
              "end": 6.000286,
              "seconds": 1.0001720190048218,
              "bytes": 1249812,
              "bits_per_second": 9996776.364478357,
              "jitter_ms": 0.166175418380915,
              "lost_packets": 0,
              "packets": 894,
              "lost_percent": 0,
              "omitted": false,
              "sender": false
            }
          ],
          "sum": {
            "start": 5.000114,
            "end": 6.000286,
            "seconds": 1.0001720190048218,
            "bytes": 1249812,
            "bits_per_second": 9996776.364478357,
            "jitter_ms": 0.166175418380915,
            "lost_packets": 0,
            "packets": 894,
            "lost_percent": 0,
            "omitted": false,
            "sender": false
          }
        },
        {
          "streams": [
            {
              "socket": 10,
              "start": 6.000286,
              "end": 7.000287,
              "seconds": 1.0000009536743164,
              "bytes": 1249812,
              "bits_per_second": 9998486.464700256,
              "jitter_ms": 0.03869429501292318,
              "lost_packets": 0,
              "packets": 894,
              "lost_percent": 0,
              "omitted": false,
              "sender": false
            }
          ],
          "sum": {
            "start": 6.000286,
            "end": 7.000287,
            "seconds": 1.0000009536743164,
            "bytes": 1249812,
            "bits_per_second": 9998486.464700256,
            "jitter_ms": 0.03869429501292318,
            "lost_packets": 0,
            "packets": 894,
            "lost_percent": 0,
            "omitted": false,
            "sender": false
          }
        },
        {
          "streams": [
            {
              "socket": 10,
              "start": 7.000287,
              "end": 8.000283,
              "seconds": 0.9999960064888,
              "bytes": 1249812,
              "bits_per_second": 9998535.929265216,
              "jitter_ms": 0.06641178247772904,
              "lost_packets": 0,
              "packets": 894,